

================================================================
== Synthesis Summary Report of 'swiglu'
================================================================
+ General Information: 
    * Date:           Fri Jul 17 09:01:00 2026
    * Version:        2025.1 (Build 6135595 on May 21 2025)
    * Project:        swiglu
    * Solution:       hls (Vivado IP Flow Target)
    * Product family: zynquplus
    * Target device:  xck26-sfvc784-2LV-c
    

+ Performance & Resource Estimates: 
    
    PS: '+' for module; 'o' for loop; '*' for dataflow
    +----------------------------------------------------------+---------+-------+---------+-----------+----------+---------+------+----------+-----------+-----------+--------------+---------------+---------+
    |                          Modules                         |  Issue  |       |       Latency       | Iteration|         | Trip |          |           |           |              |               |         |
    |                          & Loops                         |   Type  | Slack | (cycles)|    (ns)   |  Latency | Interval| Count| Pipelined|   BRAM    |    DSP    |      FF      |      LUT      |   URAM  |
    +----------------------------------------------------------+---------+-------+---------+-----------+----------+---------+------+----------+-----------+-----------+--------------+---------------+---------+
    |+ swiglu*                                                 |   Timing|  -0.95|  1943317|  8.125e+06|         -|  1246221|     -|  dataflow|  150 (52%)|  238 (19%)|  140711 (60%)|  147760 (126%)|  8 (12%)|
    | + load_x_local                                           |        -|   0.00|      202|    672.660|         -|      128|     -|    rewind|          -|          -|     484 (~0%)|      172 (~0%)|        -|
    |  o LOAD_X_VEC                                            |        -|   3.23|      200|    666.000|        74|        1|   128|       yes|          -|          -|             -|              -|        -|
    | + compute_X1                                             |        -|   0.00|   680339|  2.266e+06|         -|   679936|     -|        no|   32 (11%)|    84 (6%)|   50718 (21%)|    57006 (48%)|        -|
    |  o COMPUTE_X1                                            |        -|   3.23|   680338|  2.266e+06|       735|      332|  2048|  dataflow|          -|          -|             -|              -|        -|
    |   + dataflow_in_loop_COMPUTE_X1_1*                       |        -|   0.00|      732|  2.438e+03|         -|      332|     -|  dataflow|   32 (11%)|    84 (6%)|   50690 (21%)|    56946 (48%)|        -|
    |    + load_4rows_wv_urm12                                 |        -|   0.00|      400|  1.332e+03|         -|      320|     -|    rewind|          -|          -|    14082 (6%)|    12125 (10%)|        -|
    |     o LOAD_4R                                            |        -|   3.23|      398|  1.325e+03|        80|        1|   320|       yes|          -|          -|             -|              -|        -|
    |      + fp16_to_fp32                                      |        -|   0.11|        3|      9.990|         -|        1|     -|       yes|          -|          -|     373 (~0%)|      515 (~0%)|        -|
    |      + fp16_to_fp32                                      |        -|   0.11|        3|      9.990|         -|        1|     -|       yes|          -|          -|     373 (~0%)|      515 (~0%)|        -|
    |    + mac_quant_wv_213                                    |        -|   0.01|      331|  1.102e+03|         -|      331|     -|        no|          -|    84 (6%)|   29756 (12%)|    40413 (34%)|        -|
    |     + mac_blocks_wv_k4_urm                               |        -|   0.01|      306|  1.019e+03|         -|      306|     -|        no|          -|    64 (5%)|    22839 (9%)|    35359 (30%)|        -|
    |      + mac_blocks_wv_k4_urm_Pipeline_MAC_ALL             |        -|   0.22|      261|    869.130|         -|      257|     -|    rewind|          -|    32 (2%)|    12485 (5%)|    23292 (19%)|        -|
    |       o MAC_ALL                                          |        -|   3.23|      259|    862.470|         5|        1|   256|       yes|          -|          -|             -|              -|        -|
    |      + mac_blocks_wv_k4_urm_Pipeline_REDUCE              |        -|   0.01|       34|    113.220|         -|        9|     -|    rewind|          -|    20 (1%)|     4740 (2%)|      7022 (5%)|        -|
    |       o REDUCE                                           |        -|   3.23|       32|    106.560|        26|        1|     8|       yes|          -|          -|             -|              -|        -|
    | + compute_X2                                             |        -|   0.00|   680339|  2.266e+06|         -|   679936|     -|        no|   32 (11%)|    84 (6%)|   50718 (21%)|    57006 (48%)|        -|
    |  o COMPUTE_X2                                            |        -|   3.23|   680338|  2.266e+06|       735|      332|  2048|  dataflow|          -|          -|             -|              -|        -|
    |   + dataflow_in_loop_COMPUTE_X2_1*                       |        -|   0.00|      732|  2.438e+03|         -|      332|     -|  dataflow|   32 (11%)|    84 (6%)|   50690 (21%)|    56946 (48%)|        -|
    |    + load_4rows_wv_urm_114                               |        -|   0.00|      400|  1.332e+03|         -|      320|     -|    rewind|          -|          -|    14082 (6%)|    12125 (10%)|        -|
    |     o LOAD_4R                                            |        -|   3.23|      398|  1.325e+03|        80|        1|   320|       yes|          -|          -|             -|              -|        -|
    |      + fp16_to_fp32                                      |        -|   0.11|        3|      9.990|         -|        1|     -|       yes|          -|          -|     373 (~0%)|      515 (~0%)|        -|
    |      + fp16_to_fp32                                      |        -|   0.11|        3|      9.990|         -|        1|     -|       yes|          -|          -|     373 (~0%)|      515 (~0%)|        -|
    |    + mac_quant_wv15                                      |        -|   0.01|      331|  1.102e+03|         -|      331|     -|        no|          -|    84 (6%)|   29756 (12%)|    40413 (34%)|        -|
    |     + mac_blocks_wv_k4_urm                               |        -|   0.01|      306|  1.019e+03|         -|      306|     -|        no|          -|    64 (5%)|    22839 (9%)|    35359 (30%)|        -|
    |      + mac_blocks_wv_k4_urm_Pipeline_MAC_ALL             |        -|   0.22|      261|    869.130|         -|      257|     -|    rewind|          -|    32 (2%)|    12485 (5%)|    23292 (19%)|        -|
    |       o MAC_ALL                                          |        -|   3.23|      259|    862.470|         5|        1|   256|       yes|          -|          -|             -|              -|        -|
    |      + mac_blocks_wv_k4_urm_Pipeline_REDUCE              |        -|   0.01|       34|    113.220|         -|        9|     -|    rewind|          -|    20 (1%)|     4740 (2%)|      7022 (5%)|        -|
    |       o REDUCE                                           |        -|   3.23|       32|    106.560|        26|        1|     8|       yes|          -|          -|             -|              -|        -|
    | + compute_gate                                           |        -|   0.01|    16553|  5.512e+04|         -|    16553|     -|        no|     8 (2%)|    22 (1%)|     4276 (1%)|      6406 (5%)|        -|
    |  + compute_gate_Pipeline_GATE_PASS1                      |        -|   0.01|     8240|  2.744e+04|         -|     8193|     -|    rewind|          -|          -|    1184 (~0%)|      1348 (1%)|        -|
    |   o GATE_PASS1                                           |        -|   3.23|     8238|  2.743e+04|        48|        1|  8192|       yes|          -|          -|             -|              -|        -|
    |  + compute_gate_Pipeline_GATE_PASS2                      |        -|   0.01|     8254|  2.749e+04|         -|     8193|     -|    rewind|          -|    5 (~0%)|    1546 (~0%)|      2163 (1%)|        -|
    |   o GATE_PASS2                                           |        -|   3.23|     8252|  2.748e+04|        62|        1|  8192|       yes|          -|          -|             -|              -|        -|
    | + compute_output                                         |   Timing|  -0.95|  1246220|  5.210e+06|         -|  1246220|     -|        no|    28 (9%)|    48 (3%)|   26083 (11%)|    21149 (18%)|        -|
    |  + dataflow_parent_loop_proc                             |   Timing|  -0.95|  1244097|  5.201e+06|         -|  1243136|     -|        no|    24 (8%)|    48 (3%)|   25829 (11%)|    20417 (17%)|        -|
    |   o DOWN_Q4K                                             |        -|   3.23|  1244096|  5.201e+06|      2175|     1214|  1024|  dataflow|          -|          -|             -|              -|        -|
    |    + dataflow_in_loop_DOWN_Q4K_1*                        |   Timing|  -0.95|     2172|  9.081e+03|         -|     1214|     -|  dataflow|    24 (8%)|    48 (3%)|   25805 (11%)|    20361 (17%)|        -|
    |     + load_2rows_down16                                  |        -|   0.00|      958|  3.190e+03|         -|      958|     -|        no|          -|          -|    1254 (~0%)|      2907 (2%)|        -|
    |      + load_row_down_urm                                 |        -|   0.00|      477|  1.588e+03|         -|      477|     -|        no|          -|          -|    1161 (~0%)|      2023 (1%)|        -|
    |       + load_row_down_urm_Pipeline_LOAD_HDR_DOWN         |        -|   0.00|       72|    239.760|         -|       66|     -|    rewind|          -|          -|     731 (~0%)|      736 (~0%)|        -|
    |        o LOAD_HDR_DOWN                                   |       II|   3.23|       70|    233.100|         9|        2|    32|       yes|          -|          -|             -|              -|        -|
    |         + fp16_to_fp32                                   |        -|   0.11|        3|      9.990|         -|        1|     -|       yes|          -|          -|     373 (~0%)|      515 (~0%)|        -|
    |       + load_row_down_urm_Pipeline_LOAD_NIB_DOWN         |        -|   0.00|      259|    862.470|         -|      257|     -|    rewind|          -|          -|     161 (~0%)|       82 (~0%)|        -|
    |        o LOAD_NIB_DOWN                                   |        -|   3.23|      257|    855.810|         3|        1|   256|       yes|          -|          -|             -|              -|        -|
    |     + mac_write_down17                                   |        -|   0.01|     1213|  4.039e+03|         -|     1213|     -|        no|          -|    48 (3%)|    16258 (6%)|    17103 (14%)|        -|
    |      + mac_blocks_down_q4k_k2_urm                        |        -|   0.01|     1210|  4.029e+03|         -|     1210|     -|        no|          -|    48 (3%)|    16145 (6%)|    17020 (14%)|        -|
    |       o DOWN_GROUPS                                      |        -|   3.23|     1200|  3.996e+03|       300|        -|     4|        no|          -|          -|             -|              -|        -|
    |        + mac_blocks_down_q4k_k2_urm_Pipeline_MAC_GRP     |        -|   0.58|      262|    872.460|         -|      257|     -|    rewind|          -|    32 (2%)|     4759 (2%)|      9932 (8%)|        -|
    |         o MAC_GRP                                        |        -|   3.23|      260|    865.800|         6|        1|   256|       yes|          -|          -|             -|              -|        -|
    |        + mac_blocks_down_q4k_k2_urm_Pipeline_REDUCE_GRP  |        -|   0.01|       34|    113.220|         -|        9|     -|    rewind|          -|   10 (~0%)|    2321 (~0%)|      3588 (3%)|        -|
    |         o REDUCE_GRP                                     |        -|   3.23|       32|    106.560|        26|        1|     8|       yes|          -|          -|             -|              -|        -|
    |  + compute_output_Pipeline_1                             |        -|   0.00|     2051|  6.830e+03|         -|     2049|     -|    rewind|          -|          -|      49 (~0%)|       88 (~0%)|        -|
    |   o Loop 1                                               |        -|   3.23|     2049|  6.823e+03|         3|        1|  2048|       yes|          -|          -|             -|              -|        -|
    +----------------------------------------------------------+---------+-------+---------+-----------+----------+---------+------+----------+-----------+-----------+--------------+---------------+---------+


================================================================
== HW Interfaces
================================================================
* M_AXI
+----------------+------------+------------+---------------+---------+--------+----------+-----------+--------------+--------------+-------------+-------------+-------------------+
| Interface      | Read/Write | Data Width | Address Width | Latency | Offset | Register | Max Widen | Max Read     | Max Write    | Num Read    | Num Write   | Resource Estimate |
|                |            | (SW->HW)   |               |         |        |          | Bitwidth  | Burst Length | Burst Length | Outstanding | Outstanding |                   |
+----------------+------------+------------+---------------+---------+--------+----------+-----------+--------------+--------------+-------------+-------------+-------------------+
| m_axi_gmem_V   | READ_ONLY  | 8 -> 128   | 64            | 64      | slave  | 0        | 128       | 128          | 16           | 4           | 16          | BRAM=8            |
| m_axi_gmem_W   | READ_ONLY  | 8 -> 128   | 64            | 64      | slave  | 0        | 128       | 128          | 16           | 4           | 16          | BRAM=8            |
| m_axi_gmem_Wd  | READ_ONLY  | 8 -> 128   | 64            | 64      | slave  | 0        | 128       | 256          | 16           | 4           | 16          | BRAM=8            |
| m_axi_gmem_out | WRITE_ONLY | 32 -> 32   | 64            | 64      | slave  | 0        | 0         | 16           | 256          | 16          | 1           | BRAM=2            |
| m_axi_gmem_x   | READ_ONLY  | 8 -> 128   | 64            | 64      | slave  | 0        | 128       | 128          | 16           | 1           | 16          | BRAM=8            |
+----------------+------------+------------+---------------+---------+--------+----------+-----------+--------------+--------------+-------------+-------------+-------------------+

* S_AXILITE Interfaces
+------------+------------+---------------+--------+----------+
| Interface  | Data Width | Address Width | Offset | Register |
+------------+------------+---------------+--------+----------+
| s_axi_CTRL | 32         | 7             | 16     | 0        |
+------------+------------+---------------+--------+----------+

* S_AXILITE Registers
+------------+-----------------+--------+-------+--------+----------------------------------+----------------------------------------------------------------------+
| Interface  | Register        | Offset | Width | Access | Description                      | Bit Fields                                                           |
+------------+-----------------+--------+-------+--------+----------------------------------+----------------------------------------------------------------------+
| s_axi_CTRL | CTRL            | 0x00   | 32    | RW     | Control signals                  | 0=AP_START 1=AP_DONE 2=AP_IDLE 3=AP_READY 7=AUTO_RESTART 9=INTERRUPT |
| s_axi_CTRL | GIER            | 0x04   | 32    | RW     | Global Interrupt Enable Register | 0=Enable                                                             |
| s_axi_CTRL | IP_IER          | 0x08   | 32    | RW     | IP Interrupt Enable Register     | 0=CHAN0_INT_EN 1=CHAN1_INT_EN                                        |
| s_axi_CTRL | IP_ISR          | 0x0c   | 32    | RW     | IP Interrupt Status Register     | 0=CHAN0_INT_ST 1=CHAN1_INT_ST                                        |
| s_axi_CTRL | W_1             | 0x10   | 32    | W      | Data signal of W                 |                                                                      |
| s_axi_CTRL | W_2             | 0x14   | 32    | W      | Data signal of W                 |                                                                      |
| s_axi_CTRL | V_1             | 0x1c   | 32    | W      | Data signal of V                 |                                                                      |
| s_axi_CTRL | V_2             | 0x20   | 32    | W      | Data signal of V                 |                                                                      |
| s_axi_CTRL | W_down_1        | 0x28   | 32    | W      | Data signal of W_down            |                                                                      |
| s_axi_CTRL | W_down_2        | 0x2c   | 32    | W      | Data signal of W_down            |                                                                      |
| s_axi_CTRL | x_batch_1       | 0x34   | 32    | W      | Data signal of x_batch           |                                                                      |
| s_axi_CTRL | x_batch_2       | 0x38   | 32    | W      | Data signal of x_batch           |                                                                      |
| s_axi_CTRL | out_batch_1     | 0x40   | 32    | W      | Data signal of out_batch         |                                                                      |
| s_axi_CTRL | out_batch_2     | 0x44   | 32    | W      | Data signal of out_batch         |                                                                      |
| s_axi_CTRL | down_quant_mode | 0x4c   | 32    | W      | Data signal of down_quant_mode   |                                                                      |
| s_axi_CTRL | x_scale         | 0x54   | 32    | W      | Data signal of x_scale           |                                                                      |
+------------+-----------------+--------+-------+--------+----------------------------------+----------------------------------------------------------------------+

* TOP LEVEL CONTROL
+-----------+------------+-----------+
| Interface | Type       | Ports     |
+-----------+------------+-----------+
| ap_clk    | clock      | ap_clk    |
| ap_rst_n  | reset      | ap_rst_n  |
| interrupt | interrupt  | interrupt |
| ap_ctrl   | ap_ctrl_hs |           |
+-----------+------------+-----------+


================================================================
== SW I/O Information
================================================================
* Top Function Arguments
+-----------------+-----------+-----------------------+
| Argument        | Direction | Datatype              |
+-----------------+-----------+-----------------------+
| W               | in        | unsigned char const * |
| V               | in        | unsigned char const * |
| W_down          | in        | unsigned char const * |
| x_batch         | in        | signed char const *   |
| out_batch       | out       | float*                |
| down_quant_mode | in        | unsigned int          |
| x_scale         | in        | float                 |
+-----------------+-----------+-----------------------+

* SW-to-HW Mapping
+-----------------+----------------+-----------+----------+-------------------------------------------+
| Argument        | HW Interface   | HW Type   | HW Usage | HW Info                                   |
+-----------------+----------------+-----------+----------+-------------------------------------------+
| W               | m_axi_gmem_W   | interface |          | channel=0                                 |
| W               | s_axi_CTRL     | register  | offset   | name=W_1 offset=0x10 range=32             |
| W               | s_axi_CTRL     | register  | offset   | name=W_2 offset=0x14 range=32             |
| V               | m_axi_gmem_V   | interface |          | channel=0                                 |
| V               | s_axi_CTRL     | register  | offset   | name=V_1 offset=0x1c range=32             |
| V               | s_axi_CTRL     | register  | offset   | name=V_2 offset=0x20 range=32             |
| W_down          | m_axi_gmem_Wd  | interface |          | channel=0                                 |
| W_down          | s_axi_CTRL     | register  | offset   | name=W_down_1 offset=0x28 range=32        |
| W_down          | s_axi_CTRL     | register  | offset   | name=W_down_2 offset=0x2c range=32        |
| x_batch         | m_axi_gmem_x   | interface |          | channel=0                                 |
| x_batch         | s_axi_CTRL     | register  | offset   | name=x_batch_1 offset=0x34 range=32       |
| x_batch         | s_axi_CTRL     | register  | offset   | name=x_batch_2 offset=0x38 range=32       |
| out_batch       | m_axi_gmem_out | interface |          | channel=0                                 |
| out_batch       | s_axi_CTRL     | register  | offset   | name=out_batch_1 offset=0x40 range=32     |
| out_batch       | s_axi_CTRL     | register  | offset   | name=out_batch_2 offset=0x44 range=32     |
| down_quant_mode | s_axi_CTRL     | register  |          | name=down_quant_mode offset=0x4c range=32 |
| x_scale         | s_axi_CTRL     | register  |          | name=x_scale offset=0x54 range=32         |
+-----------------+----------------+-----------+----------+-------------------------------------------+


================================================================
== M_AXI Burst Information
================================================================
 Note: All burst requests might be further partitioned into multiple requests during RTL generation based on max_read_burst_length or max_write_burst_length settings.

* Inferred Burst Summary
+----------------+-----------+--------+-------+---------------+-------------------+
| HW Interface   | Direction | Length | Width | Loop          | Loop Location     |
+----------------+-----------+--------+-------+---------------+-------------------+
| m_axi_gmem_V   | read      | 320    | 128   | LOAD_4R       | swiglu.cpp:185:11 |
| m_axi_gmem_W   | read      | 320    | 128   | LOAD_4R       | swiglu.cpp:185:11 |
| m_axi_gmem_Wd  | read      | 64     | 128   | LOAD_HDR_DOWN | swiglu.cpp:141:17 |
| m_axi_gmem_Wd  | read      | 256    | 128   | LOAD_NIB_DOWN | swiglu.cpp:156:20 |
| m_axi_gmem_out | write     | 2048   | 32    | anonymous     | swiglu.cpp:836:9  |
| m_axi_gmem_x   | read      | 128    | 128   | LOAD_X_VEC    | swiglu.cpp:851:21 |
+----------------+-----------+--------+-------+---------------+-------------------+

* All M_AXI Variable Accesses
+---------------------+-----------+-------------------+-----------+--------------+--------+---------------+-------------------+------------+----------------------------------------------------------------------------------------------------------+
| HW Interface        | Variable  | Access Location   | Direction | Burst Status | Length | Loop          | Loop Location     | Resolution | Problem                                                                                                  |
+---------------------+-----------+-------------------+-----------+--------------+--------+---------------+-------------------+------------+----------------------------------------------------------------------------------------------------------+
| m_axi_gmem_V,gmem_W | W_wide    | swiglu.cpp:187:19 | read      | Widen Fail   |        | LOAD_4R       | swiglu.cpp:185:11 | 214-353    | Could not widen since type i128 size is greater than or equal to the max_widen_bitwidth threshold of 128 |
| m_axi_gmem_V,gmem_W | W_wide    | swiglu.cpp:187:19 | read      | Inferred     | 320    | LOAD_4R       | swiglu.cpp:185:11 |            |                                                                                                          |
| m_axi_gmem_Wd       | Wd_wide   | swiglu.cpp:143:20 | read      | Widen Fail   |        | LOAD_HDR_DOWN | swiglu.cpp:141:17 | 214-353    | Could not widen since type i128 size is greater than or equal to the max_widen_bitwidth threshold of 128 |
| m_axi_gmem_Wd       | Wd_wide   | swiglu.cpp:143:20 | read      | Inferred     | 64     | LOAD_HDR_DOWN | swiglu.cpp:141:17 |            |                                                                                                          |
| m_axi_gmem_Wd       | Wd_wide   | swiglu.cpp:144:27 | read      | Widen Fail   |        | LOAD_HDR_DOWN | swiglu.cpp:141:17 | 214-353    | Could not widen since type i128 size is greater than or equal to the max_widen_bitwidth threshold of 128 |
| m_axi_gmem_Wd       | Wd_wide   | swiglu.cpp:144:27 | read      | Inferred     | 64     | LOAD_HDR_DOWN | swiglu.cpp:141:17 |            |                                                                                                          |
| m_axi_gmem_Wd       | Wd_wide   | swiglu.cpp:158:21 | read      | Widen Fail   |        | LOAD_NIB_DOWN | swiglu.cpp:156:20 | 214-353    | Could not widen since type i128 size is greater than or equal to the max_widen_bitwidth threshold of 128 |
| m_axi_gmem_Wd       | Wd_wide   | swiglu.cpp:158:21 | read      | Inferred     | 256    | LOAD_NIB_DOWN | swiglu.cpp:156:20 |            |                                                                                                          |
| m_axi_gmem_out      | out_batch | swiglu.cpp:836:9  | write     | Widen Fail   |        | anonymous     | swiglu.cpp:836:9  | 214-353    | Could not widen since type float size is greater than or equal to the max_widen_bitwidth threshold of 0  |
| m_axi_gmem_out      | out_batch | swiglu.cpp:836:9  | write     | Inferred     | 2048   | anonymous     | swiglu.cpp:836:9  |            |                                                                                                          |
| m_axi_gmem_x        | x_batch   | swiglu.cpp:853:26 | read      | Widen Fail   |        | LOAD_X_VEC    | swiglu.cpp:851:21 | 214-353    | Could not widen since type i128 size is greater than or equal to the max_widen_bitwidth threshold of 128 |
| m_axi_gmem_x        | x_batch   | swiglu.cpp:853:26 | read      | Inferred     | 128    | LOAD_X_VEC    | swiglu.cpp:851:21 |            |                                                                                                          |
+---------------------+-----------+-------------------+-----------+--------------+--------+---------------+-------------------+------------+----------------------------------------------------------------------------------------------------------+

    * Resolution URL: docs.xilinx.com/access/sources/dita/topic?Doc_Version=2025.1%20English&url=ug1448-hls-guidance&resourceid=XXX-YYY.html (replace XXX-YYY with column value)

================================================================
== Bind Op Report
================================================================
+--------------------------------------------------------------------------------------------------+-----+--------+------------------------+-----------+--------------------------+---------+
| Name                                                                                             | DSP | Pragma | Variable               | Op        | Impl                     | Latency |
+--------------------------------------------------------------------------------------------------+-----+--------+------------------------+-----------+--------------------------+---------+
| + swiglu                                                                                         | 238 |        |                        |           |                          |         |
|  + load_x_local                                                                                  | 0   |        |                        |           |                          |         |
|    first_iter_0_fu_3982_p2                                                                       |     |        | first_iter_0           | seteq     | auto                     | 0       |
|    i_fu_4002_p2                                                                                  |     |        | i                      | add       | fabric                   | 0       |
|    icmp_ln851_fu_4026_p2                                                                         |     |        | icmp_ln851             | seteq     | auto                     | 0       |
|  + compute_X1                                                                                    | 84  |        |                        |           |                          |         |
|   + dataflow_in_loop_COMPUTE_X1_1                                                                | 84  |        |                        |           |                          |         |
|    + load_4rows_wv_urm12                                                                         | 0   |        |                        |           |                          |         |
|      first_iter_0_fu_1528_p2                                                                     |     |        | first_iter_0           | seteq     | auto                     | 0       |
|      empty_fu_1573_p2                                                                            |     |        | empty                  | add       | fabric                   | 0       |
|      empty_533_fu_1583_p2                                                                        |     |        | empty_533              | add       | fabric                   | 0       |
|      icmp_ln189_fu_1608_p2                                                                       |     |        | icmp_ln189             | setgt     | auto                     | 0       |
|      icmp_ln190_fu_1613_p2                                                                       |     |        | icmp_ln190             | setgt     | auto                     | 0       |
|      icmp_ln191_fu_1618_p2                                                                       |     |        | icmp_ln191             | setgt     | auto                     | 0       |
|      select_ln190_i_fu_1627_p3                                                                   |     |        | select_ln190_i         | select    | auto_sel                 | 0       |
|      r_fu_1635_p3                                                                                |     |        | r                      | select    | auto_sel                 | 0       |
|      icmp_ln194_fu_1644_p2                                                                       |     |        | icmp_ln194             | seteq     | auto                     | 0       |
|      off_fu_1672_p6                                                                              |     |        | select_ln192           | select    | auto_sel                 | 0       |
|      icmp_ln192_fu_1658_p2                                                                       |     |        | icmp_ln192             | seteq     | auto                     | 0       |
|      sparsemux_7_2_8_1_1_U270                                                                    |     |        | off                    | sparsemux | onehotencoding_realdef   | 0       |
|      pos_fu_1699_p2                                                                              |     |        | pos                    | sub       | fabric                   | 0       |
|      icmp_ln197_fu_1723_p2                                                                       |     |        | icmp_ln197             | setlt     | auto                     | 0       |
|      add_ln185_fu_1534_p2                                                                        |     |        | add_ln185              | add       | fabric                   | 0       |
|      nidx_fu_9417_p2                                                                             |     |        | nidx                   | add       | fabric                   | 0       |
|      icmp_ln206_fu_1763_p2                                                                       |     |        | icmp_ln206             | seteq     | auto                     | 0       |
|      icmp_ln206_1_fu_1769_p2                                                                     |     |        | icmp_ln206_1           | seteq     | auto                     | 0       |
|      icmp_ln206_2_fu_1775_p2                                                                     |     |        | icmp_ln206_2           | seteq     | auto                     | 0       |
|      icmp_ln206_3_fu_1781_p2                                                                     |     |        | icmp_ln206_3           | seteq     | auto                     | 0       |
|      icmp_ln206_4_fu_1787_p2                                                                     |     |        | icmp_ln206_4           | seteq     | auto                     | 0       |
|      icmp_ln206_5_fu_1793_p2                                                                     |     |        | icmp_ln206_5           | seteq     | auto                     | 0       |
|      icmp_ln206_6_fu_1799_p2                                                                     |     |        | icmp_ln206_6           | seteq     | auto                     | 0       |
|      icmp_ln206_7_fu_1805_p2                                                                     |     |        | icmp_ln206_7           | seteq     | auto                     | 0       |
|      sparsemux_17_3_64_1_1_U262                                                                  |     |        | tmp_291_i_i            | sparsemux | compactencoding_dontcare | 0       |
|      sc6w2_i_copy_1_i_fu_1840_p3                                                                 |     |        | sc6w2_i_copy_1_i       | select    | auto_sel                 | 0       |
|      sc6w2_5_i_copy_1_i_fu_1848_p3                                                               |     |        | sc6w2_5_i_copy_1_i     | select    | auto_sel                 | 0       |
|      sc6w2_5_i_copy_1_i_535_fu_1856_p3                                                           |     |        | sc6w2_5_i_copy_1_i_535 | select    | auto_sel                 | 0       |
|      sc6w2_4_i_copy_1_i_fu_1864_p3                                                               |     |        | sc6w2_4_i_copy_1_i     | select    | auto_sel                 | 0       |
|      sc6w2_3_i_copy_1_i_fu_1872_p3                                                               |     |        | sc6w2_3_i_copy_1_i     | select    | auto_sel                 | 0       |
|      sc6w2_2_i_copy_1_i_fu_1880_p3                                                               |     |        | sc6w2_2_i_copy_1_i     | select    | auto_sel                 | 0       |
|      sc6w2_1_i_copy_1_i_fu_1888_p3                                                               |     |        | sc6w2_1_i_copy_1_i     | select    | auto_sel                 | 0       |
|      sc6w2_6_i_copy_1_i_fu_1896_p3                                                               |     |        | sc6w2_6_i_copy_1_i     | select    | auto_sel                 | 0       |
|      sc6w2_0_loc_1_i_i_fu_1904_p3                                                                |     |        | sc6w2_0_loc_1_i_i      | select    | auto_sel                 | 0       |
|      sc6w2_1_loc_1_i_i_fu_1912_p3                                                                |     |        | sc6w2_1_loc_1_i_i      | select    | auto_sel                 | 0       |
|      sc6w2_2_loc_1_i_i_fu_1920_p3                                                                |     |        | sc6w2_2_loc_1_i_i      | select    | auto_sel                 | 0       |
|      sc6w2_3_loc_1_i_i_fu_1928_p3                                                                |     |        | sc6w2_3_loc_1_i_i      | select    | auto_sel                 | 0       |
|      sc6w2_4_loc_1_i_i_fu_1936_p3                                                                |     |        | sc6w2_4_loc_1_i_i      | select    | auto_sel                 | 0       |
|      sc6w2_5_loc_1_i_i_fu_1944_p3                                                                |     |        | sc6w2_5_loc_1_i_i      | select    | auto_sel                 | 0       |
|      sc6w2_6_loc_1_i_i_fu_1952_p3                                                                |     |        | sc6w2_6_loc_1_i_i      | select    | auto_sel                 | 0       |
|      sc6w2_7_loc_1_i_i_fu_1960_p3                                                                |     |        | sc6w2_7_loc_1_i_i      | select    | auto_sel                 | 0       |
|      sparsemux_17_3_64_1_1_U263                                                                  |     |        | tmp_307_i_i            | sparsemux | compactencoding_dontcare | 0       |
|      sparsemux_17_3_64_1_1_U264                                                                  |     |        | tmp_289_i_i            | sparsemux | compactencoding_dontcare | 0       |
|      sc6w1_i_copy_1_i_fu_2788_p3                                                                 |     |        | sc6w1_i_copy_1_i       | select    | auto_sel                 | 0       |
|      sc6w1_6_i_copy_1_i_fu_2796_p3                                                               |     |        | sc6w1_6_i_copy_1_i     | select    | auto_sel                 | 0       |
|      sc6w1_5_i_copy_1_i_fu_2804_p3                                                               |     |        | sc6w1_5_i_copy_1_i     | select    | auto_sel                 | 0       |
|      sc6w1_4_i_copy_1_i_fu_2812_p3                                                               |     |        | sc6w1_4_i_copy_1_i     | select    | auto_sel                 | 0       |
|      sc6w1_3_i_copy_1_i_fu_2820_p3                                                               |     |        | sc6w1_3_i_copy_1_i     | select    | auto_sel                 | 0       |
|      sc6w1_2_i_copy_1_i_fu_2828_p3                                                               |     |        | sc6w1_2_i_copy_1_i     | select    | auto_sel                 | 0       |
|      sc6w1_1_i_copy_1_i_fu_2836_p3                                                               |     |        | sc6w1_1_i_copy_1_i     | select    | auto_sel                 | 0       |
|      sc6w1_7_i_copy_1_i_fu_2844_p3                                                               |     |        | sc6w1_7_i_copy_1_i     | select    | auto_sel                 | 0       |
|      sc6w1_0_loc_1_i_i_fu_2852_p3                                                                |     |        | sc6w1_0_loc_1_i_i      | select    | auto_sel                 | 0       |
|      sc6w1_1_loc_1_i_i_fu_2860_p3                                                                |     |        | sc6w1_1_loc_1_i_i      | select    | auto_sel                 | 0       |
|      sc6w1_2_loc_1_i_i_fu_2868_p3                                                                |     |        | sc6w1_2_loc_1_i_i      | select    | auto_sel                 | 0       |
|      sc6w1_3_loc_1_i_i_fu_2876_p3                                                                |     |        | sc6w1_3_loc_1_i_i      | select    | auto_sel                 | 0       |
|      sc6w1_4_loc_1_i_i_fu_2884_p3                                                                |     |        | sc6w1_4_loc_1_i_i      | select    | auto_sel                 | 0       |
|      sc6w1_5_loc_1_i_i_fu_2892_p3                                                                |     |        | sc6w1_5_loc_1_i_i      | select    | auto_sel                 | 0       |
|      sc6w1_6_loc_1_i_i_fu_2900_p3                                                                |     |        | sc6w1_6_loc_1_i_i      | select    | auto_sel                 | 0       |
|      sc6w1_7_loc_1_i_i_fu_2908_p3                                                                |     |        | sc6w1_7_loc_1_i_i      | select    | auto_sel                 | 0       |
|      sparsemux_17_3_64_1_1_U265                                                                  |     |        | tmp_305_i_i            | sparsemux | compactencoding_dontcare | 0       |
|      sparsemux_17_3_64_1_1_U266                                                                  |     |        | tmp_287_i_i            | sparsemux | compactencoding_dontcare | 0       |
|      sc6w0_i_copy_1_i_fu_3736_p3                                                                 |     |        | sc6w0_i_copy_1_i       | select    | auto_sel                 | 0       |
|      sc6w0_6_i_copy_1_i_fu_3744_p3                                                               |     |        | sc6w0_6_i_copy_1_i     | select    | auto_sel                 | 0       |
|      sc6w0_5_i_copy_1_i_fu_3752_p3                                                               |     |        | sc6w0_5_i_copy_1_i     | select    | auto_sel                 | 0       |
|      sc6w0_4_i_copy_1_i_fu_3760_p3                                                               |     |        | sc6w0_4_i_copy_1_i     | select    | auto_sel                 | 0       |
|      sc6w0_3_i_copy_1_i_fu_3768_p3                                                               |     |        | sc6w0_3_i_copy_1_i     | select    | auto_sel                 | 0       |
|      sc6w0_2_i_copy_1_i_fu_3776_p3                                                               |     |        | sc6w0_2_i_copy_1_i     | select    | auto_sel                 | 0       |
|      sc6w0_1_i_copy_1_i_fu_3784_p3                                                               |     |        | sc6w0_1_i_copy_1_i     | select    | auto_sel                 | 0       |
|      sc6w0_7_i_copy_1_i_fu_3792_p3                                                               |     |        | sc6w0_7_i_copy_1_i     | select    | auto_sel                 | 0       |
|      sc6w0_0_loc_1_i_i_fu_3800_p3                                                                |     |        | sc6w0_0_loc_1_i_i      | select    | auto_sel                 | 0       |
|      sc6w0_1_loc_1_i_i_fu_3808_p3                                                                |     |        | sc6w0_1_loc_1_i_i      | select    | auto_sel                 | 0       |
|      sc6w0_2_loc_1_i_i_fu_3816_p3                                                                |     |        | sc6w0_2_loc_1_i_i      | select    | auto_sel                 | 0       |
|      sc6w0_3_loc_1_i_i_fu_3824_p3                                                                |     |        | sc6w0_3_loc_1_i_i      | select    | auto_sel                 | 0       |
|      sc6w0_4_loc_1_i_i_fu_3832_p3                                                                |     |        | sc6w0_4_loc_1_i_i      | select    | auto_sel                 | 0       |
|      sc6w0_5_loc_1_i_i_fu_3840_p3                                                                |     |        | sc6w0_5_loc_1_i_i      | select    | auto_sel                 | 0       |
|      sc6w0_6_loc_1_i_i_fu_3848_p3                                                                |     |        | sc6w0_6_loc_1_i_i      | select    | auto_sel                 | 0       |
|      sc6w0_7_loc_1_i_i_fu_3856_p3                                                                |     |        | sc6w0_7_loc_1_i_i      | select    | auto_sel                 | 0       |
|      sparsemux_17_3_64_1_1_U267                                                                  |     |        | tmp_303_i_i            | sparsemux | compactencoding_dontcare | 0       |
|      sparsemux_17_3_64_1_1_U268                                                                  |     |        | tmp_i_i                | sparsemux | compactencoding_dontcare | 0       |
|      sc6w3_i_copy_1_i_fu_4684_p3                                                                 |     |        | sc6w3_i_copy_1_i       | select    | auto_sel                 | 0       |
|      sc6w3_5_i_copy_1_i_fu_4692_p3                                                               |     |        | sc6w3_5_i_copy_1_i     | select    | auto_sel                 | 0       |
|      sc6w3_5_i_copy_1_i_536_fu_4700_p3                                                           |     |        | sc6w3_5_i_copy_1_i_536 | select    | auto_sel                 | 0       |
|      sc6w3_4_i_copy_1_i_fu_4708_p3                                                               |     |        | sc6w3_4_i_copy_1_i     | select    | auto_sel                 | 0       |
|      sc6w3_3_i_copy_1_i_fu_4716_p3                                                               |     |        | sc6w3_3_i_copy_1_i     | select    | auto_sel                 | 0       |
|      sc6w3_2_i_copy_1_i_fu_4724_p3                                                               |     |        | sc6w3_2_i_copy_1_i     | select    | auto_sel                 | 0       |
|      sc6w3_1_i_copy_1_i_fu_4732_p3                                                               |     |        | sc6w3_1_i_copy_1_i     | select    | auto_sel                 | 0       |
|      sc6w3_6_i_copy_1_i_fu_4740_p3                                                               |     |        | sc6w3_6_i_copy_1_i     | select    | auto_sel                 | 0       |
|      sc6w3_0_loc_1_i_i_fu_4748_p3                                                                |     |        | sc6w3_0_loc_1_i_i      | select    | auto_sel                 | 0       |
|      sc6w3_1_loc_1_i_i_fu_4756_p3                                                                |     |        | sc6w3_1_loc_1_i_i      | select    | auto_sel                 | 0       |
|      sc6w3_2_loc_1_i_i_fu_4764_p3                                                                |     |        | sc6w3_2_loc_1_i_i      | select    | auto_sel                 | 0       |
|      sc6w3_3_loc_1_i_i_fu_4772_p3                                                                |     |        | sc6w3_3_loc_1_i_i      | select    | auto_sel                 | 0       |
|      sc6w3_4_loc_1_i_i_fu_4780_p3                                                                |     |        | sc6w3_4_loc_1_i_i      | select    | auto_sel                 | 0       |
|      sc6w3_5_loc_1_i_i_fu_4788_p3                                                                |     |        | sc6w3_5_loc_1_i_i      | select    | auto_sel                 | 0       |
|      sc6w3_6_loc_1_i_i_fu_4796_p3                                                                |     |        | sc6w3_6_loc_1_i_i      | select    | auto_sel                 | 0       |
|      sc6w3_7_loc_1_i_i_fu_4804_p3                                                                |     |        | sc6w3_7_loc_1_i_i      | select    | auto_sel                 | 0       |
|      sparsemux_17_3_64_1_1_U269                                                                  |     |        | tmp_301_i_i            | sparsemux | compactencoding_dontcare | 0       |
|      sparsemux_17_3_64_1_1_U262                                                                  |     |        | tmp_299_i_i            | sparsemux | compactencoding_dontcare | 0       |
|      sc6w2_i_copy_2_i_fu_5635_p3                                                                 |     |        | sc6w2_i_copy_2_i       | select    | auto_sel                 | 0       |
|      sc6w2_5_i_copy_2_i_fu_5643_p3                                                               |     |        | sc6w2_5_i_copy_2_i     | select    | auto_sel                 | 0       |
|      sc6w2_5_i_copy_2_i_537_fu_5651_p3                                                           |     |        | sc6w2_5_i_copy_2_i_537 | select    | auto_sel                 | 0       |
|      sc6w2_4_i_copy_2_i_fu_5659_p3                                                               |     |        | sc6w2_4_i_copy_2_i     | select    | auto_sel                 | 0       |
|      sc6w2_3_i_copy_2_i_fu_5667_p3                                                               |     |        | sc6w2_3_i_copy_2_i     | select    | auto_sel                 | 0       |
|      sc6w2_2_i_copy_2_i_fu_5675_p3                                                               |     |        | sc6w2_2_i_copy_2_i     | select    | auto_sel                 | 0       |
|      sc6w2_1_i_copy_2_i_fu_5683_p3                                                               |     |        | sc6w2_1_i_copy_2_i     | select    | auto_sel                 | 0       |
|      sc6w2_6_i_copy_2_i_fu_5691_p3                                                               |     |        | sc6w2_6_i_copy_2_i     | select    | auto_sel                 | 0       |
|      sc6w2_0_loc_5_i_i_fu_5699_p3                                                                |     |        | sc6w2_0_loc_5_i_i      | select    | auto_sel                 | 0       |
|      sc6w2_1_loc_5_i_i_fu_5707_p3                                                                |     |        | sc6w2_1_loc_5_i_i      | select    | auto_sel                 | 0       |
|      sc6w2_2_loc_5_i_i_fu_5715_p3                                                                |     |        | sc6w2_2_loc_5_i_i      | select    | auto_sel                 | 0       |
|      sc6w2_3_loc_5_i_i_fu_5723_p3                                                                |     |        | sc6w2_3_loc_5_i_i      | select    | auto_sel                 | 0       |
|      sc6w2_4_loc_5_i_i_fu_5731_p3                                                                |     |        | sc6w2_4_loc_5_i_i      | select    | auto_sel                 | 0       |
|      sc6w2_5_loc_5_i_i_fu_5739_p3                                                                |     |        | sc6w2_5_loc_5_i_i      | select    | auto_sel                 | 0       |
|      sc6w2_6_loc_5_i_i_fu_5747_p3                                                                |     |        | sc6w2_6_loc_5_i_i      | select    | auto_sel                 | 0       |
|      sc6w2_7_loc_5_i_i_fu_5755_p3                                                                |     |        | sc6w2_7_loc_5_i_i      | select    | auto_sel                 | 0       |
|      sparsemux_17_3_64_1_1_U263                                                                  |     |        | tmp_315_i_i            | sparsemux | compactencoding_dontcare | 0       |
|      sparsemux_17_3_64_1_1_U264                                                                  |     |        | tmp_297_i_i            | sparsemux | compactencoding_dontcare | 0       |
|      sc6w1_i_copy_2_i_fu_6583_p3                                                                 |     |        | sc6w1_i_copy_2_i       | select    | auto_sel                 | 0       |
|      sc6w1_6_i_copy_2_i_fu_6591_p3                                                               |     |        | sc6w1_6_i_copy_2_i     | select    | auto_sel                 | 0       |
|      sc6w1_5_i_copy_2_i_fu_6599_p3                                                               |     |        | sc6w1_5_i_copy_2_i     | select    | auto_sel                 | 0       |
|      sc6w1_4_i_copy_2_i_fu_6607_p3                                                               |     |        | sc6w1_4_i_copy_2_i     | select    | auto_sel                 | 0       |
|      sc6w1_3_i_copy_2_i_fu_6615_p3                                                               |     |        | sc6w1_3_i_copy_2_i     | select    | auto_sel                 | 0       |
|      sc6w1_2_i_copy_2_i_fu_6623_p3                                                               |     |        | sc6w1_2_i_copy_2_i     | select    | auto_sel                 | 0       |
|      sc6w1_1_i_copy_2_i_fu_6631_p3                                                               |     |        | sc6w1_1_i_copy_2_i     | select    | auto_sel                 | 0       |
|      sc6w1_7_i_copy_2_i_fu_6639_p3                                                               |     |        | sc6w1_7_i_copy_2_i     | select    | auto_sel                 | 0       |
|      sc6w1_0_loc_4_i_i_fu_6647_p3                                                                |     |        | sc6w1_0_loc_4_i_i      | select    | auto_sel                 | 0       |
|      sc6w1_1_loc_4_i_i_fu_6655_p3                                                                |     |        | sc6w1_1_loc_4_i_i      | select    | auto_sel                 | 0       |
|      sc6w1_2_loc_4_i_i_fu_6663_p3                                                                |     |        | sc6w1_2_loc_4_i_i      | select    | auto_sel                 | 0       |
|      sc6w1_3_loc_4_i_i_fu_6671_p3                                                                |     |        | sc6w1_3_loc_4_i_i      | select    | auto_sel                 | 0       |
|      sc6w1_4_loc_4_i_i_fu_6679_p3                                                                |     |        | sc6w1_4_loc_4_i_i      | select    | auto_sel                 | 0       |
|      sc6w1_5_loc_4_i_i_fu_6687_p3                                                                |     |        | sc6w1_5_loc_4_i_i      | select    | auto_sel                 | 0       |
|      sc6w1_6_loc_4_i_i_fu_6695_p3                                                                |     |        | sc6w1_6_loc_4_i_i      | select    | auto_sel                 | 0       |
|      sc6w1_7_loc_4_i_i_fu_6703_p3                                                                |     |        | sc6w1_7_loc_4_i_i      | select    | auto_sel                 | 0       |
|      sparsemux_17_3_64_1_1_U265                                                                  |     |        | tmp_313_i_i            | sparsemux | compactencoding_dontcare | 0       |
|      sparsemux_17_3_64_1_1_U266                                                                  |     |        | tmp_295_i_i            | sparsemux | compactencoding_dontcare | 0       |
|      sc6w0_i_copy_2_i_fu_7531_p3                                                                 |     |        | sc6w0_i_copy_2_i       | select    | auto_sel                 | 0       |
|      sc6w0_6_i_copy_2_i_fu_7539_p3                                                               |     |        | sc6w0_6_i_copy_2_i     | select    | auto_sel                 | 0       |
|      sc6w0_5_i_copy_2_i_fu_7547_p3                                                               |     |        | sc6w0_5_i_copy_2_i     | select    | auto_sel                 | 0       |
|      sc6w0_4_i_copy_2_i_fu_7555_p3                                                               |     |        | sc6w0_4_i_copy_2_i     | select    | auto_sel                 | 0       |
|      sc6w0_3_i_copy_2_i_fu_7563_p3                                                               |     |        | sc6w0_3_i_copy_2_i     | select    | auto_sel                 | 0       |
|      sc6w0_2_i_copy_2_i_fu_7571_p3                                                               |     |        | sc6w0_2_i_copy_2_i     | select    | auto_sel                 | 0       |
|      sc6w0_1_i_copy_2_i_fu_7579_p3                                                               |     |        | sc6w0_1_i_copy_2_i     | select    | auto_sel                 | 0       |
|      sc6w0_7_i_copy_2_i_fu_7587_p3                                                               |     |        | sc6w0_7_i_copy_2_i     | select    | auto_sel                 | 0       |
|      sc6w0_0_loc_3_i_i_fu_7595_p3                                                                |     |        | sc6w0_0_loc_3_i_i      | select    | auto_sel                 | 0       |
|      sc6w0_1_loc_3_i_i_fu_7603_p3                                                                |     |        | sc6w0_1_loc_3_i_i      | select    | auto_sel                 | 0       |
|      sc6w0_2_loc_3_i_i_fu_7611_p3                                                                |     |        | sc6w0_2_loc_3_i_i      | select    | auto_sel                 | 0       |
|      sc6w0_3_loc_3_i_i_fu_7619_p3                                                                |     |        | sc6w0_3_loc_3_i_i      | select    | auto_sel                 | 0       |
|      sc6w0_4_loc_3_i_i_fu_7627_p3                                                                |     |        | sc6w0_4_loc_3_i_i      | select    | auto_sel                 | 0       |
|      sc6w0_5_loc_3_i_i_fu_7635_p3                                                                |     |        | sc6w0_5_loc_3_i_i      | select    | auto_sel                 | 0       |
|      sc6w0_6_loc_3_i_i_fu_7643_p3                                                                |     |        | sc6w0_6_loc_3_i_i      | select    | auto_sel                 | 0       |
|      sc6w0_7_loc_3_i_i_fu_7651_p3                                                                |     |        | sc6w0_7_loc_3_i_i      | select    | auto_sel                 | 0       |
|      sparsemux_17_3_64_1_1_U267                                                                  |     |        | tmp_311_i_i            | sparsemux | compactencoding_dontcare | 0       |
|      sparsemux_17_3_64_1_1_U268                                                                  |     |        | tmp_293_i_i            | sparsemux | compactencoding_dontcare | 0       |
|      sc6w3_i_copy_2_i_fu_8479_p3                                                                 |     |        | sc6w3_i_copy_2_i       | select    | auto_sel                 | 0       |
|      sc6w3_5_i_copy_2_i_fu_8487_p3                                                               |     |        | sc6w3_5_i_copy_2_i     | select    | auto_sel                 | 0       |
|      sc6w3_5_i_copy_2_i_538_fu_8495_p3                                                           |     |        | sc6w3_5_i_copy_2_i_538 | select    | auto_sel                 | 0       |
|      sc6w3_4_i_copy_2_i_fu_8503_p3                                                               |     |        | sc6w3_4_i_copy_2_i     | select    | auto_sel                 | 0       |
|      sc6w3_3_i_copy_2_i_fu_8511_p3                                                               |     |        | sc6w3_3_i_copy_2_i     | select    | auto_sel                 | 0       |
|      sc6w3_2_i_copy_2_i_fu_8519_p3                                                               |     |        | sc6w3_2_i_copy_2_i     | select    | auto_sel                 | 0       |
|      sc6w3_1_i_copy_2_i_fu_8527_p3                                                               |     |        | sc6w3_1_i_copy_2_i     | select    | auto_sel                 | 0       |
|      sc6w3_6_i_copy_2_i_fu_8535_p3                                                               |     |        | sc6w3_6_i_copy_2_i     | select    | auto_sel                 | 0       |
|      sc6w3_0_loc_5_i_i_fu_8543_p3                                                                |     |        | sc6w3_0_loc_5_i_i      | select    | auto_sel                 | 0       |
|      sc6w3_1_loc_5_i_i_fu_8551_p3                                                                |     |        | sc6w3_1_loc_5_i_i      | select    | auto_sel                 | 0       |
|      sc6w3_2_loc_5_i_i_fu_8559_p3                                                                |     |        | sc6w3_2_loc_5_i_i      | select    | auto_sel                 | 0       |
|      sc6w3_3_loc_5_i_i_fu_8567_p3                                                                |     |        | sc6w3_3_loc_5_i_i      | select    | auto_sel                 | 0       |
|      sc6w3_4_loc_5_i_i_fu_8575_p3                                                                |     |        | sc6w3_4_loc_5_i_i      | select    | auto_sel                 | 0       |
|      sc6w3_5_loc_5_i_i_fu_8583_p3                                                                |     |        | sc6w3_5_loc_5_i_i      | select    | auto_sel                 | 0       |
|      sc6w3_6_loc_5_i_i_fu_8591_p3                                                                |     |        | sc6w3_6_loc_5_i_i      | select    | auto_sel                 | 0       |
|      sc6w3_7_loc_5_i_i_fu_8599_p3                                                                |     |        | sc6w3_7_loc_5_i_i      | select    | auto_sel                 | 0       |
|      sparsemux_17_3_64_1_1_U269                                                                  |     |        | tmp_309_i_i            | sparsemux | compactencoding_dontcare | 0       |
|      icmp_ln185_fu_1540_p2                                                                       |     |        | icmp_ln185             | seteq     | auto                     | 0       |
|     + fp16_to_fp32 (grp_fp16_to_fp32_fu_882)                                                     | 0   |        |                        |           |                          |         |
|       or_ln59_fu_118_p2                                                                          |     |        | or_ln59                | or        | auto                     | 0       |
|       icmp_ln59_fu_142_p2                                                                        |     |        | icmp_ln59              | seteq     | auto                     | 0       |
|       add_ln71_fu_499_p2                                                                         |     |        | add_ln71               | add       | fabric                   | 0       |
|       m_1_fu_168_p3                                                                              |     |        | m_1                    | select    | auto_sel                 | 0       |
|       e_fu_176_p3                                                                                |     |        | e                      | select    | auto_sel                 | 0       |
|       e_18_fu_198_p3                                                                             |     |        | e_18                   | select    | auto_sel                 | 0       |
|       m_3_fu_206_p3                                                                              |     |        | m_3                    | select    | auto_sel                 | 0       |
|       e_19_fu_214_p3                                                                             |     |        | e_19                   | select    | auto_sel                 | 0       |
|       e_20_fu_236_p2                                                                             |     |        | e_20                   | add       | fabric                   | 0       |
|       m_5_fu_242_p3                                                                              |     |        | m_5                    | select    | auto_sel                 | 0       |
|       e_21_fu_250_p3                                                                             |     |        | e_21                   | select    | auto_sel                 | 0       |
|       e_22_fu_272_p2                                                                             |     |        | e_22                   | add       | fabric                   | 0       |
|       m_7_fu_278_p3                                                                              |     |        | m_7                    | select    | auto_sel                 | 0       |
|       e_23_fu_286_p3                                                                             |     |        | e_23                   | select    | auto_sel                 | 0       |
|       e_24_fu_307_p2                                                                             |     |        | e_24                   | add       | fabric                   | 0       |
|       m_9_fu_312_p3                                                                              |     |        | m_9                    | select    | auto_sel                 | 0       |
|       e_25_fu_318_p3                                                                             |     |        | e_25                   | select    | auto_sel                 | 0       |
|       e_26_fu_332_p2                                                                             |     |        | e_26                   | add       | fabric                   | 0       |
|       m_11_fu_351_p3                                                                             |     |        | m_11                   | select    | auto_sel                 | 0       |
|       e_27_fu_338_p3                                                                             |     |        | e_27                   | select    | auto_sel                 | 0       |
|       e_28_fu_371_p2                                                                             |     |        | e_28                   | add       | fabric                   | 0       |
|       m_13_fu_376_p3                                                                             |     |        | m_13                   | select    | auto_sel                 | 0       |
|       e_29_fu_384_p3                                                                             |     |        | e_29                   | select    | auto_sel                 | 0       |
|       e_30_fu_405_p2                                                                             |     |        | e_30                   | add       | fabric                   | 0       |
|       m_15_fu_411_p3                                                                             |     |        | m_15                   | select    | auto_sel                 | 0       |
|       e_31_fu_419_p3                                                                             |     |        | e_31                   | select    | auto_sel                 | 0       |
|       e_32_fu_525_p2                                                                             |     |        | e_32                   | add       | fabric                   | 0       |
|       m_17_fu_441_p3                                                                             |     |        | m_17                   | select    | auto_sel                 | 0       |
|       e_33_fu_530_p3                                                                             |     |        | e_33                   | select    | auto_sel                 | 0       |
|       e_34_fu_536_p2                                                                             |     |        | e_34                   | add       | fabric                   | 0       |
|       select_ln65_fu_473_p3                                                                      |     |        | select_ln65            | select    | auto_sel                 | 0       |
|       select_ln62_fu_542_p3                                                                      |     |        | select_ln62            | select    | auto_sel                 | 0       |
|       icmp_ln61_fu_575_p2                                                                        |     |        | icmp_ln61              | seteq     | auto                     | 0       |
|       xor_ln59_fu_580_p2                                                                         |     |        | xor_ln59               | xor       | auto                     | 0       |
|       and_ln61_fu_585_p2                                                                         |     |        | and_ln61               | and       | auto                     | 0       |
|       icmp_ln61_1_fu_591_p2                                                                      |     |        | icmp_ln61_1            | seteq     | auto                     | 0       |
|       and_ln61_1_fu_596_p2                                                                       |     |        | and_ln61_1             | and       | auto                     | 0       |
|       sparsemux_9_3_32_1_0_U259                                                                  |     |        | f32_4                  | sparsemux | onehotencoding_realdef   | 0       |
|     + fp16_to_fp32 (grp_fp16_to_fp32_fu_887)                                                     | 0   |        |                        |           |                          |         |
|       or_ln59_fu_118_p2                                                                          |     |        | or_ln59                | or        | auto                     | 0       |
|       icmp_ln59_fu_142_p2                                                                        |     |        | icmp_ln59              | seteq     | auto                     | 0       |
|       add_ln71_fu_499_p2                                                                         |     |        | add_ln71               | add       | fabric                   | 0       |
|       m_1_fu_168_p3                                                                              |     |        | m_1                    | select    | auto_sel                 | 0       |
|       e_fu_176_p3                                                                                |     |        | e                      | select    | auto_sel                 | 0       |
|       e_18_fu_198_p3                                                                             |     |        | e_18                   | select    | auto_sel                 | 0       |
|       m_3_fu_206_p3                                                                              |     |        | m_3                    | select    | auto_sel                 | 0       |
|       e_19_fu_214_p3                                                                             |     |        | e_19                   | select    | auto_sel                 | 0       |
|       e_20_fu_236_p2                                                                             |     |        | e_20                   | add       | fabric                   | 0       |
|       m_5_fu_242_p3                                                                              |     |        | m_5                    | select    | auto_sel                 | 0       |
|       e_21_fu_250_p3                                                                             |     |        | e_21                   | select    | auto_sel                 | 0       |
|       e_22_fu_272_p2                                                                             |     |        | e_22                   | add       | fabric                   | 0       |
|       m_7_fu_278_p3                                                                              |     |        | m_7                    | select    | auto_sel                 | 0       |
|       e_23_fu_286_p3                                                                             |     |        | e_23                   | select    | auto_sel                 | 0       |
|       e_24_fu_307_p2                                                                             |     |        | e_24                   | add       | fabric                   | 0       |
|       m_9_fu_312_p3                                                                              |     |        | m_9                    | select    | auto_sel                 | 0       |
|       e_25_fu_318_p3                                                                             |     |        | e_25                   | select    | auto_sel                 | 0       |
|       e_26_fu_332_p2                                                                             |     |        | e_26                   | add       | fabric                   | 0       |
|       m_11_fu_351_p3                                                                             |     |        | m_11                   | select    | auto_sel                 | 0       |
|       e_27_fu_338_p3                                                                             |     |        | e_27                   | select    | auto_sel                 | 0       |
|       e_28_fu_371_p2                                                                             |     |        | e_28                   | add       | fabric                   | 0       |
|       m_13_fu_376_p3                                                                             |     |        | m_13                   | select    | auto_sel                 | 0       |
|       e_29_fu_384_p3                                                                             |     |        | e_29                   | select    | auto_sel                 | 0       |
|       e_30_fu_405_p2                                                                             |     |        | e_30                   | add       | fabric                   | 0       |
|       m_15_fu_411_p3                                                                             |     |        | m_15                   | select    | auto_sel                 | 0       |
|       e_31_fu_419_p3                                                                             |     |        | e_31                   | select    | auto_sel                 | 0       |
|       e_32_fu_525_p2                                                                             |     |        | e_32                   | add       | fabric                   | 0       |
|       m_17_fu_441_p3                                                                             |     |        | m_17                   | select    | auto_sel                 | 0       |
|       e_33_fu_530_p3                                                                             |     |        | e_33                   | select    | auto_sel                 | 0       |
|       e_34_fu_536_p2                                                                             |     |        | e_34                   | add       | fabric                   | 0       |
|       select_ln65_fu_473_p3                                                                      |     |        | select_ln65            | select    | auto_sel                 | 0       |
|       select_ln62_fu_542_p3                                                                      |     |        | select_ln62            | select    | auto_sel                 | 0       |
|       icmp_ln61_fu_575_p2                                                                        |     |        | icmp_ln61              | seteq     | auto                     | 0       |
|       xor_ln59_fu_580_p2                                                                         |     |        | xor_ln59               | xor       | auto                     | 0       |
|       and_ln61_fu_585_p2                                                                         |     |        | and_ln61               | and       | auto                     | 0       |
|       icmp_ln61_1_fu_591_p2                                                                      |     |        | icmp_ln61_1            | seteq     | auto                     | 0       |
|       and_ln61_1_fu_596_p2                                                                       |     |        | and_ln61_1             | and       | auto                     | 0       |
|       sparsemux_9_3_32_1_0_U259                                                                  |     |        | f32_4                  | sparsemux | onehotencoding_realdef   | 0       |
|    + mac_quant_wv_213                                                                            | 84  |        |                        |           |                          |         |
|      fmul_32ns_32ns_32_5_max_dsp_1_U1923                                                         | 3   |        | fq0                    | fmul      | maxdsp                   | 4       |
|      icmp_ln589_fu_1376_p2                                                                       |     |        | icmp_ln589             | setne     | auto                     | 0       |
|      icmp_ln589_2_fu_1382_p2                                                                     |     |        | icmp_ln589_2           | seteq     | auto                     | 0       |
|      or_ln589_fu_1475_p2                                                                         |     |        | or_ln589               | or        | auto                     | 0       |
|      fcmp_32ns_32ns_1_2_no_dsp_1_U1927                                                           |     |        | tmp_8_i                | fcmp      | auto                     | 1       |
|      and_ln589_fu_1479_p2                                                                        |     |        | and_ln589              | and       | auto                     | 0       |
|      grp_fu_1287_p1                                                                              |     |        | select_ln589           | select    | auto_sel                 | 0       |
|      fadd_32ns_32ns_32_10_full_dsp_1_U1919                                                       | 2   |        | dc                     | fadd      | fulldsp                  | 9       |
|      add_ln317_fu_1588_p2                                                                        |     |        | add_ln317              | add       | fabric                   | 0       |
|      sub_ln18_fu_1602_p2                                                                         |     |        | sub_ln18               | sub       | fabric                   | 0       |
|      select_ln18_fu_1612_p3                                                                      |     |        | select_ln18            | select    | auto_sel                 | 0       |
|      lshr_ln18_fu_1628_p2                                                                        |     |        | lshr_ln18              | lshr      | auto_pipe                | 0       |
|      shl_ln18_fu_1634_p2                                                                         |     |        | shl_ln18               | shl       | auto_pipe                | 0       |
|      val_fu_1660_p3                                                                              |     |        | val                    | select    | auto_sel                 | 0       |
|      result_15_fu_2031_p2                                                                        |     |        | result_15              | sub       | fabric                   | 0       |
|      result_fu_2036_p3                                                                           |     |        | result                 | select    | auto_sel                 | 0       |
|      icmp_ln590_fu_2052_p2                                                                       |     |        | icmp_ln590             | setgt     | auto                     | 0       |
|      iq0_2_fu_2139_p3                                                                            |     |        | iq0_2                  | select    | auto_sel                 | 0       |
|      icmp_ln590_2_fu_2145_p2                                                                     |     |        | icmp_ln590_2           | setlt     | auto                     | 0       |
|      select_ln591_fu_2155_p3                                                                     |     |        | select_ln591           | select    | auto_sel                 | 0       |
|      fmul_32ns_32ns_32_5_max_dsp_1_U1924                                                         | 3   |        | fq1                    | fmul      | maxdsp                   | 4       |
|      icmp_ln594_fu_1405_p2                                                                       |     |        | icmp_ln594             | setne     | auto                     | 0       |
|      icmp_ln594_2_fu_1411_p2                                                                     |     |        | icmp_ln594_2           | seteq     | auto                     | 0       |
|      or_ln594_fu_1493_p2                                                                         |     |        | or_ln594               | or        | auto                     | 0       |
|      fcmp_32ns_32ns_1_2_no_dsp_1_U1928                                                           |     |        | tmp_i_271              | fcmp      | auto                     | 1       |
|      and_ln594_fu_1497_p2                                                                        |     |        | and_ln594              | and       | auto                     | 0       |
|      grp_fu_1291_p1                                                                              |     |        | select_ln594           | select    | auto_sel                 | 0       |
|      fadd_32ns_32ns_32_10_full_dsp_1_U1920                                                       | 2   |        | dc_4                   | fadd      | fulldsp                  | 9       |
|      add_ln317_4_fu_1709_p2                                                                      |     |        | add_ln317_4            | add       | fabric                   | 0       |
|      sub_ln18_4_fu_1723_p2                                                                       |     |        | sub_ln18_4             | sub       | fabric                   | 0       |
|      select_ln18_9_fu_1733_p3                                                                    |     |        | select_ln18_9          | select    | auto_sel                 | 0       |
|      lshr_ln18_4_fu_1749_p2                                                                      |     |        | lshr_ln18_4            | lshr      | auto_pipe                | 0       |
|      shl_ln18_4_fu_1755_p2                                                                       |     |        | shl_ln18_4             | shl       | auto_pipe                | 0       |
|      val_4_fu_1781_p3                                                                            |     |        | val_4                  | select    | auto_sel                 | 0       |
|      result_18_fu_2058_p2                                                                        |     |        | result_18              | sub       | fabric                   | 0       |
|      result_26_fu_2063_p3                                                                        |     |        | result_26              | select    | auto_sel                 | 0       |
|      icmp_ln595_fu_2079_p2                                                                       |     |        | icmp_ln595             | setgt     | auto                     | 0       |
|      iq1_2_fu_2169_p3                                                                            |     |        | iq1_2                  | select    | auto_sel                 | 0       |
|      icmp_ln595_2_fu_2175_p2                                                                     |     |        | icmp_ln595_2           | setlt     | auto                     | 0       |
|      select_ln596_fu_2185_p3                                                                     |     |        | select_ln596           | select    | auto_sel                 | 0       |
|      add_ln596_fu_2241_p2                                                                        |     |        | add_ln596              | add       | fabric                   | 0       |
|      fmul_32ns_32ns_32_5_max_dsp_1_U1925                                                         | 3   |        | fq2                    | fmul      | maxdsp                   | 4       |
|      icmp_ln599_fu_1434_p2                                                                       |     |        | icmp_ln599             | setne     | auto                     | 0       |
|      icmp_ln599_2_fu_1440_p2                                                                     |     |        | icmp_ln599_2           | seteq     | auto                     | 0       |
|      or_ln599_fu_1511_p2                                                                         |     |        | or_ln599               | or        | auto                     | 0       |
|      fcmp_32ns_32ns_1_2_no_dsp_1_U1929                                                           |     |        | tmp_2_i                | fcmp      | auto                     | 1       |
|      and_ln599_fu_1515_p2                                                                        |     |        | and_ln599              | and       | auto                     | 0       |
|      grp_fu_1295_p1                                                                              |     |        | select_ln599           | select    | auto_sel                 | 0       |
|      fadd_32ns_32ns_32_10_full_dsp_1_U1921                                                       | 2   |        | dc_5                   | fadd      | fulldsp                  | 9       |
|      add_ln317_5_fu_1830_p2                                                                      |     |        | add_ln317_5            | add       | fabric                   | 0       |
|      sub_ln18_5_fu_1844_p2                                                                       |     |        | sub_ln18_5             | sub       | fabric                   | 0       |
|      select_ln18_11_fu_1854_p3                                                                   |     |        | select_ln18_11         | select    | auto_sel                 | 0       |
|      lshr_ln18_5_fu_1870_p2                                                                      |     |        | lshr_ln18_5            | lshr      | auto_pipe                | 0       |
|      shl_ln18_5_fu_1876_p2                                                                       |     |        | shl_ln18_5             | shl       | auto_pipe                | 0       |
|      val_5_fu_1902_p3                                                                            |     |        | val_5                  | select    | auto_sel                 | 0       |
|      result_21_fu_2085_p2                                                                        |     |        | result_21              | sub       | fabric                   | 0       |
|      result_27_fu_2090_p3                                                                        |     |        | result_27              | select    | auto_sel                 | 0       |
|      icmp_ln600_fu_2106_p2                                                                       |     |        | icmp_ln600             | setgt     | auto                     | 0       |
|      iq2_2_fu_2193_p3                                                                            |     |        | iq2_2                  | select    | auto_sel                 | 0       |
|      icmp_ln600_2_fu_2199_p2                                                                     |     |        | icmp_ln600_2           | setlt     | auto                     | 0       |
|      select_ln601_fu_2209_p3                                                                     |     |        | select_ln601           | select    | auto_sel                 | 0       |
|      add_ln601_fu_2251_p2                                                                        |     |        | add_ln601              | add       | fabric                   | 0       |
|      fmul_32ns_32ns_32_5_max_dsp_1_U1926                                                         | 3   |        | fq3                    | fmul      | maxdsp                   | 4       |
|      icmp_ln604_fu_1463_p2                                                                       |     |        | icmp_ln604             | setne     | auto                     | 0       |
|      icmp_ln604_2_fu_1469_p2                                                                     |     |        | icmp_ln604_2           | seteq     | auto                     | 0       |
|      or_ln604_fu_1529_p2                                                                         |     |        | or_ln604               | or        | auto                     | 0       |
|      fcmp_32ns_32ns_1_2_no_dsp_1_U1930                                                           |     |        | tmp_4_i                | fcmp      | auto                     | 1       |
|      and_ln604_fu_1533_p2                                                                        |     |        | and_ln604              | and       | auto                     | 0       |
|      grp_fu_1299_p1                                                                              |     |        | select_ln604           | select    | auto_sel                 | 0       |
|      fadd_32ns_32ns_32_10_full_dsp_1_U1922                                                       | 2   |        | dc_6                   | fadd      | fulldsp                  | 9       |
|      add_ln317_6_fu_1951_p2                                                                      |     |        | add_ln317_6            | add       | fabric                   | 0       |
|      sub_ln18_6_fu_1965_p2                                                                       |     |        | sub_ln18_6             | sub       | fabric                   | 0       |
|      select_ln18_13_fu_1975_p3                                                                   |     |        | select_ln18_13         | select    | auto_sel                 | 0       |
|      lshr_ln18_6_fu_1991_p2                                                                      |     |        | lshr_ln18_6            | lshr      | auto_pipe                | 0       |
|      shl_ln18_6_fu_1997_p2                                                                       |     |        | shl_ln18_6             | shl       | auto_pipe                | 0       |
|      val_6_fu_2023_p3                                                                            |     |        | val_6                  | select    | auto_sel                 | 0       |
|      result_24_fu_2112_p2                                                                        |     |        | result_24              | sub       | fabric                   | 0       |
|      result_28_fu_2117_p3                                                                        |     |        | result_28              | select    | auto_sel                 | 0       |
|      icmp_ln605_fu_2133_p2                                                                       |     |        | icmp_ln605             | setgt     | auto                     | 0       |
|      iq3_2_fu_2217_p3                                                                            |     |        | iq3_2                  | select    | auto_sel                 | 0       |
|      icmp_ln605_2_fu_2223_p2                                                                     |     |        | icmp_ln605_2           | setlt     | auto                     | 0       |
|      select_ln606_fu_2233_p3                                                                     |     |        | select_ln606           | select    | auto_sel                 | 0       |
|      add_ln606_fu_2261_p2                                                                        |     |        | add_ln606              | add       | fabric                   | 0       |
|     + mac_blocks_wv_k4_urm (grp_mac_blocks_wv_k4_urm_fu_937)                                     | 64  |        |                        |           |                          |         |
|       icmp_ln390_fu_8662_p2                                                                      |     |        | icmp_ln390             | seteq     | auto                     | 0       |
|       sub_ln390_fu_8676_p2                                                                       |     |        | sub_ln390              | sub       | fabric                   | 0       |
|       tmp_27_fu_8690_p1                                                                          |     |        | select_ln390           | select    | auto_sel                 | 0       |
|       ctlz_48_48_1_1_U1700                                                                       |     |        | tmp_27                 | ctlz      | auto                     | 0       |
|       sub_ln390_1_fu_8706_p2                                                                     |     |        | sub_ln390_1            | sub       | fabric                   | 0       |
|       add_ln390_fu_8862_p2                                                                       |     |        | add_ln390              | add       | fabric                   | 0       |
|       icmp_ln390_1_fu_8877_p2                                                                    |     |        | icmp_ln390_1           | setgt     | auto                     | 0       |
|       sub_ln390_4_fu_8883_p2                                                                     |     |        | sub_ln390_4            | sub       | fabric                   | 0       |
|       lshr_ln390_2_fu_8892_p2                                                                    |     |        | lshr_ln390_2           | lshr      | auto_pipe                | 0       |
|       and_ln390_fu_8898_p2                                                                       |     |        | and_ln390              | and       | auto                     | 0       |
|       icmp_ln390_2_fu_8903_p2                                                                    |     |        | icmp_ln390_2           | setne     | auto                     | 0       |
|       phi_ln390_fu_8909_p2                                                                       |     |        | phi_ln390              | and       | auto                     | 0       |
|       xor_ln390_fu_8923_p2                                                                       |     |        | xor_ln390              | xor       | auto                     | 0       |
|       bitselect_1ns_48ns_6ns_1_1_1_U1704                                                         |     |        | tmp_95                 | bitselect | auto                     | 0       |
|       phi_ln390_1_fu_8936_p2                                                                     |     |        | phi_ln390_1            | and       | auto                     | 0       |
|       or_ln390_fu_8942_p2                                                                        |     |        | or_ln390               | or        | auto                     | 0       |
|       icmp_ln390_3_fu_8948_p2                                                                    |     |        | icmp_ln390_3           | setgt     | auto                     | 0       |
|       add_ln390_1_fu_8954_p2                                                                     |     |        | add_ln390_1            | add       | fabric                   | 0       |
|       lshr_ln390_fu_8967_p2                                                                      |     |        | lshr_ln390             | lshr      | auto_pipe                | 0       |
|       sub_ln390_2_fu_8972_p2                                                                     |     |        | sub_ln390_2            | sub       | fabric                   | 0       |
|       shl_ln390_fu_8985_p2                                                                       |     |        | shl_ln390              | shl       | auto_pipe                | 0       |
|       cond49_i_i232_in_fu_9374_p3                                                                |     |        | cond49_i_i232_in       | select    | auto_sel                 | 0       |
|       add_ln390_2_fu_9386_p2                                                                     |     |        | add_ln390_2            | add       | fabric                   | 0       |
|       select_ln390_1_fu_9414_p3                                                                  |     |        | select_ln390_1         | select    | auto_sel                 | 0       |
|       sub_ln390_3_fu_9422_p2                                                                     |     |        | sub_ln390_3            | sub       | fabric                   | 0       |
|       add_ln390_3_fu_9431_p2                                                                     |     |        | add_ln390_3            | add       | fabric                   | 0       |
|       retval_0_i_i244_fu_9464_p3                                                                 |     |        | retval_0_i_i244        | select    | auto_sel                 | 0       |
|       fmul_32ns_32ns_32_5_max_dsp_1_U1696                                                        | 3   |        | result0_write_assign   | fmul      | maxdsp                   | 4       |
|       icmp_ln391_fu_8712_p2                                                                      |     |        | icmp_ln391             | seteq     | auto                     | 0       |
|       sub_ln391_fu_8726_p2                                                                       |     |        | sub_ln391              | sub       | fabric                   | 0       |
|       tmp_31_fu_8740_p1                                                                          |     |        | select_ln391           | select    | auto_sel                 | 0       |
|       ctlz_48_48_1_1_U1701                                                                       |     |        | tmp_31                 | ctlz      | auto                     | 0       |
|       sub_ln391_1_fu_8756_p2                                                                     |     |        | sub_ln391_1            | sub       | fabric                   | 0       |
|       add_ln391_fu_8990_p2                                                                       |     |        | add_ln391              | add       | fabric                   | 0       |
|       icmp_ln391_1_fu_9005_p2                                                                    |     |        | icmp_ln391_1           | setgt     | auto                     | 0       |
|       sub_ln391_4_fu_9011_p2                                                                     |     |        | sub_ln391_4            | sub       | fabric                   | 0       |
|       lshr_ln391_2_fu_9020_p2                                                                    |     |        | lshr_ln391_2           | lshr      | auto_pipe                | 0       |
|       and_ln391_fu_9026_p2                                                                       |     |        | and_ln391              | and       | auto                     | 0       |
|       icmp_ln391_2_fu_9031_p2                                                                    |     |        | icmp_ln391_2           | setne     | auto                     | 0       |
|       phi_ln391_fu_9037_p2                                                                       |     |        | phi_ln391              | and       | auto                     | 0       |
|       xor_ln391_fu_9051_p2                                                                       |     |        | xor_ln391              | xor       | auto                     | 0       |
|       bitselect_1ns_48ns_6ns_1_1_1_U1705                                                         |     |        | tmp_100                | bitselect | auto                     | 0       |
|       phi_ln391_1_fu_9064_p2                                                                     |     |        | phi_ln391_1            | and       | auto                     | 0       |
|       or_ln391_fu_9070_p2                                                                        |     |        | or_ln391               | or        | auto                     | 0       |
|       icmp_ln391_3_fu_9076_p2                                                                    |     |        | icmp_ln391_3           | setgt     | auto                     | 0       |
|       add_ln391_1_fu_9082_p2                                                                     |     |        | add_ln391_1            | add       | fabric                   | 0       |
|       lshr_ln391_fu_9095_p2                                                                      |     |        | lshr_ln391             | lshr      | auto_pipe                | 0       |
|       sub_ln391_2_fu_9100_p2                                                                     |     |        | sub_ln391_2            | sub       | fabric                   | 0       |
|       shl_ln391_fu_9113_p2                                                                       |     |        | shl_ln391              | shl       | auto_pipe                | 0       |
|       cond49_i_i164_in_fu_9471_p3                                                                |     |        | cond49_i_i164_in       | select    | auto_sel                 | 0       |
|       add_ln391_2_fu_9483_p2                                                                     |     |        | add_ln391_2            | add       | fabric                   | 0       |
|       select_ln391_1_fu_9511_p3                                                                  |     |        | select_ln391_1         | select    | auto_sel                 | 0       |
|       sub_ln391_3_fu_9519_p2                                                                     |     |        | sub_ln391_3            | sub       | fabric                   | 0       |
|       add_ln391_3_fu_9528_p2                                                                     |     |        | add_ln391_3            | add       | fabric                   | 0       |
|       retval_0_i_i176_fu_9561_p3                                                                 |     |        | retval_0_i_i176        | select    | auto_sel                 | 0       |
|       fmul_32ns_32ns_32_5_max_dsp_1_U1697                                                        | 3   |        | result1_write_assign   | fmul      | maxdsp                   | 4       |
|       icmp_ln392_fu_8762_p2                                                                      |     |        | icmp_ln392             | seteq     | auto                     | 0       |
|       sub_ln392_fu_8776_p2                                                                       |     |        | sub_ln392              | sub       | fabric                   | 0       |
|       tmp_33_fu_8790_p1                                                                          |     |        | select_ln392           | select    | auto_sel                 | 0       |
|       ctlz_48_48_1_1_U1702                                                                       |     |        | tmp_33                 | ctlz      | auto                     | 0       |
|       sub_ln392_1_fu_8806_p2                                                                     |     |        | sub_ln392_1            | sub       | fabric                   | 0       |
|       add_ln392_fu_9118_p2                                                                       |     |        | add_ln392              | add       | fabric                   | 0       |
|       icmp_ln392_1_fu_9133_p2                                                                    |     |        | icmp_ln392_1           | setgt     | auto                     | 0       |
|       sub_ln392_4_fu_9139_p2                                                                     |     |        | sub_ln392_4            | sub       | fabric                   | 0       |
|       lshr_ln392_2_fu_9148_p2                                                                    |     |        | lshr_ln392_2           | lshr      | auto_pipe                | 0       |
|       and_ln392_fu_9154_p2                                                                       |     |        | and_ln392              | and       | auto                     | 0       |
|       icmp_ln392_2_fu_9159_p2                                                                    |     |        | icmp_ln392_2           | setne     | auto                     | 0       |
|       phi_ln392_fu_9165_p2                                                                       |     |        | phi_ln392              | and       | auto                     | 0       |
|       xor_ln392_fu_9179_p2                                                                       |     |        | xor_ln392              | xor       | auto                     | 0       |
|       bitselect_1ns_48ns_6ns_1_1_1_U1706                                                         |     |        | tmp_105                | bitselect | auto                     | 0       |
|       phi_ln392_1_fu_9192_p2                                                                     |     |        | phi_ln392_1            | and       | auto                     | 0       |
|       or_ln392_fu_9198_p2                                                                        |     |        | or_ln392               | or        | auto                     | 0       |
|       icmp_ln392_3_fu_9204_p2                                                                    |     |        | icmp_ln392_3           | setgt     | auto                     | 0       |
|       add_ln392_1_fu_9210_p2                                                                     |     |        | add_ln392_1            | add       | fabric                   | 0       |
|       lshr_ln392_fu_9223_p2                                                                      |     |        | lshr_ln392             | lshr      | auto_pipe                | 0       |
|       sub_ln392_2_fu_9228_p2                                                                     |     |        | sub_ln392_2            | sub       | fabric                   | 0       |
|       shl_ln392_fu_9241_p2                                                                       |     |        | shl_ln392              | shl       | auto_pipe                | 0       |
|       cond49_i_i96_in_fu_9568_p3                                                                 |     |        | cond49_i_i96_in        | select    | auto_sel                 | 0       |
|       add_ln392_2_fu_9580_p2                                                                     |     |        | add_ln392_2            | add       | fabric                   | 0       |
|       select_ln392_1_fu_9608_p3                                                                  |     |        | select_ln392_1         | select    | auto_sel                 | 0       |
|       sub_ln392_3_fu_9616_p2                                                                     |     |        | sub_ln392_3            | sub       | fabric                   | 0       |
|       add_ln392_3_fu_9625_p2                                                                     |     |        | add_ln392_3            | add       | fabric                   | 0       |
|       retval_0_i_i108_fu_9658_p3                                                                 |     |        | retval_0_i_i108        | select    | auto_sel                 | 0       |
|       fmul_32ns_32ns_32_5_max_dsp_1_U1698                                                        | 3   |        | result2_write_assign   | fmul      | maxdsp                   | 4       |
|       icmp_ln393_fu_8812_p2                                                                      |     |        | icmp_ln393             | seteq     | auto                     | 0       |
|       sub_ln393_fu_8826_p2                                                                       |     |        | sub_ln393              | sub       | fabric                   | 0       |
|       tmp_35_fu_8840_p1                                                                          |     |        | select_ln393           | select    | auto_sel                 | 0       |
|       ctlz_48_48_1_1_U1703                                                                       |     |        | tmp_35                 | ctlz      | auto                     | 0       |
|       sub_ln393_1_fu_8856_p2                                                                     |     |        | sub_ln393_1            | sub       | fabric                   | 0       |
|       add_ln393_fu_9246_p2                                                                       |     |        | add_ln393              | add       | fabric                   | 0       |
|       icmp_ln393_1_fu_9261_p2                                                                    |     |        | icmp_ln393_1           | setgt     | auto                     | 0       |
|       sub_ln393_4_fu_9267_p2                                                                     |     |        | sub_ln393_4            | sub       | fabric                   | 0       |
|       lshr_ln393_2_fu_9276_p2                                                                    |     |        | lshr_ln393_2           | lshr      | auto_pipe                | 0       |
|       and_ln393_fu_9282_p2                                                                       |     |        | and_ln393              | and       | auto                     | 0       |
|       icmp_ln393_2_fu_9287_p2                                                                    |     |        | icmp_ln393_2           | setne     | auto                     | 0       |
|       phi_ln393_fu_9293_p2                                                                       |     |        | phi_ln393              | and       | auto                     | 0       |
|       xor_ln393_fu_9307_p2                                                                       |     |        | xor_ln393              | xor       | auto                     | 0       |
|       bitselect_1ns_48ns_6ns_1_1_1_U1707                                                         |     |        | tmp_110                | bitselect | auto                     | 0       |
|       phi_ln393_1_fu_9320_p2                                                                     |     |        | phi_ln393_1            | and       | auto                     | 0       |
|       or_ln393_fu_9326_p2                                                                        |     |        | or_ln393               | or        | auto                     | 0       |
|       icmp_ln393_3_fu_9332_p2                                                                    |     |        | icmp_ln393_3           | setgt     | auto                     | 0       |
|       add_ln393_1_fu_9338_p2                                                                     |     |        | add_ln393_1            | add       | fabric                   | 0       |
|       lshr_ln393_fu_9351_p2                                                                      |     |        | lshr_ln393             | lshr      | auto_pipe                | 0       |
|       sub_ln393_2_fu_9356_p2                                                                     |     |        | sub_ln393_2            | sub       | fabric                   | 0       |
|       shl_ln393_fu_9369_p2                                                                       |     |        | shl_ln393              | shl       | auto_pipe                | 0       |
|       cond49_i_i_in_fu_9665_p3                                                                   |     |        | cond49_i_i_in          | select    | auto_sel                 | 0       |
|       add_ln393_2_fu_9677_p2                                                                     |     |        | add_ln393_2            | add       | fabric                   | 0       |
|       select_ln393_1_fu_9705_p3                                                                  |     |        | select_ln393_1         | select    | auto_sel                 | 0       |
|       sub_ln393_3_fu_9713_p2                                                                     |     |        | sub_ln393_3            | sub       | fabric                   | 0       |
|       add_ln393_3_fu_9722_p2                                                                     |     |        | add_ln393_3            | add       | fabric                   | 0       |
|       retval_0_i_i_fu_9755_p3                                                                    |     |        | retval_0_i_i           | select    | auto_sel                 | 0       |
|       fmul_32ns_32ns_32_5_max_dsp_1_U1699                                                        | 3   |        | result3_write_assign   | fmul      | maxdsp                   | 4       |
|      + mac_blocks_wv_k4_urm_Pipeline_MAC_ALL (grp_mac_blocks_wv_k4_urm_Pipeline_MAC_ALL_fu_1938) | 32  |        |                        |           |                          |         |
|        icmp_ln312_fu_10894_p2                                                                    |     |        | icmp_ln312             | seteq     | auto                     | 0       |
|        add_ln312_fu_10900_p2                                                                     |     |        | add_ln312              | add       | fabric                   | 0       |
|        sparsemux_33_4_8_1_1_U352                                                                 |     |        | xi8                    | sparsemux | compactencoding_dontcare | 0       |
|        sparsemux_17_3_8_1_1_U288                                                                 |     |        | s0                     | sparsemux | compactencoding_dontcare | 0       |
|        sparsemux_17_3_8_1_1_U289                                                                 |     |        | m0                     | sparsemux | compactencoding_dontcare | 0       |
|        sparsemux_17_3_8_1_1_U290                                                                 |     |        | s1                     | sparsemux | compactencoding_dontcare | 0       |
|        sparsemux_17_3_8_1_1_U291                                                                 |     |        | m1                     | sparsemux | compactencoding_dontcare | 0       |
|        sparsemux_17_3_8_1_1_U292                                                                 |     |        | s2                     | sparsemux | compactencoding_dontcare | 0       |
|        sparsemux_17_3_8_1_1_U293                                                                 |     |        | m2                     | sparsemux | compactencoding_dontcare | 0       |
|        sparsemux_17_3_8_1_1_U294                                                                 |     |        | s3                     | sparsemux | compactencoding_dontcare | 0       |
|        sparsemux_17_3_8_1_1_U295                                                                 |     |        | m3                     | sparsemux | compactencoding_dontcare | 0       |
|        mul_8s_4ns_12_1_1_U353                                                                    |     |        | mul_ln352              | mul       | auto                     | 0       |
|        mul_12s_8s_19_1_1_U392                                                                    | 1   |        | mul_ln352_1            | mul       | auto                     | 0       |
|        mul_8s_8s_16_1_1_U393                                                                     |     |        | cm0                    | mul       | auto                     | 0       |
|        mul_8s_4ns_12_1_1_U354                                                                    |     |        | mul_ln354              | mul       | auto                     | 0       |
|        mul_12s_8s_19_1_1_U394                                                                    | 1   |        | mul_ln354_1            | mul       | auto                     | 0       |
|        mul_8s_8s_16_1_1_U395                                                                     |     |        | cm1                    | mul       | auto                     | 0       |
|        mul_8s_4ns_12_1_1_U355                                                                    |     |        | mul_ln356              | mul       | auto                     | 0       |
|        mul_12s_8s_19_1_1_U396                                                                    | 1   |        | mul_ln356_1            | mul       | auto                     | 0       |
|        mul_8s_8s_16_1_1_U397                                                                     |     |        | cm2                    | mul       | auto                     | 0       |
|        mul_8s_4ns_12_1_1_U356                                                                    |     |        | mul_ln358              | mul       | auto                     | 0       |
|        mul_12s_8s_19_1_1_U398                                                                    | 1   |        | mul_ln358_1            | mul       | auto                     | 0       |
|        mul_8s_8s_16_1_1_U399                                                                     |     |        | cm3                    | mul       | auto                     | 0       |
|        icmp_ln362_fu_15385_p2                                                                    |     |        | icmp_ln362             | seteq     | auto                     | 0       |
|        select_ln362_fu_19342_p3                                                                  |     |        | select_ln362           | select    | auto_sel                 | 0       |
|        acc_w0_fu_19352_p2                                                                        |     |        | acc_w0                 | add       | fabric                   | 0       |
|        select_ln363_fu_15390_p3                                                                  |     |        | select_ln363           | select    | auto_sel                 | 0       |
|        acc_m0_fu_15402_p2                                                                        |     |        | acc_m0                 | add       | fabric                   | 0       |
|        select_ln364_fu_19358_p3                                                                  |     |        | select_ln364           | select    | auto_sel                 | 0       |
|        acc_w1_fu_19368_p2                                                                        |     |        | acc_w1                 | add       | fabric                   | 0       |
|        select_ln365_fu_15408_p3                                                                  |     |        | select_ln365           | select    | auto_sel                 | 0       |
|        acc_m1_fu_15420_p2                                                                        |     |        | acc_m1                 | add       | fabric                   | 0       |
|        select_ln366_fu_19374_p3                                                                  |     |        | select_ln366           | select    | auto_sel                 | 0       |
|        acc_w2_fu_19384_p2                                                                        |     |        | acc_w2                 | add       | fabric                   | 0       |
|        select_ln367_fu_15426_p3                                                                  |     |        | select_ln367           | select    | auto_sel                 | 0       |
|        acc_m2_fu_15438_p2                                                                        |     |        | acc_m2                 | add       | fabric                   | 0       |
|        select_ln368_fu_19390_p3                                                                  |     |        | select_ln368           | select    | auto_sel                 | 0       |
|        acc_w3_fu_19400_p2                                                                        |     |        | acc_w3                 | add       | fabric                   | 0       |
|        select_ln369_fu_15444_p3                                                                  |     |        | select_ln369           | select    | auto_sel                 | 0       |
|        acc_m3_fu_15456_p2                                                                        |     |        | acc_m3                 | add       | fabric                   | 0       |
|        icmp_ln362_1_fu_15462_p2                                                                  |     |        | icmp_ln362_1           | seteq     | auto                     | 0       |
|        select_ln362_1_fu_19406_p3                                                                |     |        | select_ln362_1         | select    | auto_sel                 | 0       |
|        acc_w0_1_fu_19416_p2                                                                      |     |        | acc_w0_1               | add       | fabric                   | 0       |
|        select_ln363_1_fu_15467_p3                                                                |     |        | select_ln363_1         | select    | auto_sel                 | 0       |
|        acc_m0_1_fu_15479_p2                                                                      |     |        | acc_m0_1               | add       | fabric                   | 0       |
|        select_ln364_1_fu_19422_p3                                                                |     |        | select_ln364_1         | select    | auto_sel                 | 0       |
|        acc_w1_1_fu_19432_p2                                                                      |     |        | acc_w1_1               | add       | fabric                   | 0       |
|        select_ln365_1_fu_15485_p3                                                                |     |        | select_ln365_1         | select    | auto_sel                 | 0       |
|        acc_m1_1_fu_15497_p2                                                                      |     |        | acc_m1_1               | add       | fabric                   | 0       |
|        select_ln366_1_fu_19438_p3                                                                |     |        | select_ln366_1         | select    | auto_sel                 | 0       |
|        acc_w2_1_fu_19448_p2                                                                      |     |        | acc_w2_1               | add       | fabric                   | 0       |
|        select_ln367_1_fu_15503_p3                                                                |     |        | select_ln367_1         | select    | auto_sel                 | 0       |
|        acc_m2_1_fu_15515_p2                                                                      |     |        | acc_m2_1               | add       | fabric                   | 0       |
|        select_ln368_1_fu_19454_p3                                                                |     |        | select_ln368_1         | select    | auto_sel                 | 0       |
|        acc_w3_1_fu_19464_p2                                                                      |     |        | acc_w3_1               | add       | fabric                   | 0       |
|        select_ln369_1_fu_15521_p3                                                                |     |        | select_ln369_1         | select    | auto_sel                 | 0       |
|        acc_m3_1_fu_15533_p2                                                                      |     |        | acc_m3_1               | add       | fabric                   | 0       |
|        icmp_ln362_2_fu_15539_p2                                                                  |     |        | icmp_ln362_2           | seteq     | auto                     | 0       |
|        select_ln362_2_fu_19470_p3                                                                |     |        | select_ln362_2         | select    | auto_sel                 | 0       |
|        acc_w0_2_fu_19480_p2                                                                      |     |        | acc_w0_2               | add       | fabric                   | 0       |
|        select_ln363_2_fu_15544_p3                                                                |     |        | select_ln363_2         | select    | auto_sel                 | 0       |
|        acc_m0_2_fu_15556_p2                                                                      |     |        | acc_m0_2               | add       | fabric                   | 0       |
|        select_ln364_2_fu_19486_p3                                                                |     |        | select_ln364_2         | select    | auto_sel                 | 0       |
|        acc_w1_2_fu_19496_p2                                                                      |     |        | acc_w1_2               | add       | fabric                   | 0       |
|        select_ln365_2_fu_15562_p3                                                                |     |        | select_ln365_2         | select    | auto_sel                 | 0       |
|        acc_m1_2_fu_15574_p2                                                                      |     |        | acc_m1_2               | add       | fabric                   | 0       |
|        select_ln366_2_fu_19502_p3                                                                |     |        | select_ln366_2         | select    | auto_sel                 | 0       |
|        acc_w2_2_fu_19512_p2                                                                      |     |        | acc_w2_2               | add       | fabric                   | 0       |
|        select_ln367_2_fu_15580_p3                                                                |     |        | select_ln367_2         | select    | auto_sel                 | 0       |
|        acc_m2_2_fu_15592_p2                                                                      |     |        | acc_m2_2               | add       | fabric                   | 0       |
|        select_ln368_2_fu_19518_p3                                                                |     |        | select_ln368_2         | select    | auto_sel                 | 0       |
|        acc_w3_2_fu_19528_p2                                                                      |     |        | acc_w3_2               | add       | fabric                   | 0       |
|        select_ln369_2_fu_15598_p3                                                                |     |        | select_ln369_2         | select    | auto_sel                 | 0       |
|        acc_m3_2_fu_15610_p2                                                                      |     |        | acc_m3_2               | add       | fabric                   | 0       |
|        icmp_ln362_3_fu_15616_p2                                                                  |     |        | icmp_ln362_3           | seteq     | auto                     | 0       |
|        select_ln362_3_fu_19534_p3                                                                |     |        | select_ln362_3         | select    | auto_sel                 | 0       |
|        acc_w0_3_fu_19544_p2                                                                      |     |        | acc_w0_3               | add       | fabric                   | 0       |
|        select_ln363_3_fu_15621_p3                                                                |     |        | select_ln363_3         | select    | auto_sel                 | 0       |
|        acc_m0_3_fu_15633_p2                                                                      |     |        | acc_m0_3               | add       | fabric                   | 0       |
|        select_ln364_3_fu_19550_p3                                                                |     |        | select_ln364_3         | select    | auto_sel                 | 0       |
|        acc_w1_3_fu_19560_p2                                                                      |     |        | acc_w1_3               | add       | fabric                   | 0       |
|        select_ln365_3_fu_15639_p3                                                                |     |        | select_ln365_3         | select    | auto_sel                 | 0       |
|        acc_m1_3_fu_15651_p2                                                                      |     |        | acc_m1_3               | add       | fabric                   | 0       |
|        select_ln366_3_fu_19566_p3                                                                |     |        | select_ln366_3         | select    | auto_sel                 | 0       |
|        acc_w2_3_fu_19576_p2                                                                      |     |        | acc_w2_3               | add       | fabric                   | 0       |
|        select_ln367_3_fu_15657_p3                                                                |     |        | select_ln367_3         | select    | auto_sel                 | 0       |
|        acc_m2_3_fu_15669_p2                                                                      |     |        | acc_m2_3               | add       | fabric                   | 0       |
|        select_ln368_3_fu_19582_p3                                                                |     |        | select_ln368_3         | select    | auto_sel                 | 0       |
|        acc_w3_3_fu_19592_p2                                                                      |     |        | acc_w3_3               | add       | fabric                   | 0       |
|        select_ln369_3_fu_15675_p3                                                                |     |        | select_ln369_3         | select    | auto_sel                 | 0       |
|        acc_m3_3_fu_15687_p2                                                                      |     |        | acc_m3_3               | add       | fabric                   | 0       |
|        sparsemux_33_4_8_1_1_U357                                                                 |     |        | xi8_1                  | sparsemux | compactencoding_dontcare | 0       |
|        sparsemux_17_3_8_1_1_U296                                                                 |     |        | s0_1                   | sparsemux | compactencoding_dontcare | 0       |
|        sparsemux_17_3_8_1_1_U297                                                                 |     |        | m0_1                   | sparsemux | compactencoding_dontcare | 0       |
|        sparsemux_17_3_8_1_1_U298                                                                 |     |        | s1_1                   | sparsemux | compactencoding_dontcare | 0       |
|        sparsemux_17_3_8_1_1_U299                                                                 |     |        | m1_1                   | sparsemux | compactencoding_dontcare | 0       |
|        sparsemux_17_3_8_1_1_U300                                                                 |     |        | s2_1                   | sparsemux | compactencoding_dontcare | 0       |
|        sparsemux_17_3_8_1_1_U301                                                                 |     |        | m2_1                   | sparsemux | compactencoding_dontcare | 0       |
|        sparsemux_17_3_8_1_1_U302                                                                 |     |        | s3_1                   | sparsemux | compactencoding_dontcare | 0       |
|        sparsemux_17_3_8_1_1_U303                                                                 |     |        | m3_1                   | sparsemux | compactencoding_dontcare | 0       |
|        mul_8s_4ns_12_1_1_U358                                                                    |     |        | mul_ln352_2            | mul       | auto                     | 0       |
|        mul_12s_8s_19_1_1_U400                                                                    | 1   |        | mul_ln352_3            | mul       | auto                     | 0       |
|        mul_8s_8s_16_1_1_U401                                                                     |     |        | cm0_1                  | mul       | auto                     | 0       |
|        mul_8s_4ns_12_1_1_U359                                                                    |     |        | mul_ln354_2            | mul       | auto                     | 0       |
|        mul_12s_8s_19_1_1_U402                                                                    | 1   |        | mul_ln354_3            | mul       | auto                     | 0       |
|        mul_8s_8s_16_1_1_U403                                                                     |     |        | cm1_1                  | mul       | auto                     | 0       |
|        mul_8s_4ns_12_1_1_U360                                                                    |     |        | mul_ln356_2            | mul       | auto                     | 0       |
|        mul_12s_8s_19_1_1_U404                                                                    | 1   |        | mul_ln356_3            | mul       | auto                     | 0       |
|        mul_8s_8s_16_1_1_U405                                                                     |     |        | cm2_1                  | mul       | auto                     | 0       |
|        mul_8s_4ns_12_1_1_U361                                                                    |     |        | mul_ln358_2            | mul       | auto                     | 0       |
|        mul_12s_8s_19_1_1_U406                                                                    | 1   |        | mul_ln358_3            | mul       | auto                     | 0       |
|        mul_8s_8s_16_1_1_U407                                                                     |     |        | cm3_1                  | mul       | auto                     | 0       |
|        select_ln362_4_fu_19598_p3                                                                |     |        | select_ln362_4         | select    | auto_sel                 | 0       |
|        acc_w0_4_fu_19608_p2                                                                      |     |        | acc_w0_4               | add       | fabric                   | 0       |
|        select_ln363_4_fu_15780_p3                                                                |     |        | select_ln363_4         | select    | auto_sel                 | 0       |
|        acc_m0_4_fu_15792_p2                                                                      |     |        | acc_m0_4               | add       | fabric                   | 0       |
|        select_ln364_4_fu_19614_p3                                                                |     |        | select_ln364_4         | select    | auto_sel                 | 0       |
|        acc_w1_4_fu_19624_p2                                                                      |     |        | acc_w1_4               | add       | fabric                   | 0       |
|        select_ln365_4_fu_15798_p3                                                                |     |        | select_ln365_4         | select    | auto_sel                 | 0       |
|        acc_m1_4_fu_15810_p2                                                                      |     |        | acc_m1_4               | add       | fabric                   | 0       |
|        select_ln366_4_fu_19630_p3                                                                |     |        | select_ln366_4         | select    | auto_sel                 | 0       |
|        acc_w2_4_fu_19640_p2                                                                      |     |        | acc_w2_4               | add       | fabric                   | 0       |
|        select_ln367_4_fu_15816_p3                                                                |     |        | select_ln367_4         | select    | auto_sel                 | 0       |
|        acc_m2_4_fu_15828_p2                                                                      |     |        | acc_m2_4               | add       | fabric                   | 0       |
|        select_ln368_4_fu_19646_p3                                                                |     |        | select_ln368_4         | select    | auto_sel                 | 0       |
|        acc_w3_4_fu_19656_p2                                                                      |     |        | acc_w3_4               | add       | fabric                   | 0       |
|        select_ln369_4_fu_15834_p3                                                                |     |        | select_ln369_4         | select    | auto_sel                 | 0       |
|        acc_m3_4_fu_15846_p2                                                                      |     |        | acc_m3_4               | add       | fabric                   | 0       |
|        select_ln362_5_fu_19662_p3                                                                |     |        | select_ln362_5         | select    | auto_sel                 | 0       |
|        acc_w0_5_fu_19672_p2                                                                      |     |        | acc_w0_5               | add       | fabric                   | 0       |
|        select_ln363_5_fu_15852_p3                                                                |     |        | select_ln363_5         | select    | auto_sel                 | 0       |
|        acc_m0_5_fu_15864_p2                                                                      |     |        | acc_m0_5               | add       | fabric                   | 0       |
|        select_ln364_5_fu_19678_p3                                                                |     |        | select_ln364_5         | select    | auto_sel                 | 0       |
|        acc_w1_5_fu_19688_p2                                                                      |     |        | acc_w1_5               | add       | fabric                   | 0       |
|        select_ln365_5_fu_15870_p3                                                                |     |        | select_ln365_5         | select    | auto_sel                 | 0       |
|        acc_m1_5_fu_15882_p2                                                                      |     |        | acc_m1_5               | add       | fabric                   | 0       |
|        select_ln366_5_fu_19694_p3                                                                |     |        | select_ln366_5         | select    | auto_sel                 | 0       |
|        acc_w2_5_fu_19704_p2                                                                      |     |        | acc_w2_5               | add       | fabric                   | 0       |
|        select_ln367_5_fu_15888_p3                                                                |     |        | select_ln367_5         | select    | auto_sel                 | 0       |
|        acc_m2_5_fu_15900_p2                                                                      |     |        | acc_m2_5               | add       | fabric                   | 0       |
|        select_ln368_5_fu_19710_p3                                                                |     |        | select_ln368_5         | select    | auto_sel                 | 0       |
|        acc_w3_5_fu_19720_p2                                                                      |     |        | acc_w3_5               | add       | fabric                   | 0       |
|        select_ln369_5_fu_15906_p3                                                                |     |        | select_ln369_5         | select    | auto_sel                 | 0       |
|        acc_m3_5_fu_15918_p2                                                                      |     |        | acc_m3_5               | add       | fabric                   | 0       |
|        select_ln362_6_fu_19726_p3                                                                |     |        | select_ln362_6         | select    | auto_sel                 | 0       |
|        acc_w0_6_fu_19736_p2                                                                      |     |        | acc_w0_6               | add       | fabric                   | 0       |
|        select_ln363_6_fu_15924_p3                                                                |     |        | select_ln363_6         | select    | auto_sel                 | 0       |
|        acc_m0_6_fu_15936_p2                                                                      |     |        | acc_m0_6               | add       | fabric                   | 0       |
|        select_ln364_6_fu_19742_p3                                                                |     |        | select_ln364_6         | select    | auto_sel                 | 0       |
|        acc_w1_6_fu_19752_p2                                                                      |     |        | acc_w1_6               | add       | fabric                   | 0       |
|        select_ln365_6_fu_15942_p3                                                                |     |        | select_ln365_6         | select    | auto_sel                 | 0       |
|        acc_m1_6_fu_15954_p2                                                                      |     |        | acc_m1_6               | add       | fabric                   | 0       |
|        select_ln366_6_fu_19758_p3                                                                |     |        | select_ln366_6         | select    | auto_sel                 | 0       |
|        acc_w2_6_fu_19768_p2                                                                      |     |        | acc_w2_6               | add       | fabric                   | 0       |
|        select_ln367_6_fu_15960_p3                                                                |     |        | select_ln367_6         | select    | auto_sel                 | 0       |
|        acc_m2_6_fu_15972_p2                                                                      |     |        | acc_m2_6               | add       | fabric                   | 0       |
|        select_ln368_6_fu_19774_p3                                                                |     |        | select_ln368_6         | select    | auto_sel                 | 0       |
|        acc_w3_6_fu_19784_p2                                                                      |     |        | acc_w3_6               | add       | fabric                   | 0       |
|        select_ln369_6_fu_15978_p3                                                                |     |        | select_ln369_6         | select    | auto_sel                 | 0       |
|        acc_m3_6_fu_15990_p2                                                                      |     |        | acc_m3_6               | add       | fabric                   | 0       |
|        select_ln362_7_fu_19790_p3                                                                |     |        | select_ln362_7         | select    | auto_sel                 | 0       |
|        acc_w0_7_fu_19800_p2                                                                      |     |        | acc_w0_7               | add       | fabric                   | 0       |
|        select_ln363_7_fu_15996_p3                                                                |     |        | select_ln363_7         | select    | auto_sel                 | 0       |
|        acc_m0_7_fu_16008_p2                                                                      |     |        | acc_m0_7               | add       | fabric                   | 0       |
|        select_ln364_7_fu_19806_p3                                                                |     |        | select_ln364_7         | select    | auto_sel                 | 0       |
|        acc_w1_7_fu_19816_p2                                                                      |     |        | acc_w1_7               | add       | fabric                   | 0       |
|        select_ln365_7_fu_16014_p3                                                                |     |        | select_ln365_7         | select    | auto_sel                 | 0       |
|        acc_m1_7_fu_16026_p2                                                                      |     |        | acc_m1_7               | add       | fabric                   | 0       |
|        select_ln366_7_fu_19822_p3                                                                |     |        | select_ln366_7         | select    | auto_sel                 | 0       |
|        acc_w2_7_fu_19832_p2                                                                      |     |        | acc_w2_7               | add       | fabric                   | 0       |
|        select_ln367_7_fu_16032_p3                                                                |     |        | select_ln367_7         | select    | auto_sel                 | 0       |
|        acc_m2_7_fu_16044_p2                                                                      |     |        | acc_m2_7               | add       | fabric                   | 0       |
|        select_ln368_7_fu_19838_p3                                                                |     |        | select_ln368_7         | select    | auto_sel                 | 0       |
|        acc_w3_7_fu_19848_p2                                                                      |     |        | acc_w3_7               | add       | fabric                   | 0       |
|        select_ln369_7_fu_16050_p3                                                                |     |        | select_ln369_7         | select    | auto_sel                 | 0       |
|        acc_m3_7_fu_16062_p2                                                                      |     |        | acc_m3_7               | add       | fabric                   | 0       |
|        sparsemux_33_4_8_1_1_U362                                                                 |     |        | xi8_2                  | sparsemux | compactencoding_dontcare | 0       |
|        sparsemux_17_3_8_1_1_U304                                                                 |     |        | s0_2                   | sparsemux | compactencoding_dontcare | 0       |
|        sparsemux_17_3_8_1_1_U305                                                                 |     |        | m0_2                   | sparsemux | compactencoding_dontcare | 0       |
|        sparsemux_17_3_8_1_1_U306                                                                 |     |        | s1_2                   | sparsemux | compactencoding_dontcare | 0       |
|        sparsemux_17_3_8_1_1_U307                                                                 |     |        | m1_2                   | sparsemux | compactencoding_dontcare | 0       |
|        sparsemux_17_3_8_1_1_U308                                                                 |     |        | s2_2                   | sparsemux | compactencoding_dontcare | 0       |
|        sparsemux_17_3_8_1_1_U309                                                                 |     |        | m2_2                   | sparsemux | compactencoding_dontcare | 0       |
|        sparsemux_17_3_8_1_1_U310                                                                 |     |        | s3_2                   | sparsemux | compactencoding_dontcare | 0       |
|        sparsemux_17_3_8_1_1_U311                                                                 |     |        | m3_2                   | sparsemux | compactencoding_dontcare | 0       |
|        mul_8s_4ns_12_1_1_U363                                                                    |     |        | mul_ln352_4            | mul       | auto                     | 0       |
|        mul_12s_8s_19_1_1_U408                                                                    | 1   |        | mul_ln352_5            | mul       | auto                     | 0       |
|        mul_8s_8s_16_1_1_U409                                                                     |     |        | cm0_2                  | mul       | auto                     | 0       |
|        mul_8s_4ns_12_1_1_U364                                                                    |     |        | mul_ln354_4            | mul       | auto                     | 0       |
|        mul_12s_8s_19_1_1_U410                                                                    | 1   |        | mul_ln354_5            | mul       | auto                     | 0       |
|        mul_8s_8s_16_1_1_U411                                                                     |     |        | cm1_2                  | mul       | auto                     | 0       |
|        mul_8s_4ns_12_1_1_U365                                                                    |     |        | mul_ln356_4            | mul       | auto                     | 0       |
|        mul_12s_8s_19_1_1_U412                                                                    | 1   |        | mul_ln356_5            | mul       | auto                     | 0       |
|        mul_8s_8s_16_1_1_U413                                                                     |     |        | cm2_2                  | mul       | auto                     | 0       |
|        mul_8s_4ns_12_1_1_U366                                                                    |     |        | mul_ln358_4            | mul       | auto                     | 0       |
|        mul_12s_8s_19_1_1_U414                                                                    | 1   |        | mul_ln358_5            | mul       | auto                     | 0       |
|        mul_8s_8s_16_1_1_U415                                                                     |     |        | cm3_2                  | mul       | auto                     | 0       |
|        select_ln362_8_fu_19854_p3                                                                |     |        | select_ln362_8         | select    | auto_sel                 | 0       |
|        acc_w0_8_fu_19864_p2                                                                      |     |        | acc_w0_8               | add       | fabric                   | 0       |
|        select_ln363_8_fu_16155_p3                                                                |     |        | select_ln363_8         | select    | auto_sel                 | 0       |
|        acc_m0_8_fu_16167_p2                                                                      |     |        | acc_m0_8               | add       | fabric                   | 0       |
|        select_ln364_8_fu_19870_p3                                                                |     |        | select_ln364_8         | select    | auto_sel                 | 0       |
|        acc_w1_8_fu_19880_p2                                                                      |     |        | acc_w1_8               | add       | fabric                   | 0       |
|        select_ln365_8_fu_16173_p3                                                                |     |        | select_ln365_8         | select    | auto_sel                 | 0       |
|        acc_m1_8_fu_16185_p2                                                                      |     |        | acc_m1_8               | add       | fabric                   | 0       |
|        select_ln366_8_fu_19886_p3                                                                |     |        | select_ln366_8         | select    | auto_sel                 | 0       |
|        acc_w2_8_fu_19896_p2                                                                      |     |        | acc_w2_8               | add       | fabric                   | 0       |
|        select_ln367_8_fu_16191_p3                                                                |     |        | select_ln367_8         | select    | auto_sel                 | 0       |
|        acc_m2_8_fu_16203_p2                                                                      |     |        | acc_m2_8               | add       | fabric                   | 0       |
|        select_ln368_8_fu_19902_p3                                                                |     |        | select_ln368_8         | select    | auto_sel                 | 0       |
|        acc_w3_8_fu_19912_p2                                                                      |     |        | acc_w3_8               | add       | fabric                   | 0       |
|        select_ln369_8_fu_16209_p3                                                                |     |        | select_ln369_8         | select    | auto_sel                 | 0       |
|        acc_m3_8_fu_16221_p2                                                                      |     |        | acc_m3_8               | add       | fabric                   | 0       |
|        select_ln362_9_fu_19918_p3                                                                |     |        | select_ln362_9         | select    | auto_sel                 | 0       |
|        acc_w0_9_fu_19928_p2                                                                      |     |        | acc_w0_9               | add       | fabric                   | 0       |
|        select_ln363_9_fu_16227_p3                                                                |     |        | select_ln363_9         | select    | auto_sel                 | 0       |
|        acc_m0_9_fu_16239_p2                                                                      |     |        | acc_m0_9               | add       | fabric                   | 0       |
|        select_ln364_9_fu_19934_p3                                                                |     |        | select_ln364_9         | select    | auto_sel                 | 0       |
|        acc_w1_9_fu_19944_p2                                                                      |     |        | acc_w1_9               | add       | fabric                   | 0       |
|        select_ln365_9_fu_16245_p3                                                                |     |        | select_ln365_9         | select    | auto_sel                 | 0       |
|        acc_m1_9_fu_16257_p2                                                                      |     |        | acc_m1_9               | add       | fabric                   | 0       |
|        select_ln366_9_fu_19950_p3                                                                |     |        | select_ln366_9         | select    | auto_sel                 | 0       |
|        acc_w2_9_fu_19960_p2                                                                      |     |        | acc_w2_9               | add       | fabric                   | 0       |
|        select_ln367_9_fu_16263_p3                                                                |     |        | select_ln367_9         | select    | auto_sel                 | 0       |
|        acc_m2_9_fu_16275_p2                                                                      |     |        | acc_m2_9               | add       | fabric                   | 0       |
|        select_ln368_9_fu_19966_p3                                                                |     |        | select_ln368_9         | select    | auto_sel                 | 0       |
|        acc_w3_9_fu_19976_p2                                                                      |     |        | acc_w3_9               | add       | fabric                   | 0       |
|        select_ln369_9_fu_16281_p3                                                                |     |        | select_ln369_9         | select    | auto_sel                 | 0       |
|        acc_m3_9_fu_16293_p2                                                                      |     |        | acc_m3_9               | add       | fabric                   | 0       |
|        select_ln362_10_fu_19982_p3                                                               |     |        | select_ln362_10        | select    | auto_sel                 | 0       |
|        acc_w0_10_fu_19992_p2                                                                     |     |        | acc_w0_10              | add       | fabric                   | 0       |
|        select_ln363_10_fu_16299_p3                                                               |     |        | select_ln363_10        | select    | auto_sel                 | 0       |
|        acc_m0_10_fu_16311_p2                                                                     |     |        | acc_m0_10              | add       | fabric                   | 0       |
|        select_ln364_10_fu_19998_p3                                                               |     |        | select_ln364_10        | select    | auto_sel                 | 0       |
|        acc_w1_10_fu_20008_p2                                                                     |     |        | acc_w1_10              | add       | fabric                   | 0       |
|        select_ln365_10_fu_16317_p3                                                               |     |        | select_ln365_10        | select    | auto_sel                 | 0       |
|        acc_m1_10_fu_16329_p2                                                                     |     |        | acc_m1_10              | add       | fabric                   | 0       |
|        select_ln366_10_fu_20014_p3                                                               |     |        | select_ln366_10        | select    | auto_sel                 | 0       |
|        acc_w2_10_fu_20024_p2                                                                     |     |        | acc_w2_10              | add       | fabric                   | 0       |
|        select_ln367_10_fu_16335_p3                                                               |     |        | select_ln367_10        | select    | auto_sel                 | 0       |
|        acc_m2_10_fu_16347_p2                                                                     |     |        | acc_m2_10              | add       | fabric                   | 0       |
|        select_ln368_10_fu_20030_p3                                                               |     |        | select_ln368_10        | select    | auto_sel                 | 0       |
|        acc_w3_10_fu_20040_p2                                                                     |     |        | acc_w3_10              | add       | fabric                   | 0       |
|        select_ln369_10_fu_16353_p3                                                               |     |        | select_ln369_10        | select    | auto_sel                 | 0       |
|        acc_m3_10_fu_16365_p2                                                                     |     |        | acc_m3_10              | add       | fabric                   | 0       |
|        select_ln362_11_fu_20046_p3                                                               |     |        | select_ln362_11        | select    | auto_sel                 | 0       |
|        acc_w0_11_fu_20056_p2                                                                     |     |        | acc_w0_11              | add       | fabric                   | 0       |
|        select_ln363_11_fu_16371_p3                                                               |     |        | select_ln363_11        | select    | auto_sel                 | 0       |
|        acc_m0_11_fu_16383_p2                                                                     |     |        | acc_m0_11              | add       | fabric                   | 0       |
|        select_ln364_11_fu_20062_p3                                                               |     |        | select_ln364_11        | select    | auto_sel                 | 0       |
|        acc_w1_11_fu_20072_p2                                                                     |     |        | acc_w1_11              | add       | fabric                   | 0       |
|        select_ln365_11_fu_16389_p3                                                               |     |        | select_ln365_11        | select    | auto_sel                 | 0       |
|        acc_m1_11_fu_16401_p2                                                                     |     |        | acc_m1_11              | add       | fabric                   | 0       |
|        select_ln366_11_fu_20078_p3                                                               |     |        | select_ln366_11        | select    | auto_sel                 | 0       |
|        acc_w2_11_fu_20088_p2                                                                     |     |        | acc_w2_11              | add       | fabric                   | 0       |
|        select_ln367_11_fu_16407_p3                                                               |     |        | select_ln367_11        | select    | auto_sel                 | 0       |
|        acc_m2_11_fu_16419_p2                                                                     |     |        | acc_m2_11              | add       | fabric                   | 0       |
|        select_ln368_11_fu_20094_p3                                                               |     |        | select_ln368_11        | select    | auto_sel                 | 0       |
|        acc_w3_11_fu_20104_p2                                                                     |     |        | acc_w3_11              | add       | fabric                   | 0       |
|        select_ln369_11_fu_16425_p3                                                               |     |        | select_ln369_11        | select    | auto_sel                 | 0       |
|        acc_m3_11_fu_16437_p2                                                                     |     |        | acc_m3_11              | add       | fabric                   | 0       |
|        sparsemux_33_4_8_1_1_U367                                                                 |     |        | xi8_3                  | sparsemux | compactencoding_dontcare | 0       |
|        sparsemux_17_3_8_1_1_U312                                                                 |     |        | s0_3                   | sparsemux | compactencoding_dontcare | 0       |
|        sparsemux_17_3_8_1_1_U313                                                                 |     |        | m0_3                   | sparsemux | compactencoding_dontcare | 0       |
|        sparsemux_17_3_8_1_1_U314                                                                 |     |        | s1_3                   | sparsemux | compactencoding_dontcare | 0       |
|        sparsemux_17_3_8_1_1_U315                                                                 |     |        | m1_3                   | sparsemux | compactencoding_dontcare | 0       |
|        sparsemux_17_3_8_1_1_U316                                                                 |     |        | s2_3                   | sparsemux | compactencoding_dontcare | 0       |
|        sparsemux_17_3_8_1_1_U317                                                                 |     |        | m2_3                   | sparsemux | compactencoding_dontcare | 0       |
|        sparsemux_17_3_8_1_1_U318                                                                 |     |        | s3_3                   | sparsemux | compactencoding_dontcare | 0       |
|        sparsemux_17_3_8_1_1_U319                                                                 |     |        | m3_3                   | sparsemux | compactencoding_dontcare | 0       |
|        mul_8s_4ns_12_1_1_U368                                                                    |     |        | mul_ln352_6            | mul       | auto                     | 0       |
|        mul_12s_8s_19_1_1_U416                                                                    | 1   |        | mul_ln352_7            | mul       | auto                     | 0       |
|        mul_8s_8s_16_1_1_U417                                                                     |     |        | cm0_3                  | mul       | auto                     | 0       |
|        mul_8s_4ns_12_1_1_U369                                                                    |     |        | mul_ln354_6            | mul       | auto                     | 0       |
|        mul_12s_8s_19_1_1_U418                                                                    | 1   |        | mul_ln354_7            | mul       | auto                     | 0       |
|        mul_8s_8s_16_1_1_U419                                                                     |     |        | cm1_3                  | mul       | auto                     | 0       |
|        mul_8s_4ns_12_1_1_U370                                                                    |     |        | mul_ln356_6            | mul       | auto                     | 0       |
|        mul_12s_8s_19_1_1_U420                                                                    | 1   |        | mul_ln356_7            | mul       | auto                     | 0       |
|        mul_8s_8s_16_1_1_U421                                                                     |     |        | cm2_3                  | mul       | auto                     | 0       |
|        mul_8s_4ns_12_1_1_U371                                                                    |     |        | mul_ln358_6            | mul       | auto                     | 0       |
|        mul_12s_8s_19_1_1_U422                                                                    | 1   |        | mul_ln358_7            | mul       | auto                     | 0       |
|        mul_8s_8s_16_1_1_U423                                                                     |     |        | cm3_3                  | mul       | auto                     | 0       |
|        select_ln362_12_fu_20110_p3                                                               |     |        | select_ln362_12        | select    | auto_sel                 | 0       |
|        acc_w0_12_fu_20120_p2                                                                     |     |        | acc_w0_12              | add       | fabric                   | 0       |
|        select_ln363_12_fu_16530_p3                                                               |     |        | select_ln363_12        | select    | auto_sel                 | 0       |
|        acc_m0_12_fu_16542_p2                                                                     |     |        | acc_m0_12              | add       | fabric                   | 0       |
|        select_ln364_12_fu_20126_p3                                                               |     |        | select_ln364_12        | select    | auto_sel                 | 0       |
|        acc_w1_12_fu_20136_p2                                                                     |     |        | acc_w1_12              | add       | fabric                   | 0       |
|        select_ln365_12_fu_16548_p3                                                               |     |        | select_ln365_12        | select    | auto_sel                 | 0       |
|        acc_m1_12_fu_16560_p2                                                                     |     |        | acc_m1_12              | add       | fabric                   | 0       |
|        select_ln366_12_fu_20142_p3                                                               |     |        | select_ln366_12        | select    | auto_sel                 | 0       |
|        acc_w2_12_fu_20152_p2                                                                     |     |        | acc_w2_12              | add       | fabric                   | 0       |
|        select_ln367_12_fu_16566_p3                                                               |     |        | select_ln367_12        | select    | auto_sel                 | 0       |
|        acc_m2_12_fu_16578_p2                                                                     |     |        | acc_m2_12              | add       | fabric                   | 0       |
|        select_ln368_12_fu_20158_p3                                                               |     |        | select_ln368_12        | select    | auto_sel                 | 0       |
|        acc_w3_12_fu_20168_p2                                                                     |     |        | acc_w3_12              | add       | fabric                   | 0       |
|        select_ln369_12_fu_16584_p3                                                               |     |        | select_ln369_12        | select    | auto_sel                 | 0       |
|        acc_m3_12_fu_16596_p2                                                                     |     |        | acc_m3_12              | add       | fabric                   | 0       |
|        select_ln362_13_fu_20174_p3                                                               |     |        | select_ln362_13        | select    | auto_sel                 | 0       |
|        acc_w0_13_fu_20184_p2                                                                     |     |        | acc_w0_13              | add       | fabric                   | 0       |
|        select_ln363_13_fu_16602_p3                                                               |     |        | select_ln363_13        | select    | auto_sel                 | 0       |
|        acc_m0_13_fu_16614_p2                                                                     |     |        | acc_m0_13              | add       | fabric                   | 0       |
|        select_ln364_13_fu_20190_p3                                                               |     |        | select_ln364_13        | select    | auto_sel                 | 0       |
|        acc_w1_13_fu_20200_p2                                                                     |     |        | acc_w1_13              | add       | fabric                   | 0       |
|        select_ln365_13_fu_16620_p3                                                               |     |        | select_ln365_13        | select    | auto_sel                 | 0       |
|        acc_m1_13_fu_16632_p2                                                                     |     |        | acc_m1_13              | add       | fabric                   | 0       |
|        select_ln366_13_fu_20206_p3                                                               |     |        | select_ln366_13        | select    | auto_sel                 | 0       |
|        acc_w2_13_fu_20216_p2                                                                     |     |        | acc_w2_13              | add       | fabric                   | 0       |
|        select_ln367_13_fu_16638_p3                                                               |     |        | select_ln367_13        | select    | auto_sel                 | 0       |
|        acc_m2_13_fu_16650_p2                                                                     |     |        | acc_m2_13              | add       | fabric                   | 0       |
|        select_ln368_13_fu_20222_p3                                                               |     |        | select_ln368_13        | select    | auto_sel                 | 0       |
|        acc_w3_13_fu_20232_p2                                                                     |     |        | acc_w3_13              | add       | fabric                   | 0       |
|        select_ln369_13_fu_16656_p3                                                               |     |        | select_ln369_13        | select    | auto_sel                 | 0       |
|        acc_m3_13_fu_16668_p2                                                                     |     |        | acc_m3_13              | add       | fabric                   | 0       |
|        select_ln362_14_fu_20238_p3                                                               |     |        | select_ln362_14        | select    | auto_sel                 | 0       |
|        acc_w0_14_fu_20248_p2                                                                     |     |        | acc_w0_14              | add       | fabric                   | 0       |
|        select_ln363_14_fu_16674_p3                                                               |     |        | select_ln363_14        | select    | auto_sel                 | 0       |
|        acc_m0_14_fu_16686_p2                                                                     |     |        | acc_m0_14              | add       | fabric                   | 0       |
|        select_ln364_14_fu_20254_p3                                                               |     |        | select_ln364_14        | select    | auto_sel                 | 0       |
|        acc_w1_14_fu_20264_p2                                                                     |     |        | acc_w1_14              | add       | fabric                   | 0       |
|        select_ln365_14_fu_16692_p3                                                               |     |        | select_ln365_14        | select    | auto_sel                 | 0       |
|        acc_m1_14_fu_16704_p2                                                                     |     |        | acc_m1_14              | add       | fabric                   | 0       |
|        select_ln366_14_fu_20270_p3                                                               |     |        | select_ln366_14        | select    | auto_sel                 | 0       |
|        acc_w2_14_fu_20280_p2                                                                     |     |        | acc_w2_14              | add       | fabric                   | 0       |
|        select_ln367_14_fu_16710_p3                                                               |     |        | select_ln367_14        | select    | auto_sel                 | 0       |
|        acc_m2_14_fu_16722_p2                                                                     |     |        | acc_m2_14              | add       | fabric                   | 0       |
|        select_ln368_14_fu_20286_p3                                                               |     |        | select_ln368_14        | select    | auto_sel                 | 0       |
|        acc_w3_14_fu_20296_p2                                                                     |     |        | acc_w3_14              | add       | fabric                   | 0       |
|        select_ln369_14_fu_16728_p3                                                               |     |        | select_ln369_14        | select    | auto_sel                 | 0       |
|        acc_m3_14_fu_16740_p2                                                                     |     |        | acc_m3_14              | add       | fabric                   | 0       |
|        select_ln362_15_fu_20302_p3                                                               |     |        | select_ln362_15        | select    | auto_sel                 | 0       |
|        acc_w0_15_fu_20312_p2                                                                     |     |        | acc_w0_15              | add       | fabric                   | 0       |
|        select_ln363_15_fu_16746_p3                                                               |     |        | select_ln363_15        | select    | auto_sel                 | 0       |
|        acc_m0_15_fu_16758_p2                                                                     |     |        | acc_m0_15              | add       | fabric                   | 0       |
|        select_ln364_15_fu_20318_p3                                                               |     |        | select_ln364_15        | select    | auto_sel                 | 0       |
|        acc_w1_15_fu_20328_p2                                                                     |     |        | acc_w1_15              | add       | fabric                   | 0       |
|        select_ln365_15_fu_16764_p3                                                               |     |        | select_ln365_15        | select    | auto_sel                 | 0       |
|        acc_m1_15_fu_16776_p2                                                                     |     |        | acc_m1_15              | add       | fabric                   | 0       |
|        select_ln366_15_fu_20334_p3                                                               |     |        | select_ln366_15        | select    | auto_sel                 | 0       |
|        acc_w2_15_fu_20344_p2                                                                     |     |        | acc_w2_15              | add       | fabric                   | 0       |
|        select_ln367_15_fu_16782_p3                                                               |     |        | select_ln367_15        | select    | auto_sel                 | 0       |
|        acc_m2_15_fu_16794_p2                                                                     |     |        | acc_m2_15              | add       | fabric                   | 0       |
|        select_ln368_15_fu_20350_p3                                                               |     |        | select_ln368_15        | select    | auto_sel                 | 0       |
|        acc_w3_15_fu_20360_p2                                                                     |     |        | acc_w3_15              | add       | fabric                   | 0       |
|        select_ln369_15_fu_16800_p3                                                               |     |        | select_ln369_15        | select    | auto_sel                 | 0       |
|        acc_m3_15_fu_16812_p2                                                                     |     |        | acc_m3_15              | add       | fabric                   | 0       |
|        sparsemux_33_4_8_1_1_U372                                                                 |     |        | xi8_4                  | sparsemux | compactencoding_dontcare | 0       |
|        sparsemux_17_3_8_1_1_U320                                                                 |     |        | s0_4                   | sparsemux | compactencoding_dontcare | 0       |
|        sparsemux_17_3_8_1_1_U321                                                                 |     |        | m0_4                   | sparsemux | compactencoding_dontcare | 0       |
|        sparsemux_17_3_8_1_1_U322                                                                 |     |        | s1_4                   | sparsemux | compactencoding_dontcare | 0       |
|        sparsemux_17_3_8_1_1_U323                                                                 |     |        | m1_4                   | sparsemux | compactencoding_dontcare | 0       |
|        sparsemux_17_3_8_1_1_U324                                                                 |     |        | s2_4                   | sparsemux | compactencoding_dontcare | 0       |
|        sparsemux_17_3_8_1_1_U325                                                                 |     |        | m2_4                   | sparsemux | compactencoding_dontcare | 0       |
|        sparsemux_17_3_8_1_1_U326                                                                 |     |        | s3_4                   | sparsemux | compactencoding_dontcare | 0       |
|        sparsemux_17_3_8_1_1_U327                                                                 |     |        | m3_4                   | sparsemux | compactencoding_dontcare | 0       |
|        mul_8s_4ns_12_1_1_U373                                                                    |     |        | mul_ln352_8            | mul       | auto                     | 0       |
|        mul_12s_8s_19_1_1_U424                                                                    | 1   |        | mul_ln352_9            | mul       | auto                     | 0       |
|        mul_8s_8s_16_1_1_U425                                                                     |     |        | cm0_4                  | mul       | auto                     | 0       |
|        mul_8s_4ns_12_1_1_U374                                                                    |     |        | mul_ln354_8            | mul       | auto                     | 0       |
|        mul_12s_8s_19_1_1_U426                                                                    | 1   |        | mul_ln354_9            | mul       | auto                     | 0       |
|        mul_8s_8s_16_1_1_U427                                                                     |     |        | cm1_4                  | mul       | auto                     | 0       |
|        mul_8s_4ns_12_1_1_U375                                                                    |     |        | mul_ln356_8            | mul       | auto                     | 0       |
|        mul_12s_8s_19_1_1_U428                                                                    | 1   |        | mul_ln356_9            | mul       | auto                     | 0       |
|        mul_8s_8s_16_1_1_U429                                                                     |     |        | cm2_4                  | mul       | auto                     | 0       |
|        mul_8s_4ns_12_1_1_U376                                                                    |     |        | mul_ln358_8            | mul       | auto                     | 0       |
|        mul_12s_8s_19_1_1_U430                                                                    | 1   |        | mul_ln358_9            | mul       | auto                     | 0       |
|        mul_8s_8s_16_1_1_U431                                                                     |     |        | cm3_4                  | mul       | auto                     | 0       |
|        select_ln362_16_fu_20366_p3                                                               |     |        | select_ln362_16        | select    | auto_sel                 | 0       |
|        acc_w0_16_fu_20376_p2                                                                     |     |        | acc_w0_16              | add       | fabric                   | 0       |
|        select_ln363_16_fu_16905_p3                                                               |     |        | select_ln363_16        | select    | auto_sel                 | 0       |
|        acc_m0_16_fu_16917_p2                                                                     |     |        | acc_m0_16              | add       | fabric                   | 0       |
|        select_ln364_16_fu_20382_p3                                                               |     |        | select_ln364_16        | select    | auto_sel                 | 0       |
|        acc_w1_16_fu_20392_p2                                                                     |     |        | acc_w1_16              | add       | fabric                   | 0       |
|        select_ln365_16_fu_16923_p3                                                               |     |        | select_ln365_16        | select    | auto_sel                 | 0       |
|        acc_m1_16_fu_16935_p2                                                                     |     |        | acc_m1_16              | add       | fabric                   | 0       |
|        select_ln366_16_fu_20398_p3                                                               |     |        | select_ln366_16        | select    | auto_sel                 | 0       |
|        acc_w2_16_fu_20408_p2                                                                     |     |        | acc_w2_16              | add       | fabric                   | 0       |
|        select_ln367_16_fu_16941_p3                                                               |     |        | select_ln367_16        | select    | auto_sel                 | 0       |
|        acc_m2_16_fu_16953_p2                                                                     |     |        | acc_m2_16              | add       | fabric                   | 0       |
|        select_ln368_16_fu_20414_p3                                                               |     |        | select_ln368_16        | select    | auto_sel                 | 0       |
|        acc_w3_16_fu_20424_p2                                                                     |     |        | acc_w3_16              | add       | fabric                   | 0       |
|        select_ln369_16_fu_16959_p3                                                               |     |        | select_ln369_16        | select    | auto_sel                 | 0       |
|        acc_m3_16_fu_16971_p2                                                                     |     |        | acc_m3_16              | add       | fabric                   | 0       |
|        select_ln362_17_fu_20430_p3                                                               |     |        | select_ln362_17        | select    | auto_sel                 | 0       |
|        acc_w0_17_fu_20440_p2                                                                     |     |        | acc_w0_17              | add       | fabric                   | 0       |
|        select_ln363_17_fu_16977_p3                                                               |     |        | select_ln363_17        | select    | auto_sel                 | 0       |
|        acc_m0_17_fu_16989_p2                                                                     |     |        | acc_m0_17              | add       | fabric                   | 0       |
|        select_ln364_17_fu_20446_p3                                                               |     |        | select_ln364_17        | select    | auto_sel                 | 0       |
|        acc_w1_17_fu_20456_p2                                                                     |     |        | acc_w1_17              | add       | fabric                   | 0       |
|        select_ln365_17_fu_16995_p3                                                               |     |        | select_ln365_17        | select    | auto_sel                 | 0       |
|        acc_m1_17_fu_17007_p2                                                                     |     |        | acc_m1_17              | add       | fabric                   | 0       |
|        select_ln366_17_fu_20462_p3                                                               |     |        | select_ln366_17        | select    | auto_sel                 | 0       |
|        acc_w2_17_fu_20472_p2                                                                     |     |        | acc_w2_17              | add       | fabric                   | 0       |
|        select_ln367_17_fu_17013_p3                                                               |     |        | select_ln367_17        | select    | auto_sel                 | 0       |
|        acc_m2_17_fu_17025_p2                                                                     |     |        | acc_m2_17              | add       | fabric                   | 0       |
|        select_ln368_17_fu_20478_p3                                                               |     |        | select_ln368_17        | select    | auto_sel                 | 0       |
|        acc_w3_17_fu_20488_p2                                                                     |     |        | acc_w3_17              | add       | fabric                   | 0       |
|        select_ln369_17_fu_17031_p3                                                               |     |        | select_ln369_17        | select    | auto_sel                 | 0       |
|        acc_m3_17_fu_17043_p2                                                                     |     |        | acc_m3_17              | add       | fabric                   | 0       |
|        select_ln362_18_fu_20494_p3                                                               |     |        | select_ln362_18        | select    | auto_sel                 | 0       |
|        acc_w0_18_fu_20504_p2                                                                     |     |        | acc_w0_18              | add       | fabric                   | 0       |
|        select_ln363_18_fu_17049_p3                                                               |     |        | select_ln363_18        | select    | auto_sel                 | 0       |
|        acc_m0_18_fu_17061_p2                                                                     |     |        | acc_m0_18              | add       | fabric                   | 0       |
|        select_ln364_18_fu_20510_p3                                                               |     |        | select_ln364_18        | select    | auto_sel                 | 0       |
|        acc_w1_18_fu_20520_p2                                                                     |     |        | acc_w1_18              | add       | fabric                   | 0       |
|        select_ln365_18_fu_17067_p3                                                               |     |        | select_ln365_18        | select    | auto_sel                 | 0       |
|        acc_m1_18_fu_17079_p2                                                                     |     |        | acc_m1_18              | add       | fabric                   | 0       |
|        select_ln366_18_fu_20526_p3                                                               |     |        | select_ln366_18        | select    | auto_sel                 | 0       |
|        acc_w2_18_fu_20536_p2                                                                     |     |        | acc_w2_18              | add       | fabric                   | 0       |
|        select_ln367_18_fu_17085_p3                                                               |     |        | select_ln367_18        | select    | auto_sel                 | 0       |
|        acc_m2_18_fu_17097_p2                                                                     |     |        | acc_m2_18              | add       | fabric                   | 0       |
|        select_ln368_18_fu_20542_p3                                                               |     |        | select_ln368_18        | select    | auto_sel                 | 0       |
|        acc_w3_18_fu_20552_p2                                                                     |     |        | acc_w3_18              | add       | fabric                   | 0       |
|        select_ln369_18_fu_17103_p3                                                               |     |        | select_ln369_18        | select    | auto_sel                 | 0       |
|        acc_m3_18_fu_17115_p2                                                                     |     |        | acc_m3_18              | add       | fabric                   | 0       |
|        select_ln362_19_fu_20558_p3                                                               |     |        | select_ln362_19        | select    | auto_sel                 | 0       |
|        acc_w0_19_fu_20568_p2                                                                     |     |        | acc_w0_19              | add       | fabric                   | 0       |
|        select_ln363_19_fu_17121_p3                                                               |     |        | select_ln363_19        | select    | auto_sel                 | 0       |
|        acc_m0_19_fu_17133_p2                                                                     |     |        | acc_m0_19              | add       | fabric                   | 0       |
|        select_ln364_19_fu_20574_p3                                                               |     |        | select_ln364_19        | select    | auto_sel                 | 0       |
|        acc_w1_19_fu_20584_p2                                                                     |     |        | acc_w1_19              | add       | fabric                   | 0       |
|        select_ln365_19_fu_17139_p3                                                               |     |        | select_ln365_19        | select    | auto_sel                 | 0       |
|        acc_m1_19_fu_17151_p2                                                                     |     |        | acc_m1_19              | add       | fabric                   | 0       |
|        select_ln366_19_fu_20590_p3                                                               |     |        | select_ln366_19        | select    | auto_sel                 | 0       |
|        acc_w2_19_fu_20600_p2                                                                     |     |        | acc_w2_19              | add       | fabric                   | 0       |
|        select_ln367_19_fu_17157_p3                                                               |     |        | select_ln367_19        | select    | auto_sel                 | 0       |
|        acc_m2_19_fu_17169_p2                                                                     |     |        | acc_m2_19              | add       | fabric                   | 0       |
|        select_ln368_19_fu_20606_p3                                                               |     |        | select_ln368_19        | select    | auto_sel                 | 0       |
|        acc_w3_19_fu_20616_p2                                                                     |     |        | acc_w3_19              | add       | fabric                   | 0       |
|        select_ln369_19_fu_17175_p3                                                               |     |        | select_ln369_19        | select    | auto_sel                 | 0       |
|        acc_m3_19_fu_17187_p2                                                                     |     |        | acc_m3_19              | add       | fabric                   | 0       |
|        sparsemux_33_4_8_1_1_U377                                                                 |     |        | xi8_5                  | sparsemux | compactencoding_dontcare | 0       |
|        sparsemux_17_3_8_1_1_U328                                                                 |     |        | s0_5                   | sparsemux | compactencoding_dontcare | 0       |
|        sparsemux_17_3_8_1_1_U329                                                                 |     |        | m0_5                   | sparsemux | compactencoding_dontcare | 0       |
|        sparsemux_17_3_8_1_1_U330                                                                 |     |        | s1_5                   | sparsemux | compactencoding_dontcare | 0       |
|        sparsemux_17_3_8_1_1_U331                                                                 |     |        | m1_5                   | sparsemux | compactencoding_dontcare | 0       |
|        sparsemux_17_3_8_1_1_U332                                                                 |     |        | s2_5                   | sparsemux | compactencoding_dontcare | 0       |
|        sparsemux_17_3_8_1_1_U333                                                                 |     |        | m2_5                   | sparsemux | compactencoding_dontcare | 0       |
|        sparsemux_17_3_8_1_1_U334                                                                 |     |        | s3_5                   | sparsemux | compactencoding_dontcare | 0       |
|        sparsemux_17_3_8_1_1_U335                                                                 |     |        | m3_5                   | sparsemux | compactencoding_dontcare | 0       |
|        mul_8s_4ns_12_1_1_U378                                                                    |     |        | mul_ln352_10           | mul       | auto                     | 0       |
|        mul_12s_8s_19_1_1_U432                                                                    | 1   |        | mul_ln352_11           | mul       | auto                     | 0       |
|        mul_8s_8s_16_1_1_U433                                                                     |     |        | cm0_5                  | mul       | auto                     | 0       |
|        mul_8s_4ns_12_1_1_U379                                                                    |     |        | mul_ln354_10           | mul       | auto                     | 0       |
|        mul_12s_8s_19_1_1_U434                                                                    | 1   |        | mul_ln354_11           | mul       | auto                     | 0       |
|        mul_8s_8s_16_1_1_U435                                                                     |     |        | cm1_5                  | mul       | auto                     | 0       |
|        mul_8s_4ns_12_1_1_U380                                                                    |     |        | mul_ln356_10           | mul       | auto                     | 0       |
|        mul_12s_8s_19_1_1_U436                                                                    | 1   |        | mul_ln356_11           | mul       | auto                     | 0       |
|        mul_8s_8s_16_1_1_U437                                                                     |     |        | cm2_5                  | mul       | auto                     | 0       |
|        mul_8s_4ns_12_1_1_U381                                                                    |     |        | mul_ln358_10           | mul       | auto                     | 0       |
|        mul_12s_8s_19_1_1_U438                                                                    | 1   |        | mul_ln358_11           | mul       | auto                     | 0       |
|        mul_8s_8s_16_1_1_U439                                                                     |     |        | cm3_5                  | mul       | auto                     | 0       |
|        select_ln362_20_fu_20622_p3                                                               |     |        | select_ln362_20        | select    | auto_sel                 | 0       |
|        acc_w0_20_fu_20632_p2                                                                     |     |        | acc_w0_20              | add       | fabric                   | 0       |
|        select_ln363_20_fu_17280_p3                                                               |     |        | select_ln363_20        | select    | auto_sel                 | 0       |
|        acc_m0_20_fu_17292_p2                                                                     |     |        | acc_m0_20              | add       | fabric                   | 0       |
|        select_ln364_20_fu_20638_p3                                                               |     |        | select_ln364_20        | select    | auto_sel                 | 0       |
|        acc_w1_20_fu_20648_p2                                                                     |     |        | acc_w1_20              | add       | fabric                   | 0       |
|        select_ln365_20_fu_17298_p3                                                               |     |        | select_ln365_20        | select    | auto_sel                 | 0       |
|        acc_m1_20_fu_17310_p2                                                                     |     |        | acc_m1_20              | add       | fabric                   | 0       |
|        select_ln366_20_fu_20654_p3                                                               |     |        | select_ln366_20        | select    | auto_sel                 | 0       |
|        acc_w2_20_fu_20664_p2                                                                     |     |        | acc_w2_20              | add       | fabric                   | 0       |
|        select_ln367_20_fu_17316_p3                                                               |     |        | select_ln367_20        | select    | auto_sel                 | 0       |
|        acc_m2_20_fu_17328_p2                                                                     |     |        | acc_m2_20              | add       | fabric                   | 0       |
|        select_ln368_20_fu_20670_p3                                                               |     |        | select_ln368_20        | select    | auto_sel                 | 0       |
|        acc_w3_20_fu_20680_p2                                                                     |     |        | acc_w3_20              | add       | fabric                   | 0       |
|        select_ln369_20_fu_17334_p3                                                               |     |        | select_ln369_20        | select    | auto_sel                 | 0       |
|        acc_m3_20_fu_17346_p2                                                                     |     |        | acc_m3_20              | add       | fabric                   | 0       |
|        select_ln362_21_fu_20686_p3                                                               |     |        | select_ln362_21        | select    | auto_sel                 | 0       |
|        acc_w0_21_fu_20696_p2                                                                     |     |        | acc_w0_21              | add       | fabric                   | 0       |
|        select_ln363_21_fu_17352_p3                                                               |     |        | select_ln363_21        | select    | auto_sel                 | 0       |
|        acc_m0_21_fu_17364_p2                                                                     |     |        | acc_m0_21              | add       | fabric                   | 0       |
|        select_ln364_21_fu_20702_p3                                                               |     |        | select_ln364_21        | select    | auto_sel                 | 0       |
|        acc_w1_21_fu_20712_p2                                                                     |     |        | acc_w1_21              | add       | fabric                   | 0       |
|        select_ln365_21_fu_17370_p3                                                               |     |        | select_ln365_21        | select    | auto_sel                 | 0       |
|        acc_m1_21_fu_17382_p2                                                                     |     |        | acc_m1_21              | add       | fabric                   | 0       |
|        select_ln366_21_fu_20718_p3                                                               |     |        | select_ln366_21        | select    | auto_sel                 | 0       |
|        acc_w2_21_fu_20728_p2                                                                     |     |        | acc_w2_21              | add       | fabric                   | 0       |
|        select_ln367_21_fu_17388_p3                                                               |     |        | select_ln367_21        | select    | auto_sel                 | 0       |
|        acc_m2_21_fu_17400_p2                                                                     |     |        | acc_m2_21              | add       | fabric                   | 0       |
|        select_ln368_21_fu_20734_p3                                                               |     |        | select_ln368_21        | select    | auto_sel                 | 0       |
|        acc_w3_21_fu_20744_p2                                                                     |     |        | acc_w3_21              | add       | fabric                   | 0       |
|        select_ln369_21_fu_17406_p3                                                               |     |        | select_ln369_21        | select    | auto_sel                 | 0       |
|        acc_m3_21_fu_17418_p2                                                                     |     |        | acc_m3_21              | add       | fabric                   | 0       |
|        select_ln362_22_fu_20750_p3                                                               |     |        | select_ln362_22        | select    | auto_sel                 | 0       |
|        acc_w0_22_fu_20760_p2                                                                     |     |        | acc_w0_22              | add       | fabric                   | 0       |
|        select_ln363_22_fu_17424_p3                                                               |     |        | select_ln363_22        | select    | auto_sel                 | 0       |
|        acc_m0_22_fu_17436_p2                                                                     |     |        | acc_m0_22              | add       | fabric                   | 0       |
|        select_ln364_22_fu_20766_p3                                                               |     |        | select_ln364_22        | select    | auto_sel                 | 0       |
|        acc_w1_22_fu_20776_p2                                                                     |     |        | acc_w1_22              | add       | fabric                   | 0       |
|        select_ln365_22_fu_17442_p3                                                               |     |        | select_ln365_22        | select    | auto_sel                 | 0       |
|        acc_m1_22_fu_17454_p2                                                                     |     |        | acc_m1_22              | add       | fabric                   | 0       |
|        select_ln366_22_fu_20782_p3                                                               |     |        | select_ln366_22        | select    | auto_sel                 | 0       |
|        acc_w2_22_fu_20792_p2                                                                     |     |        | acc_w2_22              | add       | fabric                   | 0       |
|        select_ln367_22_fu_17460_p3                                                               |     |        | select_ln367_22        | select    | auto_sel                 | 0       |
|        acc_m2_22_fu_17472_p2                                                                     |     |        | acc_m2_22              | add       | fabric                   | 0       |
|        select_ln368_22_fu_20798_p3                                                               |     |        | select_ln368_22        | select    | auto_sel                 | 0       |
|        acc_w3_22_fu_20808_p2                                                                     |     |        | acc_w3_22              | add       | fabric                   | 0       |
|        select_ln369_22_fu_17478_p3                                                               |     |        | select_ln369_22        | select    | auto_sel                 | 0       |
|        acc_m3_22_fu_17490_p2                                                                     |     |        | acc_m3_22              | add       | fabric                   | 0       |
|        select_ln362_23_fu_20814_p3                                                               |     |        | select_ln362_23        | select    | auto_sel                 | 0       |
|        acc_w0_23_fu_20824_p2                                                                     |     |        | acc_w0_23              | add       | fabric                   | 0       |
|        select_ln363_23_fu_17496_p3                                                               |     |        | select_ln363_23        | select    | auto_sel                 | 0       |
|        acc_m0_23_fu_17508_p2                                                                     |     |        | acc_m0_23              | add       | fabric                   | 0       |
|        select_ln364_23_fu_20830_p3                                                               |     |        | select_ln364_23        | select    | auto_sel                 | 0       |
|        acc_w1_23_fu_20840_p2                                                                     |     |        | acc_w1_23              | add       | fabric                   | 0       |
|        select_ln365_23_fu_17514_p3                                                               |     |        | select_ln365_23        | select    | auto_sel                 | 0       |
|        acc_m1_23_fu_17526_p2                                                                     |     |        | acc_m1_23              | add       | fabric                   | 0       |
|        select_ln366_23_fu_20846_p3                                                               |     |        | select_ln366_23        | select    | auto_sel                 | 0       |
|        acc_w2_23_fu_20856_p2                                                                     |     |        | acc_w2_23              | add       | fabric                   | 0       |
|        select_ln367_23_fu_17532_p3                                                               |     |        | select_ln367_23        | select    | auto_sel                 | 0       |
|        acc_m2_23_fu_17544_p2                                                                     |     |        | acc_m2_23              | add       | fabric                   | 0       |
|        select_ln368_23_fu_20862_p3                                                               |     |        | select_ln368_23        | select    | auto_sel                 | 0       |
|        acc_w3_23_fu_20872_p2                                                                     |     |        | acc_w3_23              | add       | fabric                   | 0       |
|        select_ln369_23_fu_17550_p3                                                               |     |        | select_ln369_23        | select    | auto_sel                 | 0       |
|        acc_m3_23_fu_17562_p2                                                                     |     |        | acc_m3_23              | add       | fabric                   | 0       |
|        sparsemux_33_4_8_1_1_U382                                                                 |     |        | xi8_6                  | sparsemux | compactencoding_dontcare | 0       |
|        sparsemux_17_3_8_1_1_U336                                                                 |     |        | s0_6                   | sparsemux | compactencoding_dontcare | 0       |
|        sparsemux_17_3_8_1_1_U337                                                                 |     |        | m0_6                   | sparsemux | compactencoding_dontcare | 0       |
|        sparsemux_17_3_8_1_1_U338                                                                 |     |        | s1_6                   | sparsemux | compactencoding_dontcare | 0       |
|        sparsemux_17_3_8_1_1_U339                                                                 |     |        | m1_6                   | sparsemux | compactencoding_dontcare | 0       |
|        sparsemux_17_3_8_1_1_U340                                                                 |     |        | s2_6                   | sparsemux | compactencoding_dontcare | 0       |
|        sparsemux_17_3_8_1_1_U341                                                                 |     |        | m2_6                   | sparsemux | compactencoding_dontcare | 0       |
|        sparsemux_17_3_8_1_1_U342                                                                 |     |        | s3_6                   | sparsemux | compactencoding_dontcare | 0       |
|        sparsemux_17_3_8_1_1_U343                                                                 |     |        | m3_6                   | sparsemux | compactencoding_dontcare | 0       |
|        mul_8s_4ns_12_1_1_U383                                                                    |     |        | mul_ln352_12           | mul       | auto                     | 0       |
|        mul_12s_8s_19_1_1_U440                                                                    | 1   |        | mul_ln352_13           | mul       | auto                     | 0       |
|        mul_8s_8s_16_1_1_U441                                                                     |     |        | cm0_6                  | mul       | auto                     | 0       |
|        mul_8s_4ns_12_1_1_U384                                                                    |     |        | mul_ln354_12           | mul       | auto                     | 0       |
|        mul_12s_8s_19_1_1_U442                                                                    | 1   |        | mul_ln354_13           | mul       | auto                     | 0       |
|        mul_8s_8s_16_1_1_U443                                                                     |     |        | cm1_6                  | mul       | auto                     | 0       |
|        mul_8s_4ns_12_1_1_U385                                                                    |     |        | mul_ln356_12           | mul       | auto                     | 0       |
|        mul_12s_8s_19_1_1_U444                                                                    | 1   |        | mul_ln356_13           | mul       | auto                     | 0       |
|        mul_8s_8s_16_1_1_U445                                                                     |     |        | cm2_6                  | mul       | auto                     | 0       |
|        mul_8s_4ns_12_1_1_U386                                                                    |     |        | mul_ln358_12           | mul       | auto                     | 0       |
|        mul_12s_8s_19_1_1_U446                                                                    | 1   |        | mul_ln358_13           | mul       | auto                     | 0       |
|        mul_8s_8s_16_1_1_U447                                                                     |     |        | cm3_6                  | mul       | auto                     | 0       |
|        select_ln362_24_fu_20878_p3                                                               |     |        | select_ln362_24        | select    | auto_sel                 | 0       |
|        acc_w0_24_fu_20888_p2                                                                     |     |        | acc_w0_24              | add       | fabric                   | 0       |
|        select_ln363_24_fu_17655_p3                                                               |     |        | select_ln363_24        | select    | auto_sel                 | 0       |
|        acc_m0_24_fu_17667_p2                                                                     |     |        | acc_m0_24              | add       | fabric                   | 0       |
|        select_ln364_24_fu_20894_p3                                                               |     |        | select_ln364_24        | select    | auto_sel                 | 0       |
|        acc_w1_24_fu_20904_p2                                                                     |     |        | acc_w1_24              | add       | fabric                   | 0       |
|        select_ln365_24_fu_17673_p3                                                               |     |        | select_ln365_24        | select    | auto_sel                 | 0       |
|        acc_m1_24_fu_17685_p2                                                                     |     |        | acc_m1_24              | add       | fabric                   | 0       |
|        select_ln366_24_fu_20910_p3                                                               |     |        | select_ln366_24        | select    | auto_sel                 | 0       |
|        acc_w2_24_fu_20920_p2                                                                     |     |        | acc_w2_24              | add       | fabric                   | 0       |
|        select_ln367_24_fu_17691_p3                                                               |     |        | select_ln367_24        | select    | auto_sel                 | 0       |
|        acc_m2_24_fu_17703_p2                                                                     |     |        | acc_m2_24              | add       | fabric                   | 0       |
|        select_ln368_24_fu_20926_p3                                                               |     |        | select_ln368_24        | select    | auto_sel                 | 0       |
|        acc_w3_24_fu_20936_p2                                                                     |     |        | acc_w3_24              | add       | fabric                   | 0       |
|        select_ln369_24_fu_17709_p3                                                               |     |        | select_ln369_24        | select    | auto_sel                 | 0       |
|        acc_m3_24_fu_17721_p2                                                                     |     |        | acc_m3_24              | add       | fabric                   | 0       |
|        select_ln362_25_fu_20942_p3                                                               |     |        | select_ln362_25        | select    | auto_sel                 | 0       |
|        acc_w0_25_fu_20952_p2                                                                     |     |        | acc_w0_25              | add       | fabric                   | 0       |
|        select_ln363_25_fu_17727_p3                                                               |     |        | select_ln363_25        | select    | auto_sel                 | 0       |
|        acc_m0_25_fu_17739_p2                                                                     |     |        | acc_m0_25              | add       | fabric                   | 0       |
|        select_ln364_25_fu_20958_p3                                                               |     |        | select_ln364_25        | select    | auto_sel                 | 0       |
|        acc_w1_25_fu_20968_p2                                                                     |     |        | acc_w1_25              | add       | fabric                   | 0       |
|        select_ln365_25_fu_17745_p3                                                               |     |        | select_ln365_25        | select    | auto_sel                 | 0       |
|        acc_m1_25_fu_17757_p2                                                                     |     |        | acc_m1_25              | add       | fabric                   | 0       |
|        select_ln366_25_fu_20974_p3                                                               |     |        | select_ln366_25        | select    | auto_sel                 | 0       |
|        acc_w2_25_fu_20984_p2                                                                     |     |        | acc_w2_25              | add       | fabric                   | 0       |
|        select_ln367_25_fu_17763_p3                                                               |     |        | select_ln367_25        | select    | auto_sel                 | 0       |
|        acc_m2_25_fu_17775_p2                                                                     |     |        | acc_m2_25              | add       | fabric                   | 0       |
|        select_ln368_25_fu_20990_p3                                                               |     |        | select_ln368_25        | select    | auto_sel                 | 0       |
|        acc_w3_25_fu_21000_p2                                                                     |     |        | acc_w3_25              | add       | fabric                   | 0       |
|        select_ln369_25_fu_17781_p3                                                               |     |        | select_ln369_25        | select    | auto_sel                 | 0       |
|        acc_m3_25_fu_17793_p2                                                                     |     |        | acc_m3_25              | add       | fabric                   | 0       |
|        select_ln362_26_fu_21006_p3                                                               |     |        | select_ln362_26        | select    | auto_sel                 | 0       |
|        acc_w0_26_fu_21016_p2                                                                     |     |        | acc_w0_26              | add       | fabric                   | 0       |
|        select_ln363_26_fu_17799_p3                                                               |     |        | select_ln363_26        | select    | auto_sel                 | 0       |
|        acc_m0_26_fu_17811_p2                                                                     |     |        | acc_m0_26              | add       | fabric                   | 0       |
|        select_ln364_26_fu_21022_p3                                                               |     |        | select_ln364_26        | select    | auto_sel                 | 0       |
|        acc_w1_26_fu_21032_p2                                                                     |     |        | acc_w1_26              | add       | fabric                   | 0       |
|        select_ln365_26_fu_17817_p3                                                               |     |        | select_ln365_26        | select    | auto_sel                 | 0       |
|        acc_m1_26_fu_17829_p2                                                                     |     |        | acc_m1_26              | add       | fabric                   | 0       |
|        select_ln366_26_fu_21038_p3                                                               |     |        | select_ln366_26        | select    | auto_sel                 | 0       |
|        acc_w2_26_fu_21048_p2                                                                     |     |        | acc_w2_26              | add       | fabric                   | 0       |
|        select_ln367_26_fu_17835_p3                                                               |     |        | select_ln367_26        | select    | auto_sel                 | 0       |
|        acc_m2_26_fu_17847_p2                                                                     |     |        | acc_m2_26              | add       | fabric                   | 0       |
|        select_ln368_26_fu_21054_p3                                                               |     |        | select_ln368_26        | select    | auto_sel                 | 0       |
|        acc_w3_26_fu_21064_p2                                                                     |     |        | acc_w3_26              | add       | fabric                   | 0       |
|        select_ln369_26_fu_17853_p3                                                               |     |        | select_ln369_26        | select    | auto_sel                 | 0       |
|        acc_m3_26_fu_17865_p2                                                                     |     |        | acc_m3_26              | add       | fabric                   | 0       |
|        select_ln362_27_fu_21070_p3                                                               |     |        | select_ln362_27        | select    | auto_sel                 | 0       |
|        acc_w0_27_fu_21080_p2                                                                     |     |        | acc_w0_27              | add       | fabric                   | 0       |
|        select_ln363_27_fu_17871_p3                                                               |     |        | select_ln363_27        | select    | auto_sel                 | 0       |
|        acc_m0_27_fu_17883_p2                                                                     |     |        | acc_m0_27              | add       | fabric                   | 0       |
|        select_ln364_27_fu_21086_p3                                                               |     |        | select_ln364_27        | select    | auto_sel                 | 0       |
|        acc_w1_27_fu_21096_p2                                                                     |     |        | acc_w1_27              | add       | fabric                   | 0       |
|        select_ln365_27_fu_17889_p3                                                               |     |        | select_ln365_27        | select    | auto_sel                 | 0       |
|        acc_m1_27_fu_17901_p2                                                                     |     |        | acc_m1_27              | add       | fabric                   | 0       |
|        select_ln366_27_fu_21102_p3                                                               |     |        | select_ln366_27        | select    | auto_sel                 | 0       |
|        acc_w2_27_fu_21112_p2                                                                     |     |        | acc_w2_27              | add       | fabric                   | 0       |
|        select_ln367_27_fu_17907_p3                                                               |     |        | select_ln367_27        | select    | auto_sel                 | 0       |
|        acc_m2_27_fu_17919_p2                                                                     |     |        | acc_m2_27              | add       | fabric                   | 0       |
|        select_ln368_27_fu_21118_p3                                                               |     |        | select_ln368_27        | select    | auto_sel                 | 0       |
|        acc_w3_27_fu_21128_p2                                                                     |     |        | acc_w3_27              | add       | fabric                   | 0       |
|        select_ln369_27_fu_17925_p3                                                               |     |        | select_ln369_27        | select    | auto_sel                 | 0       |
|        acc_m3_27_fu_17937_p2                                                                     |     |        | acc_m3_27              | add       | fabric                   | 0       |
|        sparsemux_33_4_8_1_1_U387                                                                 |     |        | xi8_7                  | sparsemux | compactencoding_dontcare | 0       |
|        sparsemux_17_3_8_1_1_U344                                                                 |     |        | s0_7                   | sparsemux | compactencoding_dontcare | 0       |
|        sparsemux_17_3_8_1_1_U345                                                                 |     |        | m0_7                   | sparsemux | compactencoding_dontcare | 0       |
|        sparsemux_17_3_8_1_1_U346                                                                 |     |        | s1_7                   | sparsemux | compactencoding_dontcare | 0       |
|        sparsemux_17_3_8_1_1_U347                                                                 |     |        | m1_7                   | sparsemux | compactencoding_dontcare | 0       |
|        sparsemux_17_3_8_1_1_U348                                                                 |     |        | s2_7                   | sparsemux | compactencoding_dontcare | 0       |
|        sparsemux_17_3_8_1_1_U349                                                                 |     |        | m2_7                   | sparsemux | compactencoding_dontcare | 0       |
|        sparsemux_17_3_8_1_1_U350                                                                 |     |        | s3_7                   | sparsemux | compactencoding_dontcare | 0       |
|        sparsemux_17_3_8_1_1_U351                                                                 |     |        | m3_7                   | sparsemux | compactencoding_dontcare | 0       |
|        mul_8s_4ns_12_1_1_U388                                                                    |     |        | mul_ln352_14           | mul       | auto                     | 0       |
|        mul_12s_8s_19_1_1_U448                                                                    | 1   |        | mul_ln352_15           | mul       | auto                     | 0       |
|        mul_8s_8s_16_1_1_U449                                                                     |     |        | cm0_7                  | mul       | auto                     | 0       |
|        mul_8s_4ns_12_1_1_U389                                                                    |     |        | mul_ln354_14           | mul       | auto                     | 0       |
|        mul_12s_8s_19_1_1_U450                                                                    | 1   |        | mul_ln354_15           | mul       | auto                     | 0       |
|        mul_8s_8s_16_1_1_U451                                                                     |     |        | cm1_7                  | mul       | auto                     | 0       |
|        mul_8s_4ns_12_1_1_U390                                                                    |     |        | mul_ln356_14           | mul       | auto                     | 0       |
|        mul_12s_8s_19_1_1_U452                                                                    | 1   |        | mul_ln356_15           | mul       | auto                     | 0       |
|        mul_8s_8s_16_1_1_U453                                                                     |     |        | cm2_7                  | mul       | auto                     | 0       |
|        mul_8s_4ns_12_1_1_U391                                                                    |     |        | mul_ln358_14           | mul       | auto                     | 0       |
|        mul_12s_8s_19_1_1_U454                                                                    | 1   |        | mul_ln358_15           | mul       | auto                     | 0       |
|        mul_8s_8s_16_1_1_U455                                                                     |     |        | cm3_7                  | mul       | auto                     | 0       |
|        select_ln362_28_fu_21134_p3                                                               |     |        | select_ln362_28        | select    | auto_sel                 | 0       |
|        acc_w0_28_fu_21144_p2                                                                     |     |        | acc_w0_28              | add       | fabric                   | 0       |
|        select_ln363_28_fu_18030_p3                                                               |     |        | select_ln363_28        | select    | auto_sel                 | 0       |
|        acc_m0_28_fu_18042_p2                                                                     |     |        | acc_m0_28              | add       | fabric                   | 0       |
|        select_ln364_28_fu_21150_p3                                                               |     |        | select_ln364_28        | select    | auto_sel                 | 0       |
|        acc_w1_28_fu_21160_p2                                                                     |     |        | acc_w1_28              | add       | fabric                   | 0       |
|        select_ln365_28_fu_18048_p3                                                               |     |        | select_ln365_28        | select    | auto_sel                 | 0       |
|        acc_m1_28_fu_18060_p2                                                                     |     |        | acc_m1_28              | add       | fabric                   | 0       |
|        select_ln366_28_fu_21166_p3                                                               |     |        | select_ln366_28        | select    | auto_sel                 | 0       |
|        acc_w2_28_fu_21176_p2                                                                     |     |        | acc_w2_28              | add       | fabric                   | 0       |
|        select_ln367_28_fu_18066_p3                                                               |     |        | select_ln367_28        | select    | auto_sel                 | 0       |
|        acc_m2_28_fu_18078_p2                                                                     |     |        | acc_m2_28              | add       | fabric                   | 0       |
|        select_ln368_28_fu_21182_p3                                                               |     |        | select_ln368_28        | select    | auto_sel                 | 0       |
|        acc_w3_28_fu_21192_p2                                                                     |     |        | acc_w3_28              | add       | fabric                   | 0       |
|        select_ln369_28_fu_18084_p3                                                               |     |        | select_ln369_28        | select    | auto_sel                 | 0       |
|        acc_m3_28_fu_18096_p2                                                                     |     |        | acc_m3_28              | add       | fabric                   | 0       |
|        select_ln362_29_fu_21198_p3                                                               |     |        | select_ln362_29        | select    | auto_sel                 | 0       |
|        acc_w0_29_fu_21208_p2                                                                     |     |        | acc_w0_29              | add       | fabric                   | 0       |
|        select_ln363_29_fu_18102_p3                                                               |     |        | select_ln363_29        | select    | auto_sel                 | 0       |
|        acc_m0_29_fu_18114_p2                                                                     |     |        | acc_m0_29              | add       | fabric                   | 0       |
|        select_ln364_29_fu_21214_p3                                                               |     |        | select_ln364_29        | select    | auto_sel                 | 0       |
|        acc_w1_29_fu_21224_p2                                                                     |     |        | acc_w1_29              | add       | fabric                   | 0       |
|        select_ln365_29_fu_18120_p3                                                               |     |        | select_ln365_29        | select    | auto_sel                 | 0       |
|        acc_m1_29_fu_18132_p2                                                                     |     |        | acc_m1_29              | add       | fabric                   | 0       |
|        select_ln366_29_fu_21230_p3                                                               |     |        | select_ln366_29        | select    | auto_sel                 | 0       |
|        acc_w2_29_fu_21240_p2                                                                     |     |        | acc_w2_29              | add       | fabric                   | 0       |
|        select_ln367_29_fu_18138_p3                                                               |     |        | select_ln367_29        | select    | auto_sel                 | 0       |
|        acc_m2_29_fu_18150_p2                                                                     |     |        | acc_m2_29              | add       | fabric                   | 0       |
|        select_ln368_29_fu_21246_p3                                                               |     |        | select_ln368_29        | select    | auto_sel                 | 0       |
|        acc_w3_29_fu_21256_p2                                                                     |     |        | acc_w3_29              | add       | fabric                   | 0       |
|        select_ln369_29_fu_18156_p3                                                               |     |        | select_ln369_29        | select    | auto_sel                 | 0       |
|        acc_m3_29_fu_18168_p2                                                                     |     |        | acc_m3_29              | add       | fabric                   | 0       |
|        select_ln362_30_fu_21262_p3                                                               |     |        | select_ln362_30        | select    | auto_sel                 | 0       |
|        acc_w0_30_fu_21272_p2                                                                     |     |        | acc_w0_30              | add       | fabric                   | 0       |
|        select_ln363_30_fu_18174_p3                                                               |     |        | select_ln363_30        | select    | auto_sel                 | 0       |
|        acc_m0_30_fu_18186_p2                                                                     |     |        | acc_m0_30              | add       | fabric                   | 0       |
|        select_ln364_30_fu_21278_p3                                                               |     |        | select_ln364_30        | select    | auto_sel                 | 0       |
|        acc_w1_30_fu_21288_p2                                                                     |     |        | acc_w1_30              | add       | fabric                   | 0       |
|        select_ln365_30_fu_18192_p3                                                               |     |        | select_ln365_30        | select    | auto_sel                 | 0       |
|        acc_m1_30_fu_18204_p2                                                                     |     |        | acc_m1_30              | add       | fabric                   | 0       |
|        select_ln366_30_fu_21294_p3                                                               |     |        | select_ln366_30        | select    | auto_sel                 | 0       |
|        acc_w2_30_fu_21304_p2                                                                     |     |        | acc_w2_30              | add       | fabric                   | 0       |
|        select_ln367_30_fu_18210_p3                                                               |     |        | select_ln367_30        | select    | auto_sel                 | 0       |
|        acc_m2_30_fu_18222_p2                                                                     |     |        | acc_m2_30              | add       | fabric                   | 0       |
|        select_ln368_30_fu_21310_p3                                                               |     |        | select_ln368_30        | select    | auto_sel                 | 0       |
|        acc_w3_30_fu_21320_p2                                                                     |     |        | acc_w3_30              | add       | fabric                   | 0       |
|        select_ln369_30_fu_18228_p3                                                               |     |        | select_ln369_30        | select    | auto_sel                 | 0       |
|        acc_m3_30_fu_18240_p2                                                                     |     |        | acc_m3_30              | add       | fabric                   | 0       |
|        select_ln362_31_fu_21326_p3                                                               |     |        | select_ln362_31        | select    | auto_sel                 | 0       |
|        acc_w0_31_fu_21336_p2                                                                     |     |        | acc_w0_31              | add       | fabric                   | 0       |
|        select_ln363_31_fu_18246_p3                                                               |     |        | select_ln363_31        | select    | auto_sel                 | 0       |
|        acc_m0_31_fu_18258_p2                                                                     |     |        | acc_m0_31              | add       | fabric                   | 0       |
|        select_ln364_31_fu_21342_p3                                                               |     |        | select_ln364_31        | select    | auto_sel                 | 0       |
|        acc_w1_31_fu_21352_p2                                                                     |     |        | acc_w1_31              | add       | fabric                   | 0       |
|        select_ln365_31_fu_18264_p3                                                               |     |        | select_ln365_31        | select    | auto_sel                 | 0       |
|        acc_m1_31_fu_18276_p2                                                                     |     |        | acc_m1_31              | add       | fabric                   | 0       |
|        select_ln366_31_fu_21358_p3                                                               |     |        | select_ln366_31        | select    | auto_sel                 | 0       |
|        acc_w2_31_fu_21368_p2                                                                     |     |        | acc_w2_31              | add       | fabric                   | 0       |
|        select_ln367_31_fu_18282_p3                                                               |     |        | select_ln367_31        | select    | auto_sel                 | 0       |
|        acc_m2_31_fu_18294_p2                                                                     |     |        | acc_m2_31              | add       | fabric                   | 0       |
|        select_ln368_31_fu_21374_p3                                                               |     |        | select_ln368_31        | select    | auto_sel                 | 0       |
|        acc_w3_31_fu_21384_p2                                                                     |     |        | acc_w3_31              | add       | fabric                   | 0       |
|        select_ln369_31_fu_18300_p3                                                               |     |        | select_ln369_31        | select    | auto_sel                 | 0       |
|        acc_m3_31_fu_18312_p2                                                                     |     |        | acc_m3_31              | add       | fabric                   | 0       |
|      + mac_blocks_wv_k4_urm_Pipeline_REDUCE (grp_mac_blocks_wv_k4_urm_Pipeline_REDUCE_fu_2974)   | 20  |        |                        |           |                          |         |
|        icmp_ln375_fu_2430_p2                                                                     |     |        | icmp_ln375             | seteq     | auto                     | 0       |
|        add_ln375_fu_2436_p2                                                                      |     |        | add_ln375              | add       | fabric                   | 0       |
|        sparsemux_17_3_27_1_1_U1385                                                               |     |        | sw0                    | sparsemux | compactencoding_dontcare | 0       |
|        sparsemux_17_3_24_1_1_U1386                                                               |     |        | sm0                    | sparsemux | compactencoding_dontcare | 0       |
|        sparsemux_17_3_27_1_1_U1387                                                               |     |        | sw1                    | sparsemux | compactencoding_dontcare | 0       |
|        sparsemux_17_3_24_1_1_U1388                                                               |     |        | sm1                    | sparsemux | compactencoding_dontcare | 0       |
|        sparsemux_17_3_27_1_1_U1389                                                               |     |        | sw2                    | sparsemux | compactencoding_dontcare | 0       |
|        sparsemux_17_3_24_1_1_U1390                                                               |     |        | sm2                    | sparsemux | compactencoding_dontcare | 0       |
|        sparsemux_17_3_27_1_1_U1391                                                               |     |        | sw3                    | sparsemux | compactencoding_dontcare | 0       |
|        sparsemux_17_3_24_1_1_U1392                                                               |     |        | sm3                    | sparsemux | compactencoding_dontcare | 0       |
|        sparsemux_17_3_27_1_1_U1393                                                               |     |        | tmp                    | sparsemux | compactencoding_dontcare | 0       |
|        sparsemux_17_3_24_1_1_U1394                                                               |     |        | tmp_8                  | sparsemux | compactencoding_dontcare | 0       |
|        sparsemux_17_3_27_1_1_U1395                                                               |     |        | tmp_9                  | sparsemux | compactencoding_dontcare | 0       |
|        sparsemux_17_3_24_1_1_U1396                                                               |     |        | tmp_s                  | sparsemux | compactencoding_dontcare | 0       |
|        sparsemux_17_3_27_1_1_U1397                                                               |     |        | tmp_1                  | sparsemux | compactencoding_dontcare | 0       |
|        sparsemux_17_3_24_1_1_U1398                                                               |     |        | tmp_2                  | sparsemux | compactencoding_dontcare | 0       |
|        sparsemux_17_3_27_1_1_U1399                                                               |     |        | tmp_3                  | sparsemux | compactencoding_dontcare | 0       |
|        sparsemux_17_3_24_1_1_U1400                                                               |     |        | tmp_4                  | sparsemux | compactencoding_dontcare | 0       |
|        sparsemux_17_3_27_1_1_U1401                                                               |     |        | tmp_5                  | sparsemux | compactencoding_dontcare | 0       |
|        sparsemux_17_3_24_1_1_U1402                                                               |     |        | tmp_6                  | sparsemux | compactencoding_dontcare | 0       |
|        sparsemux_17_3_27_1_1_U1403                                                               |     |        | tmp_7                  | sparsemux | compactencoding_dontcare | 0       |
|        sparsemux_17_3_24_1_1_U1404                                                               |     |        | tmp_10                 | sparsemux | compactencoding_dontcare | 0       |
|        sparsemux_17_3_27_1_1_U1405                                                               |     |        | tmp_11                 | sparsemux | compactencoding_dontcare | 0       |
|        sparsemux_17_3_24_1_1_U1406                                                               |     |        | tmp_12                 | sparsemux | compactencoding_dontcare | 0       |
|        sparsemux_17_3_27_1_1_U1407                                                               |     |        | tmp_13                 | sparsemux | compactencoding_dontcare | 0       |
|        sparsemux_17_3_24_1_1_U1408                                                               |     |        | tmp_14                 | sparsemux | compactencoding_dontcare | 0       |
|        sparsemux_17_3_27_1_1_U1409                                                               |     |        | tmp_15                 | sparsemux | compactencoding_dontcare | 0       |
|        add_ln380_fu_3546_p2                                                                      |     |        | add_ln380              | add       | fabric                   | 0       |
|        add_ln380_1_fu_3556_p2                                                                    |     |        | add_ln380_1            | add       | fabric                   | 0       |
|        sw0_1_fu_3566_p2                                                                          |     |        | sw0_1                  | add       | fabric                   | 0       |
|        sparsemux_17_3_24_1_1_U1410                                                               |     |        | tmp_16                 | sparsemux | compactencoding_dontcare | 0       |
|        sm0_1_fu_3632_p2                                                                          |     |        | sm0_1                  | add       | fabric                   | 0       |
|        sparsemux_17_3_27_1_1_U1411                                                               |     |        | tmp_17                 | sparsemux | compactencoding_dontcare | 0       |
|        add_ln381_fu_3682_p2                                                                      |     |        | add_ln381              | add       | fabric                   | 0       |
|        add_ln381_1_fu_3692_p2                                                                    |     |        | add_ln381_1            | add       | fabric                   | 0       |
|        sw1_1_fu_3702_p2                                                                          |     |        | sw1_1                  | add       | fabric                   | 0       |
|        sparsemux_17_3_24_1_1_U1412                                                               |     |        | tmp_18                 | sparsemux | compactencoding_dontcare | 0       |
|        sm1_1_fu_3768_p2                                                                          |     |        | sm1_1                  | add       | fabric                   | 0       |
|        sparsemux_17_3_27_1_1_U1413                                                               |     |        | tmp_19                 | sparsemux | compactencoding_dontcare | 0       |
|        add_ln382_fu_3818_p2                                                                      |     |        | add_ln382              | add       | fabric                   | 0       |
|        add_ln382_1_fu_3828_p2                                                                    |     |        | add_ln382_1            | add       | fabric                   | 0       |
|        sw2_1_fu_3838_p2                                                                          |     |        | sw2_1                  | add       | fabric                   | 0       |
|        sparsemux_17_3_24_1_1_U1414                                                               |     |        | tmp_20                 | sparsemux | compactencoding_dontcare | 0       |
|        sm2_1_fu_3904_p2                                                                          |     |        | sm2_1                  | add       | fabric                   | 0       |
|        sparsemux_17_3_27_1_1_U1415                                                               |     |        | tmp_21                 | sparsemux | compactencoding_dontcare | 0       |
|        add_ln383_fu_3954_p2                                                                      |     |        | add_ln383              | add       | fabric                   | 0       |
|        add_ln383_1_fu_3964_p2                                                                    |     |        | add_ln383_1            | add       | fabric                   | 0       |
|        sw3_1_fu_3974_p2                                                                          |     |        | sw3_1                  | add       | fabric                   | 0       |
|        sparsemux_17_3_24_1_1_U1416                                                               |     |        | tmp_22                 | sparsemux | compactencoding_dontcare | 0       |
|        sm3_1_fu_4040_p2                                                                          |     |        | sm3_1                  | add       | fabric                   | 0       |
|        sitofp_32s_32_6_no_dsp_1_U1373                                                            |     |        | conv                   | sitofp    | auto                     | 5       |
|        sitofp_32s_32_6_no_dsp_1_U1374                                                            |     |        | conv1                  | sitofp    | auto                     | 5       |
|        fsub_32ns_32ns_32_10_full_dsp_1_U1361                                                     | 2   |        | sub1                   | fsub      | fulldsp                  | 9       |
|        fpext_32ns_64_2_no_dsp_1_U1381                                                            |     |        | pf                     | fpext     | auto                     | 1       |
|        sub_ln385_fu_4273_p2                                                                      |     |        | sub_ln385              | sub       | fabric                   | 0       |
|        select_ln385_fu_4279_p3                                                                   |     |        | select_ln385           | select    | auto_sel                 | 0       |
|        icmp_ln385_fu_4286_p2                                                                     |     |        | icmp_ln385             | seteq     | auto                     | 0       |
|        sub_ln385_1_fu_4126_p2                                                                    |     |        | sub_ln385_1            | sub       | fabric                   | 0       |
|        icmp_ln385_1_fu_4291_p2                                                                   |     |        | icmp_ln385_1           | setgt     | auto                     | 0       |
|        add_ln385_fu_4296_p2                                                                      |     |        | add_ln385              | add       | fabric                   | 0       |
|        sub_ln385_2_fu_4301_p2                                                                    |     |        | sub_ln385_2            | sub       | fabric                   | 0       |
|        select_ln385_1_fu_4306_p3                                                                 |     |        | select_ln385_1         | select    | auto_sel                 | 0       |
|        icmp_ln385_2_fu_4314_p2                                                                   |     |        | icmp_ln385_2           | seteq     | auto                     | 0       |
|        icmp_ln385_3_fu_4323_p2                                                                   |     |        | icmp_ln385_3           | setlt     | auto                     | 0       |
|        select_ln385_4_fu_4646_p3                                                                 |     |        | select_ln385_4         | select    | auto_sel                 | 0       |
|        ashr_ln385_fu_4333_p2                                                                     |     |        | ashr_ln385             | ashr      | auto_pipe                | 0       |
|        storemerge4_i_fu_4703_p6                                                                  |     |        | select_ln385_2         | select    | auto_sel                 | 0       |
|        icmp_ln385_4_fu_4339_p2                                                                   |     |        | icmp_ln385_4           | setlt     | auto                     | 0       |
|        shl_ln385_fu_4349_p2                                                                      |     |        | shl_ln385              | shl       | auto_pipe                | 0       |
|        storemerge4_i_fu_4703_p8                                                                  |     |        | select_ln385_3         | select    | auto_sel                 | 0       |
|        xor_ln385_fu_4669_p2                                                                      |     |        | xor_ln385              | xor       | auto                     | 0       |
|        and_ln385_fu_4674_p2                                                                      |     |        | and_ln385              | and       | auto                     | 0       |
|        or_ln385_fu_4679_p2                                                                       |     |        | or_ln385               | or        | auto                     | 0       |
|        xor_ln385_1_fu_4683_p2                                                                    |     |        | xor_ln385_1            | xor       | auto                     | 0       |
|        and_ln385_1_fu_4689_p2                                                                    |     |        | and_ln385_1            | and       | auto                     | 0       |
|        sparsemux_9_3_48_1_1_U1417                                                                |     |        | storemerge4_i          | sparsemux | onehotencoding_realdef   | 0       |
|        total0_1_fu_4726_p2                                                                       |     |        | total0_1               | add       | fabric                   | 0       |
|        sitofp_32s_32_6_no_dsp_1_U1375                                                            |     |        | conv2                  | sitofp    | auto                     | 5       |
|        sitofp_32s_32_6_no_dsp_1_U1376                                                            |     |        | conv3                  | sitofp    | auto                     | 5       |
|        fsub_32ns_32ns_32_10_full_dsp_1_U1362                                                     | 2   |        | sub2                   | fsub      | fulldsp                  | 9       |
|        fpext_32ns_64_2_no_dsp_1_U1382                                                            |     |        | pf_1                   | fpext     | auto                     | 1       |
|        sub_ln386_fu_4366_p2                                                                      |     |        | sub_ln386              | sub       | fabric                   | 0       |
|        select_ln386_fu_4372_p3                                                                   |     |        | select_ln386           | select    | auto_sel                 | 0       |
|        icmp_ln386_fu_4379_p2                                                                     |     |        | icmp_ln386             | seteq     | auto                     | 0       |
|        sub_ln386_1_fu_4168_p2                                                                    |     |        | sub_ln386_1            | sub       | fabric                   | 0       |
|        icmp_ln386_1_fu_4384_p2                                                                   |     |        | icmp_ln386_1           | setgt     | auto                     | 0       |
|        add_ln386_fu_4389_p2                                                                      |     |        | add_ln386              | add       | fabric                   | 0       |
|        sub_ln386_2_fu_4394_p2                                                                    |     |        | sub_ln386_2            | sub       | fabric                   | 0       |
|        select_ln386_1_fu_4399_p3                                                                 |     |        | select_ln386_1         | select    | auto_sel                 | 0       |
|        icmp_ln386_2_fu_4407_p2                                                                   |     |        | icmp_ln386_2           | seteq     | auto                     | 0       |
|        icmp_ln386_3_fu_4416_p2                                                                   |     |        | icmp_ln386_3           | setlt     | auto                     | 0       |
|        select_ln386_4_fu_4732_p3                                                                 |     |        | select_ln386_4         | select    | auto_sel                 | 0       |
|        ashr_ln386_fu_4426_p2                                                                     |     |        | ashr_ln386             | ashr      | auto_pipe                | 0       |
|        storemerge4_i1_fu_4789_p6                                                                 |     |        | select_ln386_2         | select    | auto_sel                 | 0       |
|        icmp_ln386_4_fu_4432_p2                                                                   |     |        | icmp_ln386_4           | setlt     | auto                     | 0       |
|        shl_ln386_fu_4442_p2                                                                      |     |        | shl_ln386              | shl       | auto_pipe                | 0       |
|        storemerge4_i1_fu_4789_p8                                                                 |     |        | select_ln386_3         | select    | auto_sel                 | 0       |
|        xor_ln386_fu_4755_p2                                                                      |     |        | xor_ln386              | xor       | auto                     | 0       |
|        and_ln386_fu_4760_p2                                                                      |     |        | and_ln386              | and       | auto                     | 0       |
|        or_ln386_fu_4765_p2                                                                       |     |        | or_ln386               | or        | auto                     | 0       |
|        xor_ln386_1_fu_4769_p2                                                                    |     |        | xor_ln386_1            | xor       | auto                     | 0       |
|        and_ln386_1_fu_4775_p2                                                                    |     |        | and_ln386_1            | and       | auto                     | 0       |
|        sparsemux_9_3_48_1_1_U1418                                                                |     |        | storemerge4_i1         | sparsemux | onehotencoding_realdef   | 0       |
|        total1_1_fu_4812_p2                                                                       |     |        | total1_1               | add       | fabric                   | 0       |
|        sitofp_32s_32_6_no_dsp_1_U1377                                                            |     |        | conv4                  | sitofp    | auto                     | 5       |
|        fmul_32ns_32ns_32_5_max_dsp_1_U1369                                                       | 3   |        | mul5                   | fmul      | maxdsp                   | 4       |
|        sitofp_32s_32_6_no_dsp_1_U1378                                                            |     |        | conv5                  | sitofp    | auto                     | 5       |
|        fmul_32ns_32ns_32_5_max_dsp_1_U1370                                                       | 3   |        | mul6                   | fmul      | maxdsp                   | 4       |
|        fsub_32ns_32ns_32_10_full_dsp_1_U1363                                                     | 2   |        | sub3                   | fsub      | fulldsp                  | 9       |
|        fpext_32ns_64_2_no_dsp_1_U1383                                                            |     |        | pf_2                   | fpext     | auto                     | 1       |
|        sub_ln387_fu_4459_p2                                                                      |     |        | sub_ln387              | sub       | fabric                   | 0       |
|        select_ln387_fu_4465_p3                                                                   |     |        | select_ln387           | select    | auto_sel                 | 0       |
|        icmp_ln387_fu_4472_p2                                                                     |     |        | icmp_ln387             | seteq     | auto                     | 0       |
|        sub_ln387_1_fu_4210_p2                                                                    |     |        | sub_ln387_1            | sub       | fabric                   | 0       |
|        icmp_ln387_1_fu_4477_p2                                                                   |     |        | icmp_ln387_1           | setgt     | auto                     | 0       |
|        add_ln387_fu_4482_p2                                                                      |     |        | add_ln387              | add       | fabric                   | 0       |
|        sub_ln387_2_fu_4487_p2                                                                    |     |        | sub_ln387_2            | sub       | fabric                   | 0       |
|        select_ln387_1_fu_4492_p3                                                                 |     |        | select_ln387_1         | select    | auto_sel                 | 0       |
|        icmp_ln387_2_fu_4500_p2                                                                   |     |        | icmp_ln387_2           | seteq     | auto                     | 0       |
|        icmp_ln387_3_fu_4509_p2                                                                   |     |        | icmp_ln387_3           | setlt     | auto                     | 0       |
|        select_ln387_4_fu_4818_p3                                                                 |     |        | select_ln387_4         | select    | auto_sel                 | 0       |
|        ashr_ln387_fu_4519_p2                                                                     |     |        | ashr_ln387             | ashr      | auto_pipe                | 0       |
|        storemerge4_i2_fu_4875_p6                                                                 |     |        | select_ln387_2         | select    | auto_sel                 | 0       |
|        icmp_ln387_4_fu_4525_p2                                                                   |     |        | icmp_ln387_4           | setlt     | auto                     | 0       |
|        shl_ln387_fu_4535_p2                                                                      |     |        | shl_ln387              | shl       | auto_pipe                | 0       |
|        storemerge4_i2_fu_4875_p8                                                                 |     |        | select_ln387_3         | select    | auto_sel                 | 0       |
|        xor_ln387_fu_4841_p2                                                                      |     |        | xor_ln387              | xor       | auto                     | 0       |
|        and_ln387_fu_4846_p2                                                                      |     |        | and_ln387              | and       | auto                     | 0       |
|        or_ln387_fu_4851_p2                                                                       |     |        | or_ln387               | or        | auto                     | 0       |
|        xor_ln387_1_fu_4855_p2                                                                    |     |        | xor_ln387_1            | xor       | auto                     | 0       |
|        and_ln387_1_fu_4861_p2                                                                    |     |        | and_ln387_1            | and       | auto                     | 0       |
|        sparsemux_9_3_48_1_1_U1419                                                                |     |        | storemerge4_i2         | sparsemux | onehotencoding_realdef   | 0       |
|        total2_1_fu_4898_p2                                                                       |     |        | total2_1               | add       | fabric                   | 0       |
|        sitofp_32s_32_6_no_dsp_1_U1379                                                            |     |        | conv6                  | sitofp    | auto                     | 5       |
|        fmul_32ns_32ns_32_5_max_dsp_1_U1371                                                       | 3   |        | mul8                   | fmul      | maxdsp                   | 4       |
|        sitofp_32s_32_6_no_dsp_1_U1380                                                            |     |        | conv7                  | sitofp    | auto                     | 5       |
|        fmul_32ns_32ns_32_5_max_dsp_1_U1372                                                       | 3   |        | mul9                   | fmul      | maxdsp                   | 4       |
|        fsub_32ns_32ns_32_10_full_dsp_1_U1364                                                     | 2   |        | sub4                   | fsub      | fulldsp                  | 9       |
|        fpext_32ns_64_2_no_dsp_1_U1384                                                            |     |        | pf_3                   | fpext     | auto                     | 1       |
|        sub_ln388_fu_4552_p2                                                                      |     |        | sub_ln388              | sub       | fabric                   | 0       |
|        select_ln388_fu_4558_p3                                                                   |     |        | select_ln388           | select    | auto_sel                 | 0       |
|        icmp_ln388_fu_4565_p2                                                                     |     |        | icmp_ln388             | seteq     | auto                     | 0       |
|        sub_ln388_1_fu_4252_p2                                                                    |     |        | sub_ln388_1            | sub       | fabric                   | 0       |
|        icmp_ln388_1_fu_4570_p2                                                                   |     |        | icmp_ln388_1           | setgt     | auto                     | 0       |
|        add_ln388_fu_4575_p2                                                                      |     |        | add_ln388              | add       | fabric                   | 0       |
|        sub_ln388_2_fu_4580_p2                                                                    |     |        | sub_ln388_2            | sub       | fabric                   | 0       |
|        select_ln388_1_fu_4585_p3                                                                 |     |        | select_ln388_1         | select    | auto_sel                 | 0       |
|        icmp_ln388_2_fu_4593_p2                                                                   |     |        | icmp_ln388_2           | seteq     | auto                     | 0       |
|        icmp_ln388_3_fu_4602_p2                                                                   |     |        | icmp_ln388_3           | setlt     | auto                     | 0       |
|        select_ln388_4_fu_4904_p3                                                                 |     |        | select_ln388_4         | select    | auto_sel                 | 0       |
|        ashr_ln388_fu_4612_p2                                                                     |     |        | ashr_ln388             | ashr      | auto_pipe                | 0       |
|        storemerge4_i3_fu_4961_p6                                                                 |     |        | select_ln388_2         | select    | auto_sel                 | 0       |
|        icmp_ln388_4_fu_4618_p2                                                                   |     |        | icmp_ln388_4           | setlt     | auto                     | 0       |
|        shl_ln388_fu_4628_p2                                                                      |     |        | shl_ln388              | shl       | auto_pipe                | 0       |
|        storemerge4_i3_fu_4961_p8                                                                 |     |        | select_ln388_3         | select    | auto_sel                 | 0       |
|        xor_ln388_fu_4927_p2                                                                      |     |        | xor_ln388              | xor       | auto                     | 0       |
|        and_ln388_fu_4932_p2                                                                      |     |        | and_ln388              | and       | auto                     | 0       |
|        or_ln388_fu_4937_p2                                                                       |     |        | or_ln388               | or        | auto                     | 0       |
|        xor_ln388_1_fu_4941_p2                                                                    |     |        | xor_ln388_1            | xor       | auto                     | 0       |
|        and_ln388_1_fu_4947_p2                                                                    |     |        | and_ln388_1            | and       | auto                     | 0       |
|        sparsemux_9_3_48_1_1_U1420                                                                |     |        | storemerge4_i3         | sparsemux | onehotencoding_realdef   | 0       |
|        total3_1_fu_4984_p2                                                                       |     |        | total3_1               | add       | fabric                   | 0       |
|  + compute_X2                                                                                    | 84  |        |                        |           |                          |         |
|   + dataflow_in_loop_COMPUTE_X2_1                                                                | 84  |        |                        |           |                          |         |
|    + load_4rows_wv_urm_114                                                                       | 0   |        |                        |           |                          |         |
|      first_iter_0_fu_1528_p2                                                                     |     |        | first_iter_0           | seteq     | auto                     | 0       |
|      empty_fu_1573_p2                                                                            |     |        | empty                  | add       | fabric                   | 0       |
|      empty_540_fu_1583_p2                                                                        |     |        | empty_540              | add       | fabric                   | 0       |
|      icmp_ln189_fu_1608_p2                                                                       |     |        | icmp_ln189             | setgt     | auto                     | 0       |
|      icmp_ln190_fu_1613_p2                                                                       |     |        | icmp_ln190             | setgt     | auto                     | 0       |
|      icmp_ln191_fu_1618_p2                                                                       |     |        | icmp_ln191             | setgt     | auto                     | 0       |
|      select_ln190_i_fu_1627_p3                                                                   |     |        | select_ln190_i         | select    | auto_sel                 | 0       |
|      r_fu_1635_p3                                                                                |     |        | r                      | select    | auto_sel                 | 0       |
|      icmp_ln194_fu_1644_p2                                                                       |     |        | icmp_ln194             | seteq     | auto                     | 0       |
|      off_fu_1672_p6                                                                              |     |        | select_ln192           | select    | auto_sel                 | 0       |
|      icmp_ln192_fu_1658_p2                                                                       |     |        | icmp_ln192             | seteq     | auto                     | 0       |
|      sparsemux_7_2_8_1_1_U2479                                                                   |     |        | off                    | sparsemux | onehotencoding_realdef   | 0       |
|      pos_fu_1699_p2                                                                              |     |        | pos                    | sub       | fabric                   | 0       |
|      icmp_ln197_fu_1723_p2                                                                       |     |        | icmp_ln197             | setlt     | auto                     | 0       |
|      add_ln185_fu_1534_p2                                                                        |     |        | add_ln185              | add       | fabric                   | 0       |
|      nidx_fu_9417_p2                                                                             |     |        | nidx                   | add       | fabric                   | 0       |
|      icmp_ln206_fu_1763_p2                                                                       |     |        | icmp_ln206             | seteq     | auto                     | 0       |
|      icmp_ln206_8_fu_1769_p2                                                                     |     |        | icmp_ln206_8           | seteq     | auto                     | 0       |
|      icmp_ln206_9_fu_1775_p2                                                                     |     |        | icmp_ln206_9           | seteq     | auto                     | 0       |
|      icmp_ln206_10_fu_1781_p2                                                                    |     |        | icmp_ln206_10          | seteq     | auto                     | 0       |
|      icmp_ln206_11_fu_1787_p2                                                                    |     |        | icmp_ln206_11          | seteq     | auto                     | 0       |
|      icmp_ln206_12_fu_1793_p2                                                                    |     |        | icmp_ln206_12          | seteq     | auto                     | 0       |
|      icmp_ln206_13_fu_1799_p2                                                                    |     |        | icmp_ln206_13          | seteq     | auto                     | 0       |
|      icmp_ln206_14_fu_1805_p2                                                                    |     |        | icmp_ln206_14          | seteq     | auto                     | 0       |
|      sparsemux_17_3_64_1_1_U2471                                                                 |     |        | tmp_259_i_i            | sparsemux | compactencoding_dontcare | 0       |
|      sc6w2_i_copy_1_i_fu_1840_p3                                                                 |     |        | sc6w2_i_copy_1_i       | select    | auto_sel                 | 0       |
|      sc6w2_1_i_copy_1_i_fu_1848_p3                                                               |     |        | sc6w2_1_i_copy_1_i     | select    | auto_sel                 | 0       |
|      sc6w2_2_i_copy_1_i_fu_1856_p3                                                               |     |        | sc6w2_2_i_copy_1_i     | select    | auto_sel                 | 0       |
|      sc6w2_3_i_copy_1_i_fu_1864_p3                                                               |     |        | sc6w2_3_i_copy_1_i     | select    | auto_sel                 | 0       |
|      sc6w2_3_i_copy_1_i_544_fu_1872_p3                                                           |     |        | sc6w2_3_i_copy_1_i_544 | select    | auto_sel                 | 0       |
|      sc6w2_2_i_copy_1_i_545_fu_1880_p3                                                           |     |        | sc6w2_2_i_copy_1_i_545 | select    | auto_sel                 | 0       |
|      sc6w2_1_i_copy_1_i_546_fu_1888_p3                                                           |     |        | sc6w2_1_i_copy_1_i_546 | select    | auto_sel                 | 0       |
|      sc6w2_4_i_copy_1_i_fu_1896_p3                                                               |     |        | sc6w2_4_i_copy_1_i     | select    | auto_sel                 | 0       |
|      sc6w2_0_loc_1_i_i_fu_1904_p3                                                                |     |        | sc6w2_0_loc_1_i_i      | select    | auto_sel                 | 0       |
|      sc6w2_1_loc_1_i_i_fu_1912_p3                                                                |     |        | sc6w2_1_loc_1_i_i      | select    | auto_sel                 | 0       |
|      sc6w2_2_loc_1_i_i_fu_1920_p3                                                                |     |        | sc6w2_2_loc_1_i_i      | select    | auto_sel                 | 0       |
|      sc6w2_3_loc_1_i_i_fu_1928_p3                                                                |     |        | sc6w2_3_loc_1_i_i      | select    | auto_sel                 | 0       |
|      sc6w2_4_loc_1_i_i_fu_1936_p3                                                                |     |        | sc6w2_4_loc_1_i_i      | select    | auto_sel                 | 0       |
|      sc6w2_5_loc_1_i_i_fu_1944_p3                                                                |     |        | sc6w2_5_loc_1_i_i      | select    | auto_sel                 | 0       |
|      sc6w2_6_loc_1_i_i_fu_1952_p3                                                                |     |        | sc6w2_6_loc_1_i_i      | select    | auto_sel                 | 0       |
|      sc6w2_7_loc_1_i_i_fu_1960_p3                                                                |     |        | sc6w2_7_loc_1_i_i      | select    | auto_sel                 | 0       |
|      sparsemux_17_3_64_1_1_U2472                                                                 |     |        | tmp_275_i_i            | sparsemux | compactencoding_dontcare | 0       |
|      sparsemux_17_3_64_1_1_U2473                                                                 |     |        | tmp_257_i_i            | sparsemux | compactencoding_dontcare | 0       |
|      sc6w1_i_copy_1_i_fu_2788_p3                                                                 |     |        | sc6w1_i_copy_1_i       | select    | auto_sel                 | 0       |
|      sc6w1_5_i_copy_1_i_fu_2796_p3                                                               |     |        | sc6w1_5_i_copy_1_i     | select    | auto_sel                 | 0       |
|      sc6w1_5_i_copy_1_i_543_fu_2804_p3                                                           |     |        | sc6w1_5_i_copy_1_i_543 | select    | auto_sel                 | 0       |
|      sc6w1_4_i_copy_1_i_fu_2812_p3                                                               |     |        | sc6w1_4_i_copy_1_i     | select    | auto_sel                 | 0       |
|      sc6w1_3_i_copy_1_i_fu_2820_p3                                                               |     |        | sc6w1_3_i_copy_1_i     | select    | auto_sel                 | 0       |
|      sc6w1_2_i_copy_1_i_fu_2828_p3                                                               |     |        | sc6w1_2_i_copy_1_i     | select    | auto_sel                 | 0       |
|      sc6w1_1_i_copy_1_i_fu_2836_p3                                                               |     |        | sc6w1_1_i_copy_1_i     | select    | auto_sel                 | 0       |
|      sc6w1_6_i_copy_1_i_fu_2844_p3                                                               |     |        | sc6w1_6_i_copy_1_i     | select    | auto_sel                 | 0       |
|      sc6w1_0_loc_1_i_i_fu_2852_p3                                                                |     |        | sc6w1_0_loc_1_i_i      | select    | auto_sel                 | 0       |
|      sc6w1_1_loc_1_i_i_fu_2860_p3                                                                |     |        | sc6w1_1_loc_1_i_i      | select    | auto_sel                 | 0       |
|      sc6w1_2_loc_1_i_i_fu_2868_p3                                                                |     |        | sc6w1_2_loc_1_i_i      | select    | auto_sel                 | 0       |
|      sc6w1_3_loc_1_i_i_fu_2876_p3                                                                |     |        | sc6w1_3_loc_1_i_i      | select    | auto_sel                 | 0       |
|      sc6w1_4_loc_1_i_i_fu_2884_p3                                                                |     |        | sc6w1_4_loc_1_i_i      | select    | auto_sel                 | 0       |
|      sc6w1_5_loc_1_i_i_fu_2892_p3                                                                |     |        | sc6w1_5_loc_1_i_i      | select    | auto_sel                 | 0       |
|      sc6w1_6_loc_1_i_i_fu_2900_p3                                                                |     |        | sc6w1_6_loc_1_i_i      | select    | auto_sel                 | 0       |
|      sc6w1_7_loc_1_i_i_fu_2908_p3                                                                |     |        | sc6w1_7_loc_1_i_i      | select    | auto_sel                 | 0       |
|      sparsemux_17_3_64_1_1_U2474                                                                 |     |        | tmp_273_i_i            | sparsemux | compactencoding_dontcare | 0       |
|      sparsemux_17_3_64_1_1_U2475                                                                 |     |        | tmp_255_i_i            | sparsemux | compactencoding_dontcare | 0       |
|      sc6w0_i_copy_1_i_fu_3736_p3                                                                 |     |        | sc6w0_i_copy_1_i       | select    | auto_sel                 | 0       |
|      sc6w0_5_i_copy_1_i_fu_3744_p3                                                               |     |        | sc6w0_5_i_copy_1_i     | select    | auto_sel                 | 0       |
|      sc6w0_5_i_copy_1_i_542_fu_3752_p3                                                           |     |        | sc6w0_5_i_copy_1_i_542 | select    | auto_sel                 | 0       |
|      sc6w0_4_i_copy_1_i_fu_3760_p3                                                               |     |        | sc6w0_4_i_copy_1_i     | select    | auto_sel                 | 0       |
|      sc6w0_3_i_copy_1_i_fu_3768_p3                                                               |     |        | sc6w0_3_i_copy_1_i     | select    | auto_sel                 | 0       |
|      sc6w0_2_i_copy_1_i_fu_3776_p3                                                               |     |        | sc6w0_2_i_copy_1_i     | select    | auto_sel                 | 0       |
|      sc6w0_1_i_copy_1_i_fu_3784_p3                                                               |     |        | sc6w0_1_i_copy_1_i     | select    | auto_sel                 | 0       |
|      sc6w0_6_i_copy_1_i_fu_3792_p3                                                               |     |        | sc6w0_6_i_copy_1_i     | select    | auto_sel                 | 0       |
|      sc6w0_0_loc_1_i_i_fu_3800_p3                                                                |     |        | sc6w0_0_loc_1_i_i      | select    | auto_sel                 | 0       |
|      sc6w0_1_loc_1_i_i_fu_3808_p3                                                                |     |        | sc6w0_1_loc_1_i_i      | select    | auto_sel                 | 0       |
|      sc6w0_2_loc_1_i_i_fu_3816_p3                                                                |     |        | sc6w0_2_loc_1_i_i      | select    | auto_sel                 | 0       |
|      sc6w0_3_loc_1_i_i_fu_3824_p3                                                                |     |        | sc6w0_3_loc_1_i_i      | select    | auto_sel                 | 0       |
|      sc6w0_4_loc_1_i_i_fu_3832_p3                                                                |     |        | sc6w0_4_loc_1_i_i      | select    | auto_sel                 | 0       |
|      sc6w0_5_loc_1_i_i_fu_3840_p3                                                                |     |        | sc6w0_5_loc_1_i_i      | select    | auto_sel                 | 0       |
|      sc6w0_6_loc_1_i_i_fu_3848_p3                                                                |     |        | sc6w0_6_loc_1_i_i      | select    | auto_sel                 | 0       |
|      sc6w0_7_loc_1_i_i_fu_3856_p3                                                                |     |        | sc6w0_7_loc_1_i_i      | select    | auto_sel                 | 0       |
|      sparsemux_17_3_64_1_1_U2476                                                                 |     |        | tmp_271_i_i            | sparsemux | compactencoding_dontcare | 0       |
|      sparsemux_17_3_64_1_1_U2477                                                                 |     |        | tmp_i_i                | sparsemux | compactencoding_dontcare | 0       |
|      sc6w3_i_copy_1_i_fu_4684_p3                                                                 |     |        | sc6w3_i_copy_1_i       | select    | auto_sel                 | 0       |
|      sc6w3_1_i_copy_1_i_fu_4692_p3                                                               |     |        | sc6w3_1_i_copy_1_i     | select    | auto_sel                 | 0       |
|      sc6w3_2_i_copy_1_i_fu_4700_p3                                                               |     |        | sc6w3_2_i_copy_1_i     | select    | auto_sel                 | 0       |
|      sc6w3_3_i_copy_1_i_fu_4708_p3                                                               |     |        | sc6w3_3_i_copy_1_i     | select    | auto_sel                 | 0       |
|      sc6w3_3_i_copy_1_i_547_fu_4716_p3                                                           |     |        | sc6w3_3_i_copy_1_i_547 | select    | auto_sel                 | 0       |
|      sc6w3_2_i_copy_1_i_548_fu_4724_p3                                                           |     |        | sc6w3_2_i_copy_1_i_548 | select    | auto_sel                 | 0       |
|      sc6w3_1_i_copy_1_i_549_fu_4732_p3                                                           |     |        | sc6w3_1_i_copy_1_i_549 | select    | auto_sel                 | 0       |
|      sc6w3_4_i_copy_1_i_fu_4740_p3                                                               |     |        | sc6w3_4_i_copy_1_i     | select    | auto_sel                 | 0       |
|      sc6w3_0_loc_1_i_i_fu_4748_p3                                                                |     |        | sc6w3_0_loc_1_i_i      | select    | auto_sel                 | 0       |
|      sc6w3_1_loc_1_i_i_fu_4756_p3                                                                |     |        | sc6w3_1_loc_1_i_i      | select    | auto_sel                 | 0       |
|      sc6w3_2_loc_1_i_i_fu_4764_p3                                                                |     |        | sc6w3_2_loc_1_i_i      | select    | auto_sel                 | 0       |
|      sc6w3_3_loc_1_i_i_fu_4772_p3                                                                |     |        | sc6w3_3_loc_1_i_i      | select    | auto_sel                 | 0       |
|      sc6w3_4_loc_1_i_i_fu_4780_p3                                                                |     |        | sc6w3_4_loc_1_i_i      | select    | auto_sel                 | 0       |
|      sc6w3_5_loc_1_i_i_fu_4788_p3                                                                |     |        | sc6w3_5_loc_1_i_i      | select    | auto_sel                 | 0       |
|      sc6w3_6_loc_1_i_i_fu_4796_p3                                                                |     |        | sc6w3_6_loc_1_i_i      | select    | auto_sel                 | 0       |
|      sc6w3_7_loc_1_i_i_fu_4804_p3                                                                |     |        | sc6w3_7_loc_1_i_i      | select    | auto_sel                 | 0       |
|      sparsemux_17_3_64_1_1_U2478                                                                 |     |        | tmp_269_i_i            | sparsemux | compactencoding_dontcare | 0       |
|      sparsemux_17_3_64_1_1_U2471                                                                 |     |        | tmp_267_i_i            | sparsemux | compactencoding_dontcare | 0       |
|      sc6w2_i_copy_2_i_fu_5635_p3                                                                 |     |        | sc6w2_i_copy_2_i       | select    | auto_sel                 | 0       |
|      sc6w2_1_i_copy_2_i_fu_5643_p3                                                               |     |        | sc6w2_1_i_copy_2_i     | select    | auto_sel                 | 0       |
|      sc6w2_2_i_copy_2_i_fu_5651_p3                                                               |     |        | sc6w2_2_i_copy_2_i     | select    | auto_sel                 | 0       |
|      sc6w2_3_i_copy_2_i_fu_5659_p3                                                               |     |        | sc6w2_3_i_copy_2_i     | select    | auto_sel                 | 0       |
|      sc6w2_3_i_copy_2_i_552_fu_5667_p3                                                           |     |        | sc6w2_3_i_copy_2_i_552 | select    | auto_sel                 | 0       |
|      sc6w2_2_i_copy_2_i_553_fu_5675_p3                                                           |     |        | sc6w2_2_i_copy_2_i_553 | select    | auto_sel                 | 0       |
|      sc6w2_1_i_copy_2_i_554_fu_5683_p3                                                           |     |        | sc6w2_1_i_copy_2_i_554 | select    | auto_sel                 | 0       |
|      sc6w2_4_i_copy_2_i_fu_5691_p3                                                               |     |        | sc6w2_4_i_copy_2_i     | select    | auto_sel                 | 0       |
|      sc6w2_0_loc_5_i_i_fu_5699_p3                                                                |     |        | sc6w2_0_loc_5_i_i      | select    | auto_sel                 | 0       |
|      sc6w2_1_loc_5_i_i_fu_5707_p3                                                                |     |        | sc6w2_1_loc_5_i_i      | select    | auto_sel                 | 0       |
|      sc6w2_2_loc_5_i_i_fu_5715_p3                                                                |     |        | sc6w2_2_loc_5_i_i      | select    | auto_sel                 | 0       |
|      sc6w2_3_loc_5_i_i_fu_5723_p3                                                                |     |        | sc6w2_3_loc_5_i_i      | select    | auto_sel                 | 0       |
|      sc6w2_4_loc_5_i_i_fu_5731_p3                                                                |     |        | sc6w2_4_loc_5_i_i      | select    | auto_sel                 | 0       |
|      sc6w2_5_loc_5_i_i_fu_5739_p3                                                                |     |        | sc6w2_5_loc_5_i_i      | select    | auto_sel                 | 0       |
|      sc6w2_6_loc_5_i_i_fu_5747_p3                                                                |     |        | sc6w2_6_loc_5_i_i      | select    | auto_sel                 | 0       |
|      sc6w2_7_loc_5_i_i_fu_5755_p3                                                                |     |        | sc6w2_7_loc_5_i_i      | select    | auto_sel                 | 0       |
|      sparsemux_17_3_64_1_1_U2472                                                                 |     |        | tmp_283_i_i            | sparsemux | compactencoding_dontcare | 0       |
|      sparsemux_17_3_64_1_1_U2473                                                                 |     |        | tmp_265_i_i            | sparsemux | compactencoding_dontcare | 0       |
|      sc6w1_i_copy_2_i_fu_6583_p3                                                                 |     |        | sc6w1_i_copy_2_i       | select    | auto_sel                 | 0       |
|      sc6w1_5_i_copy_2_i_fu_6591_p3                                                               |     |        | sc6w1_5_i_copy_2_i     | select    | auto_sel                 | 0       |
|      sc6w1_5_i_copy_2_i_551_fu_6599_p3                                                           |     |        | sc6w1_5_i_copy_2_i_551 | select    | auto_sel                 | 0       |
|      sc6w1_4_i_copy_2_i_fu_6607_p3                                                               |     |        | sc6w1_4_i_copy_2_i     | select    | auto_sel                 | 0       |
|      sc6w1_3_i_copy_2_i_fu_6615_p3                                                               |     |        | sc6w1_3_i_copy_2_i     | select    | auto_sel                 | 0       |
|      sc6w1_2_i_copy_2_i_fu_6623_p3                                                               |     |        | sc6w1_2_i_copy_2_i     | select    | auto_sel                 | 0       |
|      sc6w1_1_i_copy_2_i_fu_6631_p3                                                               |     |        | sc6w1_1_i_copy_2_i     | select    | auto_sel                 | 0       |
|      sc6w1_6_i_copy_2_i_fu_6639_p3                                                               |     |        | sc6w1_6_i_copy_2_i     | select    | auto_sel                 | 0       |
|      sc6w1_0_loc_4_i_i_fu_6647_p3                                                                |     |        | sc6w1_0_loc_4_i_i      | select    | auto_sel                 | 0       |
|      sc6w1_1_loc_4_i_i_fu_6655_p3                                                                |     |        | sc6w1_1_loc_4_i_i      | select    | auto_sel                 | 0       |
|      sc6w1_2_loc_4_i_i_fu_6663_p3                                                                |     |        | sc6w1_2_loc_4_i_i      | select    | auto_sel                 | 0       |
|      sc6w1_3_loc_4_i_i_fu_6671_p3                                                                |     |        | sc6w1_3_loc_4_i_i      | select    | auto_sel                 | 0       |
|      sc6w1_4_loc_4_i_i_fu_6679_p3                                                                |     |        | sc6w1_4_loc_4_i_i      | select    | auto_sel                 | 0       |
|      sc6w1_5_loc_4_i_i_fu_6687_p3                                                                |     |        | sc6w1_5_loc_4_i_i      | select    | auto_sel                 | 0       |
|      sc6w1_6_loc_4_i_i_fu_6695_p3                                                                |     |        | sc6w1_6_loc_4_i_i      | select    | auto_sel                 | 0       |
|      sc6w1_7_loc_4_i_i_fu_6703_p3                                                                |     |        | sc6w1_7_loc_4_i_i      | select    | auto_sel                 | 0       |
|      sparsemux_17_3_64_1_1_U2474                                                                 |     |        | tmp_281_i_i            | sparsemux | compactencoding_dontcare | 0       |
|      sparsemux_17_3_64_1_1_U2475                                                                 |     |        | tmp_263_i_i            | sparsemux | compactencoding_dontcare | 0       |
|      sc6w0_i_copy_2_i_fu_7531_p3                                                                 |     |        | sc6w0_i_copy_2_i       | select    | auto_sel                 | 0       |
|      sc6w0_5_i_copy_2_i_fu_7539_p3                                                               |     |        | sc6w0_5_i_copy_2_i     | select    | auto_sel                 | 0       |
|      sc6w0_5_i_copy_2_i_550_fu_7547_p3                                                           |     |        | sc6w0_5_i_copy_2_i_550 | select    | auto_sel                 | 0       |
|      sc6w0_4_i_copy_2_i_fu_7555_p3                                                               |     |        | sc6w0_4_i_copy_2_i     | select    | auto_sel                 | 0       |
|      sc6w0_3_i_copy_2_i_fu_7563_p3                                                               |     |        | sc6w0_3_i_copy_2_i     | select    | auto_sel                 | 0       |
|      sc6w0_2_i_copy_2_i_fu_7571_p3                                                               |     |        | sc6w0_2_i_copy_2_i     | select    | auto_sel                 | 0       |
|      sc6w0_1_i_copy_2_i_fu_7579_p3                                                               |     |        | sc6w0_1_i_copy_2_i     | select    | auto_sel                 | 0       |
|      sc6w0_6_i_copy_2_i_fu_7587_p3                                                               |     |        | sc6w0_6_i_copy_2_i     | select    | auto_sel                 | 0       |
|      sc6w0_0_loc_3_i_i_fu_7595_p3                                                                |     |        | sc6w0_0_loc_3_i_i      | select    | auto_sel                 | 0       |
|      sc6w0_1_loc_3_i_i_fu_7603_p3                                                                |     |        | sc6w0_1_loc_3_i_i      | select    | auto_sel                 | 0       |
|      sc6w0_2_loc_3_i_i_fu_7611_p3                                                                |     |        | sc6w0_2_loc_3_i_i      | select    | auto_sel                 | 0       |
|      sc6w0_3_loc_3_i_i_fu_7619_p3                                                                |     |        | sc6w0_3_loc_3_i_i      | select    | auto_sel                 | 0       |
|      sc6w0_4_loc_3_i_i_fu_7627_p3                                                                |     |        | sc6w0_4_loc_3_i_i      | select    | auto_sel                 | 0       |
|      sc6w0_5_loc_3_i_i_fu_7635_p3                                                                |     |        | sc6w0_5_loc_3_i_i      | select    | auto_sel                 | 0       |
|      sc6w0_6_loc_3_i_i_fu_7643_p3                                                                |     |        | sc6w0_6_loc_3_i_i      | select    | auto_sel                 | 0       |
|      sc6w0_7_loc_3_i_i_fu_7651_p3                                                                |     |        | sc6w0_7_loc_3_i_i      | select    | auto_sel                 | 0       |
|      sparsemux_17_3_64_1_1_U2476                                                                 |     |        | tmp_279_i_i            | sparsemux | compactencoding_dontcare | 0       |
|      sparsemux_17_3_64_1_1_U2477                                                                 |     |        | tmp_261_i_i            | sparsemux | compactencoding_dontcare | 0       |
|      sc6w3_i_copy_2_i_fu_8479_p3                                                                 |     |        | sc6w3_i_copy_2_i       | select    | auto_sel                 | 0       |
|      sc6w3_1_i_copy_2_i_fu_8487_p3                                                               |     |        | sc6w3_1_i_copy_2_i     | select    | auto_sel                 | 0       |
|      sc6w3_2_i_copy_2_i_fu_8495_p3                                                               |     |        | sc6w3_2_i_copy_2_i     | select    | auto_sel                 | 0       |
|      sc6w3_3_i_copy_2_i_fu_8503_p3                                                               |     |        | sc6w3_3_i_copy_2_i     | select    | auto_sel                 | 0       |
|      sc6w3_3_i_copy_2_i_555_fu_8511_p3                                                           |     |        | sc6w3_3_i_copy_2_i_555 | select    | auto_sel                 | 0       |
|      sc6w3_2_i_copy_2_i_556_fu_8519_p3                                                           |     |        | sc6w3_2_i_copy_2_i_556 | select    | auto_sel                 | 0       |
|      sc6w3_1_i_copy_2_i_557_fu_8527_p3                                                           |     |        | sc6w3_1_i_copy_2_i_557 | select    | auto_sel                 | 0       |
|      sc6w3_4_i_copy_2_i_fu_8535_p3                                                               |     |        | sc6w3_4_i_copy_2_i     | select    | auto_sel                 | 0       |
|      sc6w3_0_loc_5_i_i_fu_8543_p3                                                                |     |        | sc6w3_0_loc_5_i_i      | select    | auto_sel                 | 0       |
|      sc6w3_1_loc_5_i_i_fu_8551_p3                                                                |     |        | sc6w3_1_loc_5_i_i      | select    | auto_sel                 | 0       |
|      sc6w3_2_loc_5_i_i_fu_8559_p3                                                                |     |        | sc6w3_2_loc_5_i_i      | select    | auto_sel                 | 0       |
|      sc6w3_3_loc_5_i_i_fu_8567_p3                                                                |     |        | sc6w3_3_loc_5_i_i      | select    | auto_sel                 | 0       |
|      sc6w3_4_loc_5_i_i_fu_8575_p3                                                                |     |        | sc6w3_4_loc_5_i_i      | select    | auto_sel                 | 0       |
|      sc6w3_5_loc_5_i_i_fu_8583_p3                                                                |     |        | sc6w3_5_loc_5_i_i      | select    | auto_sel                 | 0       |
|      sc6w3_6_loc_5_i_i_fu_8591_p3                                                                |     |        | sc6w3_6_loc_5_i_i      | select    | auto_sel                 | 0       |
|      sc6w3_7_loc_5_i_i_fu_8599_p3                                                                |     |        | sc6w3_7_loc_5_i_i      | select    | auto_sel                 | 0       |
|      sparsemux_17_3_64_1_1_U2478                                                                 |     |        | tmp_277_i_i            | sparsemux | compactencoding_dontcare | 0       |
|      icmp_ln185_fu_1540_p2                                                                       |     |        | icmp_ln185             | seteq     | auto                     | 0       |
|     + fp16_to_fp32 (grp_fp16_to_fp32_fu_882)                                                     | 0   |        |                        |           |                          |         |
|       or_ln59_fu_118_p2                                                                          |     |        | or_ln59                | or        | auto                     | 0       |
|       icmp_ln59_fu_142_p2                                                                        |     |        | icmp_ln59              | seteq     | auto                     | 0       |
|       add_ln71_fu_499_p2                                                                         |     |        | add_ln71               | add       | fabric                   | 0       |
|       m_1_fu_168_p3                                                                              |     |        | m_1                    | select    | auto_sel                 | 0       |
|       e_fu_176_p3                                                                                |     |        | e                      | select    | auto_sel                 | 0       |
|       e_18_fu_198_p3                                                                             |     |        | e_18                   | select    | auto_sel                 | 0       |
|       m_3_fu_206_p3                                                                              |     |        | m_3                    | select    | auto_sel                 | 0       |
|       e_19_fu_214_p3                                                                             |     |        | e_19                   | select    | auto_sel                 | 0       |
|       e_20_fu_236_p2                                                                             |     |        | e_20                   | add       | fabric                   | 0       |
|       m_5_fu_242_p3                                                                              |     |        | m_5                    | select    | auto_sel                 | 0       |
|       e_21_fu_250_p3                                                                             |     |        | e_21                   | select    | auto_sel                 | 0       |
|       e_22_fu_272_p2                                                                             |     |        | e_22                   | add       | fabric                   | 0       |
|       m_7_fu_278_p3                                                                              |     |        | m_7                    | select    | auto_sel                 | 0       |
|       e_23_fu_286_p3                                                                             |     |        | e_23                   | select    | auto_sel                 | 0       |
|       e_24_fu_307_p2                                                                             |     |        | e_24                   | add       | fabric                   | 0       |
|       m_9_fu_312_p3                                                                              |     |        | m_9                    | select    | auto_sel                 | 0       |
|       e_25_fu_318_p3                                                                             |     |        | e_25                   | select    | auto_sel                 | 0       |
|       e_26_fu_332_p2                                                                             |     |        | e_26                   | add       | fabric                   | 0       |
|       m_11_fu_351_p3                                                                             |     |        | m_11                   | select    | auto_sel                 | 0       |
|       e_27_fu_338_p3                                                                             |     |        | e_27                   | select    | auto_sel                 | 0       |
|       e_28_fu_371_p2                                                                             |     |        | e_28                   | add       | fabric                   | 0       |
|       m_13_fu_376_p3                                                                             |     |        | m_13                   | select    | auto_sel                 | 0       |
|       e_29_fu_384_p3                                                                             |     |        | e_29                   | select    | auto_sel                 | 0       |
|       e_30_fu_405_p2                                                                             |     |        | e_30                   | add       | fabric                   | 0       |
|       m_15_fu_411_p3                                                                             |     |        | m_15                   | select    | auto_sel                 | 0       |
|       e_31_fu_419_p3                                                                             |     |        | e_31                   | select    | auto_sel                 | 0       |
|       e_32_fu_525_p2                                                                             |     |        | e_32                   | add       | fabric                   | 0       |
|       m_17_fu_441_p3                                                                             |     |        | m_17                   | select    | auto_sel                 | 0       |
|       e_33_fu_530_p3                                                                             |     |        | e_33                   | select    | auto_sel                 | 0       |
|       e_34_fu_536_p2                                                                             |     |        | e_34                   | add       | fabric                   | 0       |
|       select_ln65_fu_473_p3                                                                      |     |        | select_ln65            | select    | auto_sel                 | 0       |
|       select_ln62_fu_542_p3                                                                      |     |        | select_ln62            | select    | auto_sel                 | 0       |
|       icmp_ln61_fu_575_p2                                                                        |     |        | icmp_ln61              | seteq     | auto                     | 0       |
|       xor_ln59_fu_580_p2                                                                         |     |        | xor_ln59               | xor       | auto                     | 0       |
|       and_ln61_fu_585_p2                                                                         |     |        | and_ln61               | and       | auto                     | 0       |
|       icmp_ln61_1_fu_591_p2                                                                      |     |        | icmp_ln61_1            | seteq     | auto                     | 0       |
|       and_ln61_1_fu_596_p2                                                                       |     |        | and_ln61_1             | and       | auto                     | 0       |
|       sparsemux_9_3_32_1_0_U259                                                                  |     |        | f32_4                  | sparsemux | onehotencoding_realdef   | 0       |
|     + fp16_to_fp32 (grp_fp16_to_fp32_fu_887)                                                     | 0   |        |                        |           |                          |         |
|       or_ln59_fu_118_p2                                                                          |     |        | or_ln59                | or        | auto                     | 0       |
|       icmp_ln59_fu_142_p2                                                                        |     |        | icmp_ln59              | seteq     | auto                     | 0       |
|       add_ln71_fu_499_p2                                                                         |     |        | add_ln71               | add       | fabric                   | 0       |
|       m_1_fu_168_p3                                                                              |     |        | m_1                    | select    | auto_sel                 | 0       |
|       e_fu_176_p3                                                                                |     |        | e                      | select    | auto_sel                 | 0       |
|       e_18_fu_198_p3                                                                             |     |        | e_18                   | select    | auto_sel                 | 0       |
|       m_3_fu_206_p3                                                                              |     |        | m_3                    | select    | auto_sel                 | 0       |
|       e_19_fu_214_p3                                                                             |     |        | e_19                   | select    | auto_sel                 | 0       |
|       e_20_fu_236_p2                                                                             |     |        | e_20                   | add       | fabric                   | 0       |
|       m_5_fu_242_p3                                                                              |     |        | m_5                    | select    | auto_sel                 | 0       |
|       e_21_fu_250_p3                                                                             |     |        | e_21                   | select    | auto_sel                 | 0       |
|       e_22_fu_272_p2                                                                             |     |        | e_22                   | add       | fabric                   | 0       |
|       m_7_fu_278_p3                                                                              |     |        | m_7                    | select    | auto_sel                 | 0       |
|       e_23_fu_286_p3                                                                             |     |        | e_23                   | select    | auto_sel                 | 0       |
|       e_24_fu_307_p2                                                                             |     |        | e_24                   | add       | fabric                   | 0       |
|       m_9_fu_312_p3                                                                              |     |        | m_9                    | select    | auto_sel                 | 0       |
|       e_25_fu_318_p3                                                                             |     |        | e_25                   | select    | auto_sel                 | 0       |
|       e_26_fu_332_p2                                                                             |     |        | e_26                   | add       | fabric                   | 0       |
|       m_11_fu_351_p3                                                                             |     |        | m_11                   | select    | auto_sel                 | 0       |
|       e_27_fu_338_p3                                                                             |     |        | e_27                   | select    | auto_sel                 | 0       |
|       e_28_fu_371_p2                                                                             |     |        | e_28                   | add       | fabric                   | 0       |
|       m_13_fu_376_p3                                                                             |     |        | m_13                   | select    | auto_sel                 | 0       |
|       e_29_fu_384_p3                                                                             |     |        | e_29                   | select    | auto_sel                 | 0       |
|       e_30_fu_405_p2                                                                             |     |        | e_30                   | add       | fabric                   | 0       |
|       m_15_fu_411_p3                                                                             |     |        | m_15                   | select    | auto_sel                 | 0       |
|       e_31_fu_419_p3                                                                             |     |        | e_31                   | select    | auto_sel                 | 0       |
|       e_32_fu_525_p2                                                                             |     |        | e_32                   | add       | fabric                   | 0       |
|       m_17_fu_441_p3                                                                             |     |        | m_17                   | select    | auto_sel                 | 0       |
|       e_33_fu_530_p3                                                                             |     |        | e_33                   | select    | auto_sel                 | 0       |
|       e_34_fu_536_p2                                                                             |     |        | e_34                   | add       | fabric                   | 0       |
|       select_ln65_fu_473_p3                                                                      |     |        | select_ln65            | select    | auto_sel                 | 0       |
|       select_ln62_fu_542_p3                                                                      |     |        | select_ln62            | select    | auto_sel                 | 0       |
|       icmp_ln61_fu_575_p2                                                                        |     |        | icmp_ln61              | seteq     | auto                     | 0       |
|       xor_ln59_fu_580_p2                                                                         |     |        | xor_ln59               | xor       | auto                     | 0       |
|       and_ln61_fu_585_p2                                                                         |     |        | and_ln61               | and       | auto                     | 0       |
|       icmp_ln61_1_fu_591_p2                                                                      |     |        | icmp_ln61_1            | seteq     | auto                     | 0       |
|       and_ln61_1_fu_596_p2                                                                       |     |        | and_ln61_1             | and       | auto                     | 0       |
|       sparsemux_9_3_32_1_0_U259                                                                  |     |        | f32_4                  | sparsemux | onehotencoding_realdef   | 0       |
|    + mac_quant_wv15                                                                              | 84  |        |                        |           |                          |         |
|      fmul_32ns_32ns_32_5_max_dsp_1_U2499                                                         | 3   |        | fq0                    | fmul      | maxdsp                   | 4       |
|      icmp_ln589_fu_1376_p2                                                                       |     |        | icmp_ln589             | setne     | auto                     | 0       |
|      icmp_ln589_1_fu_1382_p2                                                                     |     |        | icmp_ln589_1           | seteq     | auto                     | 0       |
|      or_ln589_fu_1475_p2                                                                         |     |        | or_ln589               | or        | auto                     | 0       |
|      fcmp_32ns_32ns_1_2_no_dsp_1_U2503                                                           |     |        | tmp_1_i                | fcmp      | auto                     | 1       |
|      and_ln589_fu_1479_p2                                                                        |     |        | and_ln589              | and       | auto                     | 0       |
|      grp_fu_1287_p1                                                                              |     |        | select_ln589           | select    | auto_sel                 | 0       |
|      fadd_32ns_32ns_32_10_full_dsp_1_U2495                                                       | 2   |        | dc                     | fadd      | fulldsp                  | 9       |
|      add_ln317_fu_1588_p2                                                                        |     |        | add_ln317              | add       | fabric                   | 0       |
|      sub_ln18_fu_1602_p2                                                                         |     |        | sub_ln18               | sub       | fabric                   | 0       |
|      select_ln18_fu_1612_p3                                                                      |     |        | select_ln18            | select    | auto_sel                 | 0       |
|      lshr_ln18_fu_1628_p2                                                                        |     |        | lshr_ln18              | lshr      | auto_pipe                | 0       |
|      shl_ln18_fu_1634_p2                                                                         |     |        | shl_ln18               | shl       | auto_pipe                | 0       |
|      val_fu_1660_p3                                                                              |     |        | val                    | select    | auto_sel                 | 0       |
|      result_1_fu_2031_p2                                                                         |     |        | result_1               | sub       | fabric                   | 0       |
|      result_fu_2036_p3                                                                           |     |        | result                 | select    | auto_sel                 | 0       |
|      icmp_ln590_fu_2052_p2                                                                       |     |        | icmp_ln590             | setgt     | auto                     | 0       |
|      iq0_1_fu_2139_p3                                                                            |     |        | iq0_1                  | select    | auto_sel                 | 0       |
|      icmp_ln590_1_fu_2145_p2                                                                     |     |        | icmp_ln590_1           | setlt     | auto                     | 0       |
|      select_ln591_fu_2155_p3                                                                     |     |        | select_ln591           | select    | auto_sel                 | 0       |
|      fmul_32ns_32ns_32_5_max_dsp_1_U2500                                                         | 3   |        | fq1                    | fmul      | maxdsp                   | 4       |
|      icmp_ln594_fu_1405_p2                                                                       |     |        | icmp_ln594             | setne     | auto                     | 0       |
|      icmp_ln594_1_fu_1411_p2                                                                     |     |        | icmp_ln594_1           | seteq     | auto                     | 0       |
|      or_ln594_fu_1493_p2                                                                         |     |        | or_ln594               | or        | auto                     | 0       |
|      fcmp_32ns_32ns_1_2_no_dsp_1_U2504                                                           |     |        | tmp_3_i                | fcmp      | auto                     | 1       |
|      and_ln594_fu_1497_p2                                                                        |     |        | and_ln594              | and       | auto                     | 0       |
|      grp_fu_1291_p1                                                                              |     |        | select_ln594           | select    | auto_sel                 | 0       |
|      fadd_32ns_32ns_32_10_full_dsp_1_U2496                                                       | 2   |        | dc_1                   | fadd      | fulldsp                  | 9       |
|      add_ln317_1_fu_1709_p2                                                                      |     |        | add_ln317_1            | add       | fabric                   | 0       |
|      sub_ln18_1_fu_1723_p2                                                                       |     |        | sub_ln18_1             | sub       | fabric                   | 0       |
|      select_ln18_2_fu_1733_p3                                                                    |     |        | select_ln18_2          | select    | auto_sel                 | 0       |
|      lshr_ln18_1_fu_1749_p2                                                                      |     |        | lshr_ln18_1            | lshr      | auto_pipe                | 0       |
|      shl_ln18_1_fu_1755_p2                                                                       |     |        | shl_ln18_1             | shl       | auto_pipe                | 0       |
|      val_1_fu_1781_p3                                                                            |     |        | val_1                  | select    | auto_sel                 | 0       |
|      result_4_fu_2058_p2                                                                         |     |        | result_4               | sub       | fabric                   | 0       |
|      result_12_fu_2063_p3                                                                        |     |        | result_12              | select    | auto_sel                 | 0       |
|      icmp_ln595_fu_2079_p2                                                                       |     |        | icmp_ln595             | setgt     | auto                     | 0       |
|      iq1_1_fu_2169_p3                                                                            |     |        | iq1_1                  | select    | auto_sel                 | 0       |
|      icmp_ln595_1_fu_2175_p2                                                                     |     |        | icmp_ln595_1           | setlt     | auto                     | 0       |
|      select_ln596_fu_2185_p3                                                                     |     |        | select_ln596           | select    | auto_sel                 | 0       |
|      add_ln596_fu_2241_p2                                                                        |     |        | add_ln596              | add       | fabric                   | 0       |
|      fmul_32ns_32ns_32_5_max_dsp_1_U2501                                                         | 3   |        | fq2                    | fmul      | maxdsp                   | 4       |
|      icmp_ln599_fu_1434_p2                                                                       |     |        | icmp_ln599             | setne     | auto                     | 0       |
|      icmp_ln599_1_fu_1440_p2                                                                     |     |        | icmp_ln599_1           | seteq     | auto                     | 0       |
|      or_ln599_fu_1511_p2                                                                         |     |        | or_ln599               | or        | auto                     | 0       |
|      fcmp_32ns_32ns_1_2_no_dsp_1_U2505                                                           |     |        | tmp_5_i                | fcmp      | auto                     | 1       |
|      and_ln599_fu_1515_p2                                                                        |     |        | and_ln599              | and       | auto                     | 0       |
|      grp_fu_1295_p1                                                                              |     |        | select_ln599           | select    | auto_sel                 | 0       |
|      fadd_32ns_32ns_32_10_full_dsp_1_U2497                                                       | 2   |        | dc_2                   | fadd      | fulldsp                  | 9       |
|      add_ln317_2_fu_1830_p2                                                                      |     |        | add_ln317_2            | add       | fabric                   | 0       |
|      sub_ln18_2_fu_1844_p2                                                                       |     |        | sub_ln18_2             | sub       | fabric                   | 0       |
|      select_ln18_4_fu_1854_p3                                                                    |     |        | select_ln18_4          | select    | auto_sel                 | 0       |
|      lshr_ln18_2_fu_1870_p2                                                                      |     |        | lshr_ln18_2            | lshr      | auto_pipe                | 0       |
|      shl_ln18_2_fu_1876_p2                                                                       |     |        | shl_ln18_2             | shl       | auto_pipe                | 0       |
|      val_2_fu_1902_p3                                                                            |     |        | val_2                  | select    | auto_sel                 | 0       |
|      result_7_fu_2085_p2                                                                         |     |        | result_7               | sub       | fabric                   | 0       |
|      result_13_fu_2090_p3                                                                        |     |        | result_13              | select    | auto_sel                 | 0       |
|      icmp_ln600_fu_2106_p2                                                                       |     |        | icmp_ln600             | setgt     | auto                     | 0       |
|      iq2_1_fu_2193_p3                                                                            |     |        | iq2_1                  | select    | auto_sel                 | 0       |
|      icmp_ln600_1_fu_2199_p2                                                                     |     |        | icmp_ln600_1           | setlt     | auto                     | 0       |
|      select_ln601_fu_2209_p3                                                                     |     |        | select_ln601           | select    | auto_sel                 | 0       |
|      add_ln601_fu_2251_p2                                                                        |     |        | add_ln601              | add       | fabric                   | 0       |
|      fmul_32ns_32ns_32_5_max_dsp_1_U2502                                                         | 3   |        | fq3                    | fmul      | maxdsp                   | 4       |
|      icmp_ln604_fu_1463_p2                                                                       |     |        | icmp_ln604             | setne     | auto                     | 0       |
|      icmp_ln604_1_fu_1469_p2                                                                     |     |        | icmp_ln604_1           | seteq     | auto                     | 0       |
|      or_ln604_fu_1529_p2                                                                         |     |        | or_ln604               | or        | auto                     | 0       |
|      fcmp_32ns_32ns_1_2_no_dsp_1_U2506                                                           |     |        | tmp_7_i                | fcmp      | auto                     | 1       |
|      and_ln604_fu_1533_p2                                                                        |     |        | and_ln604              | and       | auto                     | 0       |
|      grp_fu_1299_p1                                                                              |     |        | select_ln604           | select    | auto_sel                 | 0       |
|      fadd_32ns_32ns_32_10_full_dsp_1_U2498                                                       | 2   |        | dc_3                   | fadd      | fulldsp                  | 9       |
|      add_ln317_3_fu_1951_p2                                                                      |     |        | add_ln317_3            | add       | fabric                   | 0       |
|      sub_ln18_3_fu_1965_p2                                                                       |     |        | sub_ln18_3             | sub       | fabric                   | 0       |
|      select_ln18_6_fu_1975_p3                                                                    |     |        | select_ln18_6          | select    | auto_sel                 | 0       |
|      lshr_ln18_3_fu_1991_p2                                                                      |     |        | lshr_ln18_3            | lshr      | auto_pipe                | 0       |
|      shl_ln18_3_fu_1997_p2                                                                       |     |        | shl_ln18_3             | shl       | auto_pipe                | 0       |
|      val_3_fu_2023_p3                                                                            |     |        | val_3                  | select    | auto_sel                 | 0       |
|      result_10_fu_2112_p2                                                                        |     |        | result_10              | sub       | fabric                   | 0       |
|      result_14_fu_2117_p3                                                                        |     |        | result_14              | select    | auto_sel                 | 0       |
|      icmp_ln605_fu_2133_p2                                                                       |     |        | icmp_ln605             | setgt     | auto                     | 0       |
|      iq3_1_fu_2217_p3                                                                            |     |        | iq3_1                  | select    | auto_sel                 | 0       |
|      icmp_ln605_1_fu_2223_p2                                                                     |     |        | icmp_ln605_1           | setlt     | auto                     | 0       |
|      select_ln606_fu_2233_p3                                                                     |     |        | select_ln606           | select    | auto_sel                 | 0       |
|      add_ln606_fu_2261_p2                                                                        |     |        | add_ln606              | add       | fabric                   | 0       |
|     + mac_blocks_wv_k4_urm (grp_mac_blocks_wv_k4_urm_fu_937)                                     | 64  |        |                        |           |                          |         |
|       icmp_ln390_fu_8662_p2                                                                      |     |        | icmp_ln390             | seteq     | auto                     | 0       |
|       sub_ln390_fu_8676_p2                                                                       |     |        | sub_ln390              | sub       | fabric                   | 0       |
|       tmp_27_fu_8690_p1                                                                          |     |        | select_ln390           | select    | auto_sel                 | 0       |
|       ctlz_48_48_1_1_U1700                                                                       |     |        | tmp_27                 | ctlz      | auto                     | 0       |
|       sub_ln390_1_fu_8706_p2                                                                     |     |        | sub_ln390_1            | sub       | fabric                   | 0       |
|       add_ln390_fu_8862_p2                                                                       |     |        | add_ln390              | add       | fabric                   | 0       |
|       icmp_ln390_1_fu_8877_p2                                                                    |     |        | icmp_ln390_1           | setgt     | auto                     | 0       |
|       sub_ln390_4_fu_8883_p2                                                                     |     |        | sub_ln390_4            | sub       | fabric                   | 0       |
|       lshr_ln390_2_fu_8892_p2                                                                    |     |        | lshr_ln390_2           | lshr      | auto_pipe                | 0       |
|       and_ln390_fu_8898_p2                                                                       |     |        | and_ln390              | and       | auto                     | 0       |
|       icmp_ln390_2_fu_8903_p2                                                                    |     |        | icmp_ln390_2           | setne     | auto                     | 0       |
|       phi_ln390_fu_8909_p2                                                                       |     |        | phi_ln390              | and       | auto                     | 0       |
|       xor_ln390_fu_8923_p2                                                                       |     |        | xor_ln390              | xor       | auto                     | 0       |
|       bitselect_1ns_48ns_6ns_1_1_1_U1704                                                         |     |        | tmp_95                 | bitselect | auto                     | 0       |
|       phi_ln390_1_fu_8936_p2                                                                     |     |        | phi_ln390_1            | and       | auto                     | 0       |
|       or_ln390_fu_8942_p2                                                                        |     |        | or_ln390               | or        | auto                     | 0       |
|       icmp_ln390_3_fu_8948_p2                                                                    |     |        | icmp_ln390_3           | setgt     | auto                     | 0       |
|       add_ln390_1_fu_8954_p2                                                                     |     |        | add_ln390_1            | add       | fabric                   | 0       |
|       lshr_ln390_fu_8967_p2                                                                      |     |        | lshr_ln390             | lshr      | auto_pipe                | 0       |
|       sub_ln390_2_fu_8972_p2                                                                     |     |        | sub_ln390_2            | sub       | fabric                   | 0       |
|       shl_ln390_fu_8985_p2                                                                       |     |        | shl_ln390              | shl       | auto_pipe                | 0       |
|       cond49_i_i232_in_fu_9374_p3                                                                |     |        | cond49_i_i232_in       | select    | auto_sel                 | 0       |
|       add_ln390_2_fu_9386_p2                                                                     |     |        | add_ln390_2            | add       | fabric                   | 0       |
|       select_ln390_1_fu_9414_p3                                                                  |     |        | select_ln390_1         | select    | auto_sel                 | 0       |
|       sub_ln390_3_fu_9422_p2                                                                     |     |        | sub_ln390_3            | sub       | fabric                   | 0       |
|       add_ln390_3_fu_9431_p2                                                                     |     |        | add_ln390_3            | add       | fabric                   | 0       |
|       retval_0_i_i244_fu_9464_p3                                                                 |     |        | retval_0_i_i244        | select    | auto_sel                 | 0       |
|       fmul_32ns_32ns_32_5_max_dsp_1_U1696                                                        | 3   |        | result0_write_assign   | fmul      | maxdsp                   | 4       |
|       icmp_ln391_fu_8712_p2                                                                      |     |        | icmp_ln391             | seteq     | auto                     | 0       |
|       sub_ln391_fu_8726_p2                                                                       |     |        | sub_ln391              | sub       | fabric                   | 0       |
|       tmp_31_fu_8740_p1                                                                          |     |        | select_ln391           | select    | auto_sel                 | 0       |
|       ctlz_48_48_1_1_U1701                                                                       |     |        | tmp_31                 | ctlz      | auto                     | 0       |
|       sub_ln391_1_fu_8756_p2                                                                     |     |        | sub_ln391_1            | sub       | fabric                   | 0       |
|       add_ln391_fu_8990_p2                                                                       |     |        | add_ln391              | add       | fabric                   | 0       |
|       icmp_ln391_1_fu_9005_p2                                                                    |     |        | icmp_ln391_1           | setgt     | auto                     | 0       |
|       sub_ln391_4_fu_9011_p2                                                                     |     |        | sub_ln391_4            | sub       | fabric                   | 0       |
|       lshr_ln391_2_fu_9020_p2                                                                    |     |        | lshr_ln391_2           | lshr      | auto_pipe                | 0       |
|       and_ln391_fu_9026_p2                                                                       |     |        | and_ln391              | and       | auto                     | 0       |
|       icmp_ln391_2_fu_9031_p2                                                                    |     |        | icmp_ln391_2           | setne     | auto                     | 0       |
|       phi_ln391_fu_9037_p2                                                                       |     |        | phi_ln391              | and       | auto                     | 0       |
|       xor_ln391_fu_9051_p2                                                                       |     |        | xor_ln391              | xor       | auto                     | 0       |
|       bitselect_1ns_48ns_6ns_1_1_1_U1705                                                         |     |        | tmp_100                | bitselect | auto                     | 0       |
|       phi_ln391_1_fu_9064_p2                                                                     |     |        | phi_ln391_1            | and       | auto                     | 0       |
|       or_ln391_fu_9070_p2                                                                        |     |        | or_ln391               | or        | auto                     | 0       |
|       icmp_ln391_3_fu_9076_p2                                                                    |     |        | icmp_ln391_3           | setgt     | auto                     | 0       |
|       add_ln391_1_fu_9082_p2                                                                     |     |        | add_ln391_1            | add       | fabric                   | 0       |
|       lshr_ln391_fu_9095_p2                                                                      |     |        | lshr_ln391             | lshr      | auto_pipe                | 0       |
|       sub_ln391_2_fu_9100_p2                                                                     |     |        | sub_ln391_2            | sub       | fabric                   | 0       |
|       shl_ln391_fu_9113_p2                                                                       |     |        | shl_ln391              | shl       | auto_pipe                | 0       |
|       cond49_i_i164_in_fu_9471_p3                                                                |     |        | cond49_i_i164_in       | select    | auto_sel                 | 0       |
|       add_ln391_2_fu_9483_p2                                                                     |     |        | add_ln391_2            | add       | fabric                   | 0       |
|       select_ln391_1_fu_9511_p3                                                                  |     |        | select_ln391_1         | select    | auto_sel                 | 0       |
|       sub_ln391_3_fu_9519_p2                                                                     |     |        | sub_ln391_3            | sub       | fabric                   | 0       |
|       add_ln391_3_fu_9528_p2                                                                     |     |        | add_ln391_3            | add       | fabric                   | 0       |
|       retval_0_i_i176_fu_9561_p3                                                                 |     |        | retval_0_i_i176        | select    | auto_sel                 | 0       |
|       fmul_32ns_32ns_32_5_max_dsp_1_U1697                                                        | 3   |        | result1_write_assign   | fmul      | maxdsp                   | 4       |
|       icmp_ln392_fu_8762_p2                                                                      |     |        | icmp_ln392             | seteq     | auto                     | 0       |
|       sub_ln392_fu_8776_p2                                                                       |     |        | sub_ln392              | sub       | fabric                   | 0       |
|       tmp_33_fu_8790_p1                                                                          |     |        | select_ln392           | select    | auto_sel                 | 0       |
|       ctlz_48_48_1_1_U1702                                                                       |     |        | tmp_33                 | ctlz      | auto                     | 0       |
|       sub_ln392_1_fu_8806_p2                                                                     |     |        | sub_ln392_1            | sub       | fabric                   | 0       |
|       add_ln392_fu_9118_p2                                                                       |     |        | add_ln392              | add       | fabric                   | 0       |
|       icmp_ln392_1_fu_9133_p2                                                                    |     |        | icmp_ln392_1           | setgt     | auto                     | 0       |
|       sub_ln392_4_fu_9139_p2                                                                     |     |        | sub_ln392_4            | sub       | fabric                   | 0       |
|       lshr_ln392_2_fu_9148_p2                                                                    |     |        | lshr_ln392_2           | lshr      | auto_pipe                | 0       |
|       and_ln392_fu_9154_p2                                                                       |     |        | and_ln392              | and       | auto                     | 0       |
|       icmp_ln392_2_fu_9159_p2                                                                    |     |        | icmp_ln392_2           | setne     | auto                     | 0       |
|       phi_ln392_fu_9165_p2                                                                       |     |        | phi_ln392              | and       | auto                     | 0       |
|       xor_ln392_fu_9179_p2                                                                       |     |        | xor_ln392              | xor       | auto                     | 0       |
|       bitselect_1ns_48ns_6ns_1_1_1_U1706                                                         |     |        | tmp_105                | bitselect | auto                     | 0       |
|       phi_ln392_1_fu_9192_p2                                                                     |     |        | phi_ln392_1            | and       | auto                     | 0       |
|       or_ln392_fu_9198_p2                                                                        |     |        | or_ln392               | or        | auto                     | 0       |
|       icmp_ln392_3_fu_9204_p2                                                                    |     |        | icmp_ln392_3           | setgt     | auto                     | 0       |
|       add_ln392_1_fu_9210_p2                                                                     |     |        | add_ln392_1            | add       | fabric                   | 0       |
|       lshr_ln392_fu_9223_p2                                                                      |     |        | lshr_ln392             | lshr      | auto_pipe                | 0       |
|       sub_ln392_2_fu_9228_p2                                                                     |     |        | sub_ln392_2            | sub       | fabric                   | 0       |
|       shl_ln392_fu_9241_p2                                                                       |     |        | shl_ln392              | shl       | auto_pipe                | 0       |
|       cond49_i_i96_in_fu_9568_p3                                                                 |     |        | cond49_i_i96_in        | select    | auto_sel                 | 0       |
|       add_ln392_2_fu_9580_p2                                                                     |     |        | add_ln392_2            | add       | fabric                   | 0       |
|       select_ln392_1_fu_9608_p3                                                                  |     |        | select_ln392_1         | select    | auto_sel                 | 0       |
|       sub_ln392_3_fu_9616_p2                                                                     |     |        | sub_ln392_3            | sub       | fabric                   | 0       |
|       add_ln392_3_fu_9625_p2                                                                     |     |        | add_ln392_3            | add       | fabric                   | 0       |
|       retval_0_i_i108_fu_9658_p3                                                                 |     |        | retval_0_i_i108        | select    | auto_sel                 | 0       |
|       fmul_32ns_32ns_32_5_max_dsp_1_U1698                                                        | 3   |        | result2_write_assign   | fmul      | maxdsp                   | 4       |
|       icmp_ln393_fu_8812_p2                                                                      |     |        | icmp_ln393             | seteq     | auto                     | 0       |
|       sub_ln393_fu_8826_p2                                                                       |     |        | sub_ln393              | sub       | fabric                   | 0       |
|       tmp_35_fu_8840_p1                                                                          |     |        | select_ln393           | select    | auto_sel                 | 0       |
|       ctlz_48_48_1_1_U1703                                                                       |     |        | tmp_35                 | ctlz      | auto                     | 0       |
|       sub_ln393_1_fu_8856_p2                                                                     |     |        | sub_ln393_1            | sub       | fabric                   | 0       |
|       add_ln393_fu_9246_p2                                                                       |     |        | add_ln393              | add       | fabric                   | 0       |
|       icmp_ln393_1_fu_9261_p2                                                                    |     |        | icmp_ln393_1           | setgt     | auto                     | 0       |
|       sub_ln393_4_fu_9267_p2                                                                     |     |        | sub_ln393_4            | sub       | fabric                   | 0       |
|       lshr_ln393_2_fu_9276_p2                                                                    |     |        | lshr_ln393_2           | lshr      | auto_pipe                | 0       |
|       and_ln393_fu_9282_p2                                                                       |     |        | and_ln393              | and       | auto                     | 0       |
|       icmp_ln393_2_fu_9287_p2                                                                    |     |        | icmp_ln393_2           | setne     | auto                     | 0       |
|       phi_ln393_fu_9293_p2                                                                       |     |        | phi_ln393              | and       | auto                     | 0       |
|       xor_ln393_fu_9307_p2                                                                       |     |        | xor_ln393              | xor       | auto                     | 0       |
|       bitselect_1ns_48ns_6ns_1_1_1_U1707                                                         |     |        | tmp_110                | bitselect | auto                     | 0       |
|       phi_ln393_1_fu_9320_p2                                                                     |     |        | phi_ln393_1            | and       | auto                     | 0       |
|       or_ln393_fu_9326_p2                                                                        |     |        | or_ln393               | or        | auto                     | 0       |
|       icmp_ln393_3_fu_9332_p2                                                                    |     |        | icmp_ln393_3           | setgt     | auto                     | 0       |
|       add_ln393_1_fu_9338_p2                                                                     |     |        | add_ln393_1            | add       | fabric                   | 0       |
|       lshr_ln393_fu_9351_p2                                                                      |     |        | lshr_ln393             | lshr      | auto_pipe                | 0       |
|       sub_ln393_2_fu_9356_p2                                                                     |     |        | sub_ln393_2            | sub       | fabric                   | 0       |
|       shl_ln393_fu_9369_p2                                                                       |     |        | shl_ln393              | shl       | auto_pipe                | 0       |
|       cond49_i_i_in_fu_9665_p3                                                                   |     |        | cond49_i_i_in          | select    | auto_sel                 | 0       |
|       add_ln393_2_fu_9677_p2                                                                     |     |        | add_ln393_2            | add       | fabric                   | 0       |
|       select_ln393_1_fu_9705_p3                                                                  |     |        | select_ln393_1         | select    | auto_sel                 | 0       |
|       sub_ln393_3_fu_9713_p2                                                                     |     |        | sub_ln393_3            | sub       | fabric                   | 0       |
|       add_ln393_3_fu_9722_p2                                                                     |     |        | add_ln393_3            | add       | fabric                   | 0       |
|       retval_0_i_i_fu_9755_p3                                                                    |     |        | retval_0_i_i           | select    | auto_sel                 | 0       |
|       fmul_32ns_32ns_32_5_max_dsp_1_U1699                                                        | 3   |        | result3_write_assign   | fmul      | maxdsp                   | 4       |
|      + mac_blocks_wv_k4_urm_Pipeline_MAC_ALL (grp_mac_blocks_wv_k4_urm_Pipeline_MAC_ALL_fu_1938) | 32  |        |                        |           |                          |         |
|        icmp_ln312_fu_10894_p2                                                                    |     |        | icmp_ln312             | seteq     | auto                     | 0       |
|        add_ln312_fu_10900_p2                                                                     |     |        | add_ln312              | add       | fabric                   | 0       |
|        sparsemux_33_4_8_1_1_U352                                                                 |     |        | xi8                    | sparsemux | compactencoding_dontcare | 0       |
|        sparsemux_17_3_8_1_1_U288                                                                 |     |        | s0                     | sparsemux | compactencoding_dontcare | 0       |
|        sparsemux_17_3_8_1_1_U289                                                                 |     |        | m0                     | sparsemux | compactencoding_dontcare | 0       |
|        sparsemux_17_3_8_1_1_U290                                                                 |     |        | s1                     | sparsemux | compactencoding_dontcare | 0       |
|        sparsemux_17_3_8_1_1_U291                                                                 |     |        | m1                     | sparsemux | compactencoding_dontcare | 0       |
|        sparsemux_17_3_8_1_1_U292                                                                 |     |        | s2                     | sparsemux | compactencoding_dontcare | 0       |
|        sparsemux_17_3_8_1_1_U293                                                                 |     |        | m2                     | sparsemux | compactencoding_dontcare | 0       |
|        sparsemux_17_3_8_1_1_U294                                                                 |     |        | s3                     | sparsemux | compactencoding_dontcare | 0       |
|        sparsemux_17_3_8_1_1_U295                                                                 |     |        | m3                     | sparsemux | compactencoding_dontcare | 0       |
|        mul_8s_4ns_12_1_1_U353                                                                    |     |        | mul_ln352              | mul       | auto                     | 0       |
|        mul_12s_8s_19_1_1_U392                                                                    | 1   |        | mul_ln352_1            | mul       | auto                     | 0       |
|        mul_8s_8s_16_1_1_U393                                                                     |     |        | cm0                    | mul       | auto                     | 0       |
|        mul_8s_4ns_12_1_1_U354                                                                    |     |        | mul_ln354              | mul       | auto                     | 0       |
|        mul_12s_8s_19_1_1_U394                                                                    | 1   |        | mul_ln354_1            | mul       | auto                     | 0       |
|        mul_8s_8s_16_1_1_U395                                                                     |     |        | cm1                    | mul       | auto                     | 0       |
|        mul_8s_4ns_12_1_1_U355                                                                    |     |        | mul_ln356              | mul       | auto                     | 0       |
|        mul_12s_8s_19_1_1_U396                                                                    | 1   |        | mul_ln356_1            | mul       | auto                     | 0       |
|        mul_8s_8s_16_1_1_U397                                                                     |     |        | cm2                    | mul       | auto                     | 0       |
|        mul_8s_4ns_12_1_1_U356                                                                    |     |        | mul_ln358              | mul       | auto                     | 0       |
|        mul_12s_8s_19_1_1_U398                                                                    | 1   |        | mul_ln358_1            | mul       | auto                     | 0       |
|        mul_8s_8s_16_1_1_U399                                                                     |     |        | cm3                    | mul       | auto                     | 0       |
|        icmp_ln362_fu_15385_p2                                                                    |     |        | icmp_ln362             | seteq     | auto                     | 0       |
|        select_ln362_fu_19342_p3                                                                  |     |        | select_ln362           | select    | auto_sel                 | 0       |
|        acc_w0_fu_19352_p2                                                                        |     |        | acc_w0                 | add       | fabric                   | 0       |
|        select_ln363_fu_15390_p3                                                                  |     |        | select_ln363           | select    | auto_sel                 | 0       |
|        acc_m0_fu_15402_p2                                                                        |     |        | acc_m0                 | add       | fabric                   | 0       |
|        select_ln364_fu_19358_p3                                                                  |     |        | select_ln364           | select    | auto_sel                 | 0       |
|        acc_w1_fu_19368_p2                                                                        |     |        | acc_w1                 | add       | fabric                   | 0       |
|        select_ln365_fu_15408_p3                                                                  |     |        | select_ln365           | select    | auto_sel                 | 0       |
|        acc_m1_fu_15420_p2                                                                        |     |        | acc_m1                 | add       | fabric                   | 0       |
|        select_ln366_fu_19374_p3                                                                  |     |        | select_ln366           | select    | auto_sel                 | 0       |
|        acc_w2_fu_19384_p2                                                                        |     |        | acc_w2                 | add       | fabric                   | 0       |
|        select_ln367_fu_15426_p3                                                                  |     |        | select_ln367           | select    | auto_sel                 | 0       |
|        acc_m2_fu_15438_p2                                                                        |     |        | acc_m2                 | add       | fabric                   | 0       |
|        select_ln368_fu_19390_p3                                                                  |     |        | select_ln368           | select    | auto_sel                 | 0       |
|        acc_w3_fu_19400_p2                                                                        |     |        | acc_w3                 | add       | fabric                   | 0       |
|        select_ln369_fu_15444_p3                                                                  |     |        | select_ln369           | select    | auto_sel                 | 0       |
|        acc_m3_fu_15456_p2                                                                        |     |        | acc_m3                 | add       | fabric                   | 0       |
|        icmp_ln362_1_fu_15462_p2                                                                  |     |        | icmp_ln362_1           | seteq     | auto                     | 0       |
|        select_ln362_1_fu_19406_p3                                                                |     |        | select_ln362_1         | select    | auto_sel                 | 0       |
|        acc_w0_1_fu_19416_p2                                                                      |     |        | acc_w0_1               | add       | fabric                   | 0       |
|        select_ln363_1_fu_15467_p3                                                                |     |        | select_ln363_1         | select    | auto_sel                 | 0       |
|        acc_m0_1_fu_15479_p2                                                                      |     |        | acc_m0_1               | add       | fabric                   | 0       |
|        select_ln364_1_fu_19422_p3                                                                |     |        | select_ln364_1         | select    | auto_sel                 | 0       |
|        acc_w1_1_fu_19432_p2                                                                      |     |        | acc_w1_1               | add       | fabric                   | 0       |
|        select_ln365_1_fu_15485_p3                                                                |     |        | select_ln365_1         | select    | auto_sel                 | 0       |
|        acc_m1_1_fu_15497_p2                                                                      |     |        | acc_m1_1               | add       | fabric                   | 0       |
|        select_ln366_1_fu_19438_p3                                                                |     |        | select_ln366_1         | select    | auto_sel                 | 0       |
|        acc_w2_1_fu_19448_p2                                                                      |     |        | acc_w2_1               | add       | fabric                   | 0       |
|        select_ln367_1_fu_15503_p3                                                                |     |        | select_ln367_1         | select    | auto_sel                 | 0       |
|        acc_m2_1_fu_15515_p2                                                                      |     |        | acc_m2_1               | add       | fabric                   | 0       |
|        select_ln368_1_fu_19454_p3                                                                |     |        | select_ln368_1         | select    | auto_sel                 | 0       |
|        acc_w3_1_fu_19464_p2                                                                      |     |        | acc_w3_1               | add       | fabric                   | 0       |
|        select_ln369_1_fu_15521_p3                                                                |     |        | select_ln369_1         | select    | auto_sel                 | 0       |
|        acc_m3_1_fu_15533_p2                                                                      |     |        | acc_m3_1               | add       | fabric                   | 0       |
|        icmp_ln362_2_fu_15539_p2                                                                  |     |        | icmp_ln362_2           | seteq     | auto                     | 0       |
|        select_ln362_2_fu_19470_p3                                                                |     |        | select_ln362_2         | select    | auto_sel                 | 0       |
|        acc_w0_2_fu_19480_p2                                                                      |     |        | acc_w0_2               | add       | fabric                   | 0       |
|        select_ln363_2_fu_15544_p3                                                                |     |        | select_ln363_2         | select    | auto_sel                 | 0       |
|        acc_m0_2_fu_15556_p2                                                                      |     |        | acc_m0_2               | add       | fabric                   | 0       |
|        select_ln364_2_fu_19486_p3                                                                |     |        | select_ln364_2         | select    | auto_sel                 | 0       |
|        acc_w1_2_fu_19496_p2                                                                      |     |        | acc_w1_2               | add       | fabric                   | 0       |
|        select_ln365_2_fu_15562_p3                                                                |     |        | select_ln365_2         | select    | auto_sel                 | 0       |
|        acc_m1_2_fu_15574_p2                                                                      |     |        | acc_m1_2               | add       | fabric                   | 0       |
|        select_ln366_2_fu_19502_p3                                                                |     |        | select_ln366_2         | select    | auto_sel                 | 0       |
|        acc_w2_2_fu_19512_p2                                                                      |     |        | acc_w2_2               | add       | fabric                   | 0       |
|        select_ln367_2_fu_15580_p3                                                                |     |        | select_ln367_2         | select    | auto_sel                 | 0       |
|        acc_m2_2_fu_15592_p2                                                                      |     |        | acc_m2_2               | add       | fabric                   | 0       |
|        select_ln368_2_fu_19518_p3                                                                |     |        | select_ln368_2         | select    | auto_sel                 | 0       |
|        acc_w3_2_fu_19528_p2                                                                      |     |        | acc_w3_2               | add       | fabric                   | 0       |
|        select_ln369_2_fu_15598_p3                                                                |     |        | select_ln369_2         | select    | auto_sel                 | 0       |
|        acc_m3_2_fu_15610_p2                                                                      |     |        | acc_m3_2               | add       | fabric                   | 0       |
|        icmp_ln362_3_fu_15616_p2                                                                  |     |        | icmp_ln362_3           | seteq     | auto                     | 0       |
|        select_ln362_3_fu_19534_p3                                                                |     |        | select_ln362_3         | select    | auto_sel                 | 0       |
|        acc_w0_3_fu_19544_p2                                                                      |     |        | acc_w0_3               | add       | fabric                   | 0       |
|        select_ln363_3_fu_15621_p3                                                                |     |        | select_ln363_3         | select    | auto_sel                 | 0       |
|        acc_m0_3_fu_15633_p2                                                                      |     |        | acc_m0_3               | add       | fabric                   | 0       |
|        select_ln364_3_fu_19550_p3                                                                |     |        | select_ln364_3         | select    | auto_sel                 | 0       |
|        acc_w1_3_fu_19560_p2                                                                      |     |        | acc_w1_3               | add       | fabric                   | 0       |
|        select_ln365_3_fu_15639_p3                                                                |     |        | select_ln365_3         | select    | auto_sel                 | 0       |
|        acc_m1_3_fu_15651_p2                                                                      |     |        | acc_m1_3               | add       | fabric                   | 0       |
|        select_ln366_3_fu_19566_p3                                                                |     |        | select_ln366_3         | select    | auto_sel                 | 0       |
|        acc_w2_3_fu_19576_p2                                                                      |     |        | acc_w2_3               | add       | fabric                   | 0       |
|        select_ln367_3_fu_15657_p3                                                                |     |        | select_ln367_3         | select    | auto_sel                 | 0       |
|        acc_m2_3_fu_15669_p2                                                                      |     |        | acc_m2_3               | add       | fabric                   | 0       |
|        select_ln368_3_fu_19582_p3                                                                |     |        | select_ln368_3         | select    | auto_sel                 | 0       |
|        acc_w3_3_fu_19592_p2                                                                      |     |        | acc_w3_3               | add       | fabric                   | 0       |
|        select_ln369_3_fu_15675_p3                                                                |     |        | select_ln369_3         | select    | auto_sel                 | 0       |
|        acc_m3_3_fu_15687_p2                                                                      |     |        | acc_m3_3               | add       | fabric                   | 0       |
|        sparsemux_33_4_8_1_1_U357                                                                 |     |        | xi8_1                  | sparsemux | compactencoding_dontcare | 0       |
|        sparsemux_17_3_8_1_1_U296                                                                 |     |        | s0_1                   | sparsemux | compactencoding_dontcare | 0       |
|        sparsemux_17_3_8_1_1_U297                                                                 |     |        | m0_1                   | sparsemux | compactencoding_dontcare | 0       |
|        sparsemux_17_3_8_1_1_U298                                                                 |     |        | s1_1                   | sparsemux | compactencoding_dontcare | 0       |
|        sparsemux_17_3_8_1_1_U299                                                                 |     |        | m1_1                   | sparsemux | compactencoding_dontcare | 0       |
|        sparsemux_17_3_8_1_1_U300                                                                 |     |        | s2_1                   | sparsemux | compactencoding_dontcare | 0       |
|        sparsemux_17_3_8_1_1_U301                                                                 |     |        | m2_1                   | sparsemux | compactencoding_dontcare | 0       |
|        sparsemux_17_3_8_1_1_U302                                                                 |     |        | s3_1                   | sparsemux | compactencoding_dontcare | 0       |
|        sparsemux_17_3_8_1_1_U303                                                                 |     |        | m3_1                   | sparsemux | compactencoding_dontcare | 0       |
|        mul_8s_4ns_12_1_1_U358                                                                    |     |        | mul_ln352_2            | mul       | auto                     | 0       |
|        mul_12s_8s_19_1_1_U400                                                                    | 1   |        | mul_ln352_3            | mul       | auto                     | 0       |
|        mul_8s_8s_16_1_1_U401                                                                     |     |        | cm0_1                  | mul       | auto                     | 0       |
|        mul_8s_4ns_12_1_1_U359                                                                    |     |        | mul_ln354_2            | mul       | auto                     | 0       |
|        mul_12s_8s_19_1_1_U402                                                                    | 1   |        | mul_ln354_3            | mul       | auto                     | 0       |
|        mul_8s_8s_16_1_1_U403                                                                     |     |        | cm1_1                  | mul       | auto                     | 0       |
|        mul_8s_4ns_12_1_1_U360                                                                    |     |        | mul_ln356_2            | mul       | auto                     | 0       |
|        mul_12s_8s_19_1_1_U404                                                                    | 1   |        | mul_ln356_3            | mul       | auto                     | 0       |
|        mul_8s_8s_16_1_1_U405                                                                     |     |        | cm2_1                  | mul       | auto                     | 0       |
|        mul_8s_4ns_12_1_1_U361                                                                    |     |        | mul_ln358_2            | mul       | auto                     | 0       |
|        mul_12s_8s_19_1_1_U406                                                                    | 1   |        | mul_ln358_3            | mul       | auto                     | 0       |
|        mul_8s_8s_16_1_1_U407                                                                     |     |        | cm3_1                  | mul       | auto                     | 0       |
|        select_ln362_4_fu_19598_p3                                                                |     |        | select_ln362_4         | select    | auto_sel                 | 0       |
|        acc_w0_4_fu_19608_p2                                                                      |     |        | acc_w0_4               | add       | fabric                   | 0       |
|        select_ln363_4_fu_15780_p3                                                                |     |        | select_ln363_4         | select    | auto_sel                 | 0       |
|        acc_m0_4_fu_15792_p2                                                                      |     |        | acc_m0_4               | add       | fabric                   | 0       |
|        select_ln364_4_fu_19614_p3                                                                |     |        | select_ln364_4         | select    | auto_sel                 | 0       |
|        acc_w1_4_fu_19624_p2                                                                      |     |        | acc_w1_4               | add       | fabric                   | 0       |
|        select_ln365_4_fu_15798_p3                                                                |     |        | select_ln365_4         | select    | auto_sel                 | 0       |
|        acc_m1_4_fu_15810_p2                                                                      |     |        | acc_m1_4               | add       | fabric                   | 0       |
|        select_ln366_4_fu_19630_p3                                                                |     |        | select_ln366_4         | select    | auto_sel                 | 0       |
|        acc_w2_4_fu_19640_p2                                                                      |     |        | acc_w2_4               | add       | fabric                   | 0       |
|        select_ln367_4_fu_15816_p3                                                                |     |        | select_ln367_4         | select    | auto_sel                 | 0       |
|        acc_m2_4_fu_15828_p2                                                                      |     |        | acc_m2_4               | add       | fabric                   | 0       |
|        select_ln368_4_fu_19646_p3                                                                |     |        | select_ln368_4         | select    | auto_sel                 | 0       |
|        acc_w3_4_fu_19656_p2                                                                      |     |        | acc_w3_4               | add       | fabric                   | 0       |
|        select_ln369_4_fu_15834_p3                                                                |     |        | select_ln369_4         | select    | auto_sel                 | 0       |
|        acc_m3_4_fu_15846_p2                                                                      |     |        | acc_m3_4               | add       | fabric                   | 0       |
|        select_ln362_5_fu_19662_p3                                                                |     |        | select_ln362_5         | select    | auto_sel                 | 0       |
|        acc_w0_5_fu_19672_p2                                                                      |     |        | acc_w0_5               | add       | fabric                   | 0       |
|        select_ln363_5_fu_15852_p3                                                                |     |        | select_ln363_5         | select    | auto_sel                 | 0       |
|        acc_m0_5_fu_15864_p2                                                                      |     |        | acc_m0_5               | add       | fabric                   | 0       |
|        select_ln364_5_fu_19678_p3                                                                |     |        | select_ln364_5         | select    | auto_sel                 | 0       |
|        acc_w1_5_fu_19688_p2                                                                      |     |        | acc_w1_5               | add       | fabric                   | 0       |
|        select_ln365_5_fu_15870_p3                                                                |     |        | select_ln365_5         | select    | auto_sel                 | 0       |
|        acc_m1_5_fu_15882_p2                                                                      |     |        | acc_m1_5               | add       | fabric                   | 0       |
|        select_ln366_5_fu_19694_p3                                                                |     |        | select_ln366_5         | select    | auto_sel                 | 0       |
|        acc_w2_5_fu_19704_p2                                                                      |     |        | acc_w2_5               | add       | fabric                   | 0       |
|        select_ln367_5_fu_15888_p3                                                                |     |        | select_ln367_5         | select    | auto_sel                 | 0       |
|        acc_m2_5_fu_15900_p2                                                                      |     |        | acc_m2_5               | add       | fabric                   | 0       |
|        select_ln368_5_fu_19710_p3                                                                |     |        | select_ln368_5         | select    | auto_sel                 | 0       |
|        acc_w3_5_fu_19720_p2                                                                      |     |        | acc_w3_5               | add       | fabric                   | 0       |
|        select_ln369_5_fu_15906_p3                                                                |     |        | select_ln369_5         | select    | auto_sel                 | 0       |
|        acc_m3_5_fu_15918_p2                                                                      |     |        | acc_m3_5               | add       | fabric                   | 0       |
|        select_ln362_6_fu_19726_p3                                                                |     |        | select_ln362_6         | select    | auto_sel                 | 0       |
|        acc_w0_6_fu_19736_p2                                                                      |     |        | acc_w0_6               | add       | fabric                   | 0       |
|        select_ln363_6_fu_15924_p3                                                                |     |        | select_ln363_6         | select    | auto_sel                 | 0       |
|        acc_m0_6_fu_15936_p2                                                                      |     |        | acc_m0_6               | add       | fabric                   | 0       |
|        select_ln364_6_fu_19742_p3                                                                |     |        | select_ln364_6         | select    | auto_sel                 | 0       |
|        acc_w1_6_fu_19752_p2                                                                      |     |        | acc_w1_6               | add       | fabric                   | 0       |
|        select_ln365_6_fu_15942_p3                                                                |     |        | select_ln365_6         | select    | auto_sel                 | 0       |
|        acc_m1_6_fu_15954_p2                                                                      |     |        | acc_m1_6               | add       | fabric                   | 0       |
|        select_ln366_6_fu_19758_p3                                                                |     |        | select_ln366_6         | select    | auto_sel                 | 0       |
|        acc_w2_6_fu_19768_p2                                                                      |     |        | acc_w2_6               | add       | fabric                   | 0       |
|        select_ln367_6_fu_15960_p3                                                                |     |        | select_ln367_6         | select    | auto_sel                 | 0       |
|        acc_m2_6_fu_15972_p2                                                                      |     |        | acc_m2_6               | add       | fabric                   | 0       |
|        select_ln368_6_fu_19774_p3                                                                |     |        | select_ln368_6         | select    | auto_sel                 | 0       |
|        acc_w3_6_fu_19784_p2                                                                      |     |        | acc_w3_6               | add       | fabric                   | 0       |
|        select_ln369_6_fu_15978_p3                                                                |     |        | select_ln369_6         | select    | auto_sel                 | 0       |
|        acc_m3_6_fu_15990_p2                                                                      |     |        | acc_m3_6               | add       | fabric                   | 0       |
|        select_ln362_7_fu_19790_p3                                                                |     |        | select_ln362_7         | select    | auto_sel                 | 0       |
|        acc_w0_7_fu_19800_p2                                                                      |     |        | acc_w0_7               | add       | fabric                   | 0       |
|        select_ln363_7_fu_15996_p3                                                                |     |        | select_ln363_7         | select    | auto_sel                 | 0       |
|        acc_m0_7_fu_16008_p2                                                                      |     |        | acc_m0_7               | add       | fabric                   | 0       |
|        select_ln364_7_fu_19806_p3                                                                |     |        | select_ln364_7         | select    | auto_sel                 | 0       |
|        acc_w1_7_fu_19816_p2                                                                      |     |        | acc_w1_7               | add       | fabric                   | 0       |
|        select_ln365_7_fu_16014_p3                                                                |     |        | select_ln365_7         | select    | auto_sel                 | 0       |
|        acc_m1_7_fu_16026_p2                                                                      |     |        | acc_m1_7               | add       | fabric                   | 0       |
|        select_ln366_7_fu_19822_p3                                                                |     |        | select_ln366_7         | select    | auto_sel                 | 0       |
|        acc_w2_7_fu_19832_p2                                                                      |     |        | acc_w2_7               | add       | fabric                   | 0       |
|        select_ln367_7_fu_16032_p3                                                                |     |        | select_ln367_7         | select    | auto_sel                 | 0       |
|        acc_m2_7_fu_16044_p2                                                                      |     |        | acc_m2_7               | add       | fabric                   | 0       |
|        select_ln368_7_fu_19838_p3                                                                |     |        | select_ln368_7         | select    | auto_sel                 | 0       |
|        acc_w3_7_fu_19848_p2                                                                      |     |        | acc_w3_7               | add       | fabric                   | 0       |
|        select_ln369_7_fu_16050_p3                                                                |     |        | select_ln369_7         | select    | auto_sel                 | 0       |
|        acc_m3_7_fu_16062_p2                                                                      |     |        | acc_m3_7               | add       | fabric                   | 0       |
|        sparsemux_33_4_8_1_1_U362                                                                 |     |        | xi8_2                  | sparsemux | compactencoding_dontcare | 0       |
|        sparsemux_17_3_8_1_1_U304                                                                 |     |        | s0_2                   | sparsemux | compactencoding_dontcare | 0       |
|        sparsemux_17_3_8_1_1_U305                                                                 |     |        | m0_2                   | sparsemux | compactencoding_dontcare | 0       |
|        sparsemux_17_3_8_1_1_U306                                                                 |     |        | s1_2                   | sparsemux | compactencoding_dontcare | 0       |
|        sparsemux_17_3_8_1_1_U307                                                                 |     |        | m1_2                   | sparsemux | compactencoding_dontcare | 0       |
|        sparsemux_17_3_8_1_1_U308                                                                 |     |        | s2_2                   | sparsemux | compactencoding_dontcare | 0       |
|        sparsemux_17_3_8_1_1_U309                                                                 |     |        | m2_2                   | sparsemux | compactencoding_dontcare | 0       |
|        sparsemux_17_3_8_1_1_U310                                                                 |     |        | s3_2                   | sparsemux | compactencoding_dontcare | 0       |
|        sparsemux_17_3_8_1_1_U311                                                                 |     |        | m3_2                   | sparsemux | compactencoding_dontcare | 0       |
|        mul_8s_4ns_12_1_1_U363                                                                    |     |        | mul_ln352_4            | mul       | auto                     | 0       |
|        mul_12s_8s_19_1_1_U408                                                                    | 1   |        | mul_ln352_5            | mul       | auto                     | 0       |
|        mul_8s_8s_16_1_1_U409                                                                     |     |        | cm0_2                  | mul       | auto                     | 0       |
|        mul_8s_4ns_12_1_1_U364                                                                    |     |        | mul_ln354_4            | mul       | auto                     | 0       |
|        mul_12s_8s_19_1_1_U410                                                                    | 1   |        | mul_ln354_5            | mul       | auto                     | 0       |
|        mul_8s_8s_16_1_1_U411                                                                     |     |        | cm1_2                  | mul       | auto                     | 0       |
|        mul_8s_4ns_12_1_1_U365                                                                    |     |        | mul_ln356_4            | mul       | auto                     | 0       |
|        mul_12s_8s_19_1_1_U412                                                                    | 1   |        | mul_ln356_5            | mul       | auto                     | 0       |
|        mul_8s_8s_16_1_1_U413                                                                     |     |        | cm2_2                  | mul       | auto                     | 0       |
|        mul_8s_4ns_12_1_1_U366                                                                    |     |        | mul_ln358_4            | mul       | auto                     | 0       |
|        mul_12s_8s_19_1_1_U414                                                                    | 1   |        | mul_ln358_5            | mul       | auto                     | 0       |
|        mul_8s_8s_16_1_1_U415                                                                     |     |        | cm3_2                  | mul       | auto                     | 0       |
|        select_ln362_8_fu_19854_p3                                                                |     |        | select_ln362_8         | select    | auto_sel                 | 0       |
|        acc_w0_8_fu_19864_p2                                                                      |     |        | acc_w0_8               | add       | fabric                   | 0       |
|        select_ln363_8_fu_16155_p3                                                                |     |        | select_ln363_8         | select    | auto_sel                 | 0       |
|        acc_m0_8_fu_16167_p2                                                                      |     |        | acc_m0_8               | add       | fabric                   | 0       |
|        select_ln364_8_fu_19870_p3                                                                |     |        | select_ln364_8         | select    | auto_sel                 | 0       |
|        acc_w1_8_fu_19880_p2                                                                      |     |        | acc_w1_8               | add       | fabric                   | 0       |
|        select_ln365_8_fu_16173_p3                                                                |     |        | select_ln365_8         | select    | auto_sel                 | 0       |
|        acc_m1_8_fu_16185_p2                                                                      |     |        | acc_m1_8               | add       | fabric                   | 0       |
|        select_ln366_8_fu_19886_p3                                                                |     |        | select_ln366_8         | select    | auto_sel                 | 0       |
|        acc_w2_8_fu_19896_p2                                                                      |     |        | acc_w2_8               | add       | fabric                   | 0       |
|        select_ln367_8_fu_16191_p3                                                                |     |        | select_ln367_8         | select    | auto_sel                 | 0       |
|        acc_m2_8_fu_16203_p2                                                                      |     |        | acc_m2_8               | add       | fabric                   | 0       |
|        select_ln368_8_fu_19902_p3                                                                |     |        | select_ln368_8         | select    | auto_sel                 | 0       |
|        acc_w3_8_fu_19912_p2                                                                      |     |        | acc_w3_8               | add       | fabric                   | 0       |
|        select_ln369_8_fu_16209_p3                                                                |     |        | select_ln369_8         | select    | auto_sel                 | 0       |
|        acc_m3_8_fu_16221_p2                                                                      |     |        | acc_m3_8               | add       | fabric                   | 0       |
|        select_ln362_9_fu_19918_p3                                                                |     |        | select_ln362_9         | select    | auto_sel                 | 0       |
|        acc_w0_9_fu_19928_p2                                                                      |     |        | acc_w0_9               | add       | fabric                   | 0       |
|        select_ln363_9_fu_16227_p3                                                                |     |        | select_ln363_9         | select    | auto_sel                 | 0       |
|        acc_m0_9_fu_16239_p2                                                                      |     |        | acc_m0_9               | add       | fabric                   | 0       |
|        select_ln364_9_fu_19934_p3                                                                |     |        | select_ln364_9         | select    | auto_sel                 | 0       |
|        acc_w1_9_fu_19944_p2                                                                      |     |        | acc_w1_9               | add       | fabric                   | 0       |
|        select_ln365_9_fu_16245_p3                                                                |     |        | select_ln365_9         | select    | auto_sel                 | 0       |
|        acc_m1_9_fu_16257_p2                                                                      |     |        | acc_m1_9               | add       | fabric                   | 0       |
|        select_ln366_9_fu_19950_p3                                                                |     |        | select_ln366_9         | select    | auto_sel                 | 0       |
|        acc_w2_9_fu_19960_p2                                                                      |     |        | acc_w2_9               | add       | fabric                   | 0       |
|        select_ln367_9_fu_16263_p3                                                                |     |        | select_ln367_9         | select    | auto_sel                 | 0       |
|        acc_m2_9_fu_16275_p2                                                                      |     |        | acc_m2_9               | add       | fabric                   | 0       |
|        select_ln368_9_fu_19966_p3                                                                |     |        | select_ln368_9         | select    | auto_sel                 | 0       |
|        acc_w3_9_fu_19976_p2                                                                      |     |        | acc_w3_9               | add       | fabric                   | 0       |
|        select_ln369_9_fu_16281_p3                                                                |     |        | select_ln369_9         | select    | auto_sel                 | 0       |
|        acc_m3_9_fu_16293_p2                                                                      |     |        | acc_m3_9               | add       | fabric                   | 0       |
|        select_ln362_10_fu_19982_p3                                                               |     |        | select_ln362_10        | select    | auto_sel                 | 0       |
|        acc_w0_10_fu_19992_p2                                                                     |     |        | acc_w0_10              | add       | fabric                   | 0       |
|        select_ln363_10_fu_16299_p3                                                               |     |        | select_ln363_10        | select    | auto_sel                 | 0       |
|        acc_m0_10_fu_16311_p2                                                                     |     |        | acc_m0_10              | add       | fabric                   | 0       |
|        select_ln364_10_fu_19998_p3                                                               |     |        | select_ln364_10        | select    | auto_sel                 | 0       |
|        acc_w1_10_fu_20008_p2                                                                     |     |        | acc_w1_10              | add       | fabric                   | 0       |
|        select_ln365_10_fu_16317_p3                                                               |     |        | select_ln365_10        | select    | auto_sel                 | 0       |
|        acc_m1_10_fu_16329_p2                                                                     |     |        | acc_m1_10              | add       | fabric                   | 0       |
|        select_ln366_10_fu_20014_p3                                                               |     |        | select_ln366_10        | select    | auto_sel                 | 0       |
|        acc_w2_10_fu_20024_p2                                                                     |     |        | acc_w2_10              | add       | fabric                   | 0       |
|        select_ln367_10_fu_16335_p3                                                               |     |        | select_ln367_10        | select    | auto_sel                 | 0       |
|        acc_m2_10_fu_16347_p2                                                                     |     |        | acc_m2_10              | add       | fabric                   | 0       |
|        select_ln368_10_fu_20030_p3                                                               |     |        | select_ln368_10        | select    | auto_sel                 | 0       |
|        acc_w3_10_fu_20040_p2                                                                     |     |        | acc_w3_10              | add       | fabric                   | 0       |
|        select_ln369_10_fu_16353_p3                                                               |     |        | select_ln369_10        | select    | auto_sel                 | 0       |
|        acc_m3_10_fu_16365_p2                                                                     |     |        | acc_m3_10              | add       | fabric                   | 0       |
|        select_ln362_11_fu_20046_p3                                                               |     |        | select_ln362_11        | select    | auto_sel                 | 0       |
|        acc_w0_11_fu_20056_p2                                                                     |     |        | acc_w0_11              | add       | fabric                   | 0       |
|        select_ln363_11_fu_16371_p3                                                               |     |        | select_ln363_11        | select    | auto_sel                 | 0       |
|        acc_m0_11_fu_16383_p2                                                                     |     |        | acc_m0_11              | add       | fabric                   | 0       |
|        select_ln364_11_fu_20062_p3                                                               |     |        | select_ln364_11        | select    | auto_sel                 | 0       |
|        acc_w1_11_fu_20072_p2                                                                     |     |        | acc_w1_11              | add       | fabric                   | 0       |
|        select_ln365_11_fu_16389_p3                                                               |     |        | select_ln365_11        | select    | auto_sel                 | 0       |
|        acc_m1_11_fu_16401_p2                                                                     |     |        | acc_m1_11              | add       | fabric                   | 0       |
|        select_ln366_11_fu_20078_p3                                                               |     |        | select_ln366_11        | select    | auto_sel                 | 0       |
|        acc_w2_11_fu_20088_p2                                                                     |     |        | acc_w2_11              | add       | fabric                   | 0       |
|        select_ln367_11_fu_16407_p3                                                               |     |        | select_ln367_11        | select    | auto_sel                 | 0       |
|        acc_m2_11_fu_16419_p2                                                                     |     |        | acc_m2_11              | add       | fabric                   | 0       |
|        select_ln368_11_fu_20094_p3                                                               |     |        | select_ln368_11        | select    | auto_sel                 | 0       |
|        acc_w3_11_fu_20104_p2                                                                     |     |        | acc_w3_11              | add       | fabric                   | 0       |
|        select_ln369_11_fu_16425_p3                                                               |     |        | select_ln369_11        | select    | auto_sel                 | 0       |
|        acc_m3_11_fu_16437_p2                                                                     |     |        | acc_m3_11              | add       | fabric                   | 0       |
|        sparsemux_33_4_8_1_1_U367                                                                 |     |        | xi8_3                  | sparsemux | compactencoding_dontcare | 0       |
|        sparsemux_17_3_8_1_1_U312                                                                 |     |        | s0_3                   | sparsemux | compactencoding_dontcare | 0       |
|        sparsemux_17_3_8_1_1_U313                                                                 |     |        | m0_3                   | sparsemux | compactencoding_dontcare | 0       |
|        sparsemux_17_3_8_1_1_U314                                                                 |     |        | s1_3                   | sparsemux | compactencoding_dontcare | 0       |
|        sparsemux_17_3_8_1_1_U315                                                                 |     |        | m1_3                   | sparsemux | compactencoding_dontcare | 0       |
|        sparsemux_17_3_8_1_1_U316                                                                 |     |        | s2_3                   | sparsemux | compactencoding_dontcare | 0       |
|        sparsemux_17_3_8_1_1_U317                                                                 |     |        | m2_3                   | sparsemux | compactencoding_dontcare | 0       |
|        sparsemux_17_3_8_1_1_U318                                                                 |     |        | s3_3                   | sparsemux | compactencoding_dontcare | 0       |
|        sparsemux_17_3_8_1_1_U319                                                                 |     |        | m3_3                   | sparsemux | compactencoding_dontcare | 0       |
|        mul_8s_4ns_12_1_1_U368                                                                    |     |        | mul_ln352_6            | mul       | auto                     | 0       |
|        mul_12s_8s_19_1_1_U416                                                                    | 1   |        | mul_ln352_7            | mul       | auto                     | 0       |
|        mul_8s_8s_16_1_1_U417                                                                     |     |        | cm0_3                  | mul       | auto                     | 0       |
|        mul_8s_4ns_12_1_1_U369                                                                    |     |        | mul_ln354_6            | mul       | auto                     | 0       |
|        mul_12s_8s_19_1_1_U418                                                                    | 1   |        | mul_ln354_7            | mul       | auto                     | 0       |
|        mul_8s_8s_16_1_1_U419                                                                     |     |        | cm1_3                  | mul       | auto                     | 0       |
|        mul_8s_4ns_12_1_1_U370                                                                    |     |        | mul_ln356_6            | mul       | auto                     | 0       |
|        mul_12s_8s_19_1_1_U420                                                                    | 1   |        | mul_ln356_7            | mul       | auto                     | 0       |
|        mul_8s_8s_16_1_1_U421                                                                     |     |        | cm2_3                  | mul       | auto                     | 0       |
|        mul_8s_4ns_12_1_1_U371                                                                    |     |        | mul_ln358_6            | mul       | auto                     | 0       |
|        mul_12s_8s_19_1_1_U422                                                                    | 1   |        | mul_ln358_7            | mul       | auto                     | 0       |
|        mul_8s_8s_16_1_1_U423                                                                     |     |        | cm3_3                  | mul       | auto                     | 0       |
|        select_ln362_12_fu_20110_p3                                                               |     |        | select_ln362_12        | select    | auto_sel                 | 0       |
|        acc_w0_12_fu_20120_p2                                                                     |     |        | acc_w0_12              | add       | fabric                   | 0       |
|        select_ln363_12_fu_16530_p3                                                               |     |        | select_ln363_12        | select    | auto_sel                 | 0       |
|        acc_m0_12_fu_16542_p2                                                                     |     |        | acc_m0_12              | add       | fabric                   | 0       |
|        select_ln364_12_fu_20126_p3                                                               |     |        | select_ln364_12        | select    | auto_sel                 | 0       |
|        acc_w1_12_fu_20136_p2                                                                     |     |        | acc_w1_12              | add       | fabric                   | 0       |
|        select_ln365_12_fu_16548_p3                                                               |     |        | select_ln365_12        | select    | auto_sel                 | 0       |
|        acc_m1_12_fu_16560_p2                                                                     |     |        | acc_m1_12              | add       | fabric                   | 0       |
|        select_ln366_12_fu_20142_p3                                                               |     |        | select_ln366_12        | select    | auto_sel                 | 0       |
|        acc_w2_12_fu_20152_p2                                                                     |     |        | acc_w2_12              | add       | fabric                   | 0       |
|        select_ln367_12_fu_16566_p3                                                               |     |        | select_ln367_12        | select    | auto_sel                 | 0       |
|        acc_m2_12_fu_16578_p2                                                                     |     |        | acc_m2_12              | add       | fabric                   | 0       |
|        select_ln368_12_fu_20158_p3                                                               |     |        | select_ln368_12        | select    | auto_sel                 | 0       |
|        acc_w3_12_fu_20168_p2                                                                     |     |        | acc_w3_12              | add       | fabric                   | 0       |
|        select_ln369_12_fu_16584_p3                                                               |     |        | select_ln369_12        | select    | auto_sel                 | 0       |
|        acc_m3_12_fu_16596_p2                                                                     |     |        | acc_m3_12              | add       | fabric                   | 0       |
|        select_ln362_13_fu_20174_p3                                                               |     |        | select_ln362_13        | select    | auto_sel                 | 0       |
|        acc_w0_13_fu_20184_p2                                                                     |     |        | acc_w0_13              | add       | fabric                   | 0       |
|        select_ln363_13_fu_16602_p3                                                               |     |        | select_ln363_13        | select    | auto_sel                 | 0       |
|        acc_m0_13_fu_16614_p2                                                                     |     |        | acc_m0_13              | add       | fabric                   | 0       |
|        select_ln364_13_fu_20190_p3                                                               |     |        | select_ln364_13        | select    | auto_sel                 | 0       |
|        acc_w1_13_fu_20200_p2                                                                     |     |        | acc_w1_13              | add       | fabric                   | 0       |
|        select_ln365_13_fu_16620_p3                                                               |     |        | select_ln365_13        | select    | auto_sel                 | 0       |
|        acc_m1_13_fu_16632_p2                                                                     |     |        | acc_m1_13              | add       | fabric                   | 0       |
|        select_ln366_13_fu_20206_p3                                                               |     |        | select_ln366_13        | select    | auto_sel                 | 0       |
|        acc_w2_13_fu_20216_p2                                                                     |     |        | acc_w2_13              | add       | fabric                   | 0       |
|        select_ln367_13_fu_16638_p3                                                               |     |        | select_ln367_13        | select    | auto_sel                 | 0       |
|        acc_m2_13_fu_16650_p2                                                                     |     |        | acc_m2_13              | add       | fabric                   | 0       |
|        select_ln368_13_fu_20222_p3                                                               |     |        | select_ln368_13        | select    | auto_sel                 | 0       |
|        acc_w3_13_fu_20232_p2                                                                     |     |        | acc_w3_13              | add       | fabric                   | 0       |
|        select_ln369_13_fu_16656_p3                                                               |     |        | select_ln369_13        | select    | auto_sel                 | 0       |
|        acc_m3_13_fu_16668_p2                                                                     |     |        | acc_m3_13              | add       | fabric                   | 0       |
|        select_ln362_14_fu_20238_p3                                                               |     |        | select_ln362_14        | select    | auto_sel                 | 0       |
|        acc_w0_14_fu_20248_p2                                                                     |     |        | acc_w0_14              | add       | fabric                   | 0       |
|        select_ln363_14_fu_16674_p3                                                               |     |        | select_ln363_14        | select    | auto_sel                 | 0       |
|        acc_m0_14_fu_16686_p2                                                                     |     |        | acc_m0_14              | add       | fabric                   | 0       |
|        select_ln364_14_fu_20254_p3                                                               |     |        | select_ln364_14        | select    | auto_sel                 | 0       |
|        acc_w1_14_fu_20264_p2                                                                     |     |        | acc_w1_14              | add       | fabric                   | 0       |
|        select_ln365_14_fu_16692_p3                                                               |     |        | select_ln365_14        | select    | auto_sel                 | 0       |
|        acc_m1_14_fu_16704_p2                                                                     |     |        | acc_m1_14              | add       | fabric                   | 0       |
|        select_ln366_14_fu_20270_p3                                                               |     |        | select_ln366_14        | select    | auto_sel                 | 0       |
|        acc_w2_14_fu_20280_p2                                                                     |     |        | acc_w2_14              | add       | fabric                   | 0       |
|        select_ln367_14_fu_16710_p3                                                               |     |        | select_ln367_14        | select    | auto_sel                 | 0       |
|        acc_m2_14_fu_16722_p2                                                                     |     |        | acc_m2_14              | add       | fabric                   | 0       |
|        select_ln368_14_fu_20286_p3                                                               |     |        | select_ln368_14        | select    | auto_sel                 | 0       |
|        acc_w3_14_fu_20296_p2                                                                     |     |        | acc_w3_14              | add       | fabric                   | 0       |
|        select_ln369_14_fu_16728_p3                                                               |     |        | select_ln369_14        | select    | auto_sel                 | 0       |
|        acc_m3_14_fu_16740_p2                                                                     |     |        | acc_m3_14              | add       | fabric                   | 0       |
|        select_ln362_15_fu_20302_p3                                                               |     |        | select_ln362_15        | select    | auto_sel                 | 0       |
|        acc_w0_15_fu_20312_p2                                                                     |     |        | acc_w0_15              | add       | fabric                   | 0       |
|        select_ln363_15_fu_16746_p3                                                               |     |        | select_ln363_15        | select    | auto_sel                 | 0       |
|        acc_m0_15_fu_16758_p2                                                                     |     |        | acc_m0_15              | add       | fabric                   | 0       |
|        select_ln364_15_fu_20318_p3                                                               |     |        | select_ln364_15        | select    | auto_sel                 | 0       |
|        acc_w1_15_fu_20328_p2                                                                     |     |        | acc_w1_15              | add       | fabric                   | 0       |
|        select_ln365_15_fu_16764_p3                                                               |     |        | select_ln365_15        | select    | auto_sel                 | 0       |
|        acc_m1_15_fu_16776_p2                                                                     |     |        | acc_m1_15              | add       | fabric                   | 0       |
|        select_ln366_15_fu_20334_p3                                                               |     |        | select_ln366_15        | select    | auto_sel                 | 0       |
|        acc_w2_15_fu_20344_p2                                                                     |     |        | acc_w2_15              | add       | fabric                   | 0       |
|        select_ln367_15_fu_16782_p3                                                               |     |        | select_ln367_15        | select    | auto_sel                 | 0       |
|        acc_m2_15_fu_16794_p2                                                                     |     |        | acc_m2_15              | add       | fabric                   | 0       |
|        select_ln368_15_fu_20350_p3                                                               |     |        | select_ln368_15        | select    | auto_sel                 | 0       |
|        acc_w3_15_fu_20360_p2                                                                     |     |        | acc_w3_15              | add       | fabric                   | 0       |
|        select_ln369_15_fu_16800_p3                                                               |     |        | select_ln369_15        | select    | auto_sel                 | 0       |
|        acc_m3_15_fu_16812_p2                                                                     |     |        | acc_m3_15              | add       | fabric                   | 0       |
|        sparsemux_33_4_8_1_1_U372                                                                 |     |        | xi8_4                  | sparsemux | compactencoding_dontcare | 0       |
|        sparsemux_17_3_8_1_1_U320                                                                 |     |        | s0_4                   | sparsemux | compactencoding_dontcare | 0       |
|        sparsemux_17_3_8_1_1_U321                                                                 |     |        | m0_4                   | sparsemux | compactencoding_dontcare | 0       |
|        sparsemux_17_3_8_1_1_U322                                                                 |     |        | s1_4                   | sparsemux | compactencoding_dontcare | 0       |
|        sparsemux_17_3_8_1_1_U323                                                                 |     |        | m1_4                   | sparsemux | compactencoding_dontcare | 0       |
|        sparsemux_17_3_8_1_1_U324                                                                 |     |        | s2_4                   | sparsemux | compactencoding_dontcare | 0       |
|        sparsemux_17_3_8_1_1_U325                                                                 |     |        | m2_4                   | sparsemux | compactencoding_dontcare | 0       |
|        sparsemux_17_3_8_1_1_U326                                                                 |     |        | s3_4                   | sparsemux | compactencoding_dontcare | 0       |
|        sparsemux_17_3_8_1_1_U327                                                                 |     |        | m3_4                   | sparsemux | compactencoding_dontcare | 0       |
|        mul_8s_4ns_12_1_1_U373                                                                    |     |        | mul_ln352_8            | mul       | auto                     | 0       |
|        mul_12s_8s_19_1_1_U424                                                                    | 1   |        | mul_ln352_9            | mul       | auto                     | 0       |
|        mul_8s_8s_16_1_1_U425                                                                     |     |        | cm0_4                  | mul       | auto                     | 0       |
|        mul_8s_4ns_12_1_1_U374                                                                    |     |        | mul_ln354_8            | mul       | auto                     | 0       |
|        mul_12s_8s_19_1_1_U426                                                                    | 1   |        | mul_ln354_9            | mul       | auto                     | 0       |
|        mul_8s_8s_16_1_1_U427                                                                     |     |        | cm1_4                  | mul       | auto                     | 0       |
|        mul_8s_4ns_12_1_1_U375                                                                    |     |        | mul_ln356_8            | mul       | auto                     | 0       |
|        mul_12s_8s_19_1_1_U428                                                                    | 1   |        | mul_ln356_9            | mul       | auto                     | 0       |
|        mul_8s_8s_16_1_1_U429                                                                     |     |        | cm2_4                  | mul       | auto                     | 0       |
|        mul_8s_4ns_12_1_1_U376                                                                    |     |        | mul_ln358_8            | mul       | auto                     | 0       |
|        mul_12s_8s_19_1_1_U430                                                                    | 1   |        | mul_ln358_9            | mul       | auto                     | 0       |
|        mul_8s_8s_16_1_1_U431                                                                     |     |        | cm3_4                  | mul       | auto                     | 0       |
|        select_ln362_16_fu_20366_p3                                                               |     |        | select_ln362_16        | select    | auto_sel                 | 0       |
|        acc_w0_16_fu_20376_p2                                                                     |     |        | acc_w0_16              | add       | fabric                   | 0       |
|        select_ln363_16_fu_16905_p3                                                               |     |        | select_ln363_16        | select    | auto_sel                 | 0       |
|        acc_m0_16_fu_16917_p2                                                                     |     |        | acc_m0_16              | add       | fabric                   | 0       |
|        select_ln364_16_fu_20382_p3                                                               |     |        | select_ln364_16        | select    | auto_sel                 | 0       |
|        acc_w1_16_fu_20392_p2                                                                     |     |        | acc_w1_16              | add       | fabric                   | 0       |
|        select_ln365_16_fu_16923_p3                                                               |     |        | select_ln365_16        | select    | auto_sel                 | 0       |
|        acc_m1_16_fu_16935_p2                                                                     |     |        | acc_m1_16              | add       | fabric                   | 0       |
|        select_ln366_16_fu_20398_p3                                                               |     |        | select_ln366_16        | select    | auto_sel                 | 0       |
|        acc_w2_16_fu_20408_p2                                                                     |     |        | acc_w2_16              | add       | fabric                   | 0       |
|        select_ln367_16_fu_16941_p3                                                               |     |        | select_ln367_16        | select    | auto_sel                 | 0       |
|        acc_m2_16_fu_16953_p2                                                                     |     |        | acc_m2_16              | add       | fabric                   | 0       |
|        select_ln368_16_fu_20414_p3                                                               |     |        | select_ln368_16        | select    | auto_sel                 | 0       |
|        acc_w3_16_fu_20424_p2                                                                     |     |        | acc_w3_16              | add       | fabric                   | 0       |
|        select_ln369_16_fu_16959_p3                                                               |     |        | select_ln369_16        | select    | auto_sel                 | 0       |
|        acc_m3_16_fu_16971_p2                                                                     |     |        | acc_m3_16              | add       | fabric                   | 0       |
|        select_ln362_17_fu_20430_p3                                                               |     |        | select_ln362_17        | select    | auto_sel                 | 0       |
|        acc_w0_17_fu_20440_p2                                                                     |     |        | acc_w0_17              | add       | fabric                   | 0       |
|        select_ln363_17_fu_16977_p3                                                               |     |        | select_ln363_17        | select    | auto_sel                 | 0       |
|        acc_m0_17_fu_16989_p2                                                                     |     |        | acc_m0_17              | add       | fabric                   | 0       |
|        select_ln364_17_fu_20446_p3                                                               |     |        | select_ln364_17        | select    | auto_sel                 | 0       |
|        acc_w1_17_fu_20456_p2                                                                     |     |        | acc_w1_17              | add       | fabric                   | 0       |
|        select_ln365_17_fu_16995_p3                                                               |     |        | select_ln365_17        | select    | auto_sel                 | 0       |
|        acc_m1_17_fu_17007_p2                                                                     |     |        | acc_m1_17              | add       | fabric                   | 0       |
|        select_ln366_17_fu_20462_p3                                                               |     |        | select_ln366_17        | select    | auto_sel                 | 0       |
|        acc_w2_17_fu_20472_p2                                                                     |     |        | acc_w2_17              | add       | fabric                   | 0       |
|        select_ln367_17_fu_17013_p3                                                               |     |        | select_ln367_17        | select    | auto_sel                 | 0       |
|        acc_m2_17_fu_17025_p2                                                                     |     |        | acc_m2_17              | add       | fabric                   | 0       |
|        select_ln368_17_fu_20478_p3                                                               |     |        | select_ln368_17        | select    | auto_sel                 | 0       |
|        acc_w3_17_fu_20488_p2                                                                     |     |        | acc_w3_17              | add       | fabric                   | 0       |
|        select_ln369_17_fu_17031_p3                                                               |     |        | select_ln369_17        | select    | auto_sel                 | 0       |
|        acc_m3_17_fu_17043_p2                                                                     |     |        | acc_m3_17              | add       | fabric                   | 0       |
|        select_ln362_18_fu_20494_p3                                                               |     |        | select_ln362_18        | select    | auto_sel                 | 0       |
|        acc_w0_18_fu_20504_p2                                                                     |     |        | acc_w0_18              | add       | fabric                   | 0       |
|        select_ln363_18_fu_17049_p3                                                               |     |        | select_ln363_18        | select    | auto_sel                 | 0       |
|        acc_m0_18_fu_17061_p2                                                                     |     |        | acc_m0_18              | add       | fabric                   | 0       |
|        select_ln364_18_fu_20510_p3                                                               |     |        | select_ln364_18        | select    | auto_sel                 | 0       |
|        acc_w1_18_fu_20520_p2                                                                     |     |        | acc_w1_18              | add       | fabric                   | 0       |
|        select_ln365_18_fu_17067_p3                                                               |     |        | select_ln365_18        | select    | auto_sel                 | 0       |
|        acc_m1_18_fu_17079_p2                                                                     |     |        | acc_m1_18              | add       | fabric                   | 0       |
|        select_ln366_18_fu_20526_p3                                                               |     |        | select_ln366_18        | select    | auto_sel                 | 0       |
|        acc_w2_18_fu_20536_p2                                                                     |     |        | acc_w2_18              | add       | fabric                   | 0       |
|        select_ln367_18_fu_17085_p3                                                               |     |        | select_ln367_18        | select    | auto_sel                 | 0       |
|        acc_m2_18_fu_17097_p2                                                                     |     |        | acc_m2_18              | add       | fabric                   | 0       |
|        select_ln368_18_fu_20542_p3                                                               |     |        | select_ln368_18        | select    | auto_sel                 | 0       |
|        acc_w3_18_fu_20552_p2                                                                     |     |        | acc_w3_18              | add       | fabric                   | 0       |
|        select_ln369_18_fu_17103_p3                                                               |     |        | select_ln369_18        | select    | auto_sel                 | 0       |
|        acc_m3_18_fu_17115_p2                                                                     |     |        | acc_m3_18              | add       | fabric                   | 0       |
|        select_ln362_19_fu_20558_p3                                                               |     |        | select_ln362_19        | select    | auto_sel                 | 0       |
|        acc_w0_19_fu_20568_p2                                                                     |     |        | acc_w0_19              | add       | fabric                   | 0       |
|        select_ln363_19_fu_17121_p3                                                               |     |        | select_ln363_19        | select    | auto_sel                 | 0       |
|        acc_m0_19_fu_17133_p2                                                                     |     |        | acc_m0_19              | add       | fabric                   | 0       |
|        select_ln364_19_fu_20574_p3                                                               |     |        | select_ln364_19        | select    | auto_sel                 | 0       |
|        acc_w1_19_fu_20584_p2                                                                     |     |        | acc_w1_19              | add       | fabric                   | 0       |
|        select_ln365_19_fu_17139_p3                                                               |     |        | select_ln365_19        | select    | auto_sel                 | 0       |
|        acc_m1_19_fu_17151_p2                                                                     |     |        | acc_m1_19              | add       | fabric                   | 0       |
|        select_ln366_19_fu_20590_p3                                                               |     |        | select_ln366_19        | select    | auto_sel                 | 0       |
|        acc_w2_19_fu_20600_p2                                                                     |     |        | acc_w2_19              | add       | fabric                   | 0       |
|        select_ln367_19_fu_17157_p3                                                               |     |        | select_ln367_19        | select    | auto_sel                 | 0       |
|        acc_m2_19_fu_17169_p2                                                                     |     |        | acc_m2_19              | add       | fabric                   | 0       |
|        select_ln368_19_fu_20606_p3                                                               |     |        | select_ln368_19        | select    | auto_sel                 | 0       |
|        acc_w3_19_fu_20616_p2                                                                     |     |        | acc_w3_19              | add       | fabric                   | 0       |
|        select_ln369_19_fu_17175_p3                                                               |     |        | select_ln369_19        | select    | auto_sel                 | 0       |
|        acc_m3_19_fu_17187_p2                                                                     |     |        | acc_m3_19              | add       | fabric                   | 0       |
|        sparsemux_33_4_8_1_1_U377                                                                 |     |        | xi8_5                  | sparsemux | compactencoding_dontcare | 0       |
|        sparsemux_17_3_8_1_1_U328                                                                 |     |        | s0_5                   | sparsemux | compactencoding_dontcare | 0       |
|        sparsemux_17_3_8_1_1_U329                                                                 |     |        | m0_5                   | sparsemux | compactencoding_dontcare | 0       |
|        sparsemux_17_3_8_1_1_U330                                                                 |     |        | s1_5                   | sparsemux | compactencoding_dontcare | 0       |
|        sparsemux_17_3_8_1_1_U331                                                                 |     |        | m1_5                   | sparsemux | compactencoding_dontcare | 0       |
|        sparsemux_17_3_8_1_1_U332                                                                 |     |        | s2_5                   | sparsemux | compactencoding_dontcare | 0       |
|        sparsemux_17_3_8_1_1_U333                                                                 |     |        | m2_5                   | sparsemux | compactencoding_dontcare | 0       |
|        sparsemux_17_3_8_1_1_U334                                                                 |     |        | s3_5                   | sparsemux | compactencoding_dontcare | 0       |
|        sparsemux_17_3_8_1_1_U335                                                                 |     |        | m3_5                   | sparsemux | compactencoding_dontcare | 0       |
|        mul_8s_4ns_12_1_1_U378                                                                    |     |        | mul_ln352_10           | mul       | auto                     | 0       |
|        mul_12s_8s_19_1_1_U432                                                                    | 1   |        | mul_ln352_11           | mul       | auto                     | 0       |
|        mul_8s_8s_16_1_1_U433                                                                     |     |        | cm0_5                  | mul       | auto                     | 0       |
|        mul_8s_4ns_12_1_1_U379                                                                    |     |        | mul_ln354_10           | mul       | auto                     | 0       |
|        mul_12s_8s_19_1_1_U434                                                                    | 1   |        | mul_ln354_11           | mul       | auto                     | 0       |
|        mul_8s_8s_16_1_1_U435                                                                     |     |        | cm1_5                  | mul       | auto                     | 0       |
|        mul_8s_4ns_12_1_1_U380                                                                    |     |        | mul_ln356_10           | mul       | auto                     | 0       |
|        mul_12s_8s_19_1_1_U436                                                                    | 1   |        | mul_ln356_11           | mul       | auto                     | 0       |
|        mul_8s_8s_16_1_1_U437                                                                     |     |        | cm2_5                  | mul       | auto                     | 0       |
|        mul_8s_4ns_12_1_1_U381                                                                    |     |        | mul_ln358_10           | mul       | auto                     | 0       |
|        mul_12s_8s_19_1_1_U438                                                                    | 1   |        | mul_ln358_11           | mul       | auto                     | 0       |
|        mul_8s_8s_16_1_1_U439                                                                     |     |        | cm3_5                  | mul       | auto                     | 0       |
|        select_ln362_20_fu_20622_p3                                                               |     |        | select_ln362_20        | select    | auto_sel                 | 0       |
|        acc_w0_20_fu_20632_p2                                                                     |     |        | acc_w0_20              | add       | fabric                   | 0       |
|        select_ln363_20_fu_17280_p3                                                               |     |        | select_ln363_20        | select    | auto_sel                 | 0       |
|        acc_m0_20_fu_17292_p2                                                                     |     |        | acc_m0_20              | add       | fabric                   | 0       |
|        select_ln364_20_fu_20638_p3                                                               |     |        | select_ln364_20        | select    | auto_sel                 | 0       |
|        acc_w1_20_fu_20648_p2                                                                     |     |        | acc_w1_20              | add       | fabric                   | 0       |
|        select_ln365_20_fu_17298_p3                                                               |     |        | select_ln365_20        | select    | auto_sel                 | 0       |
|        acc_m1_20_fu_17310_p2                                                                     |     |        | acc_m1_20              | add       | fabric                   | 0       |
|        select_ln366_20_fu_20654_p3                                                               |     |        | select_ln366_20        | select    | auto_sel                 | 0       |
|        acc_w2_20_fu_20664_p2                                                                     |     |        | acc_w2_20              | add       | fabric                   | 0       |
|        select_ln367_20_fu_17316_p3                                                               |     |        | select_ln367_20        | select    | auto_sel                 | 0       |
|        acc_m2_20_fu_17328_p2                                                                     |     |        | acc_m2_20              | add       | fabric                   | 0       |
|        select_ln368_20_fu_20670_p3                                                               |     |        | select_ln368_20        | select    | auto_sel                 | 0       |
|        acc_w3_20_fu_20680_p2                                                                     |     |        | acc_w3_20              | add       | fabric                   | 0       |
|        select_ln369_20_fu_17334_p3                                                               |     |        | select_ln369_20        | select    | auto_sel                 | 0       |
|        acc_m3_20_fu_17346_p2                                                                     |     |        | acc_m3_20              | add       | fabric                   | 0       |
|        select_ln362_21_fu_20686_p3                                                               |     |        | select_ln362_21        | select    | auto_sel                 | 0       |
|        acc_w0_21_fu_20696_p2                                                                     |     |        | acc_w0_21              | add       | fabric                   | 0       |
|        select_ln363_21_fu_17352_p3                                                               |     |        | select_ln363_21        | select    | auto_sel                 | 0       |
|        acc_m0_21_fu_17364_p2                                                                     |     |        | acc_m0_21              | add       | fabric                   | 0       |
|        select_ln364_21_fu_20702_p3                                                               |     |        | select_ln364_21        | select    | auto_sel                 | 0       |
|        acc_w1_21_fu_20712_p2                                                                     |     |        | acc_w1_21              | add       | fabric                   | 0       |
|        select_ln365_21_fu_17370_p3                                                               |     |        | select_ln365_21        | select    | auto_sel                 | 0       |
|        acc_m1_21_fu_17382_p2                                                                     |     |        | acc_m1_21              | add       | fabric                   | 0       |
|        select_ln366_21_fu_20718_p3                                                               |     |        | select_ln366_21        | select    | auto_sel                 | 0       |
|        acc_w2_21_fu_20728_p2                                                                     |     |        | acc_w2_21              | add       | fabric                   | 0       |
|        select_ln367_21_fu_17388_p3                                                               |     |        | select_ln367_21        | select    | auto_sel                 | 0       |
|        acc_m2_21_fu_17400_p2                                                                     |     |        | acc_m2_21              | add       | fabric                   | 0       |
|        select_ln368_21_fu_20734_p3                                                               |     |        | select_ln368_21        | select    | auto_sel                 | 0       |
|        acc_w3_21_fu_20744_p2                                                                     |     |        | acc_w3_21              | add       | fabric                   | 0       |
|        select_ln369_21_fu_17406_p3                                                               |     |        | select_ln369_21        | select    | auto_sel                 | 0       |
|        acc_m3_21_fu_17418_p2                                                                     |     |        | acc_m3_21              | add       | fabric                   | 0       |
|        select_ln362_22_fu_20750_p3                                                               |     |        | select_ln362_22        | select    | auto_sel                 | 0       |
|        acc_w0_22_fu_20760_p2                                                                     |     |        | acc_w0_22              | add       | fabric                   | 0       |
|        select_ln363_22_fu_17424_p3                                                               |     |        | select_ln363_22        | select    | auto_sel                 | 0       |
|        acc_m0_22_fu_17436_p2                                                                     |     |        | acc_m0_22              | add       | fabric                   | 0       |
|        select_ln364_22_fu_20766_p3                                                               |     |        | select_ln364_22        | select    | auto_sel                 | 0       |
|        acc_w1_22_fu_20776_p2                                                                     |     |        | acc_w1_22              | add       | fabric                   | 0       |
|        select_ln365_22_fu_17442_p3                                                               |     |        | select_ln365_22        | select    | auto_sel                 | 0       |
|        acc_m1_22_fu_17454_p2                                                                     |     |        | acc_m1_22              | add       | fabric                   | 0       |
|        select_ln366_22_fu_20782_p3                                                               |     |        | select_ln366_22        | select    | auto_sel                 | 0       |
|        acc_w2_22_fu_20792_p2                                                                     |     |        | acc_w2_22              | add       | fabric                   | 0       |
|        select_ln367_22_fu_17460_p3                                                               |     |        | select_ln367_22        | select    | auto_sel                 | 0       |
|        acc_m2_22_fu_17472_p2                                                                     |     |        | acc_m2_22              | add       | fabric                   | 0       |
|        select_ln368_22_fu_20798_p3                                                               |     |        | select_ln368_22        | select    | auto_sel                 | 0       |
|        acc_w3_22_fu_20808_p2                                                                     |     |        | acc_w3_22              | add       | fabric                   | 0       |
|        select_ln369_22_fu_17478_p3                                                               |     |        | select_ln369_22        | select    | auto_sel                 | 0       |
|        acc_m3_22_fu_17490_p2                                                                     |     |        | acc_m3_22              | add       | fabric                   | 0       |
|        select_ln362_23_fu_20814_p3                                                               |     |        | select_ln362_23        | select    | auto_sel                 | 0       |
|        acc_w0_23_fu_20824_p2                                                                     |     |        | acc_w0_23              | add       | fabric                   | 0       |
|        select_ln363_23_fu_17496_p3                                                               |     |        | select_ln363_23        | select    | auto_sel                 | 0       |
|        acc_m0_23_fu_17508_p2                                                                     |     |        | acc_m0_23              | add       | fabric                   | 0       |
|        select_ln364_23_fu_20830_p3                                                               |     |        | select_ln364_23        | select    | auto_sel                 | 0       |
|        acc_w1_23_fu_20840_p2                                                                     |     |        | acc_w1_23              | add       | fabric                   | 0       |
|        select_ln365_23_fu_17514_p3                                                               |     |        | select_ln365_23        | select    | auto_sel                 | 0       |
|        acc_m1_23_fu_17526_p2                                                                     |     |        | acc_m1_23              | add       | fabric                   | 0       |
|        select_ln366_23_fu_20846_p3                                                               |     |        | select_ln366_23        | select    | auto_sel                 | 0       |
|        acc_w2_23_fu_20856_p2                                                                     |     |        | acc_w2_23              | add       | fabric                   | 0       |
|        select_ln367_23_fu_17532_p3                                                               |     |        | select_ln367_23        | select    | auto_sel                 | 0       |
|        acc_m2_23_fu_17544_p2                                                                     |     |        | acc_m2_23              | add       | fabric                   | 0       |
|        select_ln368_23_fu_20862_p3                                                               |     |        | select_ln368_23        | select    | auto_sel                 | 0       |
|        acc_w3_23_fu_20872_p2                                                                     |     |        | acc_w3_23              | add       | fabric                   | 0       |
|        select_ln369_23_fu_17550_p3                                                               |     |        | select_ln369_23        | select    | auto_sel                 | 0       |
|        acc_m3_23_fu_17562_p2                                                                     |     |        | acc_m3_23              | add       | fabric                   | 0       |
|        sparsemux_33_4_8_1_1_U382                                                                 |     |        | xi8_6                  | sparsemux | compactencoding_dontcare | 0       |
|        sparsemux_17_3_8_1_1_U336                                                                 |     |        | s0_6                   | sparsemux | compactencoding_dontcare | 0       |
|        sparsemux_17_3_8_1_1_U337                                                                 |     |        | m0_6                   | sparsemux | compactencoding_dontcare | 0       |
|        sparsemux_17_3_8_1_1_U338                                                                 |     |        | s1_6                   | sparsemux | compactencoding_dontcare | 0       |
|        sparsemux_17_3_8_1_1_U339                                                                 |     |        | m1_6                   | sparsemux | compactencoding_dontcare | 0       |
|        sparsemux_17_3_8_1_1_U340                                                                 |     |        | s2_6                   | sparsemux | compactencoding_dontcare | 0       |
|        sparsemux_17_3_8_1_1_U341                                                                 |     |        | m2_6                   | sparsemux | compactencoding_dontcare | 0       |
|        sparsemux_17_3_8_1_1_U342                                                                 |     |        | s3_6                   | sparsemux | compactencoding_dontcare | 0       |
|        sparsemux_17_3_8_1_1_U343                                                                 |     |        | m3_6                   | sparsemux | compactencoding_dontcare | 0       |
|        mul_8s_4ns_12_1_1_U383                                                                    |     |        | mul_ln352_12           | mul       | auto                     | 0       |
|        mul_12s_8s_19_1_1_U440                                                                    | 1   |        | mul_ln352_13           | mul       | auto                     | 0       |
|        mul_8s_8s_16_1_1_U441                                                                     |     |        | cm0_6                  | mul       | auto                     | 0       |
|        mul_8s_4ns_12_1_1_U384                                                                    |     |        | mul_ln354_12           | mul       | auto                     | 0       |
|        mul_12s_8s_19_1_1_U442                                                                    | 1   |        | mul_ln354_13           | mul       | auto                     | 0       |
|        mul_8s_8s_16_1_1_U443                                                                     |     |        | cm1_6                  | mul       | auto                     | 0       |
|        mul_8s_4ns_12_1_1_U385                                                                    |     |        | mul_ln356_12           | mul       | auto                     | 0       |
|        mul_12s_8s_19_1_1_U444                                                                    | 1   |        | mul_ln356_13           | mul       | auto                     | 0       |
|        mul_8s_8s_16_1_1_U445                                                                     |     |        | cm2_6                  | mul       | auto                     | 0       |
|        mul_8s_4ns_12_1_1_U386                                                                    |     |        | mul_ln358_12           | mul       | auto                     | 0       |
|        mul_12s_8s_19_1_1_U446                                                                    | 1   |        | mul_ln358_13           | mul       | auto                     | 0       |
|        mul_8s_8s_16_1_1_U447                                                                     |     |        | cm3_6                  | mul       | auto                     | 0       |
|        select_ln362_24_fu_20878_p3                                                               |     |        | select_ln362_24        | select    | auto_sel                 | 0       |
|        acc_w0_24_fu_20888_p2                                                                     |     |        | acc_w0_24              | add       | fabric                   | 0       |
|        select_ln363_24_fu_17655_p3                                                               |     |        | select_ln363_24        | select    | auto_sel                 | 0       |
|        acc_m0_24_fu_17667_p2                                                                     |     |        | acc_m0_24              | add       | fabric                   | 0       |
|        select_ln364_24_fu_20894_p3                                                               |     |        | select_ln364_24        | select    | auto_sel                 | 0       |
|        acc_w1_24_fu_20904_p2                                                                     |     |        | acc_w1_24              | add       | fabric                   | 0       |
|        select_ln365_24_fu_17673_p3                                                               |     |        | select_ln365_24        | select    | auto_sel                 | 0       |
|        acc_m1_24_fu_17685_p2                                                                     |     |        | acc_m1_24              | add       | fabric                   | 0       |
|        select_ln366_24_fu_20910_p3                                                               |     |        | select_ln366_24        | select    | auto_sel                 | 0       |
|        acc_w2_24_fu_20920_p2                                                                     |     |        | acc_w2_24              | add       | fabric                   | 0       |
|        select_ln367_24_fu_17691_p3                                                               |     |        | select_ln367_24        | select    | auto_sel                 | 0       |
|        acc_m2_24_fu_17703_p2                                                                     |     |        | acc_m2_24              | add       | fabric                   | 0       |
|        select_ln368_24_fu_20926_p3                                                               |     |        | select_ln368_24        | select    | auto_sel                 | 0       |
|        acc_w3_24_fu_20936_p2                                                                     |     |        | acc_w3_24              | add       | fabric                   | 0       |
|        select_ln369_24_fu_17709_p3                                                               |     |        | select_ln369_24        | select    | auto_sel                 | 0       |
|        acc_m3_24_fu_17721_p2                                                                     |     |        | acc_m3_24              | add       | fabric                   | 0       |
|        select_ln362_25_fu_20942_p3                                                               |     |        | select_ln362_25        | select    | auto_sel                 | 0       |
|        acc_w0_25_fu_20952_p2                                                                     |     |        | acc_w0_25              | add       | fabric                   | 0       |
|        select_ln363_25_fu_17727_p3                                                               |     |        | select_ln363_25        | select    | auto_sel                 | 0       |
|        acc_m0_25_fu_17739_p2                                                                     |     |        | acc_m0_25              | add       | fabric                   | 0       |
|        select_ln364_25_fu_20958_p3                                                               |     |        | select_ln364_25        | select    | auto_sel                 | 0       |
|        acc_w1_25_fu_20968_p2                                                                     |     |        | acc_w1_25              | add       | fabric                   | 0       |
|        select_ln365_25_fu_17745_p3                                                               |     |        | select_ln365_25        | select    | auto_sel                 | 0       |
|        acc_m1_25_fu_17757_p2                                                                     |     |        | acc_m1_25              | add       | fabric                   | 0       |
|        select_ln366_25_fu_20974_p3                                                               |     |        | select_ln366_25        | select    | auto_sel                 | 0       |
|        acc_w2_25_fu_20984_p2                                                                     |     |        | acc_w2_25              | add       | fabric                   | 0       |
|        select_ln367_25_fu_17763_p3                                                               |     |        | select_ln367_25        | select    | auto_sel                 | 0       |
|        acc_m2_25_fu_17775_p2                                                                     |     |        | acc_m2_25              | add       | fabric                   | 0       |
|        select_ln368_25_fu_20990_p3                                                               |     |        | select_ln368_25        | select    | auto_sel                 | 0       |
|        acc_w3_25_fu_21000_p2                                                                     |     |        | acc_w3_25              | add       | fabric                   | 0       |
|        select_ln369_25_fu_17781_p3                                                               |     |        | select_ln369_25        | select    | auto_sel                 | 0       |
|        acc_m3_25_fu_17793_p2                                                                     |     |        | acc_m3_25              | add       | fabric                   | 0       |
|        select_ln362_26_fu_21006_p3                                                               |     |        | select_ln362_26        | select    | auto_sel                 | 0       |
|        acc_w0_26_fu_21016_p2                                                                     |     |        | acc_w0_26              | add       | fabric                   | 0       |
|        select_ln363_26_fu_17799_p3                                                               |     |        | select_ln363_26        | select    | auto_sel                 | 0       |
|        acc_m0_26_fu_17811_p2                                                                     |     |        | acc_m0_26              | add       | fabric                   | 0       |
|        select_ln364_26_fu_21022_p3                                                               |     |        | select_ln364_26        | select    | auto_sel                 | 0       |
|        acc_w1_26_fu_21032_p2                                                                     |     |        | acc_w1_26              | add       | fabric                   | 0       |
|        select_ln365_26_fu_17817_p3                                                               |     |        | select_ln365_26        | select    | auto_sel                 | 0       |
|        acc_m1_26_fu_17829_p2                                                                     |     |        | acc_m1_26              | add       | fabric                   | 0       |
|        select_ln366_26_fu_21038_p3                                                               |     |        | select_ln366_26        | select    | auto_sel                 | 0       |
|        acc_w2_26_fu_21048_p2                                                                     |     |        | acc_w2_26              | add       | fabric                   | 0       |
|        select_ln367_26_fu_17835_p3                                                               |     |        | select_ln367_26        | select    | auto_sel                 | 0       |
|        acc_m2_26_fu_17847_p2                                                                     |     |        | acc_m2_26              | add       | fabric                   | 0       |
|        select_ln368_26_fu_21054_p3                                                               |     |        | select_ln368_26        | select    | auto_sel                 | 0       |
|        acc_w3_26_fu_21064_p2                                                                     |     |        | acc_w3_26              | add       | fabric                   | 0       |
|        select_ln369_26_fu_17853_p3                                                               |     |        | select_ln369_26        | select    | auto_sel                 | 0       |
|        acc_m3_26_fu_17865_p2                                                                     |     |        | acc_m3_26              | add       | fabric                   | 0       |
|        select_ln362_27_fu_21070_p3                                                               |     |        | select_ln362_27        | select    | auto_sel                 | 0       |
|        acc_w0_27_fu_21080_p2                                                                     |     |        | acc_w0_27              | add       | fabric                   | 0       |
|        select_ln363_27_fu_17871_p3                                                               |     |        | select_ln363_27        | select    | auto_sel                 | 0       |
|        acc_m0_27_fu_17883_p2                                                                     |     |        | acc_m0_27              | add       | fabric                   | 0       |
|        select_ln364_27_fu_21086_p3                                                               |     |        | select_ln364_27        | select    | auto_sel                 | 0       |
|        acc_w1_27_fu_21096_p2                                                                     |     |        | acc_w1_27              | add       | fabric                   | 0       |
|        select_ln365_27_fu_17889_p3                                                               |     |        | select_ln365_27        | select    | auto_sel                 | 0       |
|        acc_m1_27_fu_17901_p2                                                                     |     |        | acc_m1_27              | add       | fabric                   | 0       |
|        select_ln366_27_fu_21102_p3                                                               |     |        | select_ln366_27        | select    | auto_sel                 | 0       |
|        acc_w2_27_fu_21112_p2                                                                     |     |        | acc_w2_27              | add       | fabric                   | 0       |
|        select_ln367_27_fu_17907_p3                                                               |     |        | select_ln367_27        | select    | auto_sel                 | 0       |
|        acc_m2_27_fu_17919_p2                                                                     |     |        | acc_m2_27              | add       | fabric                   | 0       |
|        select_ln368_27_fu_21118_p3                                                               |     |        | select_ln368_27        | select    | auto_sel                 | 0       |
|        acc_w3_27_fu_21128_p2                                                                     |     |        | acc_w3_27              | add       | fabric                   | 0       |
|        select_ln369_27_fu_17925_p3                                                               |     |        | select_ln369_27        | select    | auto_sel                 | 0       |
|        acc_m3_27_fu_17937_p2                                                                     |     |        | acc_m3_27              | add       | fabric                   | 0       |
|        sparsemux_33_4_8_1_1_U387                                                                 |     |        | xi8_7                  | sparsemux | compactencoding_dontcare | 0       |
|        sparsemux_17_3_8_1_1_U344                                                                 |     |        | s0_7                   | sparsemux | compactencoding_dontcare | 0       |
|        sparsemux_17_3_8_1_1_U345                                                                 |     |        | m0_7                   | sparsemux | compactencoding_dontcare | 0       |
|        sparsemux_17_3_8_1_1_U346                                                                 |     |        | s1_7                   | sparsemux | compactencoding_dontcare | 0       |
|        sparsemux_17_3_8_1_1_U347                                                                 |     |        | m1_7                   | sparsemux | compactencoding_dontcare | 0       |
|        sparsemux_17_3_8_1_1_U348                                                                 |     |        | s2_7                   | sparsemux | compactencoding_dontcare | 0       |
|        sparsemux_17_3_8_1_1_U349                                                                 |     |        | m2_7                   | sparsemux | compactencoding_dontcare | 0       |
|        sparsemux_17_3_8_1_1_U350                                                                 |     |        | s3_7                   | sparsemux | compactencoding_dontcare | 0       |
|        sparsemux_17_3_8_1_1_U351                                                                 |     |        | m3_7                   | sparsemux | compactencoding_dontcare | 0       |
|        mul_8s_4ns_12_1_1_U388                                                                    |     |        | mul_ln352_14           | mul       | auto                     | 0       |
|        mul_12s_8s_19_1_1_U448                                                                    | 1   |        | mul_ln352_15           | mul       | auto                     | 0       |
|        mul_8s_8s_16_1_1_U449                                                                     |     |        | cm0_7                  | mul       | auto                     | 0       |
|        mul_8s_4ns_12_1_1_U389                                                                    |     |        | mul_ln354_14           | mul       | auto                     | 0       |
|        mul_12s_8s_19_1_1_U450                                                                    | 1   |        | mul_ln354_15           | mul       | auto                     | 0       |
|        mul_8s_8s_16_1_1_U451                                                                     |     |        | cm1_7                  | mul       | auto                     | 0       |
|        mul_8s_4ns_12_1_1_U390                                                                    |     |        | mul_ln356_14           | mul       | auto                     | 0       |
|        mul_12s_8s_19_1_1_U452                                                                    | 1   |        | mul_ln356_15           | mul       | auto                     | 0       |
|        mul_8s_8s_16_1_1_U453                                                                     |     |        | cm2_7                  | mul       | auto                     | 0       |
|        mul_8s_4ns_12_1_1_U391                                                                    |     |        | mul_ln358_14           | mul       | auto                     | 0       |
|        mul_12s_8s_19_1_1_U454                                                                    | 1   |        | mul_ln358_15           | mul       | auto                     | 0       |
|        mul_8s_8s_16_1_1_U455                                                                     |     |        | cm3_7                  | mul       | auto                     | 0       |
|        select_ln362_28_fu_21134_p3                                                               |     |        | select_ln362_28        | select    | auto_sel                 | 0       |
|        acc_w0_28_fu_21144_p2                                                                     |     |        | acc_w0_28              | add       | fabric                   | 0       |
|        select_ln363_28_fu_18030_p3                                                               |     |        | select_ln363_28        | select    | auto_sel                 | 0       |
|        acc_m0_28_fu_18042_p2                                                                     |     |        | acc_m0_28              | add       | fabric                   | 0       |
|        select_ln364_28_fu_21150_p3                                                               |     |        | select_ln364_28        | select    | auto_sel                 | 0       |
|        acc_w1_28_fu_21160_p2                                                                     |     |        | acc_w1_28              | add       | fabric                   | 0       |
|        select_ln365_28_fu_18048_p3                                                               |     |        | select_ln365_28        | select    | auto_sel                 | 0       |
|        acc_m1_28_fu_18060_p2                                                                     |     |        | acc_m1_28              | add       | fabric                   | 0       |
|        select_ln366_28_fu_21166_p3                                                               |     |        | select_ln366_28        | select    | auto_sel                 | 0       |
|        acc_w2_28_fu_21176_p2                                                                     |     |        | acc_w2_28              | add       | fabric                   | 0       |
|        select_ln367_28_fu_18066_p3                                                               |     |        | select_ln367_28        | select    | auto_sel                 | 0       |
|        acc_m2_28_fu_18078_p2                                                                     |     |        | acc_m2_28              | add       | fabric                   | 0       |
|        select_ln368_28_fu_21182_p3                                                               |     |        | select_ln368_28        | select    | auto_sel                 | 0       |
|        acc_w3_28_fu_21192_p2                                                                     |     |        | acc_w3_28              | add       | fabric                   | 0       |
|        select_ln369_28_fu_18084_p3                                                               |     |        | select_ln369_28        | select    | auto_sel                 | 0       |
|        acc_m3_28_fu_18096_p2                                                                     |     |        | acc_m3_28              | add       | fabric                   | 0       |
|        select_ln362_29_fu_21198_p3                                                               |     |        | select_ln362_29        | select    | auto_sel                 | 0       |
|        acc_w0_29_fu_21208_p2                                                                     |     |        | acc_w0_29              | add       | fabric                   | 0       |
|        select_ln363_29_fu_18102_p3                                                               |     |        | select_ln363_29        | select    | auto_sel                 | 0       |
|        acc_m0_29_fu_18114_p2                                                                     |     |        | acc_m0_29              | add       | fabric                   | 0       |
|        select_ln364_29_fu_21214_p3                                                               |     |        | select_ln364_29        | select    | auto_sel                 | 0       |
|        acc_w1_29_fu_21224_p2                                                                     |     |        | acc_w1_29              | add       | fabric                   | 0       |
|        select_ln365_29_fu_18120_p3                                                               |     |        | select_ln365_29        | select    | auto_sel                 | 0       |
|        acc_m1_29_fu_18132_p2                                                                     |     |        | acc_m1_29              | add       | fabric                   | 0       |
|        select_ln366_29_fu_21230_p3                                                               |     |        | select_ln366_29        | select    | auto_sel                 | 0       |
|        acc_w2_29_fu_21240_p2                                                                     |     |        | acc_w2_29              | add       | fabric                   | 0       |
|        select_ln367_29_fu_18138_p3                                                               |     |        | select_ln367_29        | select    | auto_sel                 | 0       |
|        acc_m2_29_fu_18150_p2                                                                     |     |        | acc_m2_29              | add       | fabric                   | 0       |
|        select_ln368_29_fu_21246_p3                                                               |     |        | select_ln368_29        | select    | auto_sel                 | 0       |
|        acc_w3_29_fu_21256_p2                                                                     |     |        | acc_w3_29              | add       | fabric                   | 0       |
|        select_ln369_29_fu_18156_p3                                                               |     |        | select_ln369_29        | select    | auto_sel                 | 0       |
|        acc_m3_29_fu_18168_p2                                                                     |     |        | acc_m3_29              | add       | fabric                   | 0       |
|        select_ln362_30_fu_21262_p3                                                               |     |        | select_ln362_30        | select    | auto_sel                 | 0       |
|        acc_w0_30_fu_21272_p2                                                                     |     |        | acc_w0_30              | add       | fabric                   | 0       |
|        select_ln363_30_fu_18174_p3                                                               |     |        | select_ln363_30        | select    | auto_sel                 | 0       |
|        acc_m0_30_fu_18186_p2                                                                     |     |        | acc_m0_30              | add       | fabric                   | 0       |
|        select_ln364_30_fu_21278_p3                                                               |     |        | select_ln364_30        | select    | auto_sel                 | 0       |
|        acc_w1_30_fu_21288_p2                                                                     |     |        | acc_w1_30              | add       | fabric                   | 0       |
|        select_ln365_30_fu_18192_p3                                                               |     |        | select_ln365_30        | select    | auto_sel                 | 0       |
|        acc_m1_30_fu_18204_p2                                                                     |     |        | acc_m1_30              | add       | fabric                   | 0       |
|        select_ln366_30_fu_21294_p3                                                               |     |        | select_ln366_30        | select    | auto_sel                 | 0       |
|        acc_w2_30_fu_21304_p2                                                                     |     |        | acc_w2_30              | add       | fabric                   | 0       |
|        select_ln367_30_fu_18210_p3                                                               |     |        | select_ln367_30        | select    | auto_sel                 | 0       |
|        acc_m2_30_fu_18222_p2                                                                     |     |        | acc_m2_30              | add       | fabric                   | 0       |
|        select_ln368_30_fu_21310_p3                                                               |     |        | select_ln368_30        | select    | auto_sel                 | 0       |
|        acc_w3_30_fu_21320_p2                                                                     |     |        | acc_w3_30              | add       | fabric                   | 0       |
|        select_ln369_30_fu_18228_p3                                                               |     |        | select_ln369_30        | select    | auto_sel                 | 0       |
|        acc_m3_30_fu_18240_p2                                                                     |     |        | acc_m3_30              | add       | fabric                   | 0       |
|        select_ln362_31_fu_21326_p3                                                               |     |        | select_ln362_31        | select    | auto_sel                 | 0       |
|        acc_w0_31_fu_21336_p2                                                                     |     |        | acc_w0_31              | add       | fabric                   | 0       |
|        select_ln363_31_fu_18246_p3                                                               |     |        | select_ln363_31        | select    | auto_sel                 | 0       |
|        acc_m0_31_fu_18258_p2                                                                     |     |        | acc_m0_31              | add       | fabric                   | 0       |
|        select_ln364_31_fu_21342_p3                                                               |     |        | select_ln364_31        | select    | auto_sel                 | 0       |
|        acc_w1_31_fu_21352_p2                                                                     |     |        | acc_w1_31              | add       | fabric                   | 0       |
|        select_ln365_31_fu_18264_p3                                                               |     |        | select_ln365_31        | select    | auto_sel                 | 0       |
|        acc_m1_31_fu_18276_p2                                                                     |     |        | acc_m1_31              | add       | fabric                   | 0       |
|        select_ln366_31_fu_21358_p3                                                               |     |        | select_ln366_31        | select    | auto_sel                 | 0       |
|        acc_w2_31_fu_21368_p2                                                                     |     |        | acc_w2_31              | add       | fabric                   | 0       |
|        select_ln367_31_fu_18282_p3                                                               |     |        | select_ln367_31        | select    | auto_sel                 | 0       |
|        acc_m2_31_fu_18294_p2                                                                     |     |        | acc_m2_31              | add       | fabric                   | 0       |
|        select_ln368_31_fu_21374_p3                                                               |     |        | select_ln368_31        | select    | auto_sel                 | 0       |
|        acc_w3_31_fu_21384_p2                                                                     |     |        | acc_w3_31              | add       | fabric                   | 0       |
|        select_ln369_31_fu_18300_p3                                                               |     |        | select_ln369_31        | select    | auto_sel                 | 0       |
|        acc_m3_31_fu_18312_p2                                                                     |     |        | acc_m3_31              | add       | fabric                   | 0       |
|      + mac_blocks_wv_k4_urm_Pipeline_REDUCE (grp_mac_blocks_wv_k4_urm_Pipeline_REDUCE_fu_2974)   | 20  |        |                        |           |                          |         |
|        icmp_ln375_fu_2430_p2                                                                     |     |        | icmp_ln375             | seteq     | auto                     | 0       |
|        add_ln375_fu_2436_p2                                                                      |     |        | add_ln375              | add       | fabric                   | 0       |
|        sparsemux_17_3_27_1_1_U1385                                                               |     |        | sw0                    | sparsemux | compactencoding_dontcare | 0       |
|        sparsemux_17_3_24_1_1_U1386                                                               |     |        | sm0                    | sparsemux | compactencoding_dontcare | 0       |
|        sparsemux_17_3_27_1_1_U1387                                                               |     |        | sw1                    | sparsemux | compactencoding_dontcare | 0       |
|        sparsemux_17_3_24_1_1_U1388                                                               |     |        | sm1                    | sparsemux | compactencoding_dontcare | 0       |
|        sparsemux_17_3_27_1_1_U1389                                                               |     |        | sw2                    | sparsemux | compactencoding_dontcare | 0       |
|        sparsemux_17_3_24_1_1_U1390                                                               |     |        | sm2                    | sparsemux | compactencoding_dontcare | 0       |
|        sparsemux_17_3_27_1_1_U1391                                                               |     |        | sw3                    | sparsemux | compactencoding_dontcare | 0       |
|        sparsemux_17_3_24_1_1_U1392                                                               |     |        | sm3                    | sparsemux | compactencoding_dontcare | 0       |
|        sparsemux_17_3_27_1_1_U1393                                                               |     |        | tmp                    | sparsemux | compactencoding_dontcare | 0       |
|        sparsemux_17_3_24_1_1_U1394                                                               |     |        | tmp_8                  | sparsemux | compactencoding_dontcare | 0       |
|        sparsemux_17_3_27_1_1_U1395                                                               |     |        | tmp_9                  | sparsemux | compactencoding_dontcare | 0       |
|        sparsemux_17_3_24_1_1_U1396                                                               |     |        | tmp_s                  | sparsemux | compactencoding_dontcare | 0       |
|        sparsemux_17_3_27_1_1_U1397                                                               |     |        | tmp_1                  | sparsemux | compactencoding_dontcare | 0       |
|        sparsemux_17_3_24_1_1_U1398                                                               |     |        | tmp_2                  | sparsemux | compactencoding_dontcare | 0       |
|        sparsemux_17_3_27_1_1_U1399                                                               |     |        | tmp_3                  | sparsemux | compactencoding_dontcare | 0       |
|        sparsemux_17_3_24_1_1_U1400                                                               |     |        | tmp_4                  | sparsemux | compactencoding_dontcare | 0       |
|        sparsemux_17_3_27_1_1_U1401                                                               |     |        | tmp_5                  | sparsemux | compactencoding_dontcare | 0       |
|        sparsemux_17_3_24_1_1_U1402                                                               |     |        | tmp_6                  | sparsemux | compactencoding_dontcare | 0       |
|        sparsemux_17_3_27_1_1_U1403                                                               |     |        | tmp_7                  | sparsemux | compactencoding_dontcare | 0       |
|        sparsemux_17_3_24_1_1_U1404                                                               |     |        | tmp_10                 | sparsemux | compactencoding_dontcare | 0       |
|        sparsemux_17_3_27_1_1_U1405                                                               |     |        | tmp_11                 | sparsemux | compactencoding_dontcare | 0       |
|        sparsemux_17_3_24_1_1_U1406                                                               |     |        | tmp_12                 | sparsemux | compactencoding_dontcare | 0       |
|        sparsemux_17_3_27_1_1_U1407                                                               |     |        | tmp_13                 | sparsemux | compactencoding_dontcare | 0       |
|        sparsemux_17_3_24_1_1_U1408                                                               |     |        | tmp_14                 | sparsemux | compactencoding_dontcare | 0       |
|        sparsemux_17_3_27_1_1_U1409                                                               |     |        | tmp_15                 | sparsemux | compactencoding_dontcare | 0       |
|        add_ln380_fu_3546_p2                                                                      |     |        | add_ln380              | add       | fabric                   | 0       |
|        add_ln380_1_fu_3556_p2                                                                    |     |        | add_ln380_1            | add       | fabric                   | 0       |
|        sw0_1_fu_3566_p2                                                                          |     |        | sw0_1                  | add       | fabric                   | 0       |
|        sparsemux_17_3_24_1_1_U1410                                                               |     |        | tmp_16                 | sparsemux | compactencoding_dontcare | 0       |
|        sm0_1_fu_3632_p2                                                                          |     |        | sm0_1                  | add       | fabric                   | 0       |
|        sparsemux_17_3_27_1_1_U1411                                                               |     |        | tmp_17                 | sparsemux | compactencoding_dontcare | 0       |
|        add_ln381_fu_3682_p2                                                                      |     |        | add_ln381              | add       | fabric                   | 0       |
|        add_ln381_1_fu_3692_p2                                                                    |     |        | add_ln381_1            | add       | fabric                   | 0       |
|        sw1_1_fu_3702_p2                                                                          |     |        | sw1_1                  | add       | fabric                   | 0       |
|        sparsemux_17_3_24_1_1_U1412                                                               |     |        | tmp_18                 | sparsemux | compactencoding_dontcare | 0       |
|        sm1_1_fu_3768_p2                                                                          |     |        | sm1_1                  | add       | fabric                   | 0       |
|        sparsemux_17_3_27_1_1_U1413                                                               |     |        | tmp_19                 | sparsemux | compactencoding_dontcare | 0       |
|        add_ln382_fu_3818_p2                                                                      |     |        | add_ln382              | add       | fabric                   | 0       |
|        add_ln382_1_fu_3828_p2                                                                    |     |        | add_ln382_1            | add       | fabric                   | 0       |
|        sw2_1_fu_3838_p2                                                                          |     |        | sw2_1                  | add       | fabric                   | 0       |
|        sparsemux_17_3_24_1_1_U1414                                                               |     |        | tmp_20                 | sparsemux | compactencoding_dontcare | 0       |
|        sm2_1_fu_3904_p2                                                                          |     |        | sm2_1                  | add       | fabric                   | 0       |
|        sparsemux_17_3_27_1_1_U1415                                                               |     |        | tmp_21                 | sparsemux | compactencoding_dontcare | 0       |
|        add_ln383_fu_3954_p2                                                                      |     |        | add_ln383              | add       | fabric                   | 0       |
|        add_ln383_1_fu_3964_p2                                                                    |     |        | add_ln383_1            | add       | fabric                   | 0       |
|        sw3_1_fu_3974_p2                                                                          |     |        | sw3_1                  | add       | fabric                   | 0       |
|        sparsemux_17_3_24_1_1_U1416                                                               |     |        | tmp_22                 | sparsemux | compactencoding_dontcare | 0       |
|        sm3_1_fu_4040_p2                                                                          |     |        | sm3_1                  | add       | fabric                   | 0       |
|        sitofp_32s_32_6_no_dsp_1_U1373                                                            |     |        | conv                   | sitofp    | auto                     | 5       |
|        sitofp_32s_32_6_no_dsp_1_U1374                                                            |     |        | conv1                  | sitofp    | auto                     | 5       |
|        fsub_32ns_32ns_32_10_full_dsp_1_U1361                                                     | 2   |        | sub1                   | fsub      | fulldsp                  | 9       |
|        fpext_32ns_64_2_no_dsp_1_U1381                                                            |     |        | pf                     | fpext     | auto                     | 1       |
|        sub_ln385_fu_4273_p2                                                                      |     |        | sub_ln385              | sub       | fabric                   | 0       |
|        select_ln385_fu_4279_p3                                                                   |     |        | select_ln385           | select    | auto_sel                 | 0       |
|        icmp_ln385_fu_4286_p2                                                                     |     |        | icmp_ln385             | seteq     | auto                     | 0       |
|        sub_ln385_1_fu_4126_p2                                                                    |     |        | sub_ln385_1            | sub       | fabric                   | 0       |
|        icmp_ln385_1_fu_4291_p2                                                                   |     |        | icmp_ln385_1           | setgt     | auto                     | 0       |
|        add_ln385_fu_4296_p2                                                                      |     |        | add_ln385              | add       | fabric                   | 0       |
|        sub_ln385_2_fu_4301_p2                                                                    |     |        | sub_ln385_2            | sub       | fabric                   | 0       |
|        select_ln385_1_fu_4306_p3                                                                 |     |        | select_ln385_1         | select    | auto_sel                 | 0       |
|        icmp_ln385_2_fu_4314_p2                                                                   |     |        | icmp_ln385_2           | seteq     | auto                     | 0       |
|        icmp_ln385_3_fu_4323_p2                                                                   |     |        | icmp_ln385_3           | setlt     | auto                     | 0       |
|        select_ln385_4_fu_4646_p3                                                                 |     |        | select_ln385_4         | select    | auto_sel                 | 0       |
|        ashr_ln385_fu_4333_p2                                                                     |     |        | ashr_ln385             | ashr      | auto_pipe                | 0       |
|        storemerge4_i_fu_4703_p6                                                                  |     |        | select_ln385_2         | select    | auto_sel                 | 0       |
|        icmp_ln385_4_fu_4339_p2                                                                   |     |        | icmp_ln385_4           | setlt     | auto                     | 0       |
|        shl_ln385_fu_4349_p2                                                                      |     |        | shl_ln385              | shl       | auto_pipe                | 0       |
|        storemerge4_i_fu_4703_p8                                                                  |     |        | select_ln385_3         | select    | auto_sel                 | 0       |
|        xor_ln385_fu_4669_p2                                                                      |     |        | xor_ln385              | xor       | auto                     | 0       |
|        and_ln385_fu_4674_p2                                                                      |     |        | and_ln385              | and       | auto                     | 0       |
|        or_ln385_fu_4679_p2                                                                       |     |        | or_ln385               | or        | auto                     | 0       |
|        xor_ln385_1_fu_4683_p2                                                                    |     |        | xor_ln385_1            | xor       | auto                     | 0       |
|        and_ln385_1_fu_4689_p2                                                                    |     |        | and_ln385_1            | and       | auto                     | 0       |
|        sparsemux_9_3_48_1_1_U1417                                                                |     |        | storemerge4_i          | sparsemux | onehotencoding_realdef   | 0       |
|        total0_1_fu_4726_p2                                                                       |     |        | total0_1               | add       | fabric                   | 0       |
|        sitofp_32s_32_6_no_dsp_1_U1375                                                            |     |        | conv2                  | sitofp    | auto                     | 5       |
|        sitofp_32s_32_6_no_dsp_1_U1376                                                            |     |        | conv3                  | sitofp    | auto                     | 5       |
|        fsub_32ns_32ns_32_10_full_dsp_1_U1362                                                     | 2   |        | sub2                   | fsub      | fulldsp                  | 9       |
|        fpext_32ns_64_2_no_dsp_1_U1382                                                            |     |        | pf_1                   | fpext     | auto                     | 1       |
|        sub_ln386_fu_4366_p2                                                                      |     |        | sub_ln386              | sub       | fabric                   | 0       |
|        select_ln386_fu_4372_p3                                                                   |     |        | select_ln386           | select    | auto_sel                 | 0       |
|        icmp_ln386_fu_4379_p2                                                                     |     |        | icmp_ln386             | seteq     | auto                     | 0       |
|        sub_ln386_1_fu_4168_p2                                                                    |     |        | sub_ln386_1            | sub       | fabric                   | 0       |
|        icmp_ln386_1_fu_4384_p2                                                                   |     |        | icmp_ln386_1           | setgt     | auto                     | 0       |
|        add_ln386_fu_4389_p2                                                                      |     |        | add_ln386              | add       | fabric                   | 0       |
|        sub_ln386_2_fu_4394_p2                                                                    |     |        | sub_ln386_2            | sub       | fabric                   | 0       |
|        select_ln386_1_fu_4399_p3                                                                 |     |        | select_ln386_1         | select    | auto_sel                 | 0       |
|        icmp_ln386_2_fu_4407_p2                                                                   |     |        | icmp_ln386_2           | seteq     | auto                     | 0       |
|        icmp_ln386_3_fu_4416_p2                                                                   |     |        | icmp_ln386_3           | setlt     | auto                     | 0       |
|        select_ln386_4_fu_4732_p3                                                                 |     |        | select_ln386_4         | select    | auto_sel                 | 0       |
|        ashr_ln386_fu_4426_p2                                                                     |     |        | ashr_ln386             | ashr      | auto_pipe                | 0       |
|        storemerge4_i1_fu_4789_p6                                                                 |     |        | select_ln386_2         | select    | auto_sel                 | 0       |
|        icmp_ln386_4_fu_4432_p2                                                                   |     |        | icmp_ln386_4           | setlt     | auto                     | 0       |
|        shl_ln386_fu_4442_p2                                                                      |     |        | shl_ln386              | shl       | auto_pipe                | 0       |
|        storemerge4_i1_fu_4789_p8                                                                 |     |        | select_ln386_3         | select    | auto_sel                 | 0       |
|        xor_ln386_fu_4755_p2                                                                      |     |        | xor_ln386              | xor       | auto                     | 0       |
|        and_ln386_fu_4760_p2                                                                      |     |        | and_ln386              | and       | auto                     | 0       |
|        or_ln386_fu_4765_p2                                                                       |     |        | or_ln386               | or        | auto                     | 0       |
|        xor_ln386_1_fu_4769_p2                                                                    |     |        | xor_ln386_1            | xor       | auto                     | 0       |
|        and_ln386_1_fu_4775_p2                                                                    |     |        | and_ln386_1            | and       | auto                     | 0       |
|        sparsemux_9_3_48_1_1_U1418                                                                |     |        | storemerge4_i1         | sparsemux | onehotencoding_realdef   | 0       |
|        total1_1_fu_4812_p2                                                                       |     |        | total1_1               | add       | fabric                   | 0       |
|        sitofp_32s_32_6_no_dsp_1_U1377                                                            |     |        | conv4                  | sitofp    | auto                     | 5       |
|        fmul_32ns_32ns_32_5_max_dsp_1_U1369                                                       | 3   |        | mul5                   | fmul      | maxdsp                   | 4       |
|        sitofp_32s_32_6_no_dsp_1_U1378                                                            |     |        | conv5                  | sitofp    | auto                     | 5       |
|        fmul_32ns_32ns_32_5_max_dsp_1_U1370                                                       | 3   |        | mul6                   | fmul      | maxdsp                   | 4       |
|        fsub_32ns_32ns_32_10_full_dsp_1_U1363                                                     | 2   |        | sub3                   | fsub      | fulldsp                  | 9       |
|        fpext_32ns_64_2_no_dsp_1_U1383                                                            |     |        | pf_2                   | fpext     | auto                     | 1       |
|        sub_ln387_fu_4459_p2                                                                      |     |        | sub_ln387              | sub       | fabric                   | 0       |
|        select_ln387_fu_4465_p3                                                                   |     |        | select_ln387           | select    | auto_sel                 | 0       |
|        icmp_ln387_fu_4472_p2                                                                     |     |        | icmp_ln387             | seteq     | auto                     | 0       |
|        sub_ln387_1_fu_4210_p2                                                                    |     |        | sub_ln387_1            | sub       | fabric                   | 0       |
|        icmp_ln387_1_fu_4477_p2                                                                   |     |        | icmp_ln387_1           | setgt     | auto                     | 0       |
|        add_ln387_fu_4482_p2                                                                      |     |        | add_ln387              | add       | fabric                   | 0       |
|        sub_ln387_2_fu_4487_p2                                                                    |     |        | sub_ln387_2            | sub       | fabric                   | 0       |
|        select_ln387_1_fu_4492_p3                                                                 |     |        | select_ln387_1         | select    | auto_sel                 | 0       |
|        icmp_ln387_2_fu_4500_p2                                                                   |     |        | icmp_ln387_2           | seteq     | auto                     | 0       |
|        icmp_ln387_3_fu_4509_p2                                                                   |     |        | icmp_ln387_3           | setlt     | auto                     | 0       |
|        select_ln387_4_fu_4818_p3                                                                 |     |        | select_ln387_4         | select    | auto_sel                 | 0       |
|        ashr_ln387_fu_4519_p2                                                                     |     |        | ashr_ln387             | ashr      | auto_pipe                | 0       |
|        storemerge4_i2_fu_4875_p6                                                                 |     |        | select_ln387_2         | select    | auto_sel                 | 0       |
|        icmp_ln387_4_fu_4525_p2                                                                   |     |        | icmp_ln387_4           | setlt     | auto                     | 0       |
|        shl_ln387_fu_4535_p2                                                                      |     |        | shl_ln387              | shl       | auto_pipe                | 0       |
|        storemerge4_i2_fu_4875_p8                                                                 |     |        | select_ln387_3         | select    | auto_sel                 | 0       |
|        xor_ln387_fu_4841_p2                                                                      |     |        | xor_ln387              | xor       | auto                     | 0       |
|        and_ln387_fu_4846_p2                                                                      |     |        | and_ln387              | and       | auto                     | 0       |
|        or_ln387_fu_4851_p2                                                                       |     |        | or_ln387               | or        | auto                     | 0       |
|        xor_ln387_1_fu_4855_p2                                                                    |     |        | xor_ln387_1            | xor       | auto                     | 0       |
|        and_ln387_1_fu_4861_p2                                                                    |     |        | and_ln387_1            | and       | auto                     | 0       |
|        sparsemux_9_3_48_1_1_U1419                                                                |     |        | storemerge4_i2         | sparsemux | onehotencoding_realdef   | 0       |
|        total2_1_fu_4898_p2                                                                       |     |        | total2_1               | add       | fabric                   | 0       |
|        sitofp_32s_32_6_no_dsp_1_U1379                                                            |     |        | conv6                  | sitofp    | auto                     | 5       |
|        fmul_32ns_32ns_32_5_max_dsp_1_U1371                                                       | 3   |        | mul8                   | fmul      | maxdsp                   | 4       |
|        sitofp_32s_32_6_no_dsp_1_U1380                                                            |     |        | conv7                  | sitofp    | auto                     | 5       |
|        fmul_32ns_32ns_32_5_max_dsp_1_U1372                                                       | 3   |        | mul9                   | fmul      | maxdsp                   | 4       |
|        fsub_32ns_32ns_32_10_full_dsp_1_U1364                                                     | 2   |        | sub4                   | fsub      | fulldsp                  | 9       |
|        fpext_32ns_64_2_no_dsp_1_U1384                                                            |     |        | pf_3                   | fpext     | auto                     | 1       |
|        sub_ln388_fu_4552_p2                                                                      |     |        | sub_ln388              | sub       | fabric                   | 0       |
|        select_ln388_fu_4558_p3                                                                   |     |        | select_ln388           | select    | auto_sel                 | 0       |
|        icmp_ln388_fu_4565_p2                                                                     |     |        | icmp_ln388             | seteq     | auto                     | 0       |
|        sub_ln388_1_fu_4252_p2                                                                    |     |        | sub_ln388_1            | sub       | fabric                   | 0       |
|        icmp_ln388_1_fu_4570_p2                                                                   |     |        | icmp_ln388_1           | setgt     | auto                     | 0       |
|        add_ln388_fu_4575_p2                                                                      |     |        | add_ln388              | add       | fabric                   | 0       |
|        sub_ln388_2_fu_4580_p2                                                                    |     |        | sub_ln388_2            | sub       | fabric                   | 0       |
|        select_ln388_1_fu_4585_p3                                                                 |     |        | select_ln388_1         | select    | auto_sel                 | 0       |
|        icmp_ln388_2_fu_4593_p2                                                                   |     |        | icmp_ln388_2           | seteq     | auto                     | 0       |
|        icmp_ln388_3_fu_4602_p2                                                                   |     |        | icmp_ln388_3           | setlt     | auto                     | 0       |
|        select_ln388_4_fu_4904_p3                                                                 |     |        | select_ln388_4         | select    | auto_sel                 | 0       |
|        ashr_ln388_fu_4612_p2                                                                     |     |        | ashr_ln388             | ashr      | auto_pipe                | 0       |
|        storemerge4_i3_fu_4961_p6                                                                 |     |        | select_ln388_2         | select    | auto_sel                 | 0       |
|        icmp_ln388_4_fu_4618_p2                                                                   |     |        | icmp_ln388_4           | setlt     | auto                     | 0       |
|        shl_ln388_fu_4628_p2                                                                      |     |        | shl_ln388              | shl       | auto_pipe                | 0       |
|        storemerge4_i3_fu_4961_p8                                                                 |     |        | select_ln388_3         | select    | auto_sel                 | 0       |
|        xor_ln388_fu_4927_p2                                                                      |     |        | xor_ln388              | xor       | auto                     | 0       |
|        and_ln388_fu_4932_p2                                                                      |     |        | and_ln388              | and       | auto                     | 0       |
|        or_ln388_fu_4937_p2                                                                       |     |        | or_ln388               | or        | auto                     | 0       |
|        xor_ln388_1_fu_4941_p2                                                                    |     |        | xor_ln388_1            | xor       | auto                     | 0       |
|        and_ln388_1_fu_4947_p2                                                                    |     |        | and_ln388_1            | and       | auto                     | 0       |
|        sparsemux_9_3_48_1_1_U1420                                                                |     |        | storemerge4_i3         | sparsemux | onehotencoding_realdef   | 0       |
|        total3_1_fu_4984_p2                                                                       |     |        | total3_1               | add       | fabric                   | 0       |
|  + compute_gate                                                                                  | 22  |        |                        |           |                          |         |
|    icmp_ln740_fu_182_p2                                                                          |     |        | icmp_ln740             | setne     | auto                     | 0       |
|    icmp_ln740_1_fu_188_p2                                                                        |     |        | icmp_ln740_1           | seteq     | auto                     | 0       |
|    sitofp_32s_32_6_no_dsp_1_U3099                                                                |     |        | or_ln740               | or        | auto                     | 0       |
|    fmul_32ns_32ns_32_5_max_dsp_1_U3095                                                           |     |        | tmp_17                 | fcmp      | auto                     | 1       |
|    sitofp_32s_32_6_no_dsp_1_U3098                                                                |     |        | and_ln740              | and       | auto                     | 0       |
|    fmul_32ns_32ns_32_5_max_dsp_1_U3094                                                           |     |        | max_abs                | select    | auto_sel                 | 0       |
|    icmp_ln740_2_fu_250_p2                                                                        |     |        | icmp_ln740_2           | setne     | auto                     | 0       |
|    icmp_ln740_3_fu_256_p2                                                                        |     |        | icmp_ln740_3           | seteq     | auto                     | 0       |
|    or_ln740_1_fu_262_p2                                                                          |     |        | or_ln740_1             | or        | auto                     | 0       |
|    icmp_ln740_4_fu_268_p2                                                                        |     |        | icmp_ln740_4           | setne     | auto                     | 0       |
|    icmp_ln740_5_fu_274_p2                                                                        |     |        | icmp_ln740_5           | seteq     | auto                     | 0       |
|    or_ln740_2_fu_280_p2                                                                          |     |        | or_ln740_2             | or        | auto                     | 0       |
|    and_ln740_1_fu_286_p2                                                                         |     |        | and_ln740_1            | and       | auto                     | 0       |
|    fcmp_32ns_32ns_1_2_no_dsp_1_U3091                                                             |     |        | tmp_20                 | fcmp      | auto                     | 1       |
|    and_ln740_2_fu_292_p2                                                                         |     |        | and_ln740_2            | and       | auto                     | 0       |
|    max_abs_1_fu_297_p3                                                                           |     |        | max_abs_1              | select    | auto_sel                 | 0       |
|    icmp_ln740_6_fu_341_p2                                                                        |     |        | icmp_ln740_6           | setne     | auto                     | 0       |
|    icmp_ln740_7_fu_347_p2                                                                        |     |        | icmp_ln740_7           | seteq     | auto                     | 0       |
|    or_ln740_3_fu_353_p2                                                                          |     |        | or_ln740_3             | or        | auto                     | 0       |
|    icmp_ln740_8_fu_359_p2                                                                        |     |        | icmp_ln740_8           | setne     | auto                     | 0       |
|    icmp_ln740_9_fu_365_p2                                                                        |     |        | icmp_ln740_9           | seteq     | auto                     | 0       |
|    or_ln740_4_fu_371_p2                                                                          |     |        | or_ln740_4             | or        | auto                     | 0       |
|    and_ln740_3_fu_377_p2                                                                         |     |        | and_ln740_3            | and       | auto                     | 0       |
|    fcmp_32ns_32ns_1_2_no_dsp_1_U3091                                                             |     |        | tmp_23                 | fcmp      | auto                     | 1       |
|    and_ln740_4_fu_383_p2                                                                         |     |        | and_ln740_4            | and       | auto                     | 0       |
|    fmul_32ns_32ns_32_5_max_dsp_1_U3096                                                           |     |        | max_abs_2              | select    | auto_sel                 | 0       |
|    fmul_32ns_32ns_32_5_max_dsp_1_U3097                                                           |     |        | icmp_ln740_10          | setne     | auto                     | 0       |
|    icmp_ln740_11_fu_438_p2                                                                       |     |        | icmp_ln740_11          | seteq     | auto                     | 0       |
|    fcmp_32ns_32ns_1_2_no_dsp_1_U3091                                                             |     |        | or_ln740_5             | or        | auto                     | 0       |
|    icmp_ln740_12_fu_450_p2                                                                       |     |        | icmp_ln740_12          | setne     | auto                     | 0       |
|    icmp_ln740_13_fu_456_p2                                                                       |     |        | icmp_ln740_13          | seteq     | auto                     | 0       |
|    or_ln740_6_fu_462_p2                                                                          |     |        | or_ln740_6             | or        | auto                     | 0       |
|    and_ln740_5_fu_468_p2                                                                         |     |        | and_ln740_5            | and       | auto                     | 0       |
|    fcmp_32ns_32ns_1_2_no_dsp_1_U3091                                                             |     |        | tmp_26                 | fcmp      | auto                     | 1       |
|    and_ln740_6_fu_474_p2                                                                         |     |        | and_ln740_6            | and       | auto                     | 0       |
|    max_abs_3_fu_479_p3                                                                           |     |        | max_abs_3              | select    | auto_sel                 | 0       |
|    icmp_ln740_14_fu_523_p2                                                                       |     |        | icmp_ln740_14          | setne     | auto                     | 0       |
|    icmp_ln740_15_fu_529_p2                                                                       |     |        | icmp_ln740_15          | seteq     | auto                     | 0       |
|    or_ln740_7_fu_535_p2                                                                          |     |        | or_ln740_7             | or        | auto                     | 0       |
|    icmp_ln740_16_fu_541_p2                                                                       |     |        | icmp_ln740_16          | setne     | auto                     | 0       |
|    icmp_ln740_17_fu_547_p2                                                                       |     |        | icmp_ln740_17          | seteq     | auto                     | 0       |
|    or_ln740_8_fu_553_p2                                                                          |     |        | or_ln740_8             | or        | auto                     | 0       |
|    and_ln740_7_fu_559_p2                                                                         |     |        | and_ln740_7            | and       | auto                     | 0       |
|    fcmp_32ns_32ns_1_2_no_dsp_1_U3091                                                             |     |        | tmp_29                 | fcmp      | auto                     | 1       |
|    and_ln740_8_fu_565_p2                                                                         |     |        | and_ln740_8            | and       | auto                     | 0       |
|    max_abs_4_fu_570_p3                                                                           |     |        | max_abs_4              | select    | auto_sel                 | 0       |
|    icmp_ln740_18_fu_614_p2                                                                       |     |        | icmp_ln740_18          | setne     | auto                     | 0       |
|    icmp_ln740_19_fu_620_p2                                                                       |     |        | icmp_ln740_19          | seteq     | auto                     | 0       |
|    or_ln740_9_fu_626_p2                                                                          |     |        | or_ln740_9             | or        | auto                     | 0       |
|    icmp_ln740_20_fu_632_p2                                                                       |     |        | icmp_ln740_20          | setne     | auto                     | 0       |
|    icmp_ln740_21_fu_638_p2                                                                       |     |        | icmp_ln740_21          | seteq     | auto                     | 0       |
|    or_ln740_10_fu_644_p2                                                                         |     |        | or_ln740_10            | or        | auto                     | 0       |
|    and_ln740_9_fu_650_p2                                                                         |     |        | and_ln740_9            | and       | auto                     | 0       |
|    fcmp_32ns_32ns_1_2_no_dsp_1_U3091                                                             |     |        | tmp_32                 | fcmp      | auto                     | 1       |
|    and_ln740_10_fu_656_p2                                                                        |     |        | and_ln740_10           | and       | auto                     | 0       |
|    max_abs_5_fu_661_p3                                                                           |     |        | max_abs_5              | select    | auto_sel                 | 0       |
|    icmp_ln740_22_fu_705_p2                                                                       |     |        | icmp_ln740_22          | setne     | auto                     | 0       |
|    icmp_ln740_23_fu_711_p2                                                                       |     |        | icmp_ln740_23          | seteq     | auto                     | 0       |
|    or_ln740_11_fu_717_p2                                                                         |     |        | or_ln740_11            | or        | auto                     | 0       |
|    icmp_ln740_24_fu_723_p2                                                                       |     |        | icmp_ln740_24          | setne     | auto                     | 0       |
|    icmp_ln740_25_fu_729_p2                                                                       |     |        | icmp_ln740_25          | seteq     | auto                     | 0       |
|    or_ln740_12_fu_735_p2                                                                         |     |        | or_ln740_12            | or        | auto                     | 0       |
|    and_ln740_11_fu_741_p2                                                                        |     |        | and_ln740_11           | and       | auto                     | 0       |
|    fcmp_32ns_32ns_1_2_no_dsp_1_U3091                                                             |     |        | tmp_35                 | fcmp      | auto                     | 1       |
|    and_ln740_12_fu_747_p2                                                                        |     |        | and_ln740_12           | and       | auto                     | 0       |
|    max_abs_6_fu_752_p3                                                                           |     |        | max_abs_6              | select    | auto_sel                 | 0       |
|    icmp_ln740_26_fu_796_p2                                                                       |     |        | icmp_ln740_26          | setne     | auto                     | 0       |
|    icmp_ln740_27_fu_802_p2                                                                       |     |        | icmp_ln740_27          | seteq     | auto                     | 0       |
|    or_ln740_13_fu_808_p2                                                                         |     |        | or_ln740_13            | or        | auto                     | 0       |
|    icmp_ln740_28_fu_814_p2                                                                       |     |        | icmp_ln740_28          | setne     | auto                     | 0       |
|    icmp_ln740_29_fu_820_p2                                                                       |     |        | icmp_ln740_29          | seteq     | auto                     | 0       |
|    or_ln740_14_fu_826_p2                                                                         |     |        | or_ln740_14            | or        | auto                     | 0       |
|    and_ln740_13_fu_832_p2                                                                        |     |        | and_ln740_13           | and       | auto                     | 0       |
|    fcmp_32ns_32ns_1_2_no_dsp_1_U3091                                                             |     |        | tmp_38                 | fcmp      | auto                     | 1       |
|    and_ln740_14_fu_838_p2                                                                        |     |        | and_ln740_14           | and       | auto                     | 0       |
|    max_abs_7_fu_843_p3                                                                           |     |        | max_abs_7              | select    | auto_sel                 | 0       |
|    icmp_ln742_fu_866_p2                                                                          |     |        | icmp_ln742             | setne     | auto                     | 0       |
|    icmp_ln742_1_fu_872_p2                                                                        |     |        | icmp_ln742_1           | seteq     | auto                     | 0       |
|    or_ln742_fu_878_p2                                                                            |     |        | or_ln742               | or        | auto                     | 0       |
|    fcmp_32ns_32ns_1_2_no_dsp_1_U3091                                                             |     |        | tmp_40                 | fcmp      | auto                     | 1       |
|    and_ln742_fu_882_p2                                                                           |     |        | and_ln742              | and       | auto                     | 0       |
|    fdiv_32ns_32ns_32_16_no_dsp_1_U3090                                                           |     |        | div                    | fdiv      | fabric                   | 15      |
|    gs_fu_887_p3                                                                                  |     |        | gs                     | select    | auto_sel                 | 0       |
|    fdiv_32ns_32ns_32_16_no_dsp_1_U3090                                                           |     |        | inv_gs                 | fdiv      | fabric                   | 15      |
|   + compute_gate_Pipeline_GATE_PASS1                                                             | 0   |        |                        |           |                          |         |
|     icmp_ln724_fu_358_p2                                                                         |     |        | icmp_ln724             | seteq     | auto                     | 0       |
|     add_ln724_fu_364_p2                                                                          |     |        | add_ln724              | add       | fabric                   | 0       |
|     add_ln317_fu_433_p2                                                                          |     |        | add_ln317              | add       | fabric                   | 0       |
|     sub_ln18_fu_447_p2                                                                           |     |        | sub_ln18               | sub       | fabric                   | 0       |
|     select_ln18_fu_457_p3                                                                        |     |        | select_ln18            | select    | auto_sel                 | 0       |
|     lshr_ln18_fu_473_p2                                                                          |     |        | lshr_ln18              | lshr      | auto_pipe                | 0       |
|     shl_ln18_fu_479_p2                                                                           |     |        | shl_ln18               | shl       | auto_pipe                | 0       |
|     val_fu_505_p3                                                                                |     |        | val                    | select    | auto_sel                 | 0       |
|     result_35_fu_513_p2                                                                          |     |        | result_35              | sub       | fabric                   | 0       |
|     result_fu_518_p3                                                                             |     |        | result                 | select    | auto_sel                 | 0       |
|     idx_3_fu_536_p3                                                                              |     |        | idx_3                  | select    | auto_sel                 | 0       |
|     icmp_ln731_fu_558_p2                                                                         |     |        | icmp_ln731             | setne     | auto                     | 0       |
|     idx_4_fu_564_p3                                                                              |     |        | idx_4                  | select    | auto_sel                 | 0       |
|     icmp_ln733_fu_593_p2                                                                         |     |        | icmp_ln733             | setne     | auto                     | 0       |
|     icmp_ln733_1_fu_599_p2                                                                       |     |        | icmp_ln733_1           | seteq     | auto                     | 0       |
|     or_ln733_fu_605_p2                                                                           |     |        | or_ln733               | or        | auto                     | 0       |
|     and_ln733_fu_611_p2                                                                          |     |        | and_ln733              | and       | auto                     | 0       |
|     xor_ln733_fu_624_p2                                                                          |     |        | xor_ln733              | xor       | auto                     | 0       |
|     abs_g_fu_646_p3                                                                              |     |        | abs_g                  | select    | auto_sel                 | 0       |
|     sparsemux_17_3_32_1_1_U3054                                                                  |     |        | tmp                    | sparsemux | compactencoding_dontcare | 0       |
|     icmp_ln734_1_fu_762_p2                                                                       |     |        | icmp_ln734_1           | setne     | auto                     | 0       |
|     icmp_ln734_2_fu_768_p2                                                                       |     |        | icmp_ln734_2           | seteq     | auto                     | 0       |
|     or_ln734_fu_774_p2                                                                           |     |        | or_ln734               | or        | auto                     | 0       |
|     icmp_ln734_3_fu_733_p2                                                                       |     |        | icmp_ln734_3           | setne     | auto                     | 0       |
|     icmp_ln734_4_fu_739_p2                                                                       |     |        | icmp_ln734_4           | seteq     | auto                     | 0       |
|     or_ln734_1_fu_780_p2                                                                         |     |        | or_ln734_1             | or        | auto                     | 0       |
|     fcmp_32ns_32ns_1_2_no_dsp_1_U3053                                                            |     |        | tmp_45                 | fcmp      | auto                     | 1       |
|     and_ln734_fu_784_p2                                                                          |     |        | and_ln734              | and       | auto                     | 0       |
|     and_ln734_1_fu_790_p2                                                                        |     |        | and_ln734_1            | and       | auto                     | 0       |
|   + compute_gate_Pipeline_GATE_PASS2                                                             | 5   |        |                        |           |                          |         |
|     icmp_ln746_fu_364_p2                                                                         |     |        | icmp_ln746             | seteq     | auto                     | 0       |
|     add_ln746_fu_370_p2                                                                          |     |        | add_ln746              | add       | fabric                   | 0       |
|     add_ln317_fu_477_p2                                                                          |     |        | add_ln317              | add       | fabric                   | 0       |
|     sub_ln18_fu_491_p2                                                                           |     |        | sub_ln18               | sub       | fabric                   | 0       |
|     select_ln18_fu_501_p3                                                                        |     |        | select_ln18            | select    | auto_sel                 | 0       |
|     lshr_ln18_fu_517_p2                                                                          |     |        | lshr_ln18              | lshr      | auto_pipe                | 0       |
|     shl_ln18_fu_523_p2                                                                           |     |        | shl_ln18               | shl       | auto_pipe                | 0       |
|     val_fu_549_p3                                                                                |     |        | val                    | select    | auto_sel                 | 0       |
|     result_30_fu_557_p2                                                                          |     |        | result_30              | sub       | fabric                   | 0       |
|     result_fu_562_p3                                                                             |     |        | result                 | select    | auto_sel                 | 0       |
|     idx_1_fu_580_p3                                                                              |     |        | idx_1                  | select    | auto_sel                 | 0       |
|     icmp_ln753_fu_602_p2                                                                         |     |        | icmp_ln753             | setne     | auto                     | 0       |
|     idx_2_fu_608_p3                                                                              |     |        | idx_2                  | select    | auto_sel                 | 0       |
|     fmul_32ns_32ns_32_5_max_dsp_1_U3074                                                          | 3   |        | fq                     | fmul      | maxdsp                   | 4       |
|     icmp_ln756_fu_637_p2                                                                         |     |        | icmp_ln756             | setne     | auto                     | 0       |
|     icmp_ln756_1_fu_643_p2                                                                       |     |        | icmp_ln756_1           | seteq     | auto                     | 0       |
|     or_ln756_fu_649_p2                                                                           |     |        | or_ln756               | or        | auto                     | 0       |
|     and_ln756_fu_653_p2                                                                          |     |        | and_ln756              | and       | auto                     | 0       |
|     grp_fu_314_p1                                                                                |     |        | select_ln756           | select    | auto_sel                 | 0       |
|     fadd_32ns_32ns_32_10_full_dsp_1_U3068                                                        | 2   |        | dc_7                   | fadd      | fulldsp                  | 9       |
|     add_ln317_7_fu_708_p2                                                                        |     |        | add_ln317_7            | add       | fabric                   | 0       |
|     sub_ln18_7_fu_722_p2                                                                         |     |        | sub_ln18_7             | sub       | fabric                   | 0       |
|     select_ln18_16_fu_732_p3                                                                     |     |        | select_ln18_16         | select    | auto_sel                 | 0       |
|     lshr_ln18_7_fu_748_p2                                                                        |     |        | lshr_ln18_7            | lshr      | auto_pipe                | 0       |
|     shl_ln18_7_fu_754_p2                                                                         |     |        | shl_ln18_7             | shl       | auto_pipe                | 0       |
|     val_16_fu_780_p3                                                                             |     |        | val_16                 | select    | auto_sel                 | 0       |
|     result_33_fu_788_p2                                                                          |     |        | result_33              | sub       | fabric                   | 0       |
|     result_34_fu_793_p3                                                                          |     |        | result_34              | select    | auto_sel                 | 0       |
|     icmp_ln757_fu_809_p2                                                                         |     |        | icmp_ln757             | setgt     | auto                     | 0       |
|     iq_1_fu_815_p3                                                                               |     |        | iq_1                   | select    | auto_sel                 | 0       |
|     icmp_ln758_fu_821_p2                                                                         |     |        | icmp_ln758             | setlt     | auto                     | 0       |
|     select_ln759_fu_831_p3                                                                       |     |        | select_ln759           | select    | auto_sel                 | 0       |
|  + compute_output                                                                                | 48  |        |                        |           |                          |         |
|    icmp_ln788_fu_160_p2                                                                          |     |        | icmp_ln788             | seteq     | auto                     | 0       |
|   + dataflow_parent_loop_proc                                                                    | 48  |        |                        |           |                          |         |
|    + dataflow_in_loop_DOWN_Q4K_1                                                                 | 48  |        |                        |           |                          |         |
|     + load_2rows_down16                                                                          | 0   |        |                        |           |                          |         |
|       add_ln533_fu_227_p2                                                                        |     |        | add_ln533              | add       | fabric                   | 0       |
|      + load_row_down_urm                                                                         | 0   |        |                        |           |                          |         |
|        empty_fu_218_p2                                                                           |     |        | empty                  | add       | fabric                   | 0       |
|        empty_529_fu_228_p2                                                                       |     |        | empty_529              | add       | fabric                   | 0       |
|        tmp1_fu_244_p2                                                                            |     |        | tmp1                   | add       | fabric                   | 0       |
|        empty_531_fu_254_p2                                                                       |     |        | empty_531              | add       | fabric                   | 0       |
|       + load_row_down_urm_Pipeline_LOAD_HDR_DOWN                                                 | 0   |        |                        |           |                          |         |
|         icmp_ln141_fu_402_p2                                                                     |     |        | icmp_ln141             | seteq     | auto                     | 0       |
|         add_ln141_fu_430_p2                                                                      |     |        | add_ln141              | add       | fabric                   | 0       |
|        + fp16_to_fp32 (grp_fp16_to_fp32_fu_371)                                                  | 0   |        |                        |           |                          |         |
|          or_ln59_fu_118_p2                                                                       |     |        | or_ln59                | or        | auto                     | 0       |
|          icmp_ln59_fu_142_p2                                                                     |     |        | icmp_ln59              | seteq     | auto                     | 0       |
|          add_ln71_fu_499_p2                                                                      |     |        | add_ln71               | add       | fabric                   | 0       |
|          m_1_fu_168_p3                                                                           |     |        | m_1                    | select    | auto_sel                 | 0       |
|          e_fu_176_p3                                                                             |     |        | e                      | select    | auto_sel                 | 0       |
|          e_18_fu_198_p3                                                                          |     |        | e_18                   | select    | auto_sel                 | 0       |
|          m_3_fu_206_p3                                                                           |     |        | m_3                    | select    | auto_sel                 | 0       |
|          e_19_fu_214_p3                                                                          |     |        | e_19                   | select    | auto_sel                 | 0       |
|          e_20_fu_236_p2                                                                          |     |        | e_20                   | add       | fabric                   | 0       |
|          m_5_fu_242_p3                                                                           |     |        | m_5                    | select    | auto_sel                 | 0       |
|          e_21_fu_250_p3                                                                          |     |        | e_21                   | select    | auto_sel                 | 0       |
|          e_22_fu_272_p2                                                                          |     |        | e_22                   | add       | fabric                   | 0       |
|          m_7_fu_278_p3                                                                           |     |        | m_7                    | select    | auto_sel                 | 0       |
|          e_23_fu_286_p3                                                                          |     |        | e_23                   | select    | auto_sel                 | 0       |
|          e_24_fu_307_p2                                                                          |     |        | e_24                   | add       | fabric                   | 0       |
|          m_9_fu_312_p3                                                                           |     |        | m_9                    | select    | auto_sel                 | 0       |
|          e_25_fu_318_p3                                                                          |     |        | e_25                   | select    | auto_sel                 | 0       |
|          e_26_fu_332_p2                                                                          |     |        | e_26                   | add       | fabric                   | 0       |
|          m_11_fu_351_p3                                                                          |     |        | m_11                   | select    | auto_sel                 | 0       |
|          e_27_fu_338_p3                                                                          |     |        | e_27                   | select    | auto_sel                 | 0       |
|          e_28_fu_371_p2                                                                          |     |        | e_28                   | add       | fabric                   | 0       |
|          m_13_fu_376_p3                                                                          |     |        | m_13                   | select    | auto_sel                 | 0       |
|          e_29_fu_384_p3                                                                          |     |        | e_29                   | select    | auto_sel                 | 0       |
|          e_30_fu_405_p2                                                                          |     |        | e_30                   | add       | fabric                   | 0       |
|          m_15_fu_411_p3                                                                          |     |        | m_15                   | select    | auto_sel                 | 0       |
|          e_31_fu_419_p3                                                                          |     |        | e_31                   | select    | auto_sel                 | 0       |
|          e_32_fu_525_p2                                                                          |     |        | e_32                   | add       | fabric                   | 0       |
|          m_17_fu_441_p3                                                                          |     |        | m_17                   | select    | auto_sel                 | 0       |
|          e_33_fu_530_p3                                                                          |     |        | e_33                   | select    | auto_sel                 | 0       |
|          e_34_fu_536_p2                                                                          |     |        | e_34                   | add       | fabric                   | 0       |
|          select_ln65_fu_473_p3                                                                   |     |        | select_ln65            | select    | auto_sel                 | 0       |
|          select_ln62_fu_542_p3                                                                   |     |        | select_ln62            | select    | auto_sel                 | 0       |
|          icmp_ln61_fu_575_p2                                                                     |     |        | icmp_ln61              | seteq     | auto                     | 0       |
|          xor_ln59_fu_580_p2                                                                      |     |        | xor_ln59               | xor       | auto                     | 0       |
|          and_ln61_fu_585_p2                                                                      |     |        | and_ln61               | and       | auto                     | 0       |
|          icmp_ln61_1_fu_591_p2                                                                   |     |        | icmp_ln61_1            | seteq     | auto                     | 0       |
|          and_ln61_1_fu_596_p2                                                                    |     |        | and_ln61_1             | and       | auto                     | 0       |
|          sparsemux_9_3_32_1_0_U259                                                               |     |        | f32_4                  | sparsemux | onehotencoding_realdef   | 0       |
|       + load_row_down_urm_Pipeline_LOAD_NIB_DOWN                                                 | 0   |        |                        |           |                          |         |
|         icmp_ln156_fu_159_p2                                                                     |     |        | icmp_ln156             | seteq     | auto                     | 0       |
|         add_ln156_fu_165_p2                                                                      |     |        | add_ln156              | add       | fabric                   | 0       |
|     + mac_write_down17                                                                           | 48  |        |                        |           |                          |         |
|       add_ln556_fu_292_p2                                                                        |     |        | add_ln556              | add       | fabric                   | 0       |
|      + mac_blocks_down_q4k_k2_urm                                                                | 48  |        |                        |           |                          |         |
|        icmp_ln445_fu_7657_p2                                                                     |     |        | icmp_ln445             | seteq     | auto                     | 0       |
|        add_ln445_fu_7663_p2                                                                      |     |        | add_ln445              | add       | fabric                   | 0       |
|        icmp_ln513_fu_7694_p2                                                                     |     |        | icmp_ln513             | seteq     | auto                     | 0       |
|        sub_ln513_fu_7708_p2                                                                      |     |        | sub_ln513              | sub       | fabric                   | 0       |
|        tmp_s_fu_7722_p1                                                                          |     |        | select_ln513           | select    | auto_sel                 | 0       |
|        ctlz_48_48_1_1_U4793                                                                      |     |        | tmp_s                  | ctlz      | auto                     | 0       |
|        sub_ln513_1_fu_7738_p2                                                                    |     |        | sub_ln513_1            | sub       | fabric                   | 0       |
|        add_ln513_fu_8314_p2                                                                      |     |        | add_ln513              | add       | fabric                   | 0       |
|        icmp_ln513_1_fu_8329_p2                                                                   |     |        | icmp_ln513_1           | setgt     | auto                     | 0       |
|        sub_ln513_4_fu_8335_p2                                                                    |     |        | sub_ln513_4            | sub       | fabric                   | 0       |
|        lshr_ln513_2_fu_8344_p2                                                                   |     |        | lshr_ln513_2           | lshr      | auto_pipe                | 0       |
|        and_ln513_fu_8350_p2                                                                      |     |        | and_ln513              | and       | auto                     | 0       |
|        icmp_ln513_2_fu_8355_p2                                                                   |     |        | icmp_ln513_2           | setne     | auto                     | 0       |
|        phi_ln513_fu_8361_p2                                                                      |     |        | phi_ln513              | and       | auto                     | 0       |
|        xor_ln513_fu_8375_p2                                                                      |     |        | xor_ln513              | xor       | auto                     | 0       |
|        bitselect_1ns_48ns_6ns_1_1_1_U4795                                                        |     |        | tmp_365                | bitselect | auto                     | 0       |
|        phi_ln513_1_fu_8388_p2                                                                    |     |        | phi_ln513_1            | and       | auto                     | 0       |
|        or_ln513_fu_8394_p2                                                                       |     |        | or_ln513               | or        | auto                     | 0       |
|        icmp_ln513_3_fu_8400_p2                                                                   |     |        | icmp_ln513_3           | setgt     | auto                     | 0       |
|        add_ln513_1_fu_8406_p2                                                                    |     |        | add_ln513_1            | add       | fabric                   | 0       |
|        lshr_ln513_fu_8419_p2                                                                     |     |        | lshr_ln513             | lshr      | auto_pipe                | 0       |
|        sub_ln513_2_fu_8424_p2                                                                    |     |        | sub_ln513_2            | sub       | fabric                   | 0       |
|        shl_ln513_fu_8437_p2                                                                      |     |        | shl_ln513              | shl       | auto_pipe                | 0       |
|        cond49_i_i78_in_fu_8570_p3                                                                |     |        | cond49_i_i78_in        | select    | auto_sel                 | 0       |
|        add_ln513_2_fu_8582_p2                                                                    |     |        | add_ln513_2            | add       | fabric                   | 0       |
|        select_ln513_1_fu_8610_p3                                                                 |     |        | select_ln513_1         | select    | auto_sel                 | 0       |
|        sub_ln513_3_fu_8618_p2                                                                    |     |        | sub_ln513_3            | sub       | fabric                   | 0       |
|        add_ln513_3_fu_8627_p2                                                                    |     |        | add_ln513_3            | add       | fabric                   | 0       |
|        retval_0_i_i90_fu_8660_p3                                                                 |     |        | retval_0_i_i90         | select    | auto_sel                 | 0       |
|        fmul_32ns_32ns_32_5_max_dsp_1_U4791                                                       | 3   |        | result0_write_assign   | fmul      | maxdsp                   | 4       |
|        icmp_ln514_fu_7744_p2                                                                     |     |        | icmp_ln514             | seteq     | auto                     | 0       |
|        sub_ln514_fu_7758_p2                                                                      |     |        | sub_ln514              | sub       | fabric                   | 0       |
|        tmp_210_fu_7772_p1                                                                        |     |        | select_ln514           | select    | auto_sel                 | 0       |
|        ctlz_48_48_1_1_U4794                                                                      |     |        | tmp_210                | ctlz      | auto                     | 0       |
|        sub_ln514_1_fu_7788_p2                                                                    |     |        | sub_ln514_1            | sub       | fabric                   | 0       |
|        add_ln514_fu_8442_p2                                                                      |     |        | add_ln514              | add       | fabric                   | 0       |
|        icmp_ln514_1_fu_8457_p2                                                                   |     |        | icmp_ln514_1           | setgt     | auto                     | 0       |
|        sub_ln514_4_fu_8463_p2                                                                    |     |        | sub_ln514_4            | sub       | fabric                   | 0       |
|        lshr_ln514_2_fu_8472_p2                                                                   |     |        | lshr_ln514_2           | lshr      | auto_pipe                | 0       |
|        and_ln514_fu_8478_p2                                                                      |     |        | and_ln514              | and       | auto                     | 0       |
|        icmp_ln514_2_fu_8483_p2                                                                   |     |        | icmp_ln514_2           | setne     | auto                     | 0       |
|        phi_ln514_fu_8489_p2                                                                      |     |        | phi_ln514              | and       | auto                     | 0       |
|        xor_ln514_fu_8503_p2                                                                      |     |        | xor_ln514              | xor       | auto                     | 0       |
|        bitselect_1ns_48ns_6ns_1_1_1_U4796                                                        |     |        | tmp_370                | bitselect | auto                     | 0       |
|        phi_ln514_1_fu_8516_p2                                                                    |     |        | phi_ln514_1            | and       | auto                     | 0       |
|        or_ln514_fu_8522_p2                                                                       |     |        | or_ln514               | or        | auto                     | 0       |
|        icmp_ln514_3_fu_8528_p2                                                                   |     |        | icmp_ln514_3           | setgt     | auto                     | 0       |
|        add_ln514_1_fu_8534_p2                                                                    |     |        | add_ln514_1            | add       | fabric                   | 0       |
|        lshr_ln514_fu_8547_p2                                                                     |     |        | lshr_ln514             | lshr      | auto_pipe                | 0       |
|        sub_ln514_2_fu_8552_p2                                                                    |     |        | sub_ln514_2            | sub       | fabric                   | 0       |
|        shl_ln514_fu_8565_p2                                                                      |     |        | shl_ln514              | shl       | auto_pipe                | 0       |
|        cond49_i_i_in_fu_8667_p3                                                                  |     |        | cond49_i_i_in          | select    | auto_sel                 | 0       |
|        add_ln514_2_fu_8679_p2                                                                    |     |        | add_ln514_2            | add       | fabric                   | 0       |
|        select_ln514_1_fu_8707_p3                                                                 |     |        | select_ln514_1         | select    | auto_sel                 | 0       |
|        sub_ln514_3_fu_8715_p2                                                                    |     |        | sub_ln514_3            | sub       | fabric                   | 0       |
|        add_ln514_3_fu_8724_p2                                                                    |     |        | add_ln514_3            | add       | fabric                   | 0       |
|        retval_0_i_i_fu_8757_p3                                                                   |     |        | retval_0_i_i           | select    | auto_sel                 | 0       |
|        fmul_32ns_32ns_32_5_max_dsp_1_U4792                                                       | 3   |        | result1_write_assign   | fmul      | maxdsp                   | 4       |
|       + mac_blocks_down_q4k_k2_urm_Pipeline_MAC_GRP                                              | 32  |        |                        |           |                          |         |
|         icmp_ln462_fu_10904_p2                                                                   |     |        | icmp_ln462             | seteq     | auto                     | 0       |
|         add_ln462_fu_10910_p2                                                                    |     |        | add_ln462              | add       | fabric                   | 0       |
|         add_ln483_fu_10932_p2                                                                    |     |        | add_ln483              | add       | fabric                   | 0       |
|         sparsemux_17_3_8_1_1_U3211                                                               |     |        | tmp_s                  | sparsemux | compactencoding_dontcare | 0       |
|         sparsemux_17_3_8_1_1_U3212                                                               |     |        | tmp_50                 | sparsemux | compactencoding_dontcare | 0       |
|         sparsemux_17_3_8_1_1_U3213                                                               |     |        | tmp_51                 | sparsemux | compactencoding_dontcare | 0       |
|         sparsemux_17_3_8_1_1_U3214                                                               |     |        | tmp_52                 | sparsemux | compactencoding_dontcare | 0       |
|         sparsemux_9_2_8_1_1_U3215                                                                |     |        | s0                     | sparsemux | compactencoding_dontcare | 0       |
|         sparsemux_17_3_8_1_1_U3216                                                               |     |        | tmp_53                 | sparsemux | compactencoding_dontcare | 0       |
|         sparsemux_17_3_8_1_1_U3217                                                               |     |        | tmp_54                 | sparsemux | compactencoding_dontcare | 0       |
|         sparsemux_17_3_8_1_1_U3218                                                               |     |        | tmp_55                 | sparsemux | compactencoding_dontcare | 0       |
|         sparsemux_17_3_8_1_1_U3219                                                               |     |        | tmp_56                 | sparsemux | compactencoding_dontcare | 0       |
|         sparsemux_9_2_8_1_1_U3220                                                                |     |        | m0                     | sparsemux | compactencoding_dontcare | 0       |
|         sparsemux_17_3_8_1_1_U3221                                                               |     |        | tmp_57                 | sparsemux | compactencoding_dontcare | 0       |
|         sparsemux_17_3_8_1_1_U3222                                                               |     |        | tmp_58                 | sparsemux | compactencoding_dontcare | 0       |
|         sparsemux_17_3_8_1_1_U3223                                                               |     |        | tmp_59                 | sparsemux | compactencoding_dontcare | 0       |
|         sparsemux_17_3_8_1_1_U3224                                                               |     |        | tmp_60                 | sparsemux | compactencoding_dontcare | 0       |
|         sparsemux_9_2_8_1_1_U3225                                                                |     |        | s1                     | sparsemux | compactencoding_dontcare | 0       |
|         sparsemux_17_3_8_1_1_U3226                                                               |     |        | tmp_61                 | sparsemux | compactencoding_dontcare | 0       |
|         sparsemux_17_3_8_1_1_U3227                                                               |     |        | tmp_62                 | sparsemux | compactencoding_dontcare | 0       |
|         sparsemux_17_3_8_1_1_U3228                                                               |     |        | tmp_63                 | sparsemux | compactencoding_dontcare | 0       |
|         sparsemux_17_3_8_1_1_U3229                                                               |     |        | tmp_64                 | sparsemux | compactencoding_dontcare | 0       |
|         sparsemux_9_2_8_1_1_U3230                                                                |     |        | m1                     | sparsemux | compactencoding_dontcare | 0       |
|         mul_8s_4ns_12_1_1_U3371                                                                  |     |        | mul_ln492              | mul       | auto                     | 0       |
|         mac_muladd_12s_8s_32s_32_4_1_U3435                                                       | 1   |        | cw0                    | mul       | dsp_slice                | 3       |
|         mac_muladd_12s_8s_32s_32_4_1_U3435                                                       | 1   |        | sext_ln492_3           | sext      | dsp_slice                | 3       |
|         mac_muladd_8s_8s_32s_32_4_1_U3419                                                        | 1   |        | cm0                    | mul       | dsp_slice                | 3       |
|         mac_muladd_8s_8s_32s_32_4_1_U3419                                                        | 1   |        | sext_ln493_2           | sext      | dsp_slice                | 3       |
|         mul_8s_4ns_12_1_1_U3372                                                                  |     |        | mul_ln494              | mul       | auto                     | 0       |
|         mac_muladd_12s_8s_32s_32_4_1_U3436                                                       | 1   |        | cw1                    | mul       | dsp_slice                | 3       |
|         mac_muladd_12s_8s_32s_32_4_1_U3436                                                       | 1   |        | sext_ln494_2           | sext      | dsp_slice                | 3       |
|         mac_muladd_8s_8s_32s_32_4_1_U3420                                                        | 1   |        | cm1                    | mul       | dsp_slice                | 3       |
|         mac_muladd_8s_8s_32s_32_4_1_U3420                                                        | 1   |        | sext_ln495_1           | sext      | dsp_slice                | 3       |
|         sparsemux_9_2_32_1_1_U3403                                                               |     |        | tmp_65                 | sparsemux | compactencoding_dontcare | 0       |
|         mac_muladd_12s_8s_32s_32_4_1_U3435                                                       | 1   |        | acc_w0_63              | add       | dsp_slice                | 3       |
|         mul_8s_4ns_12_1_1_U3373                                                                  |     |        | mul_ln492_2            | mul       | auto                     | 0       |
|         mul_8s_4ns_12_1_1_U3374                                                                  |     |        | mul_ln494_2            | mul       | auto                     | 0       |
|         mul_8s_4ns_12_1_1_U3375                                                                  |     |        | mul_ln492_3            | mul       | auto                     | 0       |
|         mul_8s_4ns_12_1_1_U3376                                                                  |     |        | mul_ln494_3            | mul       | auto                     | 0       |
|         mul_8s_4ns_12_1_1_U3377                                                                  |     |        | mul_ln492_4            | mul       | auto                     | 0       |
|         mul_8s_4ns_12_1_1_U3378                                                                  |     |        | mul_ln494_4            | mul       | auto                     | 0       |
|         mul_8s_4ns_12_1_1_U3379                                                                  |     |        | mul_ln492_5            | mul       | auto                     | 0       |
|         mul_8s_4ns_12_1_1_U3380                                                                  |     |        | mul_ln494_5            | mul       | auto                     | 0       |
|         mul_8s_4ns_12_1_1_U3381                                                                  |     |        | mul_ln492_6            | mul       | auto                     | 0       |
|         mul_8s_4ns_12_1_1_U3382                                                                  |     |        | mul_ln494_6            | mul       | auto                     | 0       |
|         mul_8s_4ns_12_1_1_U3383                                                                  |     |        | mul_ln492_7            | mul       | auto                     | 0       |
|         mul_8s_4ns_12_1_1_U3384                                                                  |     |        | mul_ln494_7            | mul       | auto                     | 0       |
|         sparsemux_17_3_8_1_1_U3231                                                               |     |        | tmp_66                 | sparsemux | compactencoding_dontcare | 0       |
|         sparsemux_17_3_8_1_1_U3232                                                               |     |        | tmp_67                 | sparsemux | compactencoding_dontcare | 0       |
|         sparsemux_17_3_8_1_1_U3233                                                               |     |        | tmp_68                 | sparsemux | compactencoding_dontcare | 0       |
|         sparsemux_17_3_8_1_1_U3234                                                               |     |        | tmp_69                 | sparsemux | compactencoding_dontcare | 0       |
|         sparsemux_9_2_8_1_1_U3235                                                                |     |        | s0_8                   | sparsemux | compactencoding_dontcare | 0       |
|         mac_muladd_12s_8s_32s_32_4_1_U3437                                                       | 1   |        | cw0_8                  | mul       | dsp_slice                | 3       |
|         mac_muladd_12s_8s_32s_32_4_1_U3437                                                       | 1   |        | sext_ln492_11          | sext      | dsp_slice                | 3       |
|         sparsemux_17_3_8_1_1_U3236                                                               |     |        | tmp_70                 | sparsemux | compactencoding_dontcare | 0       |
|         sparsemux_17_3_8_1_1_U3237                                                               |     |        | tmp_71                 | sparsemux | compactencoding_dontcare | 0       |
|         sparsemux_17_3_8_1_1_U3238                                                               |     |        | tmp_72                 | sparsemux | compactencoding_dontcare | 0       |
|         sparsemux_17_3_8_1_1_U3239                                                               |     |        | tmp_73                 | sparsemux | compactencoding_dontcare | 0       |
|         sparsemux_9_2_8_1_1_U3240                                                                |     |        | s0_9                   | sparsemux | compactencoding_dontcare | 0       |
|         mac_muladd_12s_8s_32s_32_4_1_U3438                                                       | 1   |        | cw0_9                  | mul       | dsp_slice                | 3       |
|         mac_muladd_12s_8s_32s_32_4_1_U3438                                                       | 1   |        | sext_ln492_13          | sext      | dsp_slice                | 3       |
|         sparsemux_17_3_8_1_1_U3241                                                               |     |        | tmp_74                 | sparsemux | compactencoding_dontcare | 0       |
|         sparsemux_17_3_8_1_1_U3242                                                               |     |        | tmp_75                 | sparsemux | compactencoding_dontcare | 0       |
|         sparsemux_17_3_8_1_1_U3243                                                               |     |        | tmp_76                 | sparsemux | compactencoding_dontcare | 0       |
|         sparsemux_17_3_8_1_1_U3244                                                               |     |        | tmp_77                 | sparsemux | compactencoding_dontcare | 0       |
|         sparsemux_9_2_8_1_1_U3245                                                                |     |        | s0_11                  | sparsemux | compactencoding_dontcare | 0       |
|         mac_muladd_12s_8s_32s_32_4_1_U3439                                                       | 1   |        | cw0_10                 | mul       | dsp_slice                | 3       |
|         mac_muladd_12s_8s_32s_32_4_1_U3439                                                       | 1   |        | sext_ln492_15          | sext      | dsp_slice                | 3       |
|         sparsemux_17_3_8_1_1_U3246                                                               |     |        | tmp_78                 | sparsemux | compactencoding_dontcare | 0       |
|         sparsemux_17_3_8_1_1_U3247                                                               |     |        | tmp_79                 | sparsemux | compactencoding_dontcare | 0       |
|         sparsemux_17_3_8_1_1_U3248                                                               |     |        | tmp_80                 | sparsemux | compactencoding_dontcare | 0       |
|         sparsemux_17_3_8_1_1_U3249                                                               |     |        | tmp_81                 | sparsemux | compactencoding_dontcare | 0       |
|         sparsemux_9_2_8_1_1_U3250                                                                |     |        | s0_1                   | sparsemux | compactencoding_dontcare | 0       |
|         mac_muladd_12s_8s_32s_32_4_1_U3440                                                       | 1   |        | cw0_11                 | mul       | dsp_slice                | 3       |
|         mac_muladd_12s_8s_32s_32_4_1_U3440                                                       | 1   |        | sext_ln492_17          | sext      | dsp_slice                | 3       |
|         sparsemux_17_3_8_1_1_U3251                                                               |     |        | tmp_82                 | sparsemux | compactencoding_dontcare | 0       |
|         sparsemux_17_3_8_1_1_U3252                                                               |     |        | tmp_83                 | sparsemux | compactencoding_dontcare | 0       |
|         sparsemux_17_3_8_1_1_U3253                                                               |     |        | tmp_84                 | sparsemux | compactencoding_dontcare | 0       |
|         sparsemux_17_3_8_1_1_U3254                                                               |     |        | tmp_85                 | sparsemux | compactencoding_dontcare | 0       |
|         sparsemux_9_2_8_1_1_U3255                                                                |     |        | s0_2                   | sparsemux | compactencoding_dontcare | 0       |
|         mac_muladd_12s_8s_32s_32_4_1_U3441                                                       | 1   |        | cw0_12                 | mul       | dsp_slice                | 3       |
|         mac_muladd_12s_8s_32s_32_4_1_U3441                                                       | 1   |        | sext_ln492_19          | sext      | dsp_slice                | 3       |
|         sparsemux_17_3_8_1_1_U3256                                                               |     |        | tmp_86                 | sparsemux | compactencoding_dontcare | 0       |
|         sparsemux_17_3_8_1_1_U3257                                                               |     |        | tmp_87                 | sparsemux | compactencoding_dontcare | 0       |
|         sparsemux_17_3_8_1_1_U3258                                                               |     |        | tmp_88                 | sparsemux | compactencoding_dontcare | 0       |
|         sparsemux_17_3_8_1_1_U3259                                                               |     |        | tmp_89                 | sparsemux | compactencoding_dontcare | 0       |
|         sparsemux_9_2_8_1_1_U3260                                                                |     |        | s0_3                   | sparsemux | compactencoding_dontcare | 0       |
|         mac_muladd_12s_8s_32s_32_4_1_U3442                                                       | 1   |        | cw0_13                 | mul       | dsp_slice                | 3       |
|         mac_muladd_12s_8s_32s_32_4_1_U3442                                                       | 1   |        | sext_ln492_21          | sext      | dsp_slice                | 3       |
|         sparsemux_17_3_8_1_1_U3261                                                               |     |        | tmp_90                 | sparsemux | compactencoding_dontcare | 0       |
|         sparsemux_17_3_8_1_1_U3262                                                               |     |        | tmp_91                 | sparsemux | compactencoding_dontcare | 0       |
|         sparsemux_17_3_8_1_1_U3263                                                               |     |        | tmp_92                 | sparsemux | compactencoding_dontcare | 0       |
|         sparsemux_17_3_8_1_1_U3264                                                               |     |        | tmp_93                 | sparsemux | compactencoding_dontcare | 0       |
|         sparsemux_9_2_8_1_1_U3265                                                                |     |        | s0_4                   | sparsemux | compactencoding_dontcare | 0       |
|         sparsemux_17_3_8_1_1_U3266                                                               |     |        | tmp_94                 | sparsemux | compactencoding_dontcare | 0       |
|         sparsemux_17_3_8_1_1_U3267                                                               |     |        | tmp_95                 | sparsemux | compactencoding_dontcare | 0       |
|         sparsemux_17_3_8_1_1_U3268                                                               |     |        | tmp_96                 | sparsemux | compactencoding_dontcare | 0       |
|         sparsemux_17_3_8_1_1_U3269                                                               |     |        | tmp_97                 | sparsemux | compactencoding_dontcare | 0       |
|         sparsemux_9_2_8_1_1_U3270                                                                |     |        | m0_8                   | sparsemux | compactencoding_dontcare | 0       |
|         mac_muladd_8s_8s_32s_32_4_1_U3421                                                        | 1   |        | cm0_15                 | mul       | dsp_slice                | 3       |
|         mac_muladd_8s_8s_32s_32_4_1_U3421                                                        | 1   |        | sext_ln493_23          | sext      | dsp_slice                | 3       |
|         sparsemux_17_3_8_1_1_U3271                                                               |     |        | tmp_98                 | sparsemux | compactencoding_dontcare | 0       |
|         sparsemux_17_3_8_1_1_U3272                                                               |     |        | tmp_99                 | sparsemux | compactencoding_dontcare | 0       |
|         sparsemux_17_3_8_1_1_U3273                                                               |     |        | tmp_100                | sparsemux | compactencoding_dontcare | 0       |
|         sparsemux_17_3_8_1_1_U3274                                                               |     |        | tmp_101                | sparsemux | compactencoding_dontcare | 0       |
|         sparsemux_9_2_8_1_1_U3275                                                                |     |        | m0_9                   | sparsemux | compactencoding_dontcare | 0       |
|         mac_muladd_8s_8s_32s_32_4_1_U3422                                                        | 1   |        | cm0_16                 | mul       | dsp_slice                | 3       |
|         mac_muladd_8s_8s_32s_32_4_1_U3422                                                        | 1   |        | sext_ln493_24          | sext      | dsp_slice                | 3       |
|         sparsemux_17_3_8_1_1_U3276                                                               |     |        | tmp_102                | sparsemux | compactencoding_dontcare | 0       |
|         sparsemux_17_3_8_1_1_U3277                                                               |     |        | tmp_103                | sparsemux | compactencoding_dontcare | 0       |
|         sparsemux_17_3_8_1_1_U3278                                                               |     |        | tmp_104                | sparsemux | compactencoding_dontcare | 0       |
|         sparsemux_17_3_8_1_1_U3279                                                               |     |        | tmp_105                | sparsemux | compactencoding_dontcare | 0       |
|         sparsemux_9_2_8_1_1_U3280                                                                |     |        | m0_11                  | sparsemux | compactencoding_dontcare | 0       |
|         mac_muladd_8s_8s_32s_32_4_1_U3423                                                        | 1   |        | cm0_17                 | mul       | dsp_slice                | 3       |
|         mac_muladd_8s_8s_32s_32_4_1_U3423                                                        | 1   |        | sext_ln493_25          | sext      | dsp_slice                | 3       |
|         sparsemux_17_3_8_1_1_U3281                                                               |     |        | tmp_106                | sparsemux | compactencoding_dontcare | 0       |
|         sparsemux_17_3_8_1_1_U3282                                                               |     |        | tmp_107                | sparsemux | compactencoding_dontcare | 0       |
|         sparsemux_17_3_8_1_1_U3283                                                               |     |        | tmp_108                | sparsemux | compactencoding_dontcare | 0       |
|         sparsemux_17_3_8_1_1_U3284                                                               |     |        | tmp_109                | sparsemux | compactencoding_dontcare | 0       |
|         sparsemux_9_2_8_1_1_U3285                                                                |     |        | m0_1                   | sparsemux | compactencoding_dontcare | 0       |
|         mac_muladd_8s_8s_32s_32_4_1_U3424                                                        | 1   |        | cm0_18                 | mul       | dsp_slice                | 3       |
|         mac_muladd_8s_8s_32s_32_4_1_U3424                                                        | 1   |        | sext_ln493_26          | sext      | dsp_slice                | 3       |
|         sparsemux_17_3_8_1_1_U3286                                                               |     |        | tmp_110                | sparsemux | compactencoding_dontcare | 0       |
|         sparsemux_17_3_8_1_1_U3287                                                               |     |        | tmp_111                | sparsemux | compactencoding_dontcare | 0       |
|         sparsemux_17_3_8_1_1_U3288                                                               |     |        | tmp_112                | sparsemux | compactencoding_dontcare | 0       |
|         sparsemux_17_3_8_1_1_U3289                                                               |     |        | tmp_113                | sparsemux | compactencoding_dontcare | 0       |
|         sparsemux_9_2_8_1_1_U3290                                                                |     |        | m0_2                   | sparsemux | compactencoding_dontcare | 0       |
|         mac_muladd_8s_8s_32s_32_4_1_U3425                                                        | 1   |        | cm0_19                 | mul       | dsp_slice                | 3       |
|         mac_muladd_8s_8s_32s_32_4_1_U3425                                                        | 1   |        | sext_ln493_27          | sext      | dsp_slice                | 3       |
|         sparsemux_17_3_8_1_1_U3291                                                               |     |        | tmp_114                | sparsemux | compactencoding_dontcare | 0       |
|         sparsemux_17_3_8_1_1_U3292                                                               |     |        | tmp_115                | sparsemux | compactencoding_dontcare | 0       |
|         sparsemux_17_3_8_1_1_U3293                                                               |     |        | tmp_116                | sparsemux | compactencoding_dontcare | 0       |
|         sparsemux_17_3_8_1_1_U3294                                                               |     |        | tmp_117                | sparsemux | compactencoding_dontcare | 0       |
|         sparsemux_9_2_8_1_1_U3295                                                                |     |        | m0_3                   | sparsemux | compactencoding_dontcare | 0       |
|         mac_muladd_8s_8s_32s_32_4_1_U3426                                                        | 1   |        | cm0_20                 | mul       | dsp_slice                | 3       |
|         mac_muladd_8s_8s_32s_32_4_1_U3426                                                        | 1   |        | sext_ln493_28          | sext      | dsp_slice                | 3       |
|         sparsemux_17_3_8_1_1_U3296                                                               |     |        | tmp_118                | sparsemux | compactencoding_dontcare | 0       |
|         sparsemux_17_3_8_1_1_U3297                                                               |     |        | tmp_119                | sparsemux | compactencoding_dontcare | 0       |
|         sparsemux_17_3_8_1_1_U3298                                                               |     |        | tmp_120                | sparsemux | compactencoding_dontcare | 0       |
|         sparsemux_17_3_8_1_1_U3299                                                               |     |        | tmp_121                | sparsemux | compactencoding_dontcare | 0       |
|         sparsemux_9_2_8_1_1_U3300                                                                |     |        | m0_4                   | sparsemux | compactencoding_dontcare | 0       |
|         sparsemux_17_3_8_1_1_U3301                                                               |     |        | tmp_122                | sparsemux | compactencoding_dontcare | 0       |
|         sparsemux_17_3_8_1_1_U3302                                                               |     |        | tmp_123                | sparsemux | compactencoding_dontcare | 0       |
|         sparsemux_17_3_8_1_1_U3303                                                               |     |        | tmp_124                | sparsemux | compactencoding_dontcare | 0       |
|         sparsemux_17_3_8_1_1_U3304                                                               |     |        | tmp_125                | sparsemux | compactencoding_dontcare | 0       |
|         sparsemux_9_2_8_1_1_U3305                                                                |     |        | s1_8                   | sparsemux | compactencoding_dontcare | 0       |
|         mac_muladd_12s_8s_32s_32_4_1_U3443                                                       | 1   |        | cw1_8                  | mul       | dsp_slice                | 3       |
|         mac_muladd_12s_8s_32s_32_4_1_U3443                                                       | 1   |        | sext_ln494_4           | sext      | dsp_slice                | 3       |
|         sparsemux_17_3_8_1_1_U3306                                                               |     |        | tmp_126                | sparsemux | compactencoding_dontcare | 0       |
|         sparsemux_17_3_8_1_1_U3307                                                               |     |        | tmp_127                | sparsemux | compactencoding_dontcare | 0       |
|         sparsemux_17_3_8_1_1_U3308                                                               |     |        | tmp_128                | sparsemux | compactencoding_dontcare | 0       |
|         sparsemux_17_3_8_1_1_U3309                                                               |     |        | tmp_129                | sparsemux | compactencoding_dontcare | 0       |
|         sparsemux_9_2_8_1_1_U3310                                                                |     |        | s1_9                   | sparsemux | compactencoding_dontcare | 0       |
|         mac_muladd_12s_8s_32s_32_4_1_U3444                                                       | 1   |        | cw1_9                  | mul       | dsp_slice                | 3       |
|         mac_muladd_12s_8s_32s_32_4_1_U3444                                                       | 1   |        | sext_ln494_6           | sext      | dsp_slice                | 3       |
|         sparsemux_17_3_8_1_1_U3311                                                               |     |        | tmp_130                | sparsemux | compactencoding_dontcare | 0       |
|         sparsemux_17_3_8_1_1_U3312                                                               |     |        | tmp_131                | sparsemux | compactencoding_dontcare | 0       |
|         sparsemux_17_3_8_1_1_U3313                                                               |     |        | tmp_132                | sparsemux | compactencoding_dontcare | 0       |
|         sparsemux_17_3_8_1_1_U3314                                                               |     |        | tmp_133                | sparsemux | compactencoding_dontcare | 0       |
|         sparsemux_9_2_8_1_1_U3315                                                                |     |        | s1_11                  | sparsemux | compactencoding_dontcare | 0       |
|         mac_muladd_12s_8s_32s_32_4_1_U3445                                                       | 1   |        | cw1_10                 | mul       | dsp_slice                | 3       |
|         mac_muladd_12s_8s_32s_32_4_1_U3445                                                       | 1   |        | sext_ln494_8           | sext      | dsp_slice                | 3       |
|         sparsemux_17_3_8_1_1_U3316                                                               |     |        | tmp_134                | sparsemux | compactencoding_dontcare | 0       |
|         sparsemux_17_3_8_1_1_U3317                                                               |     |        | tmp_135                | sparsemux | compactencoding_dontcare | 0       |
|         sparsemux_17_3_8_1_1_U3318                                                               |     |        | tmp_136                | sparsemux | compactencoding_dontcare | 0       |
|         sparsemux_17_3_8_1_1_U3319                                                               |     |        | tmp_137                | sparsemux | compactencoding_dontcare | 0       |
|         sparsemux_9_2_8_1_1_U3320                                                                |     |        | s1_1                   | sparsemux | compactencoding_dontcare | 0       |
|         mac_muladd_12s_8s_32s_32_4_1_U3446                                                       | 1   |        | cw1_11                 | mul       | dsp_slice                | 3       |
|         mac_muladd_12s_8s_32s_32_4_1_U3446                                                       | 1   |        | sext_ln494_10          | sext      | dsp_slice                | 3       |
|         sparsemux_17_3_8_1_1_U3321                                                               |     |        | tmp_138                | sparsemux | compactencoding_dontcare | 0       |
|         sparsemux_17_3_8_1_1_U3322                                                               |     |        | tmp_139                | sparsemux | compactencoding_dontcare | 0       |
|         sparsemux_17_3_8_1_1_U3323                                                               |     |        | tmp_140                | sparsemux | compactencoding_dontcare | 0       |
|         sparsemux_17_3_8_1_1_U3324                                                               |     |        | tmp_141                | sparsemux | compactencoding_dontcare | 0       |
|         sparsemux_9_2_8_1_1_U3325                                                                |     |        | s1_2                   | sparsemux | compactencoding_dontcare | 0       |
|         mac_muladd_12s_8s_32s_32_4_1_U3447                                                       | 1   |        | cw1_12                 | mul       | dsp_slice                | 3       |
|         mac_muladd_12s_8s_32s_32_4_1_U3447                                                       | 1   |        | sext_ln494_12          | sext      | dsp_slice                | 3       |
|         sparsemux_17_3_8_1_1_U3326                                                               |     |        | tmp_142                | sparsemux | compactencoding_dontcare | 0       |
|         sparsemux_17_3_8_1_1_U3327                                                               |     |        | tmp_143                | sparsemux | compactencoding_dontcare | 0       |
|         sparsemux_17_3_8_1_1_U3328                                                               |     |        | tmp_144                | sparsemux | compactencoding_dontcare | 0       |
|         sparsemux_17_3_8_1_1_U3329                                                               |     |        | tmp_145                | sparsemux | compactencoding_dontcare | 0       |
|         sparsemux_9_2_8_1_1_U3330                                                                |     |        | s1_3                   | sparsemux | compactencoding_dontcare | 0       |
|         mac_muladd_12s_8s_32s_32_4_1_U3448                                                       | 1   |        | cw1_13                 | mul       | dsp_slice                | 3       |
|         mac_muladd_12s_8s_32s_32_4_1_U3448                                                       | 1   |        | sext_ln494_14          | sext      | dsp_slice                | 3       |
|         sparsemux_17_3_8_1_1_U3331                                                               |     |        | tmp_146                | sparsemux | compactencoding_dontcare | 0       |
|         sparsemux_17_3_8_1_1_U3332                                                               |     |        | tmp_147                | sparsemux | compactencoding_dontcare | 0       |
|         sparsemux_17_3_8_1_1_U3333                                                               |     |        | tmp_148                | sparsemux | compactencoding_dontcare | 0       |
|         sparsemux_17_3_8_1_1_U3334                                                               |     |        | tmp_149                | sparsemux | compactencoding_dontcare | 0       |
|         sparsemux_9_2_8_1_1_U3335                                                                |     |        | s1_4                   | sparsemux | compactencoding_dontcare | 0       |
|         sparsemux_17_3_8_1_1_U3336                                                               |     |        | tmp_150                | sparsemux | compactencoding_dontcare | 0       |
|         sparsemux_17_3_8_1_1_U3337                                                               |     |        | tmp_151                | sparsemux | compactencoding_dontcare | 0       |
|         sparsemux_17_3_8_1_1_U3338                                                               |     |        | tmp_152                | sparsemux | compactencoding_dontcare | 0       |
|         sparsemux_17_3_8_1_1_U3339                                                               |     |        | tmp_153                | sparsemux | compactencoding_dontcare | 0       |
|         sparsemux_9_2_8_1_1_U3340                                                                |     |        | m1_8                   | sparsemux | compactencoding_dontcare | 0       |
|         mac_muladd_8s_8s_32s_32_4_1_U3427                                                        | 1   |        | cm1_15                 | mul       | dsp_slice                | 3       |
|         mac_muladd_8s_8s_32s_32_4_1_U3427                                                        | 1   |        | sext_ln495_3           | sext      | dsp_slice                | 3       |
|         sparsemux_17_3_8_1_1_U3341                                                               |     |        | tmp_154                | sparsemux | compactencoding_dontcare | 0       |
|         sparsemux_17_3_8_1_1_U3342                                                               |     |        | tmp_155                | sparsemux | compactencoding_dontcare | 0       |
|         sparsemux_17_3_8_1_1_U3343                                                               |     |        | tmp_156                | sparsemux | compactencoding_dontcare | 0       |
|         sparsemux_17_3_8_1_1_U3344                                                               |     |        | tmp_157                | sparsemux | compactencoding_dontcare | 0       |
|         sparsemux_9_2_8_1_1_U3345                                                                |     |        | m1_9                   | sparsemux | compactencoding_dontcare | 0       |
|         mac_muladd_8s_8s_32s_32_4_1_U3428                                                        | 1   |        | cm1_16                 | mul       | dsp_slice                | 3       |
|         mac_muladd_8s_8s_32s_32_4_1_U3428                                                        | 1   |        | sext_ln495_5           | sext      | dsp_slice                | 3       |
|         sparsemux_17_3_8_1_1_U3346                                                               |     |        | tmp_158                | sparsemux | compactencoding_dontcare | 0       |
|         sparsemux_17_3_8_1_1_U3347                                                               |     |        | tmp_159                | sparsemux | compactencoding_dontcare | 0       |
|         sparsemux_17_3_8_1_1_U3348                                                               |     |        | tmp_160                | sparsemux | compactencoding_dontcare | 0       |
|         sparsemux_17_3_8_1_1_U3349                                                               |     |        | tmp_161                | sparsemux | compactencoding_dontcare | 0       |
|         sparsemux_9_2_8_1_1_U3350                                                                |     |        | m1_11                  | sparsemux | compactencoding_dontcare | 0       |
|         mac_muladd_8s_8s_32s_32_4_1_U3429                                                        | 1   |        | cm1_17                 | mul       | dsp_slice                | 3       |
|         mac_muladd_8s_8s_32s_32_4_1_U3429                                                        | 1   |        | sext_ln495_7           | sext      | dsp_slice                | 3       |
|         sparsemux_17_3_8_1_1_U3351                                                               |     |        | tmp_162                | sparsemux | compactencoding_dontcare | 0       |
|         sparsemux_17_3_8_1_1_U3352                                                               |     |        | tmp_163                | sparsemux | compactencoding_dontcare | 0       |
|         sparsemux_17_3_8_1_1_U3353                                                               |     |        | tmp_164                | sparsemux | compactencoding_dontcare | 0       |
|         sparsemux_17_3_8_1_1_U3354                                                               |     |        | tmp_165                | sparsemux | compactencoding_dontcare | 0       |
|         sparsemux_9_2_8_1_1_U3355                                                                |     |        | m1_1                   | sparsemux | compactencoding_dontcare | 0       |
|         mac_muladd_8s_8s_32s_32_4_1_U3430                                                        | 1   |        | cm1_18                 | mul       | dsp_slice                | 3       |
|         mac_muladd_8s_8s_32s_32_4_1_U3430                                                        | 1   |        | sext_ln495_9           | sext      | dsp_slice                | 3       |
|         sparsemux_17_3_8_1_1_U3356                                                               |     |        | tmp_166                | sparsemux | compactencoding_dontcare | 0       |
|         sparsemux_17_3_8_1_1_U3357                                                               |     |        | tmp_167                | sparsemux | compactencoding_dontcare | 0       |
|         sparsemux_17_3_8_1_1_U3358                                                               |     |        | tmp_168                | sparsemux | compactencoding_dontcare | 0       |
|         sparsemux_17_3_8_1_1_U3359                                                               |     |        | tmp_169                | sparsemux | compactencoding_dontcare | 0       |
|         sparsemux_9_2_8_1_1_U3360                                                                |     |        | m1_2                   | sparsemux | compactencoding_dontcare | 0       |
|         mac_muladd_8s_8s_32s_32_4_1_U3431                                                        | 1   |        | cm1_19                 | mul       | dsp_slice                | 3       |
|         mac_muladd_8s_8s_32s_32_4_1_U3431                                                        | 1   |        | sext_ln495_11          | sext      | dsp_slice                | 3       |
|         sparsemux_17_3_8_1_1_U3361                                                               |     |        | tmp_170                | sparsemux | compactencoding_dontcare | 0       |
|         sparsemux_17_3_8_1_1_U3362                                                               |     |        | tmp_171                | sparsemux | compactencoding_dontcare | 0       |
|         sparsemux_17_3_8_1_1_U3363                                                               |     |        | tmp_172                | sparsemux | compactencoding_dontcare | 0       |
|         sparsemux_17_3_8_1_1_U3364                                                               |     |        | tmp_173                | sparsemux | compactencoding_dontcare | 0       |
|         sparsemux_9_2_8_1_1_U3365                                                                |     |        | m1_3                   | sparsemux | compactencoding_dontcare | 0       |
|         mac_muladd_8s_8s_32s_32_4_1_U3432                                                        | 1   |        | cm1_20                 | mul       | dsp_slice                | 3       |
|         mac_muladd_8s_8s_32s_32_4_1_U3432                                                        | 1   |        | sext_ln495_13          | sext      | dsp_slice                | 3       |
|         sparsemux_17_3_8_1_1_U3366                                                               |     |        | tmp_174                | sparsemux | compactencoding_dontcare | 0       |
|         sparsemux_17_3_8_1_1_U3367                                                               |     |        | tmp_175                | sparsemux | compactencoding_dontcare | 0       |
|         sparsemux_17_3_8_1_1_U3368                                                               |     |        | tmp_176                | sparsemux | compactencoding_dontcare | 0       |
|         sparsemux_17_3_8_1_1_U3369                                                               |     |        | tmp_177                | sparsemux | compactencoding_dontcare | 0       |
|         sparsemux_9_2_8_1_1_U3370                                                                |     |        | m1_4                   | sparsemux | compactencoding_dontcare | 0       |
|         mul_8s_4ns_12_1_1_U3385                                                                  |     |        | mul_ln492_14           | mul       | auto                     | 0       |
|         mac_muladd_12s_8s_32s_32_4_1_U3449                                                       | 1   |        | cw0_7                  | mul       | dsp_slice                | 3       |
|         mac_muladd_12s_8s_32s_32_4_1_U3449                                                       | 1   |        | sext_ln492_25          | sext      | dsp_slice                | 3       |
|         mac_muladd_8s_8s_32s_32_4_1_U3433                                                        | 1   |        | cm0_14                 | mul       | dsp_slice                | 3       |
|         mac_muladd_8s_8s_32s_32_4_1_U3433                                                        | 1   |        | sext_ln493_29          | sext      | dsp_slice                | 3       |
|         mul_8s_4ns_12_1_1_U3386                                                                  |     |        | mul_ln494_14           | mul       | auto                     | 0       |
|         mac_muladd_12s_8s_32s_32_4_1_U3450                                                       | 1   |        | cw1_7                  | mul       | dsp_slice                | 3       |
|         mac_muladd_12s_8s_32s_32_4_1_U3450                                                       | 1   |        | sext_ln494_17          | sext      | dsp_slice                | 3       |
|         mac_muladd_8s_8s_32s_32_4_1_U3434                                                        | 1   |        | cm1_14                 | mul       | dsp_slice                | 3       |
|         mac_muladd_8s_8s_32s_32_4_1_U3434                                                        | 1   |        | sext_ln495_15          | sext      | dsp_slice                | 3       |
|         sparsemux_9_2_32_1_1_U3404                                                               |     |        | tmp_178                | sparsemux | compactencoding_dontcare | 0       |
|         mac_muladd_12s_8s_32s_32_4_1_U3437                                                       | 1   |        | acc_w0_64              | add       | dsp_slice                | 3       |
|         sparsemux_9_2_32_1_1_U3405                                                               |     |        | tmp_179                | sparsemux | compactencoding_dontcare | 0       |
|         mac_muladd_12s_8s_32s_32_4_1_U3438                                                       | 1   |        | acc_w0_65              | add       | dsp_slice                | 3       |
|         sparsemux_9_2_32_1_1_U3406                                                               |     |        | tmp_180                | sparsemux | compactencoding_dontcare | 0       |
|         mac_muladd_12s_8s_32s_32_4_1_U3439                                                       | 1   |        | acc_w0_66              | add       | dsp_slice                | 3       |
|         sparsemux_9_2_32_1_1_U3407                                                               |     |        | tmp_181                | sparsemux | compactencoding_dontcare | 0       |
|         mac_muladd_12s_8s_32s_32_4_1_U3440                                                       | 1   |        | acc_w0_67              | add       | dsp_slice                | 3       |
|         sparsemux_9_2_32_1_1_U3408                                                               |     |        | tmp_182                | sparsemux | compactencoding_dontcare | 0       |
|         mac_muladd_12s_8s_32s_32_4_1_U3441                                                       | 1   |        | acc_w0_68              | add       | dsp_slice                | 3       |
|         sparsemux_9_2_32_1_1_U3409                                                               |     |        | tmp_183                | sparsemux | compactencoding_dontcare | 0       |
|         mac_muladd_12s_8s_32s_32_4_1_U3442                                                       | 1   |        | acc_w0_69              | add       | dsp_slice                | 3       |
|         sparsemux_9_2_32_1_1_U3410                                                               |     |        | tmp_184                | sparsemux | compactencoding_dontcare | 0       |
|         mac_muladd_12s_8s_32s_32_4_1_U3449                                                       | 1   |        | acc_w0_70              | add       | dsp_slice                | 3       |
|         sparsemux_9_2_32_1_1_U3387                                                               |     |        | tmp_185                | sparsemux | compactencoding_dontcare | 0       |
|         mac_muladd_8s_8s_32s_32_4_1_U3419                                                        | 1   |        | acc_m0_63              | add       | dsp_slice                | 3       |
|         sparsemux_9_2_32_1_1_U3388                                                               |     |        | tmp_186                | sparsemux | compactencoding_dontcare | 0       |
|         mac_muladd_8s_8s_32s_32_4_1_U3421                                                        | 1   |        | acc_m0_64              | add       | dsp_slice                | 3       |
|         sparsemux_9_2_32_1_1_U3389                                                               |     |        | tmp_187                | sparsemux | compactencoding_dontcare | 0       |
|         mac_muladd_8s_8s_32s_32_4_1_U3422                                                        | 1   |        | acc_m0_65              | add       | dsp_slice                | 3       |
|         sparsemux_9_2_32_1_1_U3390                                                               |     |        | tmp_188                | sparsemux | compactencoding_dontcare | 0       |
|         mac_muladd_8s_8s_32s_32_4_1_U3423                                                        | 1   |        | acc_m0_66              | add       | dsp_slice                | 3       |
|         sparsemux_9_2_32_1_1_U3391                                                               |     |        | tmp_189                | sparsemux | compactencoding_dontcare | 0       |
|         mac_muladd_8s_8s_32s_32_4_1_U3424                                                        | 1   |        | acc_m0_67              | add       | dsp_slice                | 3       |
|         sparsemux_9_2_32_1_1_U3392                                                               |     |        | tmp_190                | sparsemux | compactencoding_dontcare | 0       |
|         mac_muladd_8s_8s_32s_32_4_1_U3425                                                        | 1   |        | acc_m0_68              | add       | dsp_slice                | 3       |
|         sparsemux_9_2_32_1_1_U3393                                                               |     |        | tmp_191                | sparsemux | compactencoding_dontcare | 0       |
|         mac_muladd_8s_8s_32s_32_4_1_U3426                                                        | 1   |        | acc_m0_69              | add       | dsp_slice                | 3       |
|         sparsemux_9_2_32_1_1_U3394                                                               |     |        | tmp_192                | sparsemux | compactencoding_dontcare | 0       |
|         mac_muladd_8s_8s_32s_32_4_1_U3433                                                        | 1   |        | acc_m0_70              | add       | dsp_slice                | 3       |
|         sparsemux_9_2_32_1_1_U3411                                                               |     |        | tmp_193                | sparsemux | compactencoding_dontcare | 0       |
|         mac_muladd_12s_8s_32s_32_4_1_U3436                                                       | 1   |        | acc_w1_63              | add       | dsp_slice                | 3       |
|         sparsemux_9_2_32_1_1_U3412                                                               |     |        | tmp_194                | sparsemux | compactencoding_dontcare | 0       |
|         mac_muladd_12s_8s_32s_32_4_1_U3443                                                       | 1   |        | acc_w1_64              | add       | dsp_slice                | 3       |
|         sparsemux_9_2_32_1_1_U3413                                                               |     |        | tmp_195                | sparsemux | compactencoding_dontcare | 0       |
|         mac_muladd_12s_8s_32s_32_4_1_U3444                                                       | 1   |        | acc_w1_65              | add       | dsp_slice                | 3       |
|         sparsemux_9_2_32_1_1_U3414                                                               |     |        | tmp_196                | sparsemux | compactencoding_dontcare | 0       |
|         mac_muladd_12s_8s_32s_32_4_1_U3445                                                       | 1   |        | acc_w1_66              | add       | dsp_slice                | 3       |
|         sparsemux_9_2_32_1_1_U3415                                                               |     |        | tmp_197                | sparsemux | compactencoding_dontcare | 0       |
|         mac_muladd_12s_8s_32s_32_4_1_U3446                                                       | 1   |        | acc_w1_67              | add       | dsp_slice                | 3       |
|         sparsemux_9_2_32_1_1_U3416                                                               |     |        | tmp_198                | sparsemux | compactencoding_dontcare | 0       |
|         mac_muladd_12s_8s_32s_32_4_1_U3447                                                       | 1   |        | acc_w1_68              | add       | dsp_slice                | 3       |
|         sparsemux_9_2_32_1_1_U3417                                                               |     |        | tmp_199                | sparsemux | compactencoding_dontcare | 0       |
|         mac_muladd_12s_8s_32s_32_4_1_U3448                                                       | 1   |        | acc_w1_69              | add       | dsp_slice                | 3       |
|         sparsemux_9_2_32_1_1_U3418                                                               |     |        | tmp_200                | sparsemux | compactencoding_dontcare | 0       |
|         mac_muladd_12s_8s_32s_32_4_1_U3450                                                       | 1   |        | acc_w1_70              | add       | dsp_slice                | 3       |
|         sparsemux_9_2_32_1_1_U3395                                                               |     |        | tmp_201                | sparsemux | compactencoding_dontcare | 0       |
|         mac_muladd_8s_8s_32s_32_4_1_U3420                                                        | 1   |        | acc_m1_63              | add       | dsp_slice                | 3       |
|         sparsemux_9_2_32_1_1_U3396                                                               |     |        | tmp_202                | sparsemux | compactencoding_dontcare | 0       |
|         mac_muladd_8s_8s_32s_32_4_1_U3427                                                        | 1   |        | acc_m1_64              | add       | dsp_slice                | 3       |
|         sparsemux_9_2_32_1_1_U3397                                                               |     |        | tmp_203                | sparsemux | compactencoding_dontcare | 0       |
|         mac_muladd_8s_8s_32s_32_4_1_U3428                                                        | 1   |        | acc_m1_65              | add       | dsp_slice                | 3       |
|         sparsemux_9_2_32_1_1_U3398                                                               |     |        | tmp_204                | sparsemux | compactencoding_dontcare | 0       |
|         mac_muladd_8s_8s_32s_32_4_1_U3429                                                        | 1   |        | acc_m1_66              | add       | dsp_slice                | 3       |
|         sparsemux_9_2_32_1_1_U3399                                                               |     |        | tmp_205                | sparsemux | compactencoding_dontcare | 0       |
|         mac_muladd_8s_8s_32s_32_4_1_U3430                                                        | 1   |        | acc_m1_67              | add       | dsp_slice                | 3       |
|         sparsemux_9_2_32_1_1_U3400                                                               |     |        | tmp_206                | sparsemux | compactencoding_dontcare | 0       |
|         mac_muladd_8s_8s_32s_32_4_1_U3431                                                        | 1   |        | acc_m1_68              | add       | dsp_slice                | 3       |
|         sparsemux_9_2_32_1_1_U3401                                                               |     |        | tmp_207                | sparsemux | compactencoding_dontcare | 0       |
|         mac_muladd_8s_8s_32s_32_4_1_U3432                                                        | 1   |        | acc_m1_69              | add       | dsp_slice                | 3       |
|         sparsemux_9_2_32_1_1_U3402                                                               |     |        | tmp_208                | sparsemux | compactencoding_dontcare | 0       |
|         mac_muladd_8s_8s_32s_32_4_1_U3434                                                        | 1   |        | acc_m1_70              | add       | dsp_slice                | 3       |
|       + mac_blocks_down_q4k_k2_urm_Pipeline_REDUCE_GRP                                           | 10  |        |                        |           |                          |         |
|         icmp_ln501_fu_1238_p2                                                                    |     |        | icmp_ln501             | seteq     | auto                     | 0       |
|         add_ln501_fu_1244_p2                                                                     |     |        | add_ln501              | add       | fabric                   | 0       |
|         add_ln502_fu_1974_p2                                                                     |     |        | add_ln502              | add       | fabric                   | 0       |
|         sparsemux_17_3_32_1_1_U4637                                                              |     |        | sw0                    | sparsemux | compactencoding_dontcare | 0       |
|         sparsemux_17_3_32_1_1_U4638                                                              |     |        | sm0                    | sparsemux | compactencoding_dontcare | 0       |
|         sparsemux_17_3_32_1_1_U4639                                                              |     |        | sw1                    | sparsemux | compactencoding_dontcare | 0       |
|         sparsemux_17_3_32_1_1_U4640                                                              |     |        | sm1                    | sparsemux | compactencoding_dontcare | 0       |
|         sparsemux_17_3_32_1_1_U4641                                                              |     |        | tmp_s                  | sparsemux | compactencoding_dontcare | 0       |
|         sparsemux_17_3_32_1_1_U4642                                                              |     |        | tmp_37                 | sparsemux | compactencoding_dontcare | 0       |
|         sparsemux_17_3_32_1_1_U4643                                                              |     |        | tmp_38                 | sparsemux | compactencoding_dontcare | 0       |
|         sparsemux_17_3_32_1_1_U4644                                                              |     |        | tmp_39                 | sparsemux | compactencoding_dontcare | 0       |
|         sparsemux_17_3_32_1_1_U4645                                                              |     |        | tmp_40                 | sparsemux | compactencoding_dontcare | 0       |
|         sparsemux_17_3_32_1_1_U4646                                                              |     |        | tmp_41                 | sparsemux | compactencoding_dontcare | 0       |
|         sparsemux_17_3_32_1_1_U4647                                                              |     |        | tmp_42                 | sparsemux | compactencoding_dontcare | 0       |
|         sparsemux_17_3_32_1_1_U4648                                                              |     |        | tmp_43                 | sparsemux | compactencoding_dontcare | 0       |
|         sparsemux_17_3_32_1_1_U4649                                                              |     |        | tmp_44                 | sparsemux | compactencoding_dontcare | 0       |
|         add_ln506_1_fu_1780_p2                                                                   |     |        | add_ln506_1            | add       | fabric                   | 0       |
|         sparsemux_17_3_32_1_1_U4650                                                              |     |        | tmp_45                 | sparsemux | compactencoding_dontcare | 0       |
|         add_ln506_4_fu_1838_p2                                                                   |     |        | add_ln506_4            | add       | fabric                   | 0       |
|         sparsemux_17_3_32_1_1_U4651                                                              |     |        | tmp_46                 | sparsemux | compactencoding_dontcare | 0       |
|         add_ln507_1_fu_1896_p2                                                                   |     |        | add_ln507_1            | add       | fabric                   | 0       |
|         sparsemux_17_3_32_1_1_U4652                                                              |     |        | tmp_47                 | sparsemux | compactencoding_dontcare | 0       |
|         add_ln507_4_fu_1954_p2                                                                   |     |        | add_ln507_4            | add       | fabric                   | 0       |
|         sitofp_32ns_32_6_no_dsp_1_U4631                                                          |     |        | conv                   | sitofp    | auto                     | 5       |
|         sitofp_32ns_32_6_no_dsp_1_U4632                                                          |     |        | conv8                  | sitofp    | auto                     | 5       |
|         fsub_32ns_32ns_32_10_full_dsp_1_U4625                                                    | 2   |        | sub                    | fsub      | fulldsp                  | 9       |
|         fpext_32ns_64_2_no_dsp_1_U4635                                                           |     |        | pf                     | fpext     | auto                     | 1       |
|         sub_ln509_fu_2082_p2                                                                     |     |        | sub_ln509              | sub       | fabric                   | 0       |
|         select_ln509_fu_2088_p3                                                                  |     |        | select_ln509           | select    | auto_sel                 | 0       |
|         icmp_ln509_fu_2095_p2                                                                    |     |        | icmp_ln509             | seteq     | auto                     | 0       |
|         sub_ln509_1_fu_2019_p2                                                                   |     |        | sub_ln509_1            | sub       | fabric                   | 0       |
|         icmp_ln509_1_fu_2100_p2                                                                  |     |        | icmp_ln509_1           | setgt     | auto                     | 0       |
|         add_ln509_fu_2105_p2                                                                     |     |        | add_ln509              | add       | fabric                   | 0       |
|         sub_ln509_2_fu_2110_p2                                                                   |     |        | sub_ln509_2            | sub       | fabric                   | 0       |
|         select_ln509_1_fu_2115_p3                                                                |     |        | select_ln509_1         | select    | auto_sel                 | 0       |
|         icmp_ln509_2_fu_2123_p2                                                                  |     |        | icmp_ln509_2           | seteq     | auto                     | 0       |
|         icmp_ln509_3_fu_2132_p2                                                                  |     |        | icmp_ln509_3           | setlt     | auto                     | 0       |
|         select_ln509_4_fu_2265_p3                                                                |     |        | select_ln509_4         | select    | auto_sel                 | 0       |
|         ashr_ln509_fu_2142_p2                                                                    |     |        | ashr_ln509             | ashr      | auto_pipe                | 0       |
|         storemerge4_i_fu_2322_p6                                                                 |     |        | select_ln509_2         | select    | auto_sel                 | 0       |
|         icmp_ln509_4_fu_2148_p2                                                                  |     |        | icmp_ln509_4           | setlt     | auto                     | 0       |
|         shl_ln509_fu_2158_p2                                                                     |     |        | shl_ln509              | shl       | auto_pipe                | 0       |
|         storemerge4_i_fu_2322_p8                                                                 |     |        | select_ln509_3         | select    | auto_sel                 | 0       |
|         xor_ln509_fu_2288_p2                                                                     |     |        | xor_ln509              | xor       | auto                     | 0       |
|         and_ln509_fu_2293_p2                                                                     |     |        | and_ln509              | and       | auto                     | 0       |
|         or_ln509_fu_2298_p2                                                                      |     |        | or_ln509               | or        | auto                     | 0       |
|         xor_ln509_1_fu_2302_p2                                                                   |     |        | xor_ln509_1            | xor       | auto                     | 0       |
|         and_ln509_1_fu_2308_p2                                                                   |     |        | and_ln509_1            | and       | auto                     | 0       |
|         sparsemux_9_3_48_1_1_U4653                                                               |     |        | storemerge4_i          | sparsemux | onehotencoding_realdef   | 0       |
|         total0_fu_2345_p2                                                                        |     |        | total0                 | add       | fabric                   | 0       |
|         sitofp_32ns_32_6_no_dsp_1_U4633                                                          |     |        | conv9                  | sitofp    | auto                     | 5       |
|         fmul_32ns_32ns_32_5_max_dsp_1_U4629                                                      | 3   |        | mul2                   | fmul      | maxdsp                   | 4       |
|         sitofp_32ns_32_6_no_dsp_1_U4634                                                          |     |        | conv1                  | sitofp    | auto                     | 5       |
|         fmul_32ns_32ns_32_5_max_dsp_1_U4630                                                      | 3   |        | mul3                   | fmul      | maxdsp                   | 4       |
|         fsub_32ns_32ns_32_10_full_dsp_1_U4626                                                    | 2   |        | sub5                   | fsub      | fulldsp                  | 9       |
|         fpext_32ns_64_2_no_dsp_1_U4636                                                           |     |        | pf_4                   | fpext     | auto                     | 1       |
|         sub_ln510_fu_2175_p2                                                                     |     |        | sub_ln510              | sub       | fabric                   | 0       |
|         select_ln510_fu_2181_p3                                                                  |     |        | select_ln510           | select    | auto_sel                 | 0       |
|         icmp_ln510_fu_2188_p2                                                                    |     |        | icmp_ln510             | seteq     | auto                     | 0       |
|         sub_ln510_1_fu_2061_p2                                                                   |     |        | sub_ln510_1            | sub       | fabric                   | 0       |
|         icmp_ln510_1_fu_2193_p2                                                                  |     |        | icmp_ln510_1           | setgt     | auto                     | 0       |
|         add_ln510_fu_2198_p2                                                                     |     |        | add_ln510              | add       | fabric                   | 0       |
|         sub_ln510_2_fu_2203_p2                                                                   |     |        | sub_ln510_2            | sub       | fabric                   | 0       |
|         select_ln510_1_fu_2208_p3                                                                |     |        | select_ln510_1         | select    | auto_sel                 | 0       |
|         icmp_ln510_2_fu_2216_p2                                                                  |     |        | icmp_ln510_2           | seteq     | auto                     | 0       |
|         icmp_ln510_3_fu_2225_p2                                                                  |     |        | icmp_ln510_3           | setlt     | auto                     | 0       |
|         select_ln510_4_fu_2351_p3                                                                |     |        | select_ln510_4         | select    | auto_sel                 | 0       |
|         ashr_ln510_fu_2235_p2                                                                    |     |        | ashr_ln510             | ashr      | auto_pipe                | 0       |
|         storemerge4_i4_fu_2408_p6                                                                |     |        | select_ln510_2         | select    | auto_sel                 | 0       |
|         icmp_ln510_4_fu_2241_p2                                                                  |     |        | icmp_ln510_4           | setlt     | auto                     | 0       |
|         shl_ln510_fu_2251_p2                                                                     |     |        | shl_ln510              | shl       | auto_pipe                | 0       |
|         storemerge4_i4_fu_2408_p8                                                                |     |        | select_ln510_3         | select    | auto_sel                 | 0       |
|         xor_ln510_fu_2374_p2                                                                     |     |        | xor_ln510              | xor       | auto                     | 0       |
|         and_ln510_fu_2379_p2                                                                     |     |        | and_ln510              | and       | auto                     | 0       |
|         or_ln510_fu_2384_p2                                                                      |     |        | or_ln510               | or        | auto                     | 0       |
|         xor_ln510_1_fu_2388_p2                                                                   |     |        | xor_ln510_1            | xor       | auto                     | 0       |
|         and_ln510_1_fu_2394_p2                                                                   |     |        | and_ln510_1            | and       | auto                     | 0       |
|         sparsemux_9_3_48_1_1_U4654                                                               |     |        | storemerge4_i4         | sparsemux | onehotencoding_realdef   | 0       |
|         total1_fu_2431_p2                                                                        |     |        | total1                 | add       | fabric                   | 0       |
|   + compute_output_Pipeline_1                                                                    | 0   |        |                        |           |                          |         |
|     exitcond1_i_fu_101_p2                                                                        |     |        | exitcond1_i            | seteq     | auto                     | 0       |
|     empty_fu_107_p2                                                                              |     |        | empty                  | add       | fabric                   | 0       |
+--------------------------------------------------------------------------------------------------+-----+--------+------------------------+-----------+--------------------------+---------+


================================================================
== Storage Report
================================================================
+-----------------------------------+----------------+------------+------+------+--------+---------------+--------+---------+------------------+
| Name                              | Usage          | Type       | BRAM | URAM | Pragma | Variable      | Impl   | Latency | Bitwidth, Depth, |
|                                   |                |            |      |      |        |               |        |         | Banks            |
+-----------------------------------+----------------+------------+------+------+--------+---------------+--------+---------+------------------+
| + swiglu                          |                |            | 150  | 8    |        |               |        |         |                  |
|   CTRL_s_axi_U                    | interface      | s_axilite  |      |      |        |               |        |         |                  |
|   gmem_V_m_axi_U                  | interface      | m_axi      | 8    |      |        |               |        |         |                  |
|   gmem_W_m_axi_U                  | interface      | m_axi      | 8    |      |        |               |        |         |                  |
|   gmem_Wd_m_axi_U                 | interface      | m_axi      | 8    |      |        |               |        |         |                  |
|   gmem_out_m_axi_U                | interface      | m_axi      | 2    |      |        |               |        |         |                  |
|   gmem_x_m_axi_U                  | interface      | m_axi      | 8    |      |        |               |        |         |                  |
|   x_local_1_U                     | ram_1p channel | pipo       |      |      |        | x_local_1     | lutram | 1       | 8, 16, 2         |
|   x_local_1_1_U                   | ram_1p channel | pipo       |      |      |        | x_local_1_1   | lutram | 1       | 8, 16, 2         |
|   x_local_1_2_U                   | ram_1p channel | pipo       |      |      |        | x_local_1_2   | lutram | 1       | 8, 16, 2         |
|   x_local_1_3_U                   | ram_1p channel | pipo       |      |      |        | x_local_1_3   | lutram | 1       | 8, 16, 2         |
|   x_local_1_4_U                   | ram_1p channel | pipo       |      |      |        | x_local_1_4   | lutram | 1       | 8, 16, 2         |
|   x_local_1_5_U                   | ram_1p channel | pipo       |      |      |        | x_local_1_5   | lutram | 1       | 8, 16, 2         |
|   x_local_1_6_U                   | ram_1p channel | pipo       |      |      |        | x_local_1_6   | lutram | 1       | 8, 16, 2         |
|   x_local_1_7_U                   | ram_1p channel | pipo       |      |      |        | x_local_1_7   | lutram | 1       | 8, 16, 2         |
|   x_local_1_8_U                   | ram_1p channel | pipo       |      |      |        | x_local_1_8   | lutram | 1       | 8, 16, 2         |
|   x_local_1_9_U                   | ram_1p channel | pipo       |      |      |        | x_local_1_9   | lutram | 1       | 8, 16, 2         |
|   x_local_1_10_U                  | ram_1p channel | pipo       |      |      |        | x_local_1_10  | lutram | 1       | 8, 16, 2         |
|   x_local_1_11_U                  | ram_1p channel | pipo       |      |      |        | x_local_1_11  | lutram | 1       | 8, 16, 2         |
|   x_local_1_12_U                  | ram_1p channel | pipo       |      |      |        | x_local_1_12  | lutram | 1       | 8, 16, 2         |
|   x_local_1_13_U                  | ram_1p channel | pipo       |      |      |        | x_local_1_13  | lutram | 1       | 8, 16, 2         |
|   x_local_1_14_U                  | ram_1p channel | pipo       |      |      |        | x_local_1_14  | lutram | 1       | 8, 16, 2         |
|   x_local_1_15_U                  | ram_1p channel | pipo       |      |      |        | x_local_1_15  | lutram | 1       | 8, 16, 2         |
|   x_local_1_16_U                  | ram_1p channel | pipo       |      |      |        | x_local_1_16  | lutram | 1       | 8, 16, 2         |
|   x_local_1_17_U                  | ram_1p channel | pipo       |      |      |        | x_local_1_17  | lutram | 1       | 8, 16, 2         |
|   x_local_1_18_U                  | ram_1p channel | pipo       |      |      |        | x_local_1_18  | lutram | 1       | 8, 16, 2         |
|   x_local_1_19_U                  | ram_1p channel | pipo       |      |      |        | x_local_1_19  | lutram | 1       | 8, 16, 2         |
|   x_local_1_20_U                  | ram_1p channel | pipo       |      |      |        | x_local_1_20  | lutram | 1       | 8, 16, 2         |
|   x_local_1_21_U                  | ram_1p channel | pipo       |      |      |        | x_local_1_21  | lutram | 1       | 8, 16, 2         |
|   x_local_1_22_U                  | ram_1p channel | pipo       |      |      |        | x_local_1_22  | lutram | 1       | 8, 16, 2         |
|   x_local_1_23_U                  | ram_1p channel | pipo       |      |      |        | x_local_1_23  | lutram | 1       | 8, 16, 2         |
|   x_local_1_24_U                  | ram_1p channel | pipo       |      |      |        | x_local_1_24  | lutram | 1       | 8, 16, 2         |
|   x_local_1_25_U                  | ram_1p channel | pipo       |      |      |        | x_local_1_25  | lutram | 1       | 8, 16, 2         |
|   x_local_1_26_U                  | ram_1p channel | pipo       |      |      |        | x_local_1_26  | lutram | 1       | 8, 16, 2         |
|   x_local_1_27_U                  | ram_1p channel | pipo       |      |      |        | x_local_1_27  | lutram | 1       | 8, 16, 2         |
|   x_local_1_28_U                  | ram_1p channel | pipo       |      |      |        | x_local_1_28  | lutram | 1       | 8, 16, 2         |
|   x_local_1_29_U                  | ram_1p channel | pipo       |      |      |        | x_local_1_29  | lutram | 1       | 8, 16, 2         |
|   x_local_1_30_U                  | ram_1p channel | pipo       |      |      |        | x_local_1_30  | lutram | 1       | 8, 16, 2         |
|   x_local_1_31_U                  | ram_1p channel | pipo       |      |      |        | x_local_1_31  | lutram | 1       | 8, 16, 2         |
|   x_local_1_32_U                  | ram_1p channel | pipo       |      |      |        | x_local_1_32  | lutram | 1       | 8, 16, 2         |
|   x_local_1_33_U                  | ram_1p channel | pipo       |      |      |        | x_local_1_33  | lutram | 1       | 8, 16, 2         |
|   x_local_1_34_U                  | ram_1p channel | pipo       |      |      |        | x_local_1_34  | lutram | 1       | 8, 16, 2         |
|   x_local_1_35_U                  | ram_1p channel | pipo       |      |      |        | x_local_1_35  | lutram | 1       | 8, 16, 2         |
|   x_local_1_36_U                  | ram_1p channel | pipo       |      |      |        | x_local_1_36  | lutram | 1       | 8, 16, 2         |
|   x_local_1_37_U                  | ram_1p channel | pipo       |      |      |        | x_local_1_37  | lutram | 1       | 8, 16, 2         |
|   x_local_1_38_U                  | ram_1p channel | pipo       |      |      |        | x_local_1_38  | lutram | 1       | 8, 16, 2         |
|   x_local_1_39_U                  | ram_1p channel | pipo       |      |      |        | x_local_1_39  | lutram | 1       | 8, 16, 2         |
|   x_local_1_40_U                  | ram_1p channel | pipo       |      |      |        | x_local_1_40  | lutram | 1       | 8, 16, 2         |
|   x_local_1_41_U                  | ram_1p channel | pipo       |      |      |        | x_local_1_41  | lutram | 1       | 8, 16, 2         |
|   x_local_1_42_U                  | ram_1p channel | pipo       |      |      |        | x_local_1_42  | lutram | 1       | 8, 16, 2         |
|   x_local_1_43_U                  | ram_1p channel | pipo       |      |      |        | x_local_1_43  | lutram | 1       | 8, 16, 2         |
|   x_local_1_44_U                  | ram_1p channel | pipo       |      |      |        | x_local_1_44  | lutram | 1       | 8, 16, 2         |
|   x_local_1_45_U                  | ram_1p channel | pipo       |      |      |        | x_local_1_45  | lutram | 1       | 8, 16, 2         |
|   x_local_1_46_U                  | ram_1p channel | pipo       |      |      |        | x_local_1_46  | lutram | 1       | 8, 16, 2         |
|   x_local_1_47_U                  | ram_1p channel | pipo       |      |      |        | x_local_1_47  | lutram | 1       | 8, 16, 2         |
|   x_local_1_48_U                  | ram_1p channel | pipo       |      |      |        | x_local_1_48  | lutram | 1       | 8, 16, 2         |
|   x_local_1_49_U                  | ram_1p channel | pipo       |      |      |        | x_local_1_49  | lutram | 1       | 8, 16, 2         |
|   x_local_1_50_U                  | ram_1p channel | pipo       |      |      |        | x_local_1_50  | lutram | 1       | 8, 16, 2         |
|   x_local_1_51_U                  | ram_1p channel | pipo       |      |      |        | x_local_1_51  | lutram | 1       | 8, 16, 2         |
|   x_local_1_52_U                  | ram_1p channel | pipo       |      |      |        | x_local_1_52  | lutram | 1       | 8, 16, 2         |
|   x_local_1_53_U                  | ram_1p channel | pipo       |      |      |        | x_local_1_53  | lutram | 1       | 8, 16, 2         |
|   x_local_1_54_U                  | ram_1p channel | pipo       |      |      |        | x_local_1_54  | lutram | 1       | 8, 16, 2         |
|   x_local_1_55_U                  | ram_1p channel | pipo       |      |      |        | x_local_1_55  | lutram | 1       | 8, 16, 2         |
|   x_local_1_56_U                  | ram_1p channel | pipo       |      |      |        | x_local_1_56  | lutram | 1       | 8, 16, 2         |
|   x_local_1_57_U                  | ram_1p channel | pipo       |      |      |        | x_local_1_57  | lutram | 1       | 8, 16, 2         |
|   x_local_1_58_U                  | ram_1p channel | pipo       |      |      |        | x_local_1_58  | lutram | 1       | 8, 16, 2         |
|   x_local_1_59_U                  | ram_1p channel | pipo       |      |      |        | x_local_1_59  | lutram | 1       | 8, 16, 2         |
|   x_local_1_60_U                  | ram_1p channel | pipo       |      |      |        | x_local_1_60  | lutram | 1       | 8, 16, 2         |
|   x_local_1_61_U                  | ram_1p channel | pipo       |      |      |        | x_local_1_61  | lutram | 1       | 8, 16, 2         |
|   x_local_1_62_U                  | ram_1p channel | pipo       |      |      |        | x_local_1_62  | lutram | 1       | 8, 16, 2         |
|   x_local_1_63_U                  | ram_1p channel | pipo       |      |      |        | x_local_1_63  | lutram | 1       | 8, 16, 2         |
|   x_local_1_64_U                  | ram_1p channel | pipo       |      |      |        | x_local_1_64  | lutram | 1       | 8, 16, 2         |
|   x_local_1_65_U                  | ram_1p channel | pipo       |      |      |        | x_local_1_65  | lutram | 1       | 8, 16, 2         |
|   x_local_1_66_U                  | ram_1p channel | pipo       |      |      |        | x_local_1_66  | lutram | 1       | 8, 16, 2         |
|   x_local_1_67_U                  | ram_1p channel | pipo       |      |      |        | x_local_1_67  | lutram | 1       | 8, 16, 2         |
|   x_local_1_68_U                  | ram_1p channel | pipo       |      |      |        | x_local_1_68  | lutram | 1       | 8, 16, 2         |
|   x_local_1_69_U                  | ram_1p channel | pipo       |      |      |        | x_local_1_69  | lutram | 1       | 8, 16, 2         |
|   x_local_1_70_U                  | ram_1p channel | pipo       |      |      |        | x_local_1_70  | lutram | 1       | 8, 16, 2         |
|   x_local_1_71_U                  | ram_1p channel | pipo       |      |      |        | x_local_1_71  | lutram | 1       | 8, 16, 2         |
|   x_local_1_72_U                  | ram_1p channel | pipo       |      |      |        | x_local_1_72  | lutram | 1       | 8, 16, 2         |
|   x_local_1_73_U                  | ram_1p channel | pipo       |      |      |        | x_local_1_73  | lutram | 1       | 8, 16, 2         |
|   x_local_1_74_U                  | ram_1p channel | pipo       |      |      |        | x_local_1_74  | lutram | 1       | 8, 16, 2         |
|   x_local_1_75_U                  | ram_1p channel | pipo       |      |      |        | x_local_1_75  | lutram | 1       | 8, 16, 2         |
|   x_local_1_76_U                  | ram_1p channel | pipo       |      |      |        | x_local_1_76  | lutram | 1       | 8, 16, 2         |
|   x_local_1_77_U                  | ram_1p channel | pipo       |      |      |        | x_local_1_77  | lutram | 1       | 8, 16, 2         |
|   x_local_1_78_U                  | ram_1p channel | pipo       |      |      |        | x_local_1_78  | lutram | 1       | 8, 16, 2         |
|   x_local_1_79_U                  | ram_1p channel | pipo       |      |      |        | x_local_1_79  | lutram | 1       | 8, 16, 2         |
|   x_local_1_80_U                  | ram_1p channel | pipo       |      |      |        | x_local_1_80  | lutram | 1       | 8, 16, 2         |
|   x_local_1_81_U                  | ram_1p channel | pipo       |      |      |        | x_local_1_81  | lutram | 1       | 8, 16, 2         |
|   x_local_1_82_U                  | ram_1p channel | pipo       |      |      |        | x_local_1_82  | lutram | 1       | 8, 16, 2         |
|   x_local_1_83_U                  | ram_1p channel | pipo       |      |      |        | x_local_1_83  | lutram | 1       | 8, 16, 2         |
|   x_local_1_84_U                  | ram_1p channel | pipo       |      |      |        | x_local_1_84  | lutram | 1       | 8, 16, 2         |
|   x_local_1_85_U                  | ram_1p channel | pipo       |      |      |        | x_local_1_85  | lutram | 1       | 8, 16, 2         |
|   x_local_1_86_U                  | ram_1p channel | pipo       |      |      |        | x_local_1_86  | lutram | 1       | 8, 16, 2         |
|   x_local_1_87_U                  | ram_1p channel | pipo       |      |      |        | x_local_1_87  | lutram | 1       | 8, 16, 2         |
|   x_local_1_88_U                  | ram_1p channel | pipo       |      |      |        | x_local_1_88  | lutram | 1       | 8, 16, 2         |
|   x_local_1_89_U                  | ram_1p channel | pipo       |      |      |        | x_local_1_89  | lutram | 1       | 8, 16, 2         |
|   x_local_1_90_U                  | ram_1p channel | pipo       |      |      |        | x_local_1_90  | lutram | 1       | 8, 16, 2         |
|   x_local_1_91_U                  | ram_1p channel | pipo       |      |      |        | x_local_1_91  | lutram | 1       | 8, 16, 2         |
|   x_local_1_92_U                  | ram_1p channel | pipo       |      |      |        | x_local_1_92  | lutram | 1       | 8, 16, 2         |
|   x_local_1_93_U                  | ram_1p channel | pipo       |      |      |        | x_local_1_93  | lutram | 1       | 8, 16, 2         |
|   x_local_1_94_U                  | ram_1p channel | pipo       |      |      |        | x_local_1_94  | lutram | 1       | 8, 16, 2         |
|   x_local_1_95_U                  | ram_1p channel | pipo       |      |      |        | x_local_1_95  | lutram | 1       | 8, 16, 2         |
|   x_local_1_96_U                  | ram_1p channel | pipo       |      |      |        | x_local_1_96  | lutram | 1       | 8, 16, 2         |
|   x_local_1_97_U                  | ram_1p channel | pipo       |      |      |        | x_local_1_97  | lutram | 1       | 8, 16, 2         |
|   x_local_1_98_U                  | ram_1p channel | pipo       |      |      |        | x_local_1_98  | lutram | 1       | 8, 16, 2         |
|   x_local_1_99_U                  | ram_1p channel | pipo       |      |      |        | x_local_1_99  | lutram | 1       | 8, 16, 2         |
|   x_local_1_100_U                 | ram_1p channel | pipo       |      |      |        | x_local_1_100 | lutram | 1       | 8, 16, 2         |
|   x_local_1_101_U                 | ram_1p channel | pipo       |      |      |        | x_local_1_101 | lutram | 1       | 8, 16, 2         |
|   x_local_1_102_U                 | ram_1p channel | pipo       |      |      |        | x_local_1_102 | lutram | 1       | 8, 16, 2         |
|   x_local_1_103_U                 | ram_1p channel | pipo       |      |      |        | x_local_1_103 | lutram | 1       | 8, 16, 2         |
|   x_local_1_104_U                 | ram_1p channel | pipo       |      |      |        | x_local_1_104 | lutram | 1       | 8, 16, 2         |
|   x_local_1_105_U                 | ram_1p channel | pipo       |      |      |        | x_local_1_105 | lutram | 1       | 8, 16, 2         |
|   x_local_1_106_U                 | ram_1p channel | pipo       |      |      |        | x_local_1_106 | lutram | 1       | 8, 16, 2         |
|   x_local_1_107_U                 | ram_1p channel | pipo       |      |      |        | x_local_1_107 | lutram | 1       | 8, 16, 2         |
|   x_local_1_108_U                 | ram_1p channel | pipo       |      |      |        | x_local_1_108 | lutram | 1       | 8, 16, 2         |
|   x_local_1_109_U                 | ram_1p channel | pipo       |      |      |        | x_local_1_109 | lutram | 1       | 8, 16, 2         |
|   x_local_1_110_U                 | ram_1p channel | pipo       |      |      |        | x_local_1_110 | lutram | 1       | 8, 16, 2         |
|   x_local_1_111_U                 | ram_1p channel | pipo       |      |      |        | x_local_1_111 | lutram | 1       | 8, 16, 2         |
|   x_local_1_112_U                 | ram_1p channel | pipo       |      |      |        | x_local_1_112 | lutram | 1       | 8, 16, 2         |
|   x_local_1_113_U                 | ram_1p channel | pipo       |      |      |        | x_local_1_113 | lutram | 1       | 8, 16, 2         |
|   x_local_1_114_U                 | ram_1p channel | pipo       |      |      |        | x_local_1_114 | lutram | 1       | 8, 16, 2         |
|   x_local_1_115_U                 | ram_1p channel | pipo       |      |      |        | x_local_1_115 | lutram | 1       | 8, 16, 2         |
|   x_local_1_116_U                 | ram_1p channel | pipo       |      |      |        | x_local_1_116 | lutram | 1       | 8, 16, 2         |
|   x_local_1_117_U                 | ram_1p channel | pipo       |      |      |        | x_local_1_117 | lutram | 1       | 8, 16, 2         |
|   x_local_1_118_U                 | ram_1p channel | pipo       |      |      |        | x_local_1_118 | lutram | 1       | 8, 16, 2         |
|   x_local_1_119_U                 | ram_1p channel | pipo       |      |      |        | x_local_1_119 | lutram | 1       | 8, 16, 2         |
|   x_local_1_120_U                 | ram_1p channel | pipo       |      |      |        | x_local_1_120 | lutram | 1       | 8, 16, 2         |
|   x_local_1_121_U                 | ram_1p channel | pipo       |      |      |        | x_local_1_121 | lutram | 1       | 8, 16, 2         |
|   x_local_1_122_U                 | ram_1p channel | pipo       |      |      |        | x_local_1_122 | lutram | 1       | 8, 16, 2         |
|   x_local_1_123_U                 | ram_1p channel | pipo       |      |      |        | x_local_1_123 | lutram | 1       | 8, 16, 2         |
|   x_local_1_124_U                 | ram_1p channel | pipo       |      |      |        | x_local_1_124 | lutram | 1       | 8, 16, 2         |
|   x_local_1_125_U                 | ram_1p channel | pipo       |      |      |        | x_local_1_125 | lutram | 1       | 8, 16, 2         |
|   x_local_1_126_U                 | ram_1p channel | pipo       |      |      |        | x_local_1_126 | lutram | 1       | 8, 16, 2         |
|   x_local_1_127_U                 | ram_1p channel | pipo       |      |      |        | x_local_1_127 | lutram | 1       | 8, 16, 2         |
|   x_local_2_U                     | ram_1p channel | pipo       |      |      |        | x_local_2     | lutram | 1       | 8, 16, 2         |
|   x_local_2_1_U                   | ram_1p channel | pipo       |      |      |        | x_local_2_1   | lutram | 1       | 8, 16, 2         |
|   x_local_2_2_U                   | ram_1p channel | pipo       |      |      |        | x_local_2_2   | lutram | 1       | 8, 16, 2         |
|   x_local_2_3_U                   | ram_1p channel | pipo       |      |      |        | x_local_2_3   | lutram | 1       | 8, 16, 2         |
|   x_local_2_4_U                   | ram_1p channel | pipo       |      |      |        | x_local_2_4   | lutram | 1       | 8, 16, 2         |
|   x_local_2_5_U                   | ram_1p channel | pipo       |      |      |        | x_local_2_5   | lutram | 1       | 8, 16, 2         |
|   x_local_2_6_U                   | ram_1p channel | pipo       |      |      |        | x_local_2_6   | lutram | 1       | 8, 16, 2         |
|   x_local_2_7_U                   | ram_1p channel | pipo       |      |      |        | x_local_2_7   | lutram | 1       | 8, 16, 2         |
|   x_local_2_8_U                   | ram_1p channel | pipo       |      |      |        | x_local_2_8   | lutram | 1       | 8, 16, 2         |
|   x_local_2_9_U                   | ram_1p channel | pipo       |      |      |        | x_local_2_9   | lutram | 1       | 8, 16, 2         |
|   x_local_2_10_U                  | ram_1p channel | pipo       |      |      |        | x_local_2_10  | lutram | 1       | 8, 16, 2         |
|   x_local_2_11_U                  | ram_1p channel | pipo       |      |      |        | x_local_2_11  | lutram | 1       | 8, 16, 2         |
|   x_local_2_12_U                  | ram_1p channel | pipo       |      |      |        | x_local_2_12  | lutram | 1       | 8, 16, 2         |
|   x_local_2_13_U                  | ram_1p channel | pipo       |      |      |        | x_local_2_13  | lutram | 1       | 8, 16, 2         |
|   x_local_2_14_U                  | ram_1p channel | pipo       |      |      |        | x_local_2_14  | lutram | 1       | 8, 16, 2         |
|   x_local_2_15_U                  | ram_1p channel | pipo       |      |      |        | x_local_2_15  | lutram | 1       | 8, 16, 2         |
|   x_local_2_16_U                  | ram_1p channel | pipo       |      |      |        | x_local_2_16  | lutram | 1       | 8, 16, 2         |
|   x_local_2_17_U                  | ram_1p channel | pipo       |      |      |        | x_local_2_17  | lutram | 1       | 8, 16, 2         |
|   x_local_2_18_U                  | ram_1p channel | pipo       |      |      |        | x_local_2_18  | lutram | 1       | 8, 16, 2         |
|   x_local_2_19_U                  | ram_1p channel | pipo       |      |      |        | x_local_2_19  | lutram | 1       | 8, 16, 2         |
|   x_local_2_20_U                  | ram_1p channel | pipo       |      |      |        | x_local_2_20  | lutram | 1       | 8, 16, 2         |
|   x_local_2_21_U                  | ram_1p channel | pipo       |      |      |        | x_local_2_21  | lutram | 1       | 8, 16, 2         |
|   x_local_2_22_U                  | ram_1p channel | pipo       |      |      |        | x_local_2_22  | lutram | 1       | 8, 16, 2         |
|   x_local_2_23_U                  | ram_1p channel | pipo       |      |      |        | x_local_2_23  | lutram | 1       | 8, 16, 2         |
|   x_local_2_24_U                  | ram_1p channel | pipo       |      |      |        | x_local_2_24  | lutram | 1       | 8, 16, 2         |
|   x_local_2_25_U                  | ram_1p channel | pipo       |      |      |        | x_local_2_25  | lutram | 1       | 8, 16, 2         |
|   x_local_2_26_U                  | ram_1p channel | pipo       |      |      |        | x_local_2_26  | lutram | 1       | 8, 16, 2         |
|   x_local_2_27_U                  | ram_1p channel | pipo       |      |      |        | x_local_2_27  | lutram | 1       | 8, 16, 2         |
|   x_local_2_28_U                  | ram_1p channel | pipo       |      |      |        | x_local_2_28  | lutram | 1       | 8, 16, 2         |
|   x_local_2_29_U                  | ram_1p channel | pipo       |      |      |        | x_local_2_29  | lutram | 1       | 8, 16, 2         |
|   x_local_2_30_U                  | ram_1p channel | pipo       |      |      |        | x_local_2_30  | lutram | 1       | 8, 16, 2         |
|   x_local_2_31_U                  | ram_1p channel | pipo       |      |      |        | x_local_2_31  | lutram | 1       | 8, 16, 2         |
|   x_local_2_32_U                  | ram_1p channel | pipo       |      |      |        | x_local_2_32  | lutram | 1       | 8, 16, 2         |
|   x_local_2_33_U                  | ram_1p channel | pipo       |      |      |        | x_local_2_33  | lutram | 1       | 8, 16, 2         |
|   x_local_2_34_U                  | ram_1p channel | pipo       |      |      |        | x_local_2_34  | lutram | 1       | 8, 16, 2         |
|   x_local_2_35_U                  | ram_1p channel | pipo       |      |      |        | x_local_2_35  | lutram | 1       | 8, 16, 2         |
|   x_local_2_36_U                  | ram_1p channel | pipo       |      |      |        | x_local_2_36  | lutram | 1       | 8, 16, 2         |
|   x_local_2_37_U                  | ram_1p channel | pipo       |      |      |        | x_local_2_37  | lutram | 1       | 8, 16, 2         |
|   x_local_2_38_U                  | ram_1p channel | pipo       |      |      |        | x_local_2_38  | lutram | 1       | 8, 16, 2         |
|   x_local_2_39_U                  | ram_1p channel | pipo       |      |      |        | x_local_2_39  | lutram | 1       | 8, 16, 2         |
|   x_local_2_40_U                  | ram_1p channel | pipo       |      |      |        | x_local_2_40  | lutram | 1       | 8, 16, 2         |
|   x_local_2_41_U                  | ram_1p channel | pipo       |      |      |        | x_local_2_41  | lutram | 1       | 8, 16, 2         |
|   x_local_2_42_U                  | ram_1p channel | pipo       |      |      |        | x_local_2_42  | lutram | 1       | 8, 16, 2         |
|   x_local_2_43_U                  | ram_1p channel | pipo       |      |      |        | x_local_2_43  | lutram | 1       | 8, 16, 2         |
|   x_local_2_44_U                  | ram_1p channel | pipo       |      |      |        | x_local_2_44  | lutram | 1       | 8, 16, 2         |
|   x_local_2_45_U                  | ram_1p channel | pipo       |      |      |        | x_local_2_45  | lutram | 1       | 8, 16, 2         |
|   x_local_2_46_U                  | ram_1p channel | pipo       |      |      |        | x_local_2_46  | lutram | 1       | 8, 16, 2         |
|   x_local_2_47_U                  | ram_1p channel | pipo       |      |      |        | x_local_2_47  | lutram | 1       | 8, 16, 2         |
|   x_local_2_48_U                  | ram_1p channel | pipo       |      |      |        | x_local_2_48  | lutram | 1       | 8, 16, 2         |
|   x_local_2_49_U                  | ram_1p channel | pipo       |      |      |        | x_local_2_49  | lutram | 1       | 8, 16, 2         |
|   x_local_2_50_U                  | ram_1p channel | pipo       |      |      |        | x_local_2_50  | lutram | 1       | 8, 16, 2         |
|   x_local_2_51_U                  | ram_1p channel | pipo       |      |      |        | x_local_2_51  | lutram | 1       | 8, 16, 2         |
|   x_local_2_52_U                  | ram_1p channel | pipo       |      |      |        | x_local_2_52  | lutram | 1       | 8, 16, 2         |
|   x_local_2_53_U                  | ram_1p channel | pipo       |      |      |        | x_local_2_53  | lutram | 1       | 8, 16, 2         |
|   x_local_2_54_U                  | ram_1p channel | pipo       |      |      |        | x_local_2_54  | lutram | 1       | 8, 16, 2         |
|   x_local_2_55_U                  | ram_1p channel | pipo       |      |      |        | x_local_2_55  | lutram | 1       | 8, 16, 2         |
|   x_local_2_56_U                  | ram_1p channel | pipo       |      |      |        | x_local_2_56  | lutram | 1       | 8, 16, 2         |
|   x_local_2_57_U                  | ram_1p channel | pipo       |      |      |        | x_local_2_57  | lutram | 1       | 8, 16, 2         |
|   x_local_2_58_U                  | ram_1p channel | pipo       |      |      |        | x_local_2_58  | lutram | 1       | 8, 16, 2         |
|   x_local_2_59_U                  | ram_1p channel | pipo       |      |      |        | x_local_2_59  | lutram | 1       | 8, 16, 2         |
|   x_local_2_60_U                  | ram_1p channel | pipo       |      |      |        | x_local_2_60  | lutram | 1       | 8, 16, 2         |
|   x_local_2_61_U                  | ram_1p channel | pipo       |      |      |        | x_local_2_61  | lutram | 1       | 8, 16, 2         |
|   x_local_2_62_U                  | ram_1p channel | pipo       |      |      |        | x_local_2_62  | lutram | 1       | 8, 16, 2         |
|   x_local_2_63_U                  | ram_1p channel | pipo       |      |      |        | x_local_2_63  | lutram | 1       | 8, 16, 2         |
|   x_local_2_64_U                  | ram_1p channel | pipo       |      |      |        | x_local_2_64  | lutram | 1       | 8, 16, 2         |
|   x_local_2_65_U                  | ram_1p channel | pipo       |      |      |        | x_local_2_65  | lutram | 1       | 8, 16, 2         |
|   x_local_2_66_U                  | ram_1p channel | pipo       |      |      |        | x_local_2_66  | lutram | 1       | 8, 16, 2         |
|   x_local_2_67_U                  | ram_1p channel | pipo       |      |      |        | x_local_2_67  | lutram | 1       | 8, 16, 2         |
|   x_local_2_68_U                  | ram_1p channel | pipo       |      |      |        | x_local_2_68  | lutram | 1       | 8, 16, 2         |
|   x_local_2_69_U                  | ram_1p channel | pipo       |      |      |        | x_local_2_69  | lutram | 1       | 8, 16, 2         |
|   x_local_2_70_U                  | ram_1p channel | pipo       |      |      |        | x_local_2_70  | lutram | 1       | 8, 16, 2         |
|   x_local_2_71_U                  | ram_1p channel | pipo       |      |      |        | x_local_2_71  | lutram | 1       | 8, 16, 2         |
|   x_local_2_72_U                  | ram_1p channel | pipo       |      |      |        | x_local_2_72  | lutram | 1       | 8, 16, 2         |
|   x_local_2_73_U                  | ram_1p channel | pipo       |      |      |        | x_local_2_73  | lutram | 1       | 8, 16, 2         |
|   x_local_2_74_U                  | ram_1p channel | pipo       |      |      |        | x_local_2_74  | lutram | 1       | 8, 16, 2         |
|   x_local_2_75_U                  | ram_1p channel | pipo       |      |      |        | x_local_2_75  | lutram | 1       | 8, 16, 2         |
|   x_local_2_76_U                  | ram_1p channel | pipo       |      |      |        | x_local_2_76  | lutram | 1       | 8, 16, 2         |
|   x_local_2_77_U                  | ram_1p channel | pipo       |      |      |        | x_local_2_77  | lutram | 1       | 8, 16, 2         |
|   x_local_2_78_U                  | ram_1p channel | pipo       |      |      |        | x_local_2_78  | lutram | 1       | 8, 16, 2         |
|   x_local_2_79_U                  | ram_1p channel | pipo       |      |      |        | x_local_2_79  | lutram | 1       | 8, 16, 2         |
|   x_local_2_80_U                  | ram_1p channel | pipo       |      |      |        | x_local_2_80  | lutram | 1       | 8, 16, 2         |
|   x_local_2_81_U                  | ram_1p channel | pipo       |      |      |        | x_local_2_81  | lutram | 1       | 8, 16, 2         |
|   x_local_2_82_U                  | ram_1p channel | pipo       |      |      |        | x_local_2_82  | lutram | 1       | 8, 16, 2         |
|   x_local_2_83_U                  | ram_1p channel | pipo       |      |      |        | x_local_2_83  | lutram | 1       | 8, 16, 2         |
|   x_local_2_84_U                  | ram_1p channel | pipo       |      |      |        | x_local_2_84  | lutram | 1       | 8, 16, 2         |
|   x_local_2_85_U                  | ram_1p channel | pipo       |      |      |        | x_local_2_85  | lutram | 1       | 8, 16, 2         |
|   x_local_2_86_U                  | ram_1p channel | pipo       |      |      |        | x_local_2_86  | lutram | 1       | 8, 16, 2         |
|   x_local_2_87_U                  | ram_1p channel | pipo       |      |      |        | x_local_2_87  | lutram | 1       | 8, 16, 2         |
|   x_local_2_88_U                  | ram_1p channel | pipo       |      |      |        | x_local_2_88  | lutram | 1       | 8, 16, 2         |
|   x_local_2_89_U                  | ram_1p channel | pipo       |      |      |        | x_local_2_89  | lutram | 1       | 8, 16, 2         |
|   x_local_2_90_U                  | ram_1p channel | pipo       |      |      |        | x_local_2_90  | lutram | 1       | 8, 16, 2         |
|   x_local_2_91_U                  | ram_1p channel | pipo       |      |      |        | x_local_2_91  | lutram | 1       | 8, 16, 2         |
|   x_local_2_92_U                  | ram_1p channel | pipo       |      |      |        | x_local_2_92  | lutram | 1       | 8, 16, 2         |
|   x_local_2_93_U                  | ram_1p channel | pipo       |      |      |        | x_local_2_93  | lutram | 1       | 8, 16, 2         |
|   x_local_2_94_U                  | ram_1p channel | pipo       |      |      |        | x_local_2_94  | lutram | 1       | 8, 16, 2         |
|   x_local_2_95_U                  | ram_1p channel | pipo       |      |      |        | x_local_2_95  | lutram | 1       | 8, 16, 2         |
|   x_local_2_96_U                  | ram_1p channel | pipo       |      |      |        | x_local_2_96  | lutram | 1       | 8, 16, 2         |
|   x_local_2_97_U                  | ram_1p channel | pipo       |      |      |        | x_local_2_97  | lutram | 1       | 8, 16, 2         |
|   x_local_2_98_U                  | ram_1p channel | pipo       |      |      |        | x_local_2_98  | lutram | 1       | 8, 16, 2         |
|   x_local_2_99_U                  | ram_1p channel | pipo       |      |      |        | x_local_2_99  | lutram | 1       | 8, 16, 2         |
|   x_local_2_100_U                 | ram_1p channel | pipo       |      |      |        | x_local_2_100 | lutram | 1       | 8, 16, 2         |
|   x_local_2_101_U                 | ram_1p channel | pipo       |      |      |        | x_local_2_101 | lutram | 1       | 8, 16, 2         |
|   x_local_2_102_U                 | ram_1p channel | pipo       |      |      |        | x_local_2_102 | lutram | 1       | 8, 16, 2         |
|   x_local_2_103_U                 | ram_1p channel | pipo       |      |      |        | x_local_2_103 | lutram | 1       | 8, 16, 2         |
|   x_local_2_104_U                 | ram_1p channel | pipo       |      |      |        | x_local_2_104 | lutram | 1       | 8, 16, 2         |
|   x_local_2_105_U                 | ram_1p channel | pipo       |      |      |        | x_local_2_105 | lutram | 1       | 8, 16, 2         |
|   x_local_2_106_U                 | ram_1p channel | pipo       |      |      |        | x_local_2_106 | lutram | 1       | 8, 16, 2         |
|   x_local_2_107_U                 | ram_1p channel | pipo       |      |      |        | x_local_2_107 | lutram | 1       | 8, 16, 2         |
|   x_local_2_108_U                 | ram_1p channel | pipo       |      |      |        | x_local_2_108 | lutram | 1       | 8, 16, 2         |
|   x_local_2_109_U                 | ram_1p channel | pipo       |      |      |        | x_local_2_109 | lutram | 1       | 8, 16, 2         |
|   x_local_2_110_U                 | ram_1p channel | pipo       |      |      |        | x_local_2_110 | lutram | 1       | 8, 16, 2         |
|   x_local_2_111_U                 | ram_1p channel | pipo       |      |      |        | x_local_2_111 | lutram | 1       | 8, 16, 2         |
|   x_local_2_112_U                 | ram_1p channel | pipo       |      |      |        | x_local_2_112 | lutram | 1       | 8, 16, 2         |
|   x_local_2_113_U                 | ram_1p channel | pipo       |      |      |        | x_local_2_113 | lutram | 1       | 8, 16, 2         |
|   x_local_2_114_U                 | ram_1p channel | pipo       |      |      |        | x_local_2_114 | lutram | 1       | 8, 16, 2         |
|   x_local_2_115_U                 | ram_1p channel | pipo       |      |      |        | x_local_2_115 | lutram | 1       | 8, 16, 2         |
|   x_local_2_116_U                 | ram_1p channel | pipo       |      |      |        | x_local_2_116 | lutram | 1       | 8, 16, 2         |
|   x_local_2_117_U                 | ram_1p channel | pipo       |      |      |        | x_local_2_117 | lutram | 1       | 8, 16, 2         |
|   x_local_2_118_U                 | ram_1p channel | pipo       |      |      |        | x_local_2_118 | lutram | 1       | 8, 16, 2         |
|   x_local_2_119_U                 | ram_1p channel | pipo       |      |      |        | x_local_2_119 | lutram | 1       | 8, 16, 2         |
|   x_local_2_120_U                 | ram_1p channel | pipo       |      |      |        | x_local_2_120 | lutram | 1       | 8, 16, 2         |
|   x_local_2_121_U                 | ram_1p channel | pipo       |      |      |        | x_local_2_121 | lutram | 1       | 8, 16, 2         |
|   x_local_2_122_U                 | ram_1p channel | pipo       |      |      |        | x_local_2_122 | lutram | 1       | 8, 16, 2         |
|   x_local_2_123_U                 | ram_1p channel | pipo       |      |      |        | x_local_2_123 | lutram | 1       | 8, 16, 2         |
|   x_local_2_124_U                 | ram_1p channel | pipo       |      |      |        | x_local_2_124 | lutram | 1       | 8, 16, 2         |
|   x_local_2_125_U                 | ram_1p channel | pipo       |      |      |        | x_local_2_125 | lutram | 1       | 8, 16, 2         |
|   x_local_2_126_U                 | ram_1p channel | pipo       |      |      |        | x_local_2_126 | lutram | 1       | 8, 16, 2         |
|   x_local_2_127_U                 | ram_1p channel | pipo       |      |      |        | x_local_2_127 | lutram | 1       | 8, 16, 2         |
|   X1_cache_U                      | ram_2p channel | pipo       | 8    |      |        | X1_cache      | bram   | 1       | 8, 8192, 2       |
|   X2_cache_U                      | ram_2p channel | pipo       | 8    |      |        | X2_cache      | bram   | 1       | 8, 8192, 2       |
|   gate_cache_U                    | ram_1p channel | pipo       |      | 1    |        | gate_cache    | uram   | 1       | 8, 1024, 2       |
|   gate_cache_1_U                  | ram_1p channel | pipo       |      | 1    |        | gate_cache_1  | uram   | 1       | 8, 1024, 2       |
|   gate_cache_2_U                  | ram_1p channel | pipo       |      | 1    |        | gate_cache_2  | uram   | 1       | 8, 1024, 2       |
|   gate_cache_3_U                  | ram_1p channel | pipo       |      | 1    |        | gate_cache_3  | uram   | 1       | 8, 1024, 2       |
|   gate_cache_4_U                  | ram_1p channel | pipo       |      | 1    |        | gate_cache_4  | uram   | 1       | 8, 1024, 2       |
|   gate_cache_5_U                  | ram_1p channel | pipo       |      | 1    |        | gate_cache_5  | uram   | 1       | 8, 1024, 2       |
|   gate_cache_6_U                  | ram_1p channel | pipo       |      | 1    |        | gate_cache_6  | uram   | 1       | 8, 1024, 2       |
|   gate_cache_7_U                  | ram_1p channel | pipo       |      | 1    |        | gate_cache_7  | uram   | 1       | 8, 1024, 2       |
|   gate_scale_U                    | fifo channel   | task level |      |      |        | gate_scale    | srl    | 0       | 32, 2, 1         |
|  + compute_X1                     |                |            | 32   | 0    |        |               |        |         |                  |
|   + dataflow_in_loop_COMPUTE_X1_1 |                |            | 32   | 0    |        |               |        |         |                  |
|     nib_r0_U                      | ram_1p channel | pipo       | 4    |      |        | nib_r0        | bram   | 1       | 128, 64, 2       |
|     nib_r1_U                      | ram_1p channel | pipo       | 4    |      |        | nib_r1        | bram   | 1       | 128, 64, 2       |
|     nib_r2_U                      | ram_1p channel | pipo       | 4    |      |        | nib_r2        | bram   | 1       | 128, 64, 2       |
|     nib_r3_U                      | ram_1p channel | pipo       | 4    |      |        | nib_r3        | bram   | 1       | 128, 64, 2       |
|     d0_U                          | ram_1p channel | pipo       |      |      |        | d0            | auto   | 1       | 32, 8, 2         |
|     dmin0_U                       | ram_1p channel | pipo       |      |      |        | dmin0         | auto   | 1       | 32, 8, 2         |
|     d1_U                          | ram_1p channel | pipo       |      |      |        | d1            | auto   | 1       | 32, 8, 2         |
|     dmin1_U                       | ram_1p channel | pipo       |      |      |        | dmin1         | auto   | 1       | 32, 8, 2         |
|     d2_U                          | ram_1p channel | pipo       |      |      |        | d2            | auto   | 1       | 32, 8, 2         |
|     dmin2_U                       | ram_1p channel | pipo       |      |      |        | dmin2         | auto   | 1       | 32, 8, 2         |
|     d3_U                          | ram_1p channel | pipo       |      |      |        | d3            | auto   | 1       | 32, 8, 2         |
|     dmin3_U                       | ram_1p channel | pipo       |      |      |        | dmin3         | auto   | 1       | 32, 8, 2         |
|     sc6w0_U                       | fifo channel   | task level |      |      |        | sc6w0         | srl    | 0       | 64, 2, 1         |
|     sc6w0_15_U                    | fifo channel   | task level |      |      |        | sc6w0_15      | srl    | 0       | 64, 2, 1         |
|     sc6w0_16_U                    | fifo channel   | task level |      |      |        | sc6w0_16      | srl    | 0       | 64, 2, 1         |
|     sc6w0_17_U                    | fifo channel   | task level |      |      |        | sc6w0_17      | srl    | 0       | 64, 2, 1         |
|     sc6w0_18_U                    | fifo channel   | task level |      |      |        | sc6w0_18      | srl    | 0       | 64, 2, 1         |
|     sc6w0_19_U                    | fifo channel   | task level |      |      |        | sc6w0_19      | srl    | 0       | 64, 2, 1         |
|     sc6w0_20_U                    | fifo channel   | task level |      |      |        | sc6w0_20      | srl    | 0       | 64, 2, 1         |
|     sc6w0_21_U                    | fifo channel   | task level |      |      |        | sc6w0_21      | srl    | 0       | 64, 2, 1         |
|     mn6w0_U                       | fifo channel   | task level |      |      |        | mn6w0         | srl    | 0       | 64, 2, 1         |
|     mn6w0_15_U                    | fifo channel   | task level |      |      |        | mn6w0_15      | srl    | 0       | 64, 2, 1         |
|     mn6w0_16_U                    | fifo channel   | task level |      |      |        | mn6w0_16      | srl    | 0       | 64, 2, 1         |
|     mn6w0_17_U                    | fifo channel   | task level |      |      |        | mn6w0_17      | srl    | 0       | 64, 2, 1         |
|     mn6w0_18_U                    | fifo channel   | task level |      |      |        | mn6w0_18      | srl    | 0       | 64, 2, 1         |
|     mn6w0_19_U                    | fifo channel   | task level |      |      |        | mn6w0_19      | srl    | 0       | 64, 2, 1         |
|     mn6w0_20_U                    | fifo channel   | task level |      |      |        | mn6w0_20      | srl    | 0       | 64, 2, 1         |
|     mn6w0_21_U                    | fifo channel   | task level |      |      |        | mn6w0_21      | srl    | 0       | 64, 2, 1         |
|     sc6w1_U                       | fifo channel   | task level |      |      |        | sc6w1         | srl    | 0       | 64, 2, 1         |
|     sc6w1_15_U                    | fifo channel   | task level |      |      |        | sc6w1_15      | srl    | 0       | 64, 2, 1         |
|     sc6w1_16_U                    | fifo channel   | task level |      |      |        | sc6w1_16      | srl    | 0       | 64, 2, 1         |
|     sc6w1_17_U                    | fifo channel   | task level |      |      |        | sc6w1_17      | srl    | 0       | 64, 2, 1         |
|     sc6w1_18_U                    | fifo channel   | task level |      |      |        | sc6w1_18      | srl    | 0       | 64, 2, 1         |
|     sc6w1_19_U                    | fifo channel   | task level |      |      |        | sc6w1_19      | srl    | 0       | 64, 2, 1         |
|     sc6w1_20_U                    | fifo channel   | task level |      |      |        | sc6w1_20      | srl    | 0       | 64, 2, 1         |
|     sc6w1_21_U                    | fifo channel   | task level |      |      |        | sc6w1_21      | srl    | 0       | 64, 2, 1         |
|     mn6w1_U                       | fifo channel   | task level |      |      |        | mn6w1         | srl    | 0       | 64, 2, 1         |
|     mn6w1_15_U                    | fifo channel   | task level |      |      |        | mn6w1_15      | srl    | 0       | 64, 2, 1         |
|     mn6w1_16_U                    | fifo channel   | task level |      |      |        | mn6w1_16      | srl    | 0       | 64, 2, 1         |
|     mn6w1_17_U                    | fifo channel   | task level |      |      |        | mn6w1_17      | srl    | 0       | 64, 2, 1         |
|     mn6w1_18_U                    | fifo channel   | task level |      |      |        | mn6w1_18      | srl    | 0       | 64, 2, 1         |
|     mn6w1_19_U                    | fifo channel   | task level |      |      |        | mn6w1_19      | srl    | 0       | 64, 2, 1         |
|     mn6w1_20_U                    | fifo channel   | task level |      |      |        | mn6w1_20      | srl    | 0       | 64, 2, 1         |
|     mn6w1_21_U                    | fifo channel   | task level |      |      |        | mn6w1_21      | srl    | 0       | 64, 2, 1         |
|     sc6w2_U                       | fifo channel   | task level |      |      |        | sc6w2         | srl    | 0       | 64, 2, 1         |
|     sc6w2_9_U                     | fifo channel   | task level |      |      |        | sc6w2_9       | srl    | 0       | 64, 2, 1         |
|     sc6w2_10_U                    | fifo channel   | task level |      |      |        | sc6w2_10      | srl    | 0       | 64, 2, 1         |
|     sc6w2_11_U                    | fifo channel   | task level |      |      |        | sc6w2_11      | srl    | 0       | 64, 2, 1         |
|     sc6w2_12_U                    | fifo channel   | task level |      |      |        | sc6w2_12      | srl    | 0       | 64, 2, 1         |
|     sc6w2_13_U                    | fifo channel   | task level |      |      |        | sc6w2_13      | srl    | 0       | 64, 2, 1         |
|     sc6w2_8_U                     | fifo channel   | task level |      |      |        | sc6w2_8       | srl    | 0       | 64, 2, 1         |
|     sc6w2_14_U                    | fifo channel   | task level |      |      |        | sc6w2_14      | srl    | 0       | 64, 2, 1         |
|     mn6w2_U                       | fifo channel   | task level |      |      |        | mn6w2         | srl    | 0       | 64, 2, 1         |
|     mn6w2_9_U                     | fifo channel   | task level |      |      |        | mn6w2_9       | srl    | 0       | 64, 2, 1         |
|     mn6w2_10_U                    | fifo channel   | task level |      |      |        | mn6w2_10      | srl    | 0       | 64, 2, 1         |
|     mn6w2_11_U                    | fifo channel   | task level |      |      |        | mn6w2_11      | srl    | 0       | 64, 2, 1         |
|     mn6w2_12_U                    | fifo channel   | task level |      |      |        | mn6w2_12      | srl    | 0       | 64, 2, 1         |
|     mn6w2_13_U                    | fifo channel   | task level |      |      |        | mn6w2_13      | srl    | 0       | 64, 2, 1         |
|     mn6w2_8_U                     | fifo channel   | task level |      |      |        | mn6w2_8       | srl    | 0       | 64, 2, 1         |
|     mn6w2_14_U                    | fifo channel   | task level |      |      |        | mn6w2_14      | srl    | 0       | 64, 2, 1         |
|     sc6w3_U                       | fifo channel   | task level |      |      |        | sc6w3         | srl    | 0       | 64, 2, 1         |
|     sc6w3_9_U                     | fifo channel   | task level |      |      |        | sc6w3_9       | srl    | 0       | 64, 2, 1         |
|     sc6w3_10_U                    | fifo channel   | task level |      |      |        | sc6w3_10      | srl    | 0       | 64, 2, 1         |
|     sc6w3_11_U                    | fifo channel   | task level |      |      |        | sc6w3_11      | srl    | 0       | 64, 2, 1         |
|     sc6w3_12_U                    | fifo channel   | task level |      |      |        | sc6w3_12      | srl    | 0       | 64, 2, 1         |
|     sc6w3_13_U                    | fifo channel   | task level |      |      |        | sc6w3_13      | srl    | 0       | 64, 2, 1         |
|     sc6w3_8_U                     | fifo channel   | task level |      |      |        | sc6w3_8       | srl    | 0       | 64, 2, 1         |
|     sc6w3_14_U                    | fifo channel   | task level |      |      |        | sc6w3_14      | srl    | 0       | 64, 2, 1         |
|     mn6w3_U                       | fifo channel   | task level |      |      |        | mn6w3         | srl    | 0       | 64, 2, 1         |
|     mn6w3_9_U                     | fifo channel   | task level |      |      |        | mn6w3_9       | srl    | 0       | 64, 2, 1         |
|     mn6w3_10_U                    | fifo channel   | task level |      |      |        | mn6w3_10      | srl    | 0       | 64, 2, 1         |
|     mn6w3_11_U                    | fifo channel   | task level |      |      |        | mn6w3_11      | srl    | 0       | 64, 2, 1         |
|     mn6w3_12_U                    | fifo channel   | task level |      |      |        | mn6w3_12      | srl    | 0       | 64, 2, 1         |
|     mn6w3_13_U                    | fifo channel   | task level |      |      |        | mn6w3_13      | srl    | 0       | 64, 2, 1         |
|     mn6w3_8_U                     | fifo channel   | task level |      |      |        | mn6w3_8       | srl    | 0       | 64, 2, 1         |
|     mn6w3_14_U                    | fifo channel   | task level |      |      |        | mn6w3_14      | srl    | 0       | 64, 2, 1         |
|  + compute_X2                     |                |            | 32   | 0    |        |               |        |         |                  |
|   + dataflow_in_loop_COMPUTE_X2_1 |                |            | 32   | 0    |        |               |        |         |                  |
|     nib_r0_U                      | ram_1p channel | pipo       | 4    |      |        | nib_r0        | bram   | 1       | 128, 64, 2       |
|     nib_r1_U                      | ram_1p channel | pipo       | 4    |      |        | nib_r1        | bram   | 1       | 128, 64, 2       |
|     nib_r2_U                      | ram_1p channel | pipo       | 4    |      |        | nib_r2        | bram   | 1       | 128, 64, 2       |
|     nib_r3_U                      | ram_1p channel | pipo       | 4    |      |        | nib_r3        | bram   | 1       | 128, 64, 2       |
|     d0_U                          | ram_1p channel | pipo       |      |      |        | d0            | auto   | 1       | 32, 8, 2         |
|     dmin0_U                       | ram_1p channel | pipo       |      |      |        | dmin0         | auto   | 1       | 32, 8, 2         |
|     d1_U                          | ram_1p channel | pipo       |      |      |        | d1            | auto   | 1       | 32, 8, 2         |
|     dmin1_U                       | ram_1p channel | pipo       |      |      |        | dmin1         | auto   | 1       | 32, 8, 2         |
|     d2_U                          | ram_1p channel | pipo       |      |      |        | d2            | auto   | 1       | 32, 8, 2         |
|     dmin2_U                       | ram_1p channel | pipo       |      |      |        | dmin2         | auto   | 1       | 32, 8, 2         |
|     d3_U                          | ram_1p channel | pipo       |      |      |        | d3            | auto   | 1       | 32, 8, 2         |
|     dmin3_U                       | ram_1p channel | pipo       |      |      |        | dmin3         | auto   | 1       | 32, 8, 2         |
|     sc6w0_U                       | fifo channel   | task level |      |      |        | sc6w0         | srl    | 0       | 64, 2, 1         |
|     sc6w0_8_U                     | fifo channel   | task level |      |      |        | sc6w0_8       | srl    | 0       | 64, 2, 1         |
|     sc6w0_9_U                     | fifo channel   | task level |      |      |        | sc6w0_9       | srl    | 0       | 64, 2, 1         |
|     sc6w0_10_U                    | fifo channel   | task level |      |      |        | sc6w0_10      | srl    | 0       | 64, 2, 1         |
|     sc6w0_11_U                    | fifo channel   | task level |      |      |        | sc6w0_11      | srl    | 0       | 64, 2, 1         |
|     sc6w0_12_U                    | fifo channel   | task level |      |      |        | sc6w0_12      | srl    | 0       | 64, 2, 1         |
|     sc6w0_13_U                    | fifo channel   | task level |      |      |        | sc6w0_13      | srl    | 0       | 64, 2, 1         |
|     sc6w0_14_U                    | fifo channel   | task level |      |      |        | sc6w0_14      | srl    | 0       | 64, 2, 1         |
|     mn6w0_U                       | fifo channel   | task level |      |      |        | mn6w0         | srl    | 0       | 64, 2, 1         |
|     mn6w0_8_U                     | fifo channel   | task level |      |      |        | mn6w0_8       | srl    | 0       | 64, 2, 1         |
|     mn6w0_9_U                     | fifo channel   | task level |      |      |        | mn6w0_9       | srl    | 0       | 64, 2, 1         |
|     mn6w0_10_U                    | fifo channel   | task level |      |      |        | mn6w0_10      | srl    | 0       | 64, 2, 1         |
|     mn6w0_11_U                    | fifo channel   | task level |      |      |        | mn6w0_11      | srl    | 0       | 64, 2, 1         |
|     mn6w0_12_U                    | fifo channel   | task level |      |      |        | mn6w0_12      | srl    | 0       | 64, 2, 1         |
|     mn6w0_13_U                    | fifo channel   | task level |      |      |        | mn6w0_13      | srl    | 0       | 64, 2, 1         |
|     mn6w0_14_U                    | fifo channel   | task level |      |      |        | mn6w0_14      | srl    | 0       | 64, 2, 1         |
|     sc6w1_U                       | fifo channel   | task level |      |      |        | sc6w1         | srl    | 0       | 64, 2, 1         |
|     sc6w1_8_U                     | fifo channel   | task level |      |      |        | sc6w1_8       | srl    | 0       | 64, 2, 1         |
|     sc6w1_9_U                     | fifo channel   | task level |      |      |        | sc6w1_9       | srl    | 0       | 64, 2, 1         |
|     sc6w1_10_U                    | fifo channel   | task level |      |      |        | sc6w1_10      | srl    | 0       | 64, 2, 1         |
|     sc6w1_11_U                    | fifo channel   | task level |      |      |        | sc6w1_11      | srl    | 0       | 64, 2, 1         |
|     sc6w1_12_U                    | fifo channel   | task level |      |      |        | sc6w1_12      | srl    | 0       | 64, 2, 1         |
|     sc6w1_13_U                    | fifo channel   | task level |      |      |        | sc6w1_13      | srl    | 0       | 64, 2, 1         |
|     sc6w1_14_U                    | fifo channel   | task level |      |      |        | sc6w1_14      | srl    | 0       | 64, 2, 1         |
|     mn6w1_U                       | fifo channel   | task level |      |      |        | mn6w1         | srl    | 0       | 64, 2, 1         |
|     mn6w1_8_U                     | fifo channel   | task level |      |      |        | mn6w1_8       | srl    | 0       | 64, 2, 1         |
|     mn6w1_9_U                     | fifo channel   | task level |      |      |        | mn6w1_9       | srl    | 0       | 64, 2, 1         |
|     mn6w1_10_U                    | fifo channel   | task level |      |      |        | mn6w1_10      | srl    | 0       | 64, 2, 1         |
|     mn6w1_11_U                    | fifo channel   | task level |      |      |        | mn6w1_11      | srl    | 0       | 64, 2, 1         |
|     mn6w1_12_U                    | fifo channel   | task level |      |      |        | mn6w1_12      | srl    | 0       | 64, 2, 1         |
|     mn6w1_13_U                    | fifo channel   | task level |      |      |        | mn6w1_13      | srl    | 0       | 64, 2, 1         |
|     mn6w1_14_U                    | fifo channel   | task level |      |      |        | mn6w1_14      | srl    | 0       | 64, 2, 1         |
|     sc6w2_U                       | fifo channel   | task level |      |      |        | sc6w2         | srl    | 0       | 64, 2, 1         |
|     sc6w2_1_U                     | fifo channel   | task level |      |      |        | sc6w2_1       | srl    | 0       | 64, 2, 1         |
|     sc6w2_2_U                     | fifo channel   | task level |      |      |        | sc6w2_2       | srl    | 0       | 64, 2, 1         |
|     sc6w2_3_U                     | fifo channel   | task level |      |      |        | sc6w2_3       | srl    | 0       | 64, 2, 1         |
|     sc6w2_4_U                     | fifo channel   | task level |      |      |        | sc6w2_4       | srl    | 0       | 64, 2, 1         |
|     sc6w2_5_U                     | fifo channel   | task level |      |      |        | sc6w2_5       | srl    | 0       | 64, 2, 1         |
|     sc6w2_6_U                     | fifo channel   | task level |      |      |        | sc6w2_6       | srl    | 0       | 64, 2, 1         |
|     sc6w2_7_U                     | fifo channel   | task level |      |      |        | sc6w2_7       | srl    | 0       | 64, 2, 1         |
|     mn6w2_U                       | fifo channel   | task level |      |      |        | mn6w2         | srl    | 0       | 64, 2, 1         |
|     mn6w2_1_U                     | fifo channel   | task level |      |      |        | mn6w2_1       | srl    | 0       | 64, 2, 1         |
|     mn6w2_2_U                     | fifo channel   | task level |      |      |        | mn6w2_2       | srl    | 0       | 64, 2, 1         |
|     mn6w2_3_U                     | fifo channel   | task level |      |      |        | mn6w2_3       | srl    | 0       | 64, 2, 1         |
|     mn6w2_4_U                     | fifo channel   | task level |      |      |        | mn6w2_4       | srl    | 0       | 64, 2, 1         |
|     mn6w2_5_U                     | fifo channel   | task level |      |      |        | mn6w2_5       | srl    | 0       | 64, 2, 1         |
|     mn6w2_6_U                     | fifo channel   | task level |      |      |        | mn6w2_6       | srl    | 0       | 64, 2, 1         |
|     mn6w2_7_U                     | fifo channel   | task level |      |      |        | mn6w2_7       | srl    | 0       | 64, 2, 1         |
|     sc6w3_U                       | fifo channel   | task level |      |      |        | sc6w3         | srl    | 0       | 64, 2, 1         |
|     sc6w3_1_U                     | fifo channel   | task level |      |      |        | sc6w3_1       | srl    | 0       | 64, 2, 1         |
|     sc6w3_2_U                     | fifo channel   | task level |      |      |        | sc6w3_2       | srl    | 0       | 64, 2, 1         |
|     sc6w3_3_U                     | fifo channel   | task level |      |      |        | sc6w3_3       | srl    | 0       | 64, 2, 1         |
|     sc6w3_4_U                     | fifo channel   | task level |      |      |        | sc6w3_4       | srl    | 0       | 64, 2, 1         |
|     sc6w3_5_U                     | fifo channel   | task level |      |      |        | sc6w3_5       | srl    | 0       | 64, 2, 1         |
|     sc6w3_6_U                     | fifo channel   | task level |      |      |        | sc6w3_6       | srl    | 0       | 64, 2, 1         |
|     sc6w3_7_U                     | fifo channel   | task level |      |      |        | sc6w3_7       | srl    | 0       | 64, 2, 1         |
|     mn6w3_U                       | fifo channel   | task level |      |      |        | mn6w3         | srl    | 0       | 64, 2, 1         |
|     mn6w3_1_U                     | fifo channel   | task level |      |      |        | mn6w3_1       | srl    | 0       | 64, 2, 1         |
|     mn6w3_2_U                     | fifo channel   | task level |      |      |        | mn6w3_2       | srl    | 0       | 64, 2, 1         |
|     mn6w3_3_U                     | fifo channel   | task level |      |      |        | mn6w3_3       | srl    | 0       | 64, 2, 1         |
|     mn6w3_4_U                     | fifo channel   | task level |      |      |        | mn6w3_4       | srl    | 0       | 64, 2, 1         |
|     mn6w3_5_U                     | fifo channel   | task level |      |      |        | mn6w3_5       | srl    | 0       | 64, 2, 1         |
|     mn6w3_6_U                     | fifo channel   | task level |      |      |        | mn6w3_6       | srl    | 0       | 64, 2, 1         |
|     mn6w3_7_U                     | fifo channel   | task level |      |      |        | mn6w3_7       | srl    | 0       | 64, 2, 1         |
|  + compute_gate                   |                |            | 8    | 0    |        |               |        |         |                  |
|    sigmoid_lut_U                  | rom_1p         |            | 8    |      | pragma | sigmoid_lut   | bram   | 1       | 32, 4096, 1      |
|  + compute_output                 |                |            | 28   | 0    |        |               |        |         |                  |
|    out_local_U                    | ram_1p array   |            | 4    |      | yes    | out_local     | bram   | 1       | 32, 2048, 1      |
|   + dataflow_parent_loop_proc     |                |            | 24   | 0    |        |               |        |         |                  |
|    + dataflow_in_loop_DOWN_Q4K_1  |                |            | 24   | 0    |        |               |        |         |                  |
|      g0r0_U                       | ram_1p channel | pipo       | 1    |      |        | g0r0          | bram   | 1       | 32, 256, 2       |
|      g1r0_U                       | ram_1p channel | pipo       | 1    |      |        | g1r0          | bram   | 1       | 32, 256, 2       |
|      g2r0_U                       | ram_1p channel | pipo       | 1    |      |        | g2r0          | bram   | 1       | 32, 256, 2       |
|      g3r0_U                       | ram_1p channel | pipo       | 1    |      |        | g3r0          | bram   | 1       | 32, 256, 2       |
|      g0r1_U                       | ram_1p channel | pipo       | 1    |      |        | g0r1          | bram   | 1       | 32, 256, 2       |
|      g1r1_U                       | ram_1p channel | pipo       | 1    |      |        | g1r1          | bram   | 1       | 32, 256, 2       |
|      g2r1_U                       | ram_1p channel | pipo       | 1    |      |        | g2r1          | bram   | 1       | 32, 256, 2       |
|      g3r1_U                       | ram_1p channel | pipo       | 1    |      |        | g3r1          | bram   | 1       | 32, 256, 2       |
|      d0_U                         | ram_1p channel | pipo       | 1    |      |        | d0            | auto   | 1       | 32, 32, 2        |
|      dmin0_U                      | ram_1p channel | pipo       | 1    |      |        | dmin0         | auto   | 1       | 32, 32, 2        |
|      d1_U                         | ram_1p channel | pipo       | 1    |      |        | d1            | auto   | 1       | 32, 32, 2        |
|      dmin1_U                      | ram_1p channel | pipo       | 1    |      |        | dmin1         | auto   | 1       | 32, 32, 2        |
|      sc6w0_7_U                    | ram_2p channel | pipo       |      |      |        | sc6w0_7       | auto   | 1       | 64, 4, 2         |
|      sc6w0_6_U                    | ram_2p channel | pipo       |      |      |        | sc6w0_6       | auto   | 1       | 64, 4, 2         |
|      sc6w0_5_U                    | ram_2p channel | pipo       |      |      |        | sc6w0_5       | auto   | 1       | 64, 4, 2         |
|      sc6w0_4_U                    | ram_2p channel | pipo       |      |      |        | sc6w0_4       | auto   | 1       | 64, 4, 2         |
|      sc6w0_3_U                    | ram_2p channel | pipo       |      |      |        | sc6w0_3       | auto   | 1       | 64, 4, 2         |
|      sc6w0_2_U                    | ram_2p channel | pipo       |      |      |        | sc6w0_2       | auto   | 1       | 64, 4, 2         |
|      sc6w0_1_U                    | ram_2p channel | pipo       |      |      |        | sc6w0_1       | auto   | 1       | 64, 4, 2         |
|      sc6w0_U                      | ram_2p channel | pipo       |      |      |        | sc6w0         | auto   | 1       | 64, 4, 2         |
|      mn6w0_7_U                    | ram_2p channel | pipo       |      |      |        | mn6w0_7       | auto   | 1       | 64, 4, 2         |
|      mn6w0_6_U                    | ram_2p channel | pipo       |      |      |        | mn6w0_6       | auto   | 1       | 64, 4, 2         |
|      mn6w0_5_U                    | ram_2p channel | pipo       |      |      |        | mn6w0_5       | auto   | 1       | 64, 4, 2         |
|      mn6w0_4_U                    | ram_2p channel | pipo       |      |      |        | mn6w0_4       | auto   | 1       | 64, 4, 2         |
|      mn6w0_3_U                    | ram_2p channel | pipo       |      |      |        | mn6w0_3       | auto   | 1       | 64, 4, 2         |
|      mn6w0_2_U                    | ram_2p channel | pipo       |      |      |        | mn6w0_2       | auto   | 1       | 64, 4, 2         |
|      mn6w0_1_U                    | ram_2p channel | pipo       |      |      |        | mn6w0_1       | auto   | 1       | 64, 4, 2         |
|      mn6w0_U                      | ram_2p channel | pipo       |      |      |        | mn6w0         | auto   | 1       | 64, 4, 2         |
|      sc6w1_7_U                    | ram_2p channel | pipo       |      |      |        | sc6w1_7       | auto   | 1       | 64, 4, 2         |
|      sc6w1_6_U                    | ram_2p channel | pipo       |      |      |        | sc6w1_6       | auto   | 1       | 64, 4, 2         |
|      sc6w1_5_U                    | ram_2p channel | pipo       |      |      |        | sc6w1_5       | auto   | 1       | 64, 4, 2         |
|      sc6w1_4_U                    | ram_2p channel | pipo       |      |      |        | sc6w1_4       | auto   | 1       | 64, 4, 2         |
|      sc6w1_3_U                    | ram_2p channel | pipo       |      |      |        | sc6w1_3       | auto   | 1       | 64, 4, 2         |
|      sc6w1_2_U                    | ram_2p channel | pipo       |      |      |        | sc6w1_2       | auto   | 1       | 64, 4, 2         |
|      sc6w1_1_U                    | ram_2p channel | pipo       |      |      |        | sc6w1_1       | auto   | 1       | 64, 4, 2         |
|      sc6w1_U                      | ram_2p channel | pipo       |      |      |        | sc6w1         | auto   | 1       | 64, 4, 2         |
|      mn6w1_7_U                    | ram_2p channel | pipo       |      |      |        | mn6w1_7       | auto   | 1       | 64, 4, 2         |
|      mn6w1_6_U                    | ram_2p channel | pipo       |      |      |        | mn6w1_6       | auto   | 1       | 64, 4, 2         |
|      mn6w1_5_U                    | ram_2p channel | pipo       |      |      |        | mn6w1_5       | auto   | 1       | 64, 4, 2         |
|      mn6w1_4_U                    | ram_2p channel | pipo       |      |      |        | mn6w1_4       | auto   | 1       | 64, 4, 2         |
|      mn6w1_3_U                    | ram_2p channel | pipo       |      |      |        | mn6w1_3       | auto   | 1       | 64, 4, 2         |
|      mn6w1_2_U                    | ram_2p channel | pipo       |      |      |        | mn6w1_2       | auto   | 1       | 64, 4, 2         |
|      mn6w1_1_U                    | ram_2p channel | pipo       |      |      |        | mn6w1_1       | auto   | 1       | 64, 4, 2         |
|      mn6w1_U                      | ram_2p channel | pipo       |      |      |        | mn6w1         | auto   | 1       | 64, 4, 2         |
|      tmp_U                        | fifo channel   | task level |      |      |        | tmp           | srl    | 0       | 11, 2, 1         |
+-----------------------------------+----------------+------------+------+------+--------+---------------+--------+---------+------------------+


================================================================
== Pragma Report
================================================================
* Inferred Pragmas
+-----------------+--------------------------------------------------+-----------------------------------------------+-------------------------+
| Type            | Options                                          | Location                                      | Inferred From           |
+-----------------+--------------------------------------------------+-----------------------------------------------+-------------------------+
| ARRAY_PARTITION | dim=1 type=cyclic factor=16 variable=x_local_1_0 | variable x_local_1_0 in swiglu swiglu.cpp:894 | pipeline swiglu.cpp:852 |
| ARRAY_PARTITION | dim=1 type=cyclic factor=16 variable=x_local_2_0 | variable x_local_2_0 in swiglu swiglu.cpp:898 | pipeline swiglu.cpp:852 |
+-----------------+--------------------------------------------------+-----------------------------------------------+-------------------------+

* Valid Pragma Syntax
+-----------------+------------------------------------------------------------------------------------------------------------------------------------------------------+------------------------------------------------------+
| Type            | Options                                                                                                                                              | Location                                             |
+-----------------+------------------------------------------------------------------------------------------------------------------------------------------------------+------------------------------------------------------+
| INLINE          | off                                                                                                                                                  | swiglu.cpp:54 in fp16_to_fp32                        |
| UNROLL          |                                                                                                                                                      | swiglu.cpp:64 in fp16_to_fp32                        |
| INLINE          |                                                                                                                                                      | swiglu.cpp:78 in get_byte                            |
| INLINE          | off                                                                                                                                                  | swiglu.cpp:95 in load_row_wv_urm                     |
| PIPELINE        | ii=1                                                                                                                                                 | swiglu.cpp:98 in load_row_wv_urm                     |
| PIPELINE        | ii=1                                                                                                                                                 | swiglu.cpp:116 in load_row_wv_urm                    |
| INLINE          | off                                                                                                                                                  | swiglu.cpp:138 in load_row_down_urm                  |
| PIPELINE        | ii=1                                                                                                                                                 | swiglu.cpp:142 in load_row_down_urm                  |
| PIPELINE        | ii=1                                                                                                                                                 | swiglu.cpp:157 in load_row_down_urm                  |
| INLINE          | off                                                                                                                                                  | swiglu.cpp:182 in load_4rows_wv_urm                  |
| PIPELINE        | ii=1                                                                                                                                                 | swiglu.cpp:186 in load_4rows_wv_urm                  |
| INLINE          | off                                                                                                                                                  | swiglu.cpp:254 in mac_blocks_wv_k4_urm               |
| ARRAY_PARTITION | variable=x dim=1 complete                                                                                                                            | swiglu.cpp:255 in mac_blocks_wv_k4_urm, x            |
| ARRAY_PARTITION | variable=sc0 dim=0 complete                                                                                                                          | swiglu.cpp:265 in mac_blocks_wv_k4_urm, sc0          |
| ARRAY_PARTITION | variable=mn0 dim=0 complete                                                                                                                          | swiglu.cpp:266 in mac_blocks_wv_k4_urm, mn0          |
| ARRAY_PARTITION | variable=sc1 dim=0 complete                                                                                                                          | swiglu.cpp:267 in mac_blocks_wv_k4_urm, sc1          |
| ARRAY_PARTITION | variable=mn1 dim=0 complete                                                                                                                          | swiglu.cpp:268 in mac_blocks_wv_k4_urm, mn1          |
| ARRAY_PARTITION | variable=sc2 dim=0 complete                                                                                                                          | swiglu.cpp:269 in mac_blocks_wv_k4_urm, sc2          |
| ARRAY_PARTITION | variable=mn2 dim=0 complete                                                                                                                          | swiglu.cpp:270 in mac_blocks_wv_k4_urm, mn2          |
| ARRAY_PARTITION | variable=sc3 dim=0 complete                                                                                                                          | swiglu.cpp:271 in mac_blocks_wv_k4_urm, sc3          |
| ARRAY_PARTITION | variable=mn3 dim=0 complete                                                                                                                          | swiglu.cpp:272 in mac_blocks_wv_k4_urm, mn3          |
| UNROLL          |                                                                                                                                                      | swiglu.cpp:274 in mac_blocks_wv_k4_urm               |
| UNROLL          |                                                                                                                                                      | swiglu.cpp:276 in mac_blocks_wv_k4_urm               |
| ARRAY_PARTITION | variable=acc_w0 dim=0 complete                                                                                                                       | swiglu.cpp:292 in mac_blocks_wv_k4_urm, acc_w0       |
| ARRAY_PARTITION | variable=acc_m0 dim=0 complete                                                                                                                       | swiglu.cpp:293 in mac_blocks_wv_k4_urm, acc_m0       |
| ARRAY_PARTITION | variable=acc_w1 dim=0 complete                                                                                                                       | swiglu.cpp:294 in mac_blocks_wv_k4_urm, acc_w1       |
| ARRAY_PARTITION | variable=acc_m1 dim=0 complete                                                                                                                       | swiglu.cpp:295 in mac_blocks_wv_k4_urm, acc_m1       |
| ARRAY_PARTITION | variable=acc_w2 dim=0 complete                                                                                                                       | swiglu.cpp:296 in mac_blocks_wv_k4_urm, acc_w2       |
| ARRAY_PARTITION | variable=acc_m2 dim=0 complete                                                                                                                       | swiglu.cpp:297 in mac_blocks_wv_k4_urm, acc_m2       |
| ARRAY_PARTITION | variable=acc_w3 dim=0 complete                                                                                                                       | swiglu.cpp:298 in mac_blocks_wv_k4_urm, acc_w3       |
| ARRAY_PARTITION | variable=acc_m3 dim=0 complete                                                                                                                       | swiglu.cpp:299 in mac_blocks_wv_k4_urm, acc_m3       |
| UNROLL          |                                                                                                                                                      | swiglu.cpp:302 in mac_blocks_wv_k4_urm               |
| UNROLL          |                                                                                                                                                      | swiglu.cpp:304 in mac_blocks_wv_k4_urm               |
| PIPELINE        | ii=1                                                                                                                                                 | swiglu.cpp:313 in mac_blocks_wv_k4_urm               |
| UNROLL          |                                                                                                                                                      | swiglu.cpp:332 in mac_blocks_wv_k4_urm               |
| UNROLL          |                                                                                                                                                      | swiglu.cpp:361 in mac_blocks_wv_k4_urm               |
| UNROLL          |                                                                                                                                                      | swiglu.cpp:379 in mac_blocks_wv_k4_urm               |
| INLINE          | off                                                                                                                                                  | swiglu.cpp:420 in mac_blocks_down_q4k_k2_urm         |
| ARRAY_PARTITION | variable=gate dim=1 complete                                                                                                                         | swiglu.cpp:421 in mac_blocks_down_q4k_k2_urm, gate   |
| ARRAY_PARTITION | variable=sc0 dim=0 complete                                                                                                                          | swiglu.cpp:427 in mac_blocks_down_q4k_k2_urm, sc0    |
| ARRAY_PARTITION | variable=mn0 dim=0 complete                                                                                                                          | swiglu.cpp:428 in mac_blocks_down_q4k_k2_urm, mn0    |
| ARRAY_PARTITION | variable=sc1 dim=0 complete                                                                                                                          | swiglu.cpp:429 in mac_blocks_down_q4k_k2_urm, sc1    |
| ARRAY_PARTITION | variable=mn1 dim=0 complete                                                                                                                          | swiglu.cpp:430 in mac_blocks_down_q4k_k2_urm, mn1    |
| UNROLL          |                                                                                                                                                      | swiglu.cpp:432 in mac_blocks_down_q4k_k2_urm         |
| UNROLL          |                                                                                                                                                      | swiglu.cpp:434 in mac_blocks_down_q4k_k2_urm         |
| ARRAY_PARTITION | variable=acc_w0 dim=0 complete                                                                                                                       | swiglu.cpp:448 in mac_blocks_down_q4k_k2_urm, acc_w0 |
| ARRAY_PARTITION | variable=acc_m0 dim=0 complete                                                                                                                       | swiglu.cpp:449 in mac_blocks_down_q4k_k2_urm, acc_m0 |
| ARRAY_PARTITION | variable=acc_w1 dim=0 complete                                                                                                                       | swiglu.cpp:450 in mac_blocks_down_q4k_k2_urm, acc_w1 |
| ARRAY_PARTITION | variable=acc_m1 dim=0 complete                                                                                                                       | swiglu.cpp:451 in mac_blocks_down_q4k_k2_urm, acc_m1 |
| UNROLL          |                                                                                                                                                      | swiglu.cpp:454 in mac_blocks_down_q4k_k2_urm         |
| UNROLL          |                                                                                                                                                      | swiglu.cpp:456 in mac_blocks_down_q4k_k2_urm         |
| PIPELINE        | ii=1                                                                                                                                                 | swiglu.cpp:463 in mac_blocks_down_q4k_k2_urm         |
| ARRAY_PARTITION | variable=sub complete                                                                                                                                | swiglu.cpp:466 in mac_blocks_down_q4k_k2_urm, sub    |
| ARRAY_PARTITION | variable=k complete                                                                                                                                  | swiglu.cpp:467 in mac_blocks_down_q4k_k2_urm, k      |
| UNROLL          |                                                                                                                                                      | swiglu.cpp:469 in mac_blocks_down_q4k_k2_urm         |
| UNROLL          |                                                                                                                                                      | swiglu.cpp:481 in mac_blocks_down_q4k_k2_urm         |
| UNROLL          |                                                                                                                                                      | swiglu.cpp:505 in mac_blocks_down_q4k_k2_urm         |
| INLINE          | off                                                                                                                                                  | swiglu.cpp:531 in load_2rows_down                    |
| INLINE          | off                                                                                                                                                  | swiglu.cpp:550 in mac_write_down                     |
| INLINE          | off                                                                                                                                                  | swiglu.cpp:579 in mac_quant_wv                       |
| INLINE          | off                                                                                                                                                  | swiglu.cpp:615 in compute_x1                         |
| ARRAY_PARTITION | variable=x_local_1 dim=2 complete                                                                                                                    | swiglu.cpp:616 in compute_x1, x_local_1              |
| DATAFLOW        |                                                                                                                                                      | swiglu.cpp:624 in compute_x1                         |
| BIND_STORAGE    | variable=nib_r0 type=ram_1p impl=bram                                                                                                                | swiglu.cpp:627 in compute_x1, nib_r0                 |
| BIND_STORAGE    | variable=nib_r1 type=ram_1p impl=bram                                                                                                                | swiglu.cpp:628 in compute_x1, nib_r1                 |
| BIND_STORAGE    | variable=nib_r2 type=ram_1p impl=bram                                                                                                                | swiglu.cpp:629 in compute_x1, nib_r2                 |
| BIND_STORAGE    | variable=nib_r3 type=ram_1p impl=bram                                                                                                                | swiglu.cpp:630 in compute_x1, nib_r3                 |
| ARRAY_PARTITION | variable=sc6w0 dim=1 complete                                                                                                                        | swiglu.cpp:643 in compute_x1, sc6w0                  |
| ARRAY_PARTITION | variable=mn6w0 dim=1 complete                                                                                                                        | swiglu.cpp:644 in compute_x1, mn6w0                  |
| ARRAY_PARTITION | variable=sc6w1 dim=1 complete                                                                                                                        | swiglu.cpp:645 in compute_x1, sc6w1                  |
| ARRAY_PARTITION | variable=mn6w1 dim=1 complete                                                                                                                        | swiglu.cpp:646 in compute_x1, mn6w1                  |
| ARRAY_PARTITION | variable=sc6w2 dim=1 complete                                                                                                                        | swiglu.cpp:647 in compute_x1, sc6w2                  |
| ARRAY_PARTITION | variable=mn6w2 dim=1 complete                                                                                                                        | swiglu.cpp:648 in compute_x1, mn6w2                  |
| ARRAY_PARTITION | variable=sc6w3 dim=1 complete                                                                                                                        | swiglu.cpp:649 in compute_x1, sc6w3                  |
| ARRAY_PARTITION | variable=mn6w3 dim=1 complete                                                                                                                        | swiglu.cpp:650 in compute_x1, mn6w3                  |
| INLINE          | off                                                                                                                                                  | swiglu.cpp:669 in compute_x2                         |
| ARRAY_PARTITION | variable=x_local_2 dim=2 complete                                                                                                                    | swiglu.cpp:670 in compute_x2, x_local_2              |
| DATAFLOW        |                                                                                                                                                      | swiglu.cpp:675 in compute_x2                         |
| BIND_STORAGE    | variable=nib_r0 type=ram_1p impl=bram                                                                                                                | swiglu.cpp:677 in compute_x2, nib_r0                 |
| BIND_STORAGE    | variable=nib_r1 type=ram_1p impl=bram                                                                                                                | swiglu.cpp:678 in compute_x2, nib_r1                 |
| BIND_STORAGE    | variable=nib_r2 type=ram_1p impl=bram                                                                                                                | swiglu.cpp:679 in compute_x2, nib_r2                 |
| BIND_STORAGE    | variable=nib_r3 type=ram_1p impl=bram                                                                                                                | swiglu.cpp:680 in compute_x2, nib_r3                 |
| ARRAY_PARTITION | variable=sc6w0 dim=1 complete                                                                                                                        | swiglu.cpp:690 in compute_x2, sc6w0                  |
| ARRAY_PARTITION | variable=mn6w0 dim=1 complete                                                                                                                        | swiglu.cpp:691 in compute_x2, mn6w0                  |
| ARRAY_PARTITION | variable=sc6w1 dim=1 complete                                                                                                                        | swiglu.cpp:692 in compute_x2, sc6w1                  |
| ARRAY_PARTITION | variable=mn6w1 dim=1 complete                                                                                                                        | swiglu.cpp:693 in compute_x2, mn6w1                  |
| ARRAY_PARTITION | variable=sc6w2 dim=1 complete                                                                                                                        | swiglu.cpp:694 in compute_x2, sc6w2                  |
| ARRAY_PARTITION | variable=mn6w2 dim=1 complete                                                                                                                        | swiglu.cpp:695 in compute_x2, mn6w2                  |
| ARRAY_PARTITION | variable=sc6w3 dim=1 complete                                                                                                                        | swiglu.cpp:696 in compute_x2, sc6w3                  |
| ARRAY_PARTITION | variable=mn6w3 dim=1 complete                                                                                                                        | swiglu.cpp:697 in compute_x2, mn6w3                  |
| INLINE          | off                                                                                                                                                  | swiglu.cpp:718 in compute_gate                       |
| UNROLL          |                                                                                                                                                      | swiglu.cpp:720 in compute_gate                       |
| ARRAY_PARTITION | variable=pmax complete                                                                                                                               | swiglu.cpp:722 in compute_gate, pmax                 |
| PIPELINE        | ii=1                                                                                                                                                 | swiglu.cpp:725 in compute_gate                       |
| UNROLL          |                                                                                                                                                      | swiglu.cpp:739 in compute_gate                       |
| PIPELINE        | ii=1                                                                                                                                                 | swiglu.cpp:747 in compute_gate                       |
| INLINE          | off                                                                                                                                                  | swiglu.cpp:779 in compute_output                     |
| ARRAY_PARTITION | variable=gate_cache dim=2 cyclic factor=8                                                                                                            | swiglu.cpp:780 in compute_output, gate_cache         |
| BIND_STORAGE    | variable=gate_scale_buf type=ram_1p impl=lutram                                                                                                      | swiglu.cpp:784 in compute_output, gate_scale_buf     |
| BIND_STORAGE    | variable=out_local type=ram_1p impl=bram                                                                                                             | swiglu.cpp:790 in compute_output, out_local          |
| DATAFLOW        |                                                                                                                                                      | swiglu.cpp:798 in compute_output                     |
| BIND_STORAGE    | variable=g0r0 type=ram_1p impl=bram                                                                                                                  | swiglu.cpp:804 in compute_output, g0r0               |
| BIND_STORAGE    | variable=g0r1 type=ram_1p impl=bram                                                                                                                  | swiglu.cpp:805 in compute_output, g0r1               |
| BIND_STORAGE    | variable=g1r0 type=ram_1p impl=bram                                                                                                                  | swiglu.cpp:806 in compute_output, g1r0               |
| BIND_STORAGE    | variable=g1r1 type=ram_1p impl=bram                                                                                                                  | swiglu.cpp:807 in compute_output, g1r1               |
| BIND_STORAGE    | variable=g2r0 type=ram_1p impl=bram                                                                                                                  | swiglu.cpp:808 in compute_output, g2r0               |
| BIND_STORAGE    | variable=g2r1 type=ram_1p impl=bram                                                                                                                  | swiglu.cpp:809 in compute_output, g2r1               |
| BIND_STORAGE    | variable=g3r0 type=ram_1p impl=bram                                                                                                                  | swiglu.cpp:810 in compute_output, g3r0               |
| BIND_STORAGE    | variable=g3r1 type=ram_1p impl=bram                                                                                                                  | swiglu.cpp:811 in compute_output, g3r1               |
| ARRAY_PARTITION | variable=sc6w0 dim=1 cyclic factor=8                                                                                                                 | swiglu.cpp:821 in compute_output, sc6w0              |
| ARRAY_PARTITION | variable=mn6w0 dim=1 cyclic factor=8                                                                                                                 | swiglu.cpp:822 in compute_output, mn6w0              |
| ARRAY_PARTITION | variable=sc6w1 dim=1 cyclic factor=8                                                                                                                 | swiglu.cpp:823 in compute_output, sc6w1              |
| ARRAY_PARTITION | variable=mn6w1 dim=1 cyclic factor=8                                                                                                                 | swiglu.cpp:824 in compute_output, mn6w1              |
| INLINE          | off                                                                                                                                                  | swiglu.cpp:846 in load_x_local                       |
| ARRAY_PARTITION | variable=x_local_1 dim=2 complete                                                                                                                    | swiglu.cpp:847 in load_x_local, x_local_1            |
| ARRAY_PARTITION | variable=x_local_2 dim=2 complete                                                                                                                    | swiglu.cpp:848 in load_x_local, x_local_2            |
| PIPELINE        | ii=1                                                                                                                                                 | swiglu.cpp:852 in load_x_local                       |
| UNROLL          |                                                                                                                                                      | swiglu.cpp:855 in load_x_local                       |
| INTERFACE       | mode=m_axi port=W bundle=gmem_W offset=slave depth=10485760 max_read_burst_length=128 latency=64 num_read_outstanding=4 max_widen_bitwidth=128       | swiglu.cpp:879 in swiglu, W                          |
| INTERFACE       | mode=m_axi port=V bundle=gmem_V offset=slave depth=10485760 max_read_burst_length=128 latency=64 num_read_outstanding=4 max_widen_bitwidth=128       | swiglu.cpp:880 in swiglu, V                          |
| INTERFACE       | mode=m_axi port=W_down bundle=gmem_Wd offset=slave depth=10485760 max_read_burst_length=256 latency=64 num_read_outstanding=4 max_widen_bitwidth=128 | swiglu.cpp:881 in swiglu, W_down                     |
| INTERFACE       | mode=m_axi port=x_batch bundle=gmem_x offset=slave depth=8192 max_read_burst_length=128 latency=64 num_read_outstanding=1 max_widen_bitwidth=128     | swiglu.cpp:882 in swiglu, x_batch                    |
| INTERFACE       | mode=m_axi port=out_batch bundle=gmem_out offset=slave depth=8192 max_write_burst_length=256 latency=64 num_write_outstanding=1                      | swiglu.cpp:883 in swiglu, out_batch                  |
| INTERFACE       | mode=s_axilite port=W bundle=CTRL                                                                                                                    | swiglu.cpp:885 in swiglu, W                          |
| INTERFACE       | mode=s_axilite port=V bundle=CTRL                                                                                                                    | swiglu.cpp:886 in swiglu, V                          |
| INTERFACE       | mode=s_axilite port=W_down bundle=CTRL                                                                                                               | swiglu.cpp:887 in swiglu, W_down                     |
| INTERFACE       | mode=s_axilite port=x_batch bundle=CTRL                                                                                                              | swiglu.cpp:888 in swiglu, x_batch                    |
| INTERFACE       | mode=s_axilite port=out_batch bundle=CTRL                                                                                                            | swiglu.cpp:889 in swiglu, out_batch                  |
| INTERFACE       | mode=s_axilite port=down_quant_mode bundle=CTRL                                                                                                      | swiglu.cpp:890 in swiglu, down_quant_mode            |
| INTERFACE       | mode=s_axilite port=x_scale bundle=CTRL                                                                                                              | swiglu.cpp:891 in swiglu, x_scale                    |
| INTERFACE       | mode=s_axilite port=return bundle=CTRL                                                                                                               | swiglu.cpp:892 in swiglu, return                     |
| BIND_STORAGE    | variable=x_local_1 type=ram_1p impl=lutram                                                                                                           | swiglu.cpp:895 in swiglu, x_local_1                  |
| ARRAY_PARTITION | variable=x_local_1 dim=2 complete                                                                                                                    | swiglu.cpp:896 in swiglu, x_local_1                  |
| BIND_STORAGE    | variable=x_local_2 type=ram_1p impl=lutram                                                                                                           | swiglu.cpp:899 in swiglu, x_local_2                  |
| ARRAY_PARTITION | variable=x_local_2 dim=2 complete                                                                                                                    | swiglu.cpp:900 in swiglu, x_local_2                  |
| BIND_STORAGE    | variable=X1_cache type=ram_2p impl=bram                                                                                                              | swiglu.cpp:904 in swiglu, X1_cache                   |
| BIND_STORAGE    | variable=X2_cache type=ram_2p impl=bram                                                                                                              | swiglu.cpp:905 in swiglu, X2_cache                   |
| BIND_STORAGE    | variable=gate_cache type=ram_1p impl=uram                                                                                                            | swiglu.cpp:908 in swiglu, gate_cache                 |
| ARRAY_PARTITION | variable=gate_cache dim=2 cyclic factor=8                                                                                                            | swiglu.cpp:909 in swiglu, gate_cache                 |
| BIND_STORAGE    | variable=sigmoid_lut type=rom_1p impl=bram                                                                                                           | swiglu.cpp:913 in swiglu, sigmoid_lut                |
| DATAFLOW        |                                                                                                                                                      | swiglu.cpp:919 in swiglu                             |
+-----------------+------------------------------------------------------------------------------------------------------------------------------------------------------+------------------------------------------------------+


