

================================================================
== Synthesis Summary Report of 'swiglu'
================================================================
+ General Information: 
    * Date:           Sat May 23 13:48:53 2026
    * Version:        2025.1 (Build 6135595 on May 21 2025)
    * Project:        swiglu
    * Solution:       hls (Vivado IP Flow Target)
    * Product family: zynquplus
    * Target device:  xck26-sfvc784-2LV-c
    

+ Performance & Resource Estimates: 
    
    PS: '+' for module; 'o' for loop; '*' for dataflow
    +----------------------------------------------------+------+------+---------+-----------+----------+---------+------+----------+-----------+-----------+--------------+-------------+---------+
    |                       Modules                      | Issue|      |       Latency       | Iteration|         | Trip |          |           |           |              |             |         |
    |                       & Loops                      | Type | Slack| (cycles)|    (ns)   |  Latency | Interval| Count| Pipelined|   BRAM    |    DSP    |      FF      |     LUT     |   URAM  |
    +----------------------------------------------------+------+------+---------+-----------+----------+---------+------+----------+-----------+-----------+--------------+-------------+---------+
    |+ swiglu*                                           |     -|  0.00|  3991061|  1.329e+07|         -|  2434897|     -|  dataflow|  206 (71%)|  148 (11%)|  203478 (86%)|  82634 (70%)|  8 (12%)|
    | + load_x_local                                     |     -|  0.00|      202|    672.660|         -|      128|     -|    rewind|          -|          -|     484 (~0%)|    172 (~0%)|        -|
    |  o LOAD_X_VEC                                      |     -|  3.23|      200|    666.000|        74|        1|   128|       yes|          -|          -|             -|            -|        -|
    | + compute_X1                                       |     -|  0.00|  2434896|  8.108e+06|         -|  2434896|     -|        no|   48 (16%)|    18 (1%)|   77917 (33%)|  26466 (22%)|        -|
    |  o COMPUTE_X1                                      |     -|  3.23|  2434895|  8.108e+06|      3565|        -|   683|        no|          -|          -|             -|            -|        -|
    |   + load_12_rows_wv_q40                            |     -|  0.00|     1110|  3.696e+03|         -|     1110|     -|        no|          -|          -|   25607 (10%)|    8084 (6%)|        -|
    |    + load_12_rows_wv_q40_Pipeline_LOAD_HDR         |     -|  0.00|      265|    882.450|         -|      193|     -|    rewind|          -|          -|     541 (~0%)|    660 (~0%)|        -|
    |     o LOAD_HDR                                     |     -|  3.23|      263|    875.790|        73|        1|   192|       yes|          -|          -|             -|            -|        -|
    |    + load_12_rows_wv_q40_Pipeline_LOAD_NIB         |     -|  0.00|      842|  2.804e+03|         -|      769|     -|    rewind|          -|          -|     484 (~0%)|    304 (~0%)|        -|
    |     o LOAD_NIB                                     |     -|  3.23|      840|  2.797e+03|        74|        1|   768|       yes|          -|          -|             -|            -|        -|
    |   + mac_blocks_wv_k12_q40                          |     -|  0.04|     2450|  8.158e+03|         -|     2450|     -|        no|          -|    18 (1%)|   27602 (11%)|  17839 (15%)|        -|
    |    + mac_one_group_wv                              |     -|  0.35|      275|    915.750|         -|      275|     -|        no|          -|   12 (~0%)|     4765 (2%)|    6107 (5%)|        -|
    |     + mac_one_group_wv_Pipeline_ZERO_DSP           |     -|  1.58|       10|     33.300|         -|        9|     -|    rewind|          -|          -|       6 (~0%)|     51 (~0%)|        -|
    |      o ZERO_DSP                                    |     -|  3.23|        8|     26.640|         1|        1|     8|       yes|          -|          -|             -|            -|        -|
    |     + mac_one_group_wv_Pipeline_MAC_ALL            |     -|  0.35|      262|    872.460|         -|      257|     -|    rewind|          -|   12 (~0%)|     145 (~0%)|    2478 (2%)|        -|
    |      o MAC_ALL                                     |     -|  3.23|      260|    865.800|         6|        1|   256|       yes|          -|          -|             -|            -|        -|
    |    + reduce_grp_wv                                 |     -|  0.04|      103|    342.990|         -|       97|     -|    rewind|          -|    1 (~0%)|    1108 (~0%)|    5146 (4%)|        -|
    |     o REDUCE_GRP                                   |     -|  3.23|      101|    336.330|         7|        1|    96|       yes|          -|          -|             -|            -|        -|
    |    + mac_blocks_wv_k12_q40_Pipeline_QUANTIZE_LOOP  |     -|  0.75|       17|     56.610|         -|       13|     -|    rewind|          -|    2 (~0%)|     425 (~0%)|    367 (~0%)|        -|
    |     o QUANTIZE_LOOP                                |     -|  3.23|       15|     49.950|         5|        1|    12|       yes|          -|          -|             -|            -|        -|
    |    o VITIS_LOOP_173_1                              |     -|  3.23|     1939|  6.457e+03|       277|        -|     7|        no|          -|          -|             -|            -|        -|
    | + compute_X2                                       |     -|  0.00|  2434896|  8.108e+06|         -|  2434896|     -|        no|   48 (16%)|    18 (1%)|   77917 (33%)|  26466 (22%)|        -|
    |  o COMPUTE_X2                                      |     -|  3.23|  2434895|  8.108e+06|      3565|        -|   683|        no|          -|          -|             -|            -|        -|
    |   + load_12_rows_wv_q40                            |     -|  0.00|     1110|  3.696e+03|         -|     1110|     -|        no|          -|          -|   25607 (10%)|    8084 (6%)|        -|
    |    + load_12_rows_wv_q40_Pipeline_LOAD_HDR         |     -|  0.00|      265|    882.450|         -|      193|     -|    rewind|          -|          -|     541 (~0%)|    660 (~0%)|        -|
    |     o LOAD_HDR                                     |     -|  3.23|      263|    875.790|        73|        1|   192|       yes|          -|          -|             -|            -|        -|
    |    + load_12_rows_wv_q40_Pipeline_LOAD_NIB         |     -|  0.00|      842|  2.804e+03|         -|      769|     -|    rewind|          -|          -|     484 (~0%)|    304 (~0%)|        -|
    |     o LOAD_NIB                                     |     -|  3.23|      840|  2.797e+03|        74|        1|   768|       yes|          -|          -|             -|            -|        -|
    |   + mac_blocks_wv_k12_q40                          |     -|  0.04|     2450|  8.158e+03|         -|     2450|     -|        no|          -|    18 (1%)|   27602 (11%)|  17839 (15%)|        -|
    |    + mac_one_group_wv                              |     -|  0.35|      275|    915.750|         -|      275|     -|        no|          -|   12 (~0%)|     4765 (2%)|    6107 (5%)|        -|
    |     + mac_one_group_wv_Pipeline_ZERO_DSP           |     -|  1.58|       10|     33.300|         -|        9|     -|    rewind|          -|          -|       6 (~0%)|     51 (~0%)|        -|
    |      o ZERO_DSP                                    |     -|  3.23|        8|     26.640|         1|        1|     8|       yes|          -|          -|             -|            -|        -|
    |     + mac_one_group_wv_Pipeline_MAC_ALL            |     -|  0.35|      262|    872.460|         -|      257|     -|    rewind|          -|   12 (~0%)|     145 (~0%)|    2478 (2%)|        -|
    |      o MAC_ALL                                     |     -|  3.23|      260|    865.800|         6|        1|   256|       yes|          -|          -|             -|            -|        -|
    |    + reduce_grp_wv                                 |     -|  0.04|      103|    342.990|         -|       97|     -|    rewind|          -|    1 (~0%)|    1108 (~0%)|    5146 (4%)|        -|
    |     o REDUCE_GRP                                   |     -|  3.23|      101|    336.330|         7|        1|    96|       yes|          -|          -|             -|            -|        -|
    |    + mac_blocks_wv_k12_q40_Pipeline_QUANTIZE_LOOP  |     -|  0.75|       17|     56.610|         -|       13|     -|    rewind|          -|    2 (~0%)|     425 (~0%)|    367 (~0%)|        -|
    |     o QUANTIZE_LOOP                                |     -|  3.23|       15|     49.950|         5|        1|    12|       yes|          -|          -|             -|            -|        -|
    |    o VITIS_LOOP_173_1                              |     -|  3.23|     1939|  6.457e+03|       277|        -|     7|        no|          -|          -|             -|            -|        -|
    | + compute_gate                                     |     -|  0.01|    16553|  5.512e+04|         -|    16553|     -|        no|     8 (2%)|    22 (1%)|     4244 (1%)|    6397 (5%)|        -|
    |  + compute_gate_Pipeline_GATE_PASS1                |     -|  0.01|     8240|  2.744e+04|         -|     8193|     -|    rewind|          -|          -|    1184 (~0%)|    1348 (1%)|        -|
    |   o GATE_PASS1                                     |     -|  3.23|     8238|  2.743e+04|        48|        1|  8192|       yes|          -|          -|             -|            -|        -|
    |  + compute_gate_Pipeline_GATE_PASS2                |     -|  0.01|     8254|  2.749e+04|         -|     8193|     -|    rewind|          -|    5 (~0%)|    1546 (~0%)|    2163 (1%)|        -|
    |   o GATE_PASS2                                     |     -|  3.23|     8252|  2.748e+04|        62|        1|  8192|       yes|          -|          -|             -|            -|        -|
    | + compute_output                                   |     -|  0.00|  1539407|  5.126e+06|         -|  1539407|     -|        no|   36 (12%)|    90 (7%)|   34496 (14%)|  17125 (14%)|        -|
    |  + compute_output_Pipeline_1                       |     -|  0.00|     2051|  6.830e+03|         -|     2049|     -|    rewind|          -|          -|      49 (~0%)|     88 (~0%)|        -|
    |   o Loop 1                                         |     -|  3.23|     2049|  6.823e+03|         3|        1|  2048|       yes|          -|          -|             -|            -|        -|
    |  o DOWN_Q40                                        |     -|  3.23|  1537280|  5.119e+06|      6005|        -|   256|        no|          -|          -|             -|            -|        -|
    |   o META_GROUPS                                    |     -|  3.23|     5985|  1.993e+04|       748|        -|     8|        no|          -|          -|             -|            -|        -|
    |    + load_mg_down_q40                              |     -|  0.00|      470|  1.565e+03|         -|      470|     -|        no|          -|          -|     9089 (3%)|    3213 (2%)|        -|
    |     + load_mg_down_q40_Pipeline_LOAD_MG_HDR        |     -|  0.00|      137|    456.210|         -|       65|     -|    rewind|          -|          -|     410 (~0%)|    399 (~0%)|        -|
    |      o LOAD_MG_HDR                                 |     -|  3.23|      135|    449.550|        73|        1|    64|       yes|          -|          -|             -|            -|        -|
    |     + load_mg_down_q40_Pipeline_LOAD_MG_NIB        |     -|  0.00|      330|  1.099e+03|         -|      257|     -|    rewind|          -|          -|     481 (~0%)|    302 (~0%)|        -|
    |      o LOAD_MG_NIB                                 |     -|  3.23|      328|  1.092e+03|        74|        1|   256|       yes|          -|          -|             -|            -|        -|
    |    + mac_mg_down_q40                               |     -|  0.04|      273|    909.090|         -|      273|     -|        no|          -|    72 (5%)|    15005 (6%)|   10793 (9%)|        -|
    |     o MG_GROUPS                                    |     -|  3.23|      272|    905.760|        68|        -|     4|        no|          -|          -|             -|            -|        -|
    |      + mac_mg_down_q40_Pipeline_ZERO_ODSP          |     -|  1.58|       10|     33.300|         -|        9|     -|    rewind|          -|          -|     3078 (1%)|    627 (~0%)|        -|
    |       o ZERO_ODSP                                  |     -|  3.23|        8|     26.640|         1|        1|     8|       yes|          -|          -|             -|            -|        -|
    |      + mac_mg_down_q40_Pipeline_MAC_MG             |     -|  0.71|       37|    123.210|         -|       33|     -|    rewind|          -|    64 (5%)|     3152 (1%)|    1602 (1%)|        -|
    |       o MAC_MG                                     |     -|  3.23|       35|    116.550|         5|        1|    32|       yes|          -|          -|             -|            -|        -|
    |      + mac_mg_down_q40_Pipeline_REDUCE_MG          |     -|  0.04|       15|     49.950|         -|        9|     -|    rewind|          -|    8 (~0%)|     3569 (1%)|    8418 (7%)|        -|
    |       o REDUCE_MG                                  |     -|  3.23|       13|     43.290|         7|        1|     8|       yes|          -|          -|             -|            -|        -|
    +----------------------------------------------------+------+------+---------+-----------+----------+---------+------+----------+-----------+-----------+--------------+-------------+---------+


================================================================
== HW Interfaces
================================================================
* M_AXI
+----------------+------------+------------+---------------+---------+--------+----------+-----------+--------------+--------------+-------------+-------------+-------------------+
| Interface      | Read/Write | Data Width | Address Width | Latency | Offset | Register | Max Widen | Max Read     | Max Write    | Num Read    | Num Write   | Resource Estimate |
|                |            | (SW->HW)   |               |         |        |          | Bitwidth  | Burst Length | Burst Length | Outstanding | Outstanding |                   |
+----------------+------------+------------+---------------+---------+--------+----------+-----------+--------------+--------------+-------------+-------------+-------------------+
| m_axi_gmem_V   | READ_ONLY  | 8 -> 128   | 64            | 64      | slave  | 0        | 128       | 128          | 16           | 1           | 16          | BRAM=8            |
| m_axi_gmem_W   | READ_ONLY  | 8 -> 128   | 64            | 64      | slave  | 0        | 128       | 128          | 16           | 1           | 16          | BRAM=8            |
| m_axi_gmem_Wd  | READ_ONLY  | 8 -> 128   | 64            | 64      | slave  | 0        | 128       | 256          | 16           | 1           | 16          | BRAM=8            |
| m_axi_gmem_out | WRITE_ONLY | 32 -> 32   | 64            | 64      | slave  | 0        | 0         | 16           | 256          | 16          | 1           | BRAM=2            |
| m_axi_gmem_x   | READ_ONLY  | 8 -> 128   | 64            | 64      | slave  | 0        | 128       | 128          | 16           | 1           | 16          | BRAM=8            |
+----------------+------------+------------+---------------+---------+--------+----------+-----------+--------------+--------------+-------------+-------------+-------------------+

* S_AXILITE Interfaces
+------------+------------+---------------+--------+----------+
| Interface  | Data Width | Address Width | Offset | Register |
+------------+------------+---------------+--------+----------+
| s_axi_CTRL | 32         | 7             | 16     | 0        |
+------------+------------+---------------+--------+----------+

* S_AXILITE Registers
+------------+-----------------+--------+-------+--------+----------------------------------+----------------------------------------------------------------------+
| Interface  | Register        | Offset | Width | Access | Description                      | Bit Fields                                                           |
+------------+-----------------+--------+-------+--------+----------------------------------+----------------------------------------------------------------------+
| s_axi_CTRL | CTRL            | 0x00   | 32    | RW     | Control signals                  | 0=AP_START 1=AP_DONE 2=AP_IDLE 3=AP_READY 7=AUTO_RESTART 9=INTERRUPT |
| s_axi_CTRL | GIER            | 0x04   | 32    | RW     | Global Interrupt Enable Register | 0=Enable                                                             |
| s_axi_CTRL | IP_IER          | 0x08   | 32    | RW     | IP Interrupt Enable Register     | 0=CHAN0_INT_EN 1=CHAN1_INT_EN                                        |
| s_axi_CTRL | IP_ISR          | 0x0c   | 32    | RW     | IP Interrupt Status Register     | 0=CHAN0_INT_ST 1=CHAN1_INT_ST                                        |
| s_axi_CTRL | W_1             | 0x10   | 32    | W      | Data signal of W                 |                                                                      |
| s_axi_CTRL | W_2             | 0x14   | 32    | W      | Data signal of W                 |                                                                      |
| s_axi_CTRL | V_1             | 0x1c   | 32    | W      | Data signal of V                 |                                                                      |
| s_axi_CTRL | V_2             | 0x20   | 32    | W      | Data signal of V                 |                                                                      |
| s_axi_CTRL | W_down_1        | 0x28   | 32    | W      | Data signal of W_down            |                                                                      |
| s_axi_CTRL | W_down_2        | 0x2c   | 32    | W      | Data signal of W_down            |                                                                      |
| s_axi_CTRL | x_batch_1       | 0x34   | 32    | W      | Data signal of x_batch           |                                                                      |
| s_axi_CTRL | x_batch_2       | 0x38   | 32    | W      | Data signal of x_batch           |                                                                      |
| s_axi_CTRL | out_batch_1     | 0x40   | 32    | W      | Data signal of out_batch         |                                                                      |
| s_axi_CTRL | out_batch_2     | 0x44   | 32    | W      | Data signal of out_batch         |                                                                      |
| s_axi_CTRL | down_quant_mode | 0x4c   | 32    | W      | Data signal of down_quant_mode   |                                                                      |
| s_axi_CTRL | x_scale         | 0x54   | 32    | W      | Data signal of x_scale           |                                                                      |
+------------+-----------------+--------+-------+--------+----------------------------------+----------------------------------------------------------------------+

* TOP LEVEL CONTROL
+-----------+------------+-----------+
| Interface | Type       | Ports     |
+-----------+------------+-----------+
| ap_clk    | clock      | ap_clk    |
| ap_rst_n  | reset      | ap_rst_n  |
| interrupt | interrupt  | interrupt |
| ap_ctrl   | ap_ctrl_hs |           |
+-----------+------------+-----------+


================================================================
== SW I/O Information
================================================================
* Top Function Arguments
+-----------------+-----------+-----------------------+
| Argument        | Direction | Datatype              |
+-----------------+-----------+-----------------------+
| W               | in        | unsigned char const * |
| V               | in        | unsigned char const * |
| W_down          | in        | unsigned char const * |
| x_batch         | in        | signed char const *   |
| out_batch       | out       | float*                |
| down_quant_mode | in        | unsigned int          |
| x_scale         | in        | float                 |
+-----------------+-----------+-----------------------+

* SW-to-HW Mapping
+-----------------+----------------+-----------+----------+-------------------------------------------+
| Argument        | HW Interface   | HW Type   | HW Usage | HW Info                                   |
+-----------------+----------------+-----------+----------+-------------------------------------------+
| W               | m_axi_gmem_W   | interface |          | channel=0                                 |
| W               | s_axi_CTRL     | register  | offset   | name=W_1 offset=0x10 range=32             |
| W               | s_axi_CTRL     | register  | offset   | name=W_2 offset=0x14 range=32             |
| V               | m_axi_gmem_V   | interface |          | channel=0                                 |
| V               | s_axi_CTRL     | register  | offset   | name=V_1 offset=0x1c range=32             |
| V               | s_axi_CTRL     | register  | offset   | name=V_2 offset=0x20 range=32             |
| W_down          | m_axi_gmem_Wd  | interface |          | channel=0                                 |
| W_down          | s_axi_CTRL     | register  | offset   | name=W_down_1 offset=0x28 range=32        |
| W_down          | s_axi_CTRL     | register  | offset   | name=W_down_2 offset=0x2c range=32        |
| x_batch         | m_axi_gmem_x   | interface |          | channel=0                                 |
| x_batch         | s_axi_CTRL     | register  | offset   | name=x_batch_1 offset=0x34 range=32       |
| x_batch         | s_axi_CTRL     | register  | offset   | name=x_batch_2 offset=0x38 range=32       |
| out_batch       | m_axi_gmem_out | interface |          | channel=0                                 |
| out_batch       | s_axi_CTRL     | register  | offset   | name=out_batch_1 offset=0x40 range=32     |
| out_batch       | s_axi_CTRL     | register  | offset   | name=out_batch_2 offset=0x44 range=32     |
| down_quant_mode | s_axi_CTRL     | register  |          | name=down_quant_mode offset=0x4c range=32 |
| x_scale         | s_axi_CTRL     | register  |          | name=x_scale offset=0x54 range=32         |
+-----------------+----------------+-----------+----------+-------------------------------------------+


================================================================
== M_AXI Burst Information
================================================================
 Note: All burst requests might be further partitioned into multiple requests during RTL generation based on max_read_burst_length or max_write_burst_length settings.

* Inferred Burst Summary
+----------------+-----------+--------+-------+------------+-------------------+
| HW Interface   | Direction | Length | Width | Loop       | Loop Location     |
+----------------+-----------+--------+-------+------------+-------------------+
| m_axi_gmem_out | write     | 2048   | 32    | anonymous  | swiglu.cpp:693:5  |
| m_axi_gmem_x   | read      | 128    | 128   | LOAD_X_VEC | swiglu.cpp:710:21 |
+----------------+-----------+--------+-------+------------+-------------------+

* All M_AXI Variable Accesses
+---------------------+-----------+-------------------+-----------+--------------+--------+-------------+-------------------+------------+----------------------------------------------------------------------------------------------------------+
| HW Interface        | Variable  | Access Location   | Direction | Burst Status | Length | Loop        | Loop Location     | Resolution | Problem                                                                                                  |
+---------------------+-----------+-------------------+-----------+--------------+--------+-------------+-------------------+------------+----------------------------------------------------------------------------------------------------------+
| m_axi_gmem_V,gmem_W | W_wide    | swiglu.cpp:45:28  | read      | Fail         |        | LOAD_HDR    | swiglu.cpp:41:12  | 214-229    | Could not analyze pattern                                                                                |
| m_axi_gmem_V,gmem_W | W_wide    | swiglu.cpp:71:25  | read      | Fail         |        | LOAD_NIB    | swiglu.cpp:53:15  | 214-229    | Could not analyze pattern                                                                                |
| m_axi_gmem_Wd       | Wd_wide   | swiglu.cpp:331:28 | read      | Fail         |        | LOAD_MG_HDR | swiglu.cpp:327:15 | 214-229    | Could not analyze pattern                                                                                |
| m_axi_gmem_Wd       | Wd_wide   | swiglu.cpp:371:28 | read      | Fail         |        | LOAD_MG_NIB | swiglu.cpp:367:18 | 214-229    | Could not analyze pattern                                                                                |
| m_axi_gmem_out      | out_batch | swiglu.cpp:693:5  | write     | Widen Fail   |        | anonymous   | swiglu.cpp:693:5  | 214-353    | Could not widen since type float size is greater than or equal to the max_widen_bitwidth threshold of 0  |
| m_axi_gmem_out      | out_batch | swiglu.cpp:693:5  | write     | Inferred     | 2048   | anonymous   | swiglu.cpp:693:5  |            |                                                                                                          |
| m_axi_gmem_x        | x_batch   | swiglu.cpp:712:26 | read      | Widen Fail   |        | LOAD_X_VEC  | swiglu.cpp:710:21 | 214-353    | Could not widen since type i128 size is greater than or equal to the max_widen_bitwidth threshold of 128 |
| m_axi_gmem_x        | x_batch   | swiglu.cpp:712:26 | read      | Inferred     | 128    | LOAD_X_VEC  | swiglu.cpp:710:21 |            |                                                                                                          |
+---------------------+-----------+-------------------+-----------+--------------+--------+-------------+-------------------+------------+----------------------------------------------------------------------------------------------------------+

    * Resolution URL: docs.xilinx.com/access/sources/dita/topic?Doc_Version=2025.1%20English&url=ug1448-hls-guidance&resourceid=XXX-YYY.html (replace XXX-YYY with column value)

================================================================
== Bind Op Report
================================================================
+--------------------------------------------------------------------------------------------------------------+-----+--------+------------------+------------+--------------------------+---------+
| Name                                                                                                         | DSP | Pragma | Variable         | Op         | Impl                     | Latency |
+--------------------------------------------------------------------------------------------------------------+-----+--------+------------------+------------+--------------------------+---------+
| + swiglu                                                                                                     | 148 |        |                  |            |                          |         |
|  + load_x_local                                                                                              | 0   |        |                  |            |                          |         |
|    first_iter_0_fu_3982_p2                                                                                   |     |        | first_iter_0     | seteq      | auto                     | 0       |
|    i_fu_4002_p2                                                                                              |     |        | i                | add        | fabric                   | 0       |
|    icmp_ln710_fu_4026_p2                                                                                     |     |        | icmp_ln710       | seteq      | auto                     | 0       |
|  + compute_X1                                                                                                | 18  |        |                  |            |                          |         |
|    icmp_ln238_fu_5300_p2                                                                                     |     |        | icmp_ln238       | setlt      | auto                     | 0       |
|    row_5_fu_5310_p2                                                                                          |     |        | row_5            | add        | fabric                   | 0       |
|   + load_12_rows_wv_q40 (grp_load_12_rows_wv_q40_fu_3460)                                                    | 0   |        |                  |            |                          |         |
|    + load_12_rows_wv_q40_Pipeline_LOAD_HDR (grp_load_12_rows_wv_q40_Pipeline_LOAD_HDR_fu_1618)               | 0   |        |                  |            |                          |         |
|      icmp_ln41_fu_7200_p2                                                                                    |     |        | icmp_ln41        | seteq      | auto                     | 0       |
|      i_8_fu_7206_p2                                                                                          |     |        | i_8              | add        | fabric                   | 0       |
|      add_ln45_fu_7234_p2                                                                                     |     |        | add_ln45         | add        | fabric                   | 0       |
|      add_ln45_2_fu_7264_p2                                                                                   |     |        | add_ln45_2       | add        | fabric                   | 0       |
|      add_ln45_1_fu_7294_p2                                                                                   |     |        | add_ln45_1       | add        | fabric                   | 0       |
|    + load_12_rows_wv_q40_Pipeline_LOAD_NIB (grp_load_12_rows_wv_q40_Pipeline_LOAD_NIB_fu_3164)               | 0   |        |                  |            |                          |         |
|      icmp_ln53_fu_330_p2                                                                                     |     |        | icmp_ln53        | seteq      | auto                     | 0       |
|      i_6_fu_336_p2                                                                                           |     |        | i_6              | add        | fabric                   | 0       |
|      add_ln57_fu_360_p2                                                                                      |     |        | add_ln57         | add        | fabric                   | 0       |
|      add_ln58_fu_396_p2                                                                                      |     |        | add_ln58         | add        | fabric                   | 0       |
|      add_ln71_fu_424_p2                                                                                      |     |        | add_ln71         | add        | fabric                   | 0       |
|   + mac_blocks_wv_k12_q40 (grp_mac_blocks_wv_k12_q40_fu_4248)                                                | 18  |        |                  |            |                          |         |
|     icmp_ln173_fu_10711_p2                                                                                   |     |        | icmp_ln173       | seteq      | auto                     | 0       |
|     add_ln183_fu_10726_p2                                                                                    |     |        | add_ln183        | add        | fabric                   | 0       |
|     g_3_fu_12293_p2                                                                                          |     |        | g_3              | add        | fabric                   | 0       |
|     fmul_32ns_32ns_32_5_max_dsp_1_U3382                                                                      | 3   |        | mul              | fmul       | maxdsp                   | 4       |
|     fpext_32ns_64_2_no_dsp_1_U3383                                                                           |     |        | pf               | fpext      | auto                     | 1       |
|     sub_ln195_fu_12393_p2                                                                                    |     |        | sub_ln195        | sub        | fabric                   | 0       |
|     select_ln195_fu_12399_p3                                                                                 |     |        | select_ln195     | select     | auto_sel                 | 0       |
|     icmp_ln195_fu_12406_p2                                                                                   |     |        | icmp_ln195       | seteq      | auto                     | 0       |
|     sub_ln195_1_fu_12411_p2                                                                                  |     |        | sub_ln195_1      | sub        | fabric                   | 0       |
|     icmp_ln195_1_fu_12421_p2                                                                                 |     |        | icmp_ln195_1     | setgt      | auto                     | 0       |
|     add_ln195_fu_12427_p2                                                                                    |     |        | add_ln195        | add        | fabric                   | 0       |
|     sub_ln195_2_fu_12433_p2                                                                                  |     |        | sub_ln195_2      | sub        | fabric                   | 0       |
|     select_ln195_1_fu_12439_p3                                                                               |     |        | select_ln195_1   | select     | auto_sel                 | 0       |
|     icmp_ln195_2_fu_12447_p2                                                                                 |     |        | icmp_ln195_2     | seteq      | auto                     | 0       |
|     icmp_ln195_3_fu_12476_p2                                                                                 |     |        | icmp_ln195_3     | setlt      | auto                     | 0       |
|     select_ln195_4_fu_12481_p3                                                                               |     |        | select_ln195_4   | select     | auto_sel                 | 0       |
|     ashr_ln195_fu_12491_p2                                                                                   |     |        | ashr_ln195       | ashr       | auto_pipe                | 0       |
|     qs_fu_12554_p6                                                                                           |     |        | select_ln195_2   | select     | auto_sel                 | 0       |
|     icmp_ln195_4_fu_12467_p2                                                                                 |     |        | icmp_ln195_4     | seteq      | auto                     | 0       |
|     shl_ln195_fu_12508_p2                                                                                    |     |        | shl_ln195        | shl        | auto_pipe                | 0       |
|     qs_fu_12554_p8                                                                                           |     |        | select_ln195_3   | select     | auto_sel                 | 0       |
|     xor_ln195_fu_12520_p2                                                                                    |     |        | xor_ln195        | xor        | auto                     | 0       |
|     and_ln195_fu_12525_p2                                                                                    |     |        | and_ln195        | and        | auto                     | 0       |
|     or_ln195_fu_12530_p2                                                                                     |     |        | or_ln195         | or         | auto                     | 0       |
|     xor_ln195_1_fu_12534_p2                                                                                  |     |        | xor_ln195_1      | xor        | auto                     | 0       |
|     and_ln195_1_fu_12540_p2                                                                                  |     |        | and_ln195_1      | and        | auto                     | 0       |
|     sparsemux_9_3_32_1_1_U3384                                                                               |     |        | qs               | sparsemux  | onehotencoding_realdef   | 0       |
|    + mac_one_group_wv (grp_mac_one_group_wv_fu_7358)                                                         | 12  |        |                  |            |                          |         |
|     + mac_one_group_wv_Pipeline_ZERO_DSP (grp_mac_one_group_wv_Pipeline_ZERO_DSP_fu_496)                     | 0   |        |                  |            |                          |         |
|       icmp_ln110_fu_1012_p2                                                                                  |     |        | icmp_ln110       | seteq      | auto                     | 0       |
|       add_ln110_fu_1018_p2                                                                                   |     |        | add_ln110        | add        | fabric                   | 0       |
|     + mac_one_group_wv_Pipeline_MAC_ALL (grp_mac_one_group_wv_Pipeline_MAC_ALL_fu_692)                       | 12  |        |                  |            |                          |         |
|       icmp_ln114_fu_3688_p2                                                                                  |     |        | icmp_ln114       | seteq      | auto                     | 0       |
|       n_2_fu_3694_p2                                                                                         |     |        | n_2              | add        | fabric                   | 0       |
|       sparsemux_33_4_8_1_1_U1936                                                                             |     |        | tmp              | sparsemux  | compactencoding_dontcare | 0       |
|       sparsemux_33_4_8_1_1_U1937                                                                             |     |        | tmp_s            | sparsemux  | compactencoding_dontcare | 0       |
|       sparsemux_33_4_8_1_1_U1938                                                                             |     |        | tmp_30           | sparsemux  | compactencoding_dontcare | 0       |
|       sparsemux_33_4_8_1_1_U1939                                                                             |     |        | tmp_31           | sparsemux  | compactencoding_dontcare | 0       |
|       sparsemux_33_4_8_1_1_U1940                                                                             |     |        | tmp_32           | sparsemux  | compactencoding_dontcare | 0       |
|       sparsemux_33_4_8_1_1_U1941                                                                             |     |        | tmp_33           | sparsemux  | compactencoding_dontcare | 0       |
|       sparsemux_33_4_8_1_1_U1942                                                                             |     |        | tmp_34           | sparsemux  | compactencoding_dontcare | 0       |
|       sparsemux_33_4_8_1_1_U1943                                                                             |     |        | tmp_35           | sparsemux  | compactencoding_dontcare | 0       |
|       sparsemux_17_3_8_1_1_U1944                                                                             |     |        | tmp_36           | sparsemux  | compactencoding_dontcare | 0       |
|       partselect_4ns_128ns_7ns_4_1_1_U1924                                                                   |     |        | tmp_37           | partselect | auto                     | 0       |
|       xor_ln127_fu_4778_p2                                                                                   |     |        | xor_ln127        | xor        | auto                     | 0       |
|       mac_muladd_8s_4s_48s_48_4_1_U1957                                                                      | 1   |        | mul_ln127        | mul        | dsp_slice                | 3       |
|       mac_muladd_8s_4s_48s_48_4_1_U1957                                                                      | 1   |        | sext_ln127_2     | sext       | dsp_slice                | 3       |
|       sparsemux_17_3_48_1_1_U1945                                                                            |     |        | tmp_38           | sparsemux  | compactencoding_dontcare | 0       |
|       mac_muladd_8s_4s_48s_48_4_1_U1957                                                                      | 1   |        | add_ln127        | add        | dsp_slice                | 3       |
|       partselect_4ns_128ns_7ns_4_1_1_U1925                                                                   |     |        | tmp_39           | partselect | auto                     | 0       |
|       xor_ln128_fu_4798_p2                                                                                   |     |        | xor_ln128        | xor        | auto                     | 0       |
|       mac_muladd_8s_4s_48s_48_4_1_U1958                                                                      | 1   |        | mul_ln128        | mul        | dsp_slice                | 3       |
|       mac_muladd_8s_4s_48s_48_4_1_U1958                                                                      | 1   |        | sext_ln128_1     | sext       | dsp_slice                | 3       |
|       partselect_4ns_128ns_7ns_4_1_1_U1926                                                                   |     |        | tmp_40           | partselect | auto                     | 0       |
|       xor_ln129_fu_4814_p2                                                                                   |     |        | xor_ln129        | xor        | auto                     | 0       |
|       mac_muladd_8s_4s_48s_48_4_1_U1959                                                                      | 1   |        | mul_ln129        | mul        | dsp_slice                | 3       |
|       mac_muladd_8s_4s_48s_48_4_1_U1959                                                                      | 1   |        | sext_ln129_1     | sext       | dsp_slice                | 3       |
|       partselect_4ns_128ns_7ns_4_1_1_U1927                                                                   |     |        | tmp_41           | partselect | auto                     | 0       |
|       xor_ln130_fu_4830_p2                                                                                   |     |        | xor_ln130        | xor        | auto                     | 0       |
|       mac_muladd_8s_4s_48s_48_4_1_U1960                                                                      | 1   |        | mul_ln130        | mul        | dsp_slice                | 3       |
|       mac_muladd_8s_4s_48s_48_4_1_U1960                                                                      | 1   |        | sext_ln130_1     | sext       | dsp_slice                | 3       |
|       partselect_4ns_128ns_7ns_4_1_1_U1928                                                                   |     |        | tmp_42           | partselect | auto                     | 0       |
|       xor_ln131_fu_4846_p2                                                                                   |     |        | xor_ln131        | xor        | auto                     | 0       |
|       mac_muladd_8s_4s_48s_48_4_1_U1961                                                                      | 1   |        | mul_ln131        | mul        | dsp_slice                | 3       |
|       mac_muladd_8s_4s_48s_48_4_1_U1961                                                                      | 1   |        | sext_ln131_1     | sext       | dsp_slice                | 3       |
|       partselect_4ns_128ns_7ns_4_1_1_U1929                                                                   |     |        | tmp_43           | partselect | auto                     | 0       |
|       xor_ln132_fu_4862_p2                                                                                   |     |        | xor_ln132        | xor        | auto                     | 0       |
|       mac_muladd_8s_4s_48s_48_4_1_U1962                                                                      | 1   |        | mul_ln132        | mul        | dsp_slice                | 3       |
|       mac_muladd_8s_4s_48s_48_4_1_U1962                                                                      | 1   |        | sext_ln132_1     | sext       | dsp_slice                | 3       |
|       partselect_4ns_128ns_7ns_4_1_1_U1930                                                                   |     |        | tmp_44           | partselect | auto                     | 0       |
|       xor_ln133_fu_4878_p2                                                                                   |     |        | xor_ln133        | xor        | auto                     | 0       |
|       mac_muladd_8s_4s_48s_48_4_1_U1963                                                                      | 1   |        | mul_ln133        | mul        | dsp_slice                | 3       |
|       mac_muladd_8s_4s_48s_48_4_1_U1963                                                                      | 1   |        | sext_ln133_1     | sext       | dsp_slice                | 3       |
|       partselect_4ns_128ns_7ns_4_1_1_U1931                                                                   |     |        | tmp_45           | partselect | auto                     | 0       |
|       xor_ln134_fu_4894_p2                                                                                   |     |        | xor_ln134        | xor        | auto                     | 0       |
|       mac_muladd_8s_4s_48s_48_4_1_U1964                                                                      | 1   |        | mul_ln134        | mul        | dsp_slice                | 3       |
|       mac_muladd_8s_4s_48s_48_4_1_U1964                                                                      | 1   |        | sext_ln134_1     | sext       | dsp_slice                | 3       |
|       partselect_4ns_128ns_7ns_4_1_1_U1932                                                                   |     |        | tmp_46           | partselect | auto                     | 0       |
|       xor_ln135_fu_4910_p2                                                                                   |     |        | xor_ln135        | xor        | auto                     | 0       |
|       mac_muladd_8s_4s_48s_48_4_1_U1965                                                                      | 1   |        | mul_ln135        | mul        | dsp_slice                | 3       |
|       mac_muladd_8s_4s_48s_48_4_1_U1965                                                                      | 1   |        | sext_ln135_1     | sext       | dsp_slice                | 3       |
|       partselect_4ns_128ns_7ns_4_1_1_U1933                                                                   |     |        | tmp_47           | partselect | auto                     | 0       |
|       xor_ln136_fu_4926_p2                                                                                   |     |        | xor_ln136        | xor        | auto                     | 0       |
|       mac_muladd_8s_4s_48s_48_4_1_U1966                                                                      | 1   |        | mul_ln136        | mul        | dsp_slice                | 3       |
|       mac_muladd_8s_4s_48s_48_4_1_U1966                                                                      | 1   |        | sext_ln136_1     | sext       | dsp_slice                | 3       |
|       partselect_4ns_128ns_7ns_4_1_1_U1934                                                                   |     |        | tmp_48           | partselect | auto                     | 0       |
|       xor_ln137_fu_4942_p2                                                                                   |     |        | xor_ln137        | xor        | auto                     | 0       |
|       mac_muladd_8s_4s_48s_48_4_1_U1967                                                                      | 1   |        | mul_ln137        | mul        | dsp_slice                | 3       |
|       mac_muladd_8s_4s_48s_48_4_1_U1967                                                                      | 1   |        | sext_ln137_1     | sext       | dsp_slice                | 3       |
|       partselect_4ns_128ns_7ns_4_1_1_U1935                                                                   |     |        | tmp_49           | partselect | auto                     | 0       |
|       xor_ln138_fu_4958_p2                                                                                   |     |        | xor_ln138        | xor        | auto                     | 0       |
|       mac_muladd_8s_4s_48s_48_4_1_U1968                                                                      | 1   |        | mul_ln138        | mul        | dsp_slice                | 3       |
|       mac_muladd_8s_4s_48s_48_4_1_U1968                                                                      | 1   |        | sext_ln138_1     | sext       | dsp_slice                | 3       |
|       sparsemux_17_3_48_1_1_U1946                                                                            |     |        | tmp_50           | sparsemux  | compactencoding_dontcare | 0       |
|       mac_muladd_8s_4s_48s_48_4_1_U1958                                                                      | 1   |        | add_ln128        | add        | dsp_slice                | 3       |
|       sparsemux_17_3_48_1_1_U1947                                                                            |     |        | tmp_51           | sparsemux  | compactencoding_dontcare | 0       |
|       mac_muladd_8s_4s_48s_48_4_1_U1959                                                                      | 1   |        | add_ln129        | add        | dsp_slice                | 3       |
|       sparsemux_17_3_48_1_1_U1948                                                                            |     |        | tmp_52           | sparsemux  | compactencoding_dontcare | 0       |
|       mac_muladd_8s_4s_48s_48_4_1_U1960                                                                      | 1   |        | add_ln130        | add        | dsp_slice                | 3       |
|       sparsemux_17_3_48_1_1_U1949                                                                            |     |        | tmp_53           | sparsemux  | compactencoding_dontcare | 0       |
|       mac_muladd_8s_4s_48s_48_4_1_U1961                                                                      | 1   |        | add_ln131        | add        | dsp_slice                | 3       |
|       sparsemux_17_3_48_1_1_U1950                                                                            |     |        | tmp_54           | sparsemux  | compactencoding_dontcare | 0       |
|       mac_muladd_8s_4s_48s_48_4_1_U1962                                                                      | 1   |        | add_ln132        | add        | dsp_slice                | 3       |
|       sparsemux_17_3_48_1_1_U1951                                                                            |     |        | tmp_55           | sparsemux  | compactencoding_dontcare | 0       |
|       mac_muladd_8s_4s_48s_48_4_1_U1963                                                                      | 1   |        | add_ln133        | add        | dsp_slice                | 3       |
|       sparsemux_17_3_48_1_1_U1952                                                                            |     |        | tmp_56           | sparsemux  | compactencoding_dontcare | 0       |
|       mac_muladd_8s_4s_48s_48_4_1_U1964                                                                      | 1   |        | add_ln134        | add        | dsp_slice                | 3       |
|       sparsemux_17_3_48_1_1_U1953                                                                            |     |        | tmp_57           | sparsemux  | compactencoding_dontcare | 0       |
|       mac_muladd_8s_4s_48s_48_4_1_U1965                                                                      | 1   |        | add_ln135        | add        | dsp_slice                | 3       |
|       sparsemux_17_3_48_1_1_U1954                                                                            |     |        | tmp_58           | sparsemux  | compactencoding_dontcare | 0       |
|       mac_muladd_8s_4s_48s_48_4_1_U1966                                                                      | 1   |        | add_ln136        | add        | dsp_slice                | 3       |
|       sparsemux_17_3_48_1_1_U1955                                                                            |     |        | tmp_59           | sparsemux  | compactencoding_dontcare | 0       |
|       mac_muladd_8s_4s_48s_48_4_1_U1967                                                                      | 1   |        | add_ln137        | add        | dsp_slice                | 3       |
|       sparsemux_17_3_48_1_1_U1956                                                                            |     |        | tmp_60           | sparsemux  | compactencoding_dontcare | 0       |
|       mac_muladd_8s_4s_48s_48_4_1_U1968                                                                      | 1   |        | add_ln138        | add        | dsp_slice                | 3       |
|    + reduce_grp_wv (grp_reduce_grp_wv_fu_7740)                                                               | 1   |        |                  |            |                          |         |
|      icmp_ln88_fu_7417_p2                                                                                    |     |        | icmp_ln88        | seteq      | auto                     | 0       |
|      i_2_fu_7423_p2                                                                                          |     |        | i_2              | add        | fabric                   | 0       |
|      sparsemux_17_3_27_1_1_U2449                                                                             |     |        | tmp              | sparsemux  | compactencoding_dontcare | 0       |
|      sparsemux_17_3_27_1_1_U2450                                                                             |     |        | tmp_1            | sparsemux  | compactencoding_dontcare | 0       |
|      sparsemux_17_3_27_1_1_U2451                                                                             |     |        | tmp_2            | sparsemux  | compactencoding_dontcare | 0       |
|      sparsemux_17_3_27_1_1_U2452                                                                             |     |        | tmp_3            | sparsemux  | compactencoding_dontcare | 0       |
|      sparsemux_17_3_27_1_1_U2453                                                                             |     |        | tmp_4            | sparsemux  | compactencoding_dontcare | 0       |
|      sparsemux_17_3_27_1_1_U2454                                                                             |     |        | tmp_5            | sparsemux  | compactencoding_dontcare | 0       |
|      sparsemux_17_3_27_1_1_U2455                                                                             |     |        | tmp_6            | sparsemux  | compactencoding_dontcare | 0       |
|      sparsemux_17_3_27_1_1_U2456                                                                             |     |        | tmp_7            | sparsemux  | compactencoding_dontcare | 0       |
|      sparsemux_17_3_27_1_1_U2457                                                                             |     |        | tmp_8            | sparsemux  | compactencoding_dontcare | 0       |
|      sparsemux_17_3_27_1_1_U2458                                                                             |     |        | tmp_9            | sparsemux  | compactencoding_dontcare | 0       |
|      sparsemux_17_3_27_1_1_U2459                                                                             |     |        | tmp_s            | sparsemux  | compactencoding_dontcare | 0       |
|      sparsemux_17_3_27_1_1_U2460                                                                             |     |        | tmp_10           | sparsemux  | compactencoding_dontcare | 0       |
|      sparsemux_25_4_27_1_1_U2461                                                                             |     |        | trunc_ln         | sparsemux  | compactencoding_dontcare | 0       |
|      sparsemux_129_6_32_1_1_U2462                                                                            |     |        | tmp_11           | sparsemux  | compactencoding_dontcare | 0       |
|      sparsemux_129_6_32_1_1_U2463                                                                            |     |        | tmp_12           | sparsemux  | compactencoding_dontcare | 0       |
|      sparsemux_129_6_32_1_1_U2464                                                                            |     |        | tmp_13           | sparsemux  | compactencoding_dontcare | 0       |
|      sparsemux_129_6_32_1_1_U2465                                                                            |     |        | tmp_14           | sparsemux  | compactencoding_dontcare | 0       |
|      sparsemux_129_6_32_1_1_U2466                                                                            |     |        | tmp_15           | sparsemux  | compactencoding_dontcare | 0       |
|      sparsemux_129_6_32_1_1_U2467                                                                            |     |        | tmp_16           | sparsemux  | compactencoding_dontcare | 0       |
|      sparsemux_129_6_32_1_1_U2468                                                                            |     |        | tmp_17           | sparsemux  | compactencoding_dontcare | 0       |
|      sparsemux_129_6_32_1_1_U2469                                                                            |     |        | tmp_18           | sparsemux  | compactencoding_dontcare | 0       |
|      sparsemux_129_6_32_1_1_U2470                                                                            |     |        | tmp_19           | sparsemux  | compactencoding_dontcare | 0       |
|      sparsemux_129_6_32_1_1_U2471                                                                            |     |        | tmp_20           | sparsemux  | compactencoding_dontcare | 0       |
|      sparsemux_129_6_32_1_1_U2472                                                                            |     |        | tmp_21           | sparsemux  | compactencoding_dontcare | 0       |
|      sparsemux_129_6_32_1_1_U2473                                                                            |     |        | tmp_22           | sparsemux  | compactencoding_dontcare | 0       |
|      sparsemux_25_4_32_1_1_U2474                                                                             |     |        | tmp_23           | sparsemux  | compactencoding_dontcare | 0       |
|      fpext_32ns_64_2_no_dsp_1_U2448                                                                          |     |        | pf               | fpext      | auto                     | 1       |
|      sub_ln92_fu_11284_p2                                                                                    |     |        | sub_ln92         | sub        | fabric                   | 0       |
|      select_ln92_fu_11290_p3                                                                                 |     |        | select_ln92      | select     | auto_sel                 | 0       |
|      icmp_ln92_fu_11297_p2                                                                                   |     |        | icmp_ln92        | seteq      | auto                     | 0       |
|      sub_ln92_1_fu_11302_p2                                                                                  |     |        | sub_ln92_1       | sub        | fabric                   | 0       |
|      icmp_ln92_1_fu_11312_p2                                                                                 |     |        | icmp_ln92_1      | setgt      | auto                     | 0       |
|      add_ln92_fu_11318_p2                                                                                    |     |        | add_ln92         | add        | fabric                   | 0       |
|      sub_ln92_2_fu_11324_p2                                                                                  |     |        | sub_ln92_2       | sub        | fabric                   | 0       |
|      select_ln92_1_fu_11330_p3                                                                               |     |        | select_ln92_1    | select     | auto_sel                 | 0       |
|      icmp_ln92_2_fu_11338_p2                                                                                 |     |        | icmp_ln92_2      | seteq      | auto                     | 0       |
|      icmp_ln92_3_fu_11348_p2                                                                                 |     |        | icmp_ln92_3      | setlt      | auto                     | 0       |
|      select_ln92_5_fu_11353_p3                                                                               |     |        | select_ln92_5    | select     | auto_sel                 | 0       |
|      ashr_ln92_fu_11363_p2                                                                                   |     |        | ashr_ln92        | ashr       | auto_pipe                | 0       |
|      storemerge4_i_fu_11435_p6                                                                               |     |        | select_ln92_2    | select     | auto_sel                 | 0       |
|      icmp_ln92_4_fu_11380_p2                                                                                 |     |        | icmp_ln92_4      | setlt      | auto                     | 0       |
|      shl_ln92_fu_11388_p2                                                                                    |     |        | shl_ln92         | shl        | auto_pipe                | 0       |
|      storemerge4_i_fu_11435_p8                                                                               |     |        | select_ln92_3    | select     | auto_sel                 | 0       |
|      xor_ln92_fu_11401_p2                                                                                    |     |        | xor_ln92         | xor        | auto                     | 0       |
|      and_ln92_fu_11406_p2                                                                                    |     |        | and_ln92         | and        | auto                     | 0       |
|      or_ln92_fu_11411_p2                                                                                     |     |        | or_ln92          | or         | auto                     | 0       |
|      xor_ln92_1_fu_11415_p2                                                                                  |     |        | xor_ln92_1       | xor        | auto                     | 0       |
|      and_ln92_1_fu_11421_p2                                                                                  |     |        | and_ln92_1       | and        | auto                     | 0       |
|      sparsemux_9_3_18_1_1_U2475                                                                              |     |        | storemerge4_i    | sparsemux  | onehotencoding_realdef   | 0       |
|      mul_27s_18s_45_1_1_U2476                                                                                | 1   |        | mul_ln92         | mul        | auto                     | 0       |
|      icmp_ln92_5_fu_11534_p2                                                                                 |     |        | icmp_ln92_5      | setne      | auto                     | 0       |
|      add_ln92_1_fu_11539_p2                                                                                  |     |        | add_ln92_1       | add        | fabric                   | 0       |
|      select_ln92_4_fu_11544_p3                                                                               |     |        | select_ln92_4    | select     | auto_sel                 | 0       |
|      ref_tmp_i_i_0_fu_11555_p3                                                                               |     |        | ref_tmp_i_i_0    | select     | auto_sel                 | 0       |
|      sparsemux_25_4_48_1_1_U2477                                                                             |     |        | tmp_28           | sparsemux  | compactencoding_dontcare | 0       |
|      add_ln92_2_fu_11622_p2                                                                                  |     |        | add_ln92_2       | add        | fabric                   | 0       |
|    + mac_blocks_wv_k12_q40_Pipeline_QUANTIZE_LOOP (grp_mac_blocks_wv_k12_q40_Pipeline_QUANTIZE_LOOP_fu_9403) | 2   |        |                  |            |                          |         |
|      icmp_ln196_fu_251_p2                                                                                    |     |        | icmp_ln196       | seteq      | auto                     | 0       |
|      add_ln196_fu_257_p2                                                                                     |     |        | add_ln196        | add        | fabric                   | 0       |
|      sparsemux_25_4_8_1_1_U3364                                                                              |     |        | trunc_ln         | sparsemux  | compactencoding_dontcare | 0       |
|      mul_32s_26s_58_2_1_U3363                                                                                | 2   |        | mul_ln199        | mul        | auto                     | 1       |
|      icmp_ln200_fu_363_p2                                                                                    |     |        | icmp_ln200       | setne      | auto                     | 0       |
|      add_ln200_fu_368_p2                                                                                     |     |        | add_ln200        | add        | fabric                   | 0       |
|      select_ln200_fu_373_p3                                                                                  |     |        | select_ln200     | select     | auto_sel                 | 0       |
|      val_fu_380_p3                                                                                           |     |        | val              | select     | auto_sel                 | 0       |
|      icmp_ln201_fu_397_p2                                                                                    |     |        | icmp_ln201       | setgt      | auto                     | 0       |
|      icmp_ln201_1_fu_403_p2                                                                                  |     |        | icmp_ln201_1     | setlt      | auto                     | 0       |
|      select_ln201_fu_413_p3                                                                                  |     |        | select_ln201     | select     | auto_sel                 | 0       |
|      or_ln201_fu_421_p2                                                                                      |     |        | or_ln201         | or         | auto                     | 0       |
|      select_ln201_1_fu_427_p3                                                                                |     |        | select_ln201_1   | select     | auto_sel                 | 0       |
|      add_ln201_fu_438_p2                                                                                     |     |        | add_ln201        | add        | fabric                   | 0       |
|  + compute_X2                                                                                                | 18  |        |                  |            |                          |         |
|    icmp_ln281_fu_5300_p2                                                                                     |     |        | icmp_ln281       | setlt      | auto                     | 0       |
|    row_3_fu_5310_p2                                                                                          |     |        | row_3            | add        | fabric                   | 0       |
|   + load_12_rows_wv_q40 (grp_load_12_rows_wv_q40_fu_3460)                                                    | 0   |        |                  |            |                          |         |
|    + load_12_rows_wv_q40_Pipeline_LOAD_HDR (grp_load_12_rows_wv_q40_Pipeline_LOAD_HDR_fu_1618)               | 0   |        |                  |            |                          |         |
|      icmp_ln41_fu_7200_p2                                                                                    |     |        | icmp_ln41        | seteq      | auto                     | 0       |
|      i_8_fu_7206_p2                                                                                          |     |        | i_8              | add        | fabric                   | 0       |
|      add_ln45_fu_7234_p2                                                                                     |     |        | add_ln45         | add        | fabric                   | 0       |
|      add_ln45_2_fu_7264_p2                                                                                   |     |        | add_ln45_2       | add        | fabric                   | 0       |
|      add_ln45_1_fu_7294_p2                                                                                   |     |        | add_ln45_1       | add        | fabric                   | 0       |
|    + load_12_rows_wv_q40_Pipeline_LOAD_NIB (grp_load_12_rows_wv_q40_Pipeline_LOAD_NIB_fu_3164)               | 0   |        |                  |            |                          |         |
|      icmp_ln53_fu_330_p2                                                                                     |     |        | icmp_ln53        | seteq      | auto                     | 0       |
|      i_6_fu_336_p2                                                                                           |     |        | i_6              | add        | fabric                   | 0       |
|      add_ln57_fu_360_p2                                                                                      |     |        | add_ln57         | add        | fabric                   | 0       |
|      add_ln58_fu_396_p2                                                                                      |     |        | add_ln58         | add        | fabric                   | 0       |
|      add_ln71_fu_424_p2                                                                                      |     |        | add_ln71         | add        | fabric                   | 0       |
|   + mac_blocks_wv_k12_q40 (grp_mac_blocks_wv_k12_q40_fu_4248)                                                | 18  |        |                  |            |                          |         |
|     icmp_ln173_fu_10711_p2                                                                                   |     |        | icmp_ln173       | seteq      | auto                     | 0       |
|     add_ln183_fu_10726_p2                                                                                    |     |        | add_ln183        | add        | fabric                   | 0       |
|     g_3_fu_12293_p2                                                                                          |     |        | g_3              | add        | fabric                   | 0       |
|     fmul_32ns_32ns_32_5_max_dsp_1_U3382                                                                      | 3   |        | mul              | fmul       | maxdsp                   | 4       |
|     fpext_32ns_64_2_no_dsp_1_U3383                                                                           |     |        | pf               | fpext      | auto                     | 1       |
|     sub_ln195_fu_12393_p2                                                                                    |     |        | sub_ln195        | sub        | fabric                   | 0       |
|     select_ln195_fu_12399_p3                                                                                 |     |        | select_ln195     | select     | auto_sel                 | 0       |
|     icmp_ln195_fu_12406_p2                                                                                   |     |        | icmp_ln195       | seteq      | auto                     | 0       |
|     sub_ln195_1_fu_12411_p2                                                                                  |     |        | sub_ln195_1      | sub        | fabric                   | 0       |
|     icmp_ln195_1_fu_12421_p2                                                                                 |     |        | icmp_ln195_1     | setgt      | auto                     | 0       |
|     add_ln195_fu_12427_p2                                                                                    |     |        | add_ln195        | add        | fabric                   | 0       |
|     sub_ln195_2_fu_12433_p2                                                                                  |     |        | sub_ln195_2      | sub        | fabric                   | 0       |
|     select_ln195_1_fu_12439_p3                                                                               |     |        | select_ln195_1   | select     | auto_sel                 | 0       |
|     icmp_ln195_2_fu_12447_p2                                                                                 |     |        | icmp_ln195_2     | seteq      | auto                     | 0       |
|     icmp_ln195_3_fu_12476_p2                                                                                 |     |        | icmp_ln195_3     | setlt      | auto                     | 0       |
|     select_ln195_4_fu_12481_p3                                                                               |     |        | select_ln195_4   | select     | auto_sel                 | 0       |
|     ashr_ln195_fu_12491_p2                                                                                   |     |        | ashr_ln195       | ashr       | auto_pipe                | 0       |
|     qs_fu_12554_p6                                                                                           |     |        | select_ln195_2   | select     | auto_sel                 | 0       |
|     icmp_ln195_4_fu_12467_p2                                                                                 |     |        | icmp_ln195_4     | seteq      | auto                     | 0       |
|     shl_ln195_fu_12508_p2                                                                                    |     |        | shl_ln195        | shl        | auto_pipe                | 0       |
|     qs_fu_12554_p8                                                                                           |     |        | select_ln195_3   | select     | auto_sel                 | 0       |
|     xor_ln195_fu_12520_p2                                                                                    |     |        | xor_ln195        | xor        | auto                     | 0       |
|     and_ln195_fu_12525_p2                                                                                    |     |        | and_ln195        | and        | auto                     | 0       |
|     or_ln195_fu_12530_p2                                                                                     |     |        | or_ln195         | or         | auto                     | 0       |
|     xor_ln195_1_fu_12534_p2                                                                                  |     |        | xor_ln195_1      | xor        | auto                     | 0       |
|     and_ln195_1_fu_12540_p2                                                                                  |     |        | and_ln195_1      | and        | auto                     | 0       |
|     sparsemux_9_3_32_1_1_U3384                                                                               |     |        | qs               | sparsemux  | onehotencoding_realdef   | 0       |
|    + mac_one_group_wv (grp_mac_one_group_wv_fu_7358)                                                         | 12  |        |                  |            |                          |         |
|     + mac_one_group_wv_Pipeline_ZERO_DSP (grp_mac_one_group_wv_Pipeline_ZERO_DSP_fu_496)                     | 0   |        |                  |            |                          |         |
|       icmp_ln110_fu_1012_p2                                                                                  |     |        | icmp_ln110       | seteq      | auto                     | 0       |
|       add_ln110_fu_1018_p2                                                                                   |     |        | add_ln110        | add        | fabric                   | 0       |
|     + mac_one_group_wv_Pipeline_MAC_ALL (grp_mac_one_group_wv_Pipeline_MAC_ALL_fu_692)                       | 12  |        |                  |            |                          |         |
|       icmp_ln114_fu_3688_p2                                                                                  |     |        | icmp_ln114       | seteq      | auto                     | 0       |
|       n_2_fu_3694_p2                                                                                         |     |        | n_2              | add        | fabric                   | 0       |
|       sparsemux_33_4_8_1_1_U1936                                                                             |     |        | tmp              | sparsemux  | compactencoding_dontcare | 0       |
|       sparsemux_33_4_8_1_1_U1937                                                                             |     |        | tmp_s            | sparsemux  | compactencoding_dontcare | 0       |
|       sparsemux_33_4_8_1_1_U1938                                                                             |     |        | tmp_30           | sparsemux  | compactencoding_dontcare | 0       |
|       sparsemux_33_4_8_1_1_U1939                                                                             |     |        | tmp_31           | sparsemux  | compactencoding_dontcare | 0       |
|       sparsemux_33_4_8_1_1_U1940                                                                             |     |        | tmp_32           | sparsemux  | compactencoding_dontcare | 0       |
|       sparsemux_33_4_8_1_1_U1941                                                                             |     |        | tmp_33           | sparsemux  | compactencoding_dontcare | 0       |
|       sparsemux_33_4_8_1_1_U1942                                                                             |     |        | tmp_34           | sparsemux  | compactencoding_dontcare | 0       |
|       sparsemux_33_4_8_1_1_U1943                                                                             |     |        | tmp_35           | sparsemux  | compactencoding_dontcare | 0       |
|       sparsemux_17_3_8_1_1_U1944                                                                             |     |        | tmp_36           | sparsemux  | compactencoding_dontcare | 0       |
|       partselect_4ns_128ns_7ns_4_1_1_U1924                                                                   |     |        | tmp_37           | partselect | auto                     | 0       |
|       xor_ln127_fu_4778_p2                                                                                   |     |        | xor_ln127        | xor        | auto                     | 0       |
|       mac_muladd_8s_4s_48s_48_4_1_U1957                                                                      | 1   |        | mul_ln127        | mul        | dsp_slice                | 3       |
|       mac_muladd_8s_4s_48s_48_4_1_U1957                                                                      | 1   |        | sext_ln127_2     | sext       | dsp_slice                | 3       |
|       sparsemux_17_3_48_1_1_U1945                                                                            |     |        | tmp_38           | sparsemux  | compactencoding_dontcare | 0       |
|       mac_muladd_8s_4s_48s_48_4_1_U1957                                                                      | 1   |        | add_ln127        | add        | dsp_slice                | 3       |
|       partselect_4ns_128ns_7ns_4_1_1_U1925                                                                   |     |        | tmp_39           | partselect | auto                     | 0       |
|       xor_ln128_fu_4798_p2                                                                                   |     |        | xor_ln128        | xor        | auto                     | 0       |
|       mac_muladd_8s_4s_48s_48_4_1_U1958                                                                      | 1   |        | mul_ln128        | mul        | dsp_slice                | 3       |
|       mac_muladd_8s_4s_48s_48_4_1_U1958                                                                      | 1   |        | sext_ln128_1     | sext       | dsp_slice                | 3       |
|       partselect_4ns_128ns_7ns_4_1_1_U1926                                                                   |     |        | tmp_40           | partselect | auto                     | 0       |
|       xor_ln129_fu_4814_p2                                                                                   |     |        | xor_ln129        | xor        | auto                     | 0       |
|       mac_muladd_8s_4s_48s_48_4_1_U1959                                                                      | 1   |        | mul_ln129        | mul        | dsp_slice                | 3       |
|       mac_muladd_8s_4s_48s_48_4_1_U1959                                                                      | 1   |        | sext_ln129_1     | sext       | dsp_slice                | 3       |
|       partselect_4ns_128ns_7ns_4_1_1_U1927                                                                   |     |        | tmp_41           | partselect | auto                     | 0       |
|       xor_ln130_fu_4830_p2                                                                                   |     |        | xor_ln130        | xor        | auto                     | 0       |
|       mac_muladd_8s_4s_48s_48_4_1_U1960                                                                      | 1   |        | mul_ln130        | mul        | dsp_slice                | 3       |
|       mac_muladd_8s_4s_48s_48_4_1_U1960                                                                      | 1   |        | sext_ln130_1     | sext       | dsp_slice                | 3       |
|       partselect_4ns_128ns_7ns_4_1_1_U1928                                                                   |     |        | tmp_42           | partselect | auto                     | 0       |
|       xor_ln131_fu_4846_p2                                                                                   |     |        | xor_ln131        | xor        | auto                     | 0       |
|       mac_muladd_8s_4s_48s_48_4_1_U1961                                                                      | 1   |        | mul_ln131        | mul        | dsp_slice                | 3       |
|       mac_muladd_8s_4s_48s_48_4_1_U1961                                                                      | 1   |        | sext_ln131_1     | sext       | dsp_slice                | 3       |
|       partselect_4ns_128ns_7ns_4_1_1_U1929                                                                   |     |        | tmp_43           | partselect | auto                     | 0       |
|       xor_ln132_fu_4862_p2                                                                                   |     |        | xor_ln132        | xor        | auto                     | 0       |
|       mac_muladd_8s_4s_48s_48_4_1_U1962                                                                      | 1   |        | mul_ln132        | mul        | dsp_slice                | 3       |
|       mac_muladd_8s_4s_48s_48_4_1_U1962                                                                      | 1   |        | sext_ln132_1     | sext       | dsp_slice                | 3       |
|       partselect_4ns_128ns_7ns_4_1_1_U1930                                                                   |     |        | tmp_44           | partselect | auto                     | 0       |
|       xor_ln133_fu_4878_p2                                                                                   |     |        | xor_ln133        | xor        | auto                     | 0       |
|       mac_muladd_8s_4s_48s_48_4_1_U1963                                                                      | 1   |        | mul_ln133        | mul        | dsp_slice                | 3       |
|       mac_muladd_8s_4s_48s_48_4_1_U1963                                                                      | 1   |        | sext_ln133_1     | sext       | dsp_slice                | 3       |
|       partselect_4ns_128ns_7ns_4_1_1_U1931                                                                   |     |        | tmp_45           | partselect | auto                     | 0       |
|       xor_ln134_fu_4894_p2                                                                                   |     |        | xor_ln134        | xor        | auto                     | 0       |
|       mac_muladd_8s_4s_48s_48_4_1_U1964                                                                      | 1   |        | mul_ln134        | mul        | dsp_slice                | 3       |
|       mac_muladd_8s_4s_48s_48_4_1_U1964                                                                      | 1   |        | sext_ln134_1     | sext       | dsp_slice                | 3       |
|       partselect_4ns_128ns_7ns_4_1_1_U1932                                                                   |     |        | tmp_46           | partselect | auto                     | 0       |
|       xor_ln135_fu_4910_p2                                                                                   |     |        | xor_ln135        | xor        | auto                     | 0       |
|       mac_muladd_8s_4s_48s_48_4_1_U1965                                                                      | 1   |        | mul_ln135        | mul        | dsp_slice                | 3       |
|       mac_muladd_8s_4s_48s_48_4_1_U1965                                                                      | 1   |        | sext_ln135_1     | sext       | dsp_slice                | 3       |
|       partselect_4ns_128ns_7ns_4_1_1_U1933                                                                   |     |        | tmp_47           | partselect | auto                     | 0       |
|       xor_ln136_fu_4926_p2                                                                                   |     |        | xor_ln136        | xor        | auto                     | 0       |
|       mac_muladd_8s_4s_48s_48_4_1_U1966                                                                      | 1   |        | mul_ln136        | mul        | dsp_slice                | 3       |
|       mac_muladd_8s_4s_48s_48_4_1_U1966                                                                      | 1   |        | sext_ln136_1     | sext       | dsp_slice                | 3       |
|       partselect_4ns_128ns_7ns_4_1_1_U1934                                                                   |     |        | tmp_48           | partselect | auto                     | 0       |
|       xor_ln137_fu_4942_p2                                                                                   |     |        | xor_ln137        | xor        | auto                     | 0       |
|       mac_muladd_8s_4s_48s_48_4_1_U1967                                                                      | 1   |        | mul_ln137        | mul        | dsp_slice                | 3       |
|       mac_muladd_8s_4s_48s_48_4_1_U1967                                                                      | 1   |        | sext_ln137_1     | sext       | dsp_slice                | 3       |
|       partselect_4ns_128ns_7ns_4_1_1_U1935                                                                   |     |        | tmp_49           | partselect | auto                     | 0       |
|       xor_ln138_fu_4958_p2                                                                                   |     |        | xor_ln138        | xor        | auto                     | 0       |
|       mac_muladd_8s_4s_48s_48_4_1_U1968                                                                      | 1   |        | mul_ln138        | mul        | dsp_slice                | 3       |
|       mac_muladd_8s_4s_48s_48_4_1_U1968                                                                      | 1   |        | sext_ln138_1     | sext       | dsp_slice                | 3       |
|       sparsemux_17_3_48_1_1_U1946                                                                            |     |        | tmp_50           | sparsemux  | compactencoding_dontcare | 0       |
|       mac_muladd_8s_4s_48s_48_4_1_U1958                                                                      | 1   |        | add_ln128        | add        | dsp_slice                | 3       |
|       sparsemux_17_3_48_1_1_U1947                                                                            |     |        | tmp_51           | sparsemux  | compactencoding_dontcare | 0       |
|       mac_muladd_8s_4s_48s_48_4_1_U1959                                                                      | 1   |        | add_ln129        | add        | dsp_slice                | 3       |
|       sparsemux_17_3_48_1_1_U1948                                                                            |     |        | tmp_52           | sparsemux  | compactencoding_dontcare | 0       |
|       mac_muladd_8s_4s_48s_48_4_1_U1960                                                                      | 1   |        | add_ln130        | add        | dsp_slice                | 3       |
|       sparsemux_17_3_48_1_1_U1949                                                                            |     |        | tmp_53           | sparsemux  | compactencoding_dontcare | 0       |
|       mac_muladd_8s_4s_48s_48_4_1_U1961                                                                      | 1   |        | add_ln131        | add        | dsp_slice                | 3       |
|       sparsemux_17_3_48_1_1_U1950                                                                            |     |        | tmp_54           | sparsemux  | compactencoding_dontcare | 0       |
|       mac_muladd_8s_4s_48s_48_4_1_U1962                                                                      | 1   |        | add_ln132        | add        | dsp_slice                | 3       |
|       sparsemux_17_3_48_1_1_U1951                                                                            |     |        | tmp_55           | sparsemux  | compactencoding_dontcare | 0       |
|       mac_muladd_8s_4s_48s_48_4_1_U1963                                                                      | 1   |        | add_ln133        | add        | dsp_slice                | 3       |
|       sparsemux_17_3_48_1_1_U1952                                                                            |     |        | tmp_56           | sparsemux  | compactencoding_dontcare | 0       |
|       mac_muladd_8s_4s_48s_48_4_1_U1964                                                                      | 1   |        | add_ln134        | add        | dsp_slice                | 3       |
|       sparsemux_17_3_48_1_1_U1953                                                                            |     |        | tmp_57           | sparsemux  | compactencoding_dontcare | 0       |
|       mac_muladd_8s_4s_48s_48_4_1_U1965                                                                      | 1   |        | add_ln135        | add        | dsp_slice                | 3       |
|       sparsemux_17_3_48_1_1_U1954                                                                            |     |        | tmp_58           | sparsemux  | compactencoding_dontcare | 0       |
|       mac_muladd_8s_4s_48s_48_4_1_U1966                                                                      | 1   |        | add_ln136        | add        | dsp_slice                | 3       |
|       sparsemux_17_3_48_1_1_U1955                                                                            |     |        | tmp_59           | sparsemux  | compactencoding_dontcare | 0       |
|       mac_muladd_8s_4s_48s_48_4_1_U1967                                                                      | 1   |        | add_ln137        | add        | dsp_slice                | 3       |
|       sparsemux_17_3_48_1_1_U1956                                                                            |     |        | tmp_60           | sparsemux  | compactencoding_dontcare | 0       |
|       mac_muladd_8s_4s_48s_48_4_1_U1968                                                                      | 1   |        | add_ln138        | add        | dsp_slice                | 3       |
|    + reduce_grp_wv (grp_reduce_grp_wv_fu_7740)                                                               | 1   |        |                  |            |                          |         |
|      icmp_ln88_fu_7417_p2                                                                                    |     |        | icmp_ln88        | seteq      | auto                     | 0       |
|      i_2_fu_7423_p2                                                                                          |     |        | i_2              | add        | fabric                   | 0       |
|      sparsemux_17_3_27_1_1_U2449                                                                             |     |        | tmp              | sparsemux  | compactencoding_dontcare | 0       |
|      sparsemux_17_3_27_1_1_U2450                                                                             |     |        | tmp_1            | sparsemux  | compactencoding_dontcare | 0       |
|      sparsemux_17_3_27_1_1_U2451                                                                             |     |        | tmp_2            | sparsemux  | compactencoding_dontcare | 0       |
|      sparsemux_17_3_27_1_1_U2452                                                                             |     |        | tmp_3            | sparsemux  | compactencoding_dontcare | 0       |
|      sparsemux_17_3_27_1_1_U2453                                                                             |     |        | tmp_4            | sparsemux  | compactencoding_dontcare | 0       |
|      sparsemux_17_3_27_1_1_U2454                                                                             |     |        | tmp_5            | sparsemux  | compactencoding_dontcare | 0       |
|      sparsemux_17_3_27_1_1_U2455                                                                             |     |        | tmp_6            | sparsemux  | compactencoding_dontcare | 0       |
|      sparsemux_17_3_27_1_1_U2456                                                                             |     |        | tmp_7            | sparsemux  | compactencoding_dontcare | 0       |
|      sparsemux_17_3_27_1_1_U2457                                                                             |     |        | tmp_8            | sparsemux  | compactencoding_dontcare | 0       |
|      sparsemux_17_3_27_1_1_U2458                                                                             |     |        | tmp_9            | sparsemux  | compactencoding_dontcare | 0       |
|      sparsemux_17_3_27_1_1_U2459                                                                             |     |        | tmp_s            | sparsemux  | compactencoding_dontcare | 0       |
|      sparsemux_17_3_27_1_1_U2460                                                                             |     |        | tmp_10           | sparsemux  | compactencoding_dontcare | 0       |
|      sparsemux_25_4_27_1_1_U2461                                                                             |     |        | trunc_ln         | sparsemux  | compactencoding_dontcare | 0       |
|      sparsemux_129_6_32_1_1_U2462                                                                            |     |        | tmp_11           | sparsemux  | compactencoding_dontcare | 0       |
|      sparsemux_129_6_32_1_1_U2463                                                                            |     |        | tmp_12           | sparsemux  | compactencoding_dontcare | 0       |
|      sparsemux_129_6_32_1_1_U2464                                                                            |     |        | tmp_13           | sparsemux  | compactencoding_dontcare | 0       |
|      sparsemux_129_6_32_1_1_U2465                                                                            |     |        | tmp_14           | sparsemux  | compactencoding_dontcare | 0       |
|      sparsemux_129_6_32_1_1_U2466                                                                            |     |        | tmp_15           | sparsemux  | compactencoding_dontcare | 0       |
|      sparsemux_129_6_32_1_1_U2467                                                                            |     |        | tmp_16           | sparsemux  | compactencoding_dontcare | 0       |
|      sparsemux_129_6_32_1_1_U2468                                                                            |     |        | tmp_17           | sparsemux  | compactencoding_dontcare | 0       |
|      sparsemux_129_6_32_1_1_U2469                                                                            |     |        | tmp_18           | sparsemux  | compactencoding_dontcare | 0       |
|      sparsemux_129_6_32_1_1_U2470                                                                            |     |        | tmp_19           | sparsemux  | compactencoding_dontcare | 0       |
|      sparsemux_129_6_32_1_1_U2471                                                                            |     |        | tmp_20           | sparsemux  | compactencoding_dontcare | 0       |
|      sparsemux_129_6_32_1_1_U2472                                                                            |     |        | tmp_21           | sparsemux  | compactencoding_dontcare | 0       |
|      sparsemux_129_6_32_1_1_U2473                                                                            |     |        | tmp_22           | sparsemux  | compactencoding_dontcare | 0       |
|      sparsemux_25_4_32_1_1_U2474                                                                             |     |        | tmp_23           | sparsemux  | compactencoding_dontcare | 0       |
|      fpext_32ns_64_2_no_dsp_1_U2448                                                                          |     |        | pf               | fpext      | auto                     | 1       |
|      sub_ln92_fu_11284_p2                                                                                    |     |        | sub_ln92         | sub        | fabric                   | 0       |
|      select_ln92_fu_11290_p3                                                                                 |     |        | select_ln92      | select     | auto_sel                 | 0       |
|      icmp_ln92_fu_11297_p2                                                                                   |     |        | icmp_ln92        | seteq      | auto                     | 0       |
|      sub_ln92_1_fu_11302_p2                                                                                  |     |        | sub_ln92_1       | sub        | fabric                   | 0       |
|      icmp_ln92_1_fu_11312_p2                                                                                 |     |        | icmp_ln92_1      | setgt      | auto                     | 0       |
|      add_ln92_fu_11318_p2                                                                                    |     |        | add_ln92         | add        | fabric                   | 0       |
|      sub_ln92_2_fu_11324_p2                                                                                  |     |        | sub_ln92_2       | sub        | fabric                   | 0       |
|      select_ln92_1_fu_11330_p3                                                                               |     |        | select_ln92_1    | select     | auto_sel                 | 0       |
|      icmp_ln92_2_fu_11338_p2                                                                                 |     |        | icmp_ln92_2      | seteq      | auto                     | 0       |
|      icmp_ln92_3_fu_11348_p2                                                                                 |     |        | icmp_ln92_3      | setlt      | auto                     | 0       |
|      select_ln92_5_fu_11353_p3                                                                               |     |        | select_ln92_5    | select     | auto_sel                 | 0       |
|      ashr_ln92_fu_11363_p2                                                                                   |     |        | ashr_ln92        | ashr       | auto_pipe                | 0       |
|      storemerge4_i_fu_11435_p6                                                                               |     |        | select_ln92_2    | select     | auto_sel                 | 0       |
|      icmp_ln92_4_fu_11380_p2                                                                                 |     |        | icmp_ln92_4      | setlt      | auto                     | 0       |
|      shl_ln92_fu_11388_p2                                                                                    |     |        | shl_ln92         | shl        | auto_pipe                | 0       |
|      storemerge4_i_fu_11435_p8                                                                               |     |        | select_ln92_3    | select     | auto_sel                 | 0       |
|      xor_ln92_fu_11401_p2                                                                                    |     |        | xor_ln92         | xor        | auto                     | 0       |
|      and_ln92_fu_11406_p2                                                                                    |     |        | and_ln92         | and        | auto                     | 0       |
|      or_ln92_fu_11411_p2                                                                                     |     |        | or_ln92          | or         | auto                     | 0       |
|      xor_ln92_1_fu_11415_p2                                                                                  |     |        | xor_ln92_1       | xor        | auto                     | 0       |
|      and_ln92_1_fu_11421_p2                                                                                  |     |        | and_ln92_1       | and        | auto                     | 0       |
|      sparsemux_9_3_18_1_1_U2475                                                                              |     |        | storemerge4_i    | sparsemux  | onehotencoding_realdef   | 0       |
|      mul_27s_18s_45_1_1_U2476                                                                                | 1   |        | mul_ln92         | mul        | auto                     | 0       |
|      icmp_ln92_5_fu_11534_p2                                                                                 |     |        | icmp_ln92_5      | setne      | auto                     | 0       |
|      add_ln92_1_fu_11539_p2                                                                                  |     |        | add_ln92_1       | add        | fabric                   | 0       |
|      select_ln92_4_fu_11544_p3                                                                               |     |        | select_ln92_4    | select     | auto_sel                 | 0       |
|      ref_tmp_i_i_0_fu_11555_p3                                                                               |     |        | ref_tmp_i_i_0    | select     | auto_sel                 | 0       |
|      sparsemux_25_4_48_1_1_U2477                                                                             |     |        | tmp_28           | sparsemux  | compactencoding_dontcare | 0       |
|      add_ln92_2_fu_11622_p2                                                                                  |     |        | add_ln92_2       | add        | fabric                   | 0       |
|    + mac_blocks_wv_k12_q40_Pipeline_QUANTIZE_LOOP (grp_mac_blocks_wv_k12_q40_Pipeline_QUANTIZE_LOOP_fu_9403) | 2   |        |                  |            |                          |         |
|      icmp_ln196_fu_251_p2                                                                                    |     |        | icmp_ln196       | seteq      | auto                     | 0       |
|      add_ln196_fu_257_p2                                                                                     |     |        | add_ln196        | add        | fabric                   | 0       |
|      sparsemux_25_4_8_1_1_U3364                                                                              |     |        | trunc_ln         | sparsemux  | compactencoding_dontcare | 0       |
|      mul_32s_26s_58_2_1_U3363                                                                                | 2   |        | mul_ln199        | mul        | auto                     | 1       |
|      icmp_ln200_fu_363_p2                                                                                    |     |        | icmp_ln200       | setne      | auto                     | 0       |
|      add_ln200_fu_368_p2                                                                                     |     |        | add_ln200        | add        | fabric                   | 0       |
|      select_ln200_fu_373_p3                                                                                  |     |        | select_ln200     | select     | auto_sel                 | 0       |
|      val_fu_380_p3                                                                                           |     |        | val              | select     | auto_sel                 | 0       |
|      icmp_ln201_fu_397_p2                                                                                    |     |        | icmp_ln201       | setgt      | auto                     | 0       |
|      icmp_ln201_1_fu_403_p2                                                                                  |     |        | icmp_ln201_1     | setlt      | auto                     | 0       |
|      select_ln201_fu_413_p3                                                                                  |     |        | select_ln201     | select     | auto_sel                 | 0       |
|      or_ln201_fu_421_p2                                                                                      |     |        | or_ln201         | or         | auto                     | 0       |
|      select_ln201_1_fu_427_p3                                                                                |     |        | select_ln201_1   | select     | auto_sel                 | 0       |
|      add_ln201_fu_438_p2                                                                                     |     |        | add_ln201        | add        | fabric                   | 0       |
|  + compute_gate                                                                                              | 22  |        |                  |            |                          |         |
|    fmul_32ns_32ns_32_5_max_dsp_1_U4613                                                                       |     |        | icmp_ln546       | setne      | auto                     | 0       |
|    icmp_ln546_1_fu_177_p2                                                                                    |     |        | icmp_ln546_1     | seteq      | auto                     | 0       |
|    or_ln546_fu_183_p2                                                                                        |     |        | or_ln546         | or         | auto                     | 0       |
|    sitofp_32s_32_6_no_dsp_1_U4619                                                                            |     |        | tmp_7            | fcmp       | auto                     | 1       |
|    fmul_32ns_32ns_32_5_max_dsp_1_U4615                                                                       |     |        | and_ln546        | and        | auto                     | 0       |
|    sitofp_32s_32_6_no_dsp_1_U4618                                                                            |     |        | max_abs          | select     | auto_sel                 | 0       |
|    fmul_32ns_32ns_32_5_max_dsp_1_U4614                                                                       |     |        | icmp_ln546_2     | setne      | auto                     | 0       |
|    icmp_ln546_3_fu_245_p2                                                                                    |     |        | icmp_ln546_3     | seteq      | auto                     | 0       |
|    or_ln546_1_fu_251_p2                                                                                      |     |        | or_ln546_1       | or         | auto                     | 0       |
|    icmp_ln546_4_fu_257_p2                                                                                    |     |        | icmp_ln546_4     | setne      | auto                     | 0       |
|    icmp_ln546_5_fu_263_p2                                                                                    |     |        | icmp_ln546_5     | seteq      | auto                     | 0       |
|    or_ln546_2_fu_269_p2                                                                                      |     |        | or_ln546_2       | or         | auto                     | 0       |
|    and_ln546_1_fu_275_p2                                                                                     |     |        | and_ln546_1      | and        | auto                     | 0       |
|    fcmp_32ns_32ns_1_2_no_dsp_1_U4611                                                                         |     |        | tmp_10           | fcmp       | auto                     | 1       |
|    and_ln546_2_fu_281_p2                                                                                     |     |        | and_ln546_2      | and        | auto                     | 0       |
|    max_abs_1_fu_286_p3                                                                                       |     |        | max_abs_1        | select     | auto_sel                 | 0       |
|    icmp_ln546_6_fu_330_p2                                                                                    |     |        | icmp_ln546_6     | setne      | auto                     | 0       |
|    icmp_ln546_7_fu_336_p2                                                                                    |     |        | icmp_ln546_7     | seteq      | auto                     | 0       |
|    or_ln546_3_fu_342_p2                                                                                      |     |        | or_ln546_3       | or         | auto                     | 0       |
|    icmp_ln546_8_fu_348_p2                                                                                    |     |        | icmp_ln546_8     | setne      | auto                     | 0       |
|    icmp_ln546_9_fu_354_p2                                                                                    |     |        | icmp_ln546_9     | seteq      | auto                     | 0       |
|    or_ln546_4_fu_360_p2                                                                                      |     |        | or_ln546_4       | or         | auto                     | 0       |
|    and_ln546_3_fu_366_p2                                                                                     |     |        | and_ln546_3      | and        | auto                     | 0       |
|    fcmp_32ns_32ns_1_2_no_dsp_1_U4611                                                                         |     |        | tmp_13           | fcmp       | auto                     | 1       |
|    and_ln546_4_fu_372_p2                                                                                     |     |        | and_ln546_4      | and        | auto                     | 0       |
|    max_abs_2_fu_377_p3                                                                                       |     |        | max_abs_2        | select     | auto_sel                 | 0       |
|    fmul_32ns_32ns_32_5_max_dsp_1_U4616                                                                       |     |        | icmp_ln546_10    | setne      | auto                     | 0       |
|    fmul_32ns_32ns_32_5_max_dsp_1_U4617                                                                       |     |        | icmp_ln546_11    | seteq      | auto                     | 0       |
|    or_ln546_5_fu_433_p2                                                                                      |     |        | or_ln546_5       | or         | auto                     | 0       |
|    fcmp_32ns_32ns_1_2_no_dsp_1_U4611                                                                         |     |        | icmp_ln546_12    | setne      | auto                     | 0       |
|    icmp_ln546_13_fu_445_p2                                                                                   |     |        | icmp_ln546_13    | seteq      | auto                     | 0       |
|    or_ln546_6_fu_451_p2                                                                                      |     |        | or_ln546_6       | or         | auto                     | 0       |
|    and_ln546_5_fu_457_p2                                                                                     |     |        | and_ln546_5      | and        | auto                     | 0       |
|    fcmp_32ns_32ns_1_2_no_dsp_1_U4611                                                                         |     |        | tmp_16           | fcmp       | auto                     | 1       |
|    fcmp_32ns_32ns_1_2_no_dsp_1_U4611                                                                         |     |        | and_ln546_6      | and        | auto                     | 0       |
|    max_abs_3_fu_468_p3                                                                                       |     |        | max_abs_3        | select     | auto_sel                 | 0       |
|    icmp_ln546_14_fu_512_p2                                                                                   |     |        | icmp_ln546_14    | setne      | auto                     | 0       |
|    icmp_ln546_15_fu_518_p2                                                                                   |     |        | icmp_ln546_15    | seteq      | auto                     | 0       |
|    or_ln546_7_fu_524_p2                                                                                      |     |        | or_ln546_7       | or         | auto                     | 0       |
|    icmp_ln546_16_fu_530_p2                                                                                   |     |        | icmp_ln546_16    | setne      | auto                     | 0       |
|    icmp_ln546_17_fu_536_p2                                                                                   |     |        | icmp_ln546_17    | seteq      | auto                     | 0       |
|    or_ln546_8_fu_542_p2                                                                                      |     |        | or_ln546_8       | or         | auto                     | 0       |
|    and_ln546_7_fu_548_p2                                                                                     |     |        | and_ln546_7      | and        | auto                     | 0       |
|    fcmp_32ns_32ns_1_2_no_dsp_1_U4611                                                                         |     |        | tmp_19           | fcmp       | auto                     | 1       |
|    and_ln546_8_fu_554_p2                                                                                     |     |        | and_ln546_8      | and        | auto                     | 0       |
|    max_abs_4_fu_559_p3                                                                                       |     |        | max_abs_4        | select     | auto_sel                 | 0       |
|    icmp_ln546_18_fu_603_p2                                                                                   |     |        | icmp_ln546_18    | setne      | auto                     | 0       |
|    icmp_ln546_19_fu_609_p2                                                                                   |     |        | icmp_ln546_19    | seteq      | auto                     | 0       |
|    or_ln546_9_fu_615_p2                                                                                      |     |        | or_ln546_9       | or         | auto                     | 0       |
|    icmp_ln546_20_fu_621_p2                                                                                   |     |        | icmp_ln546_20    | setne      | auto                     | 0       |
|    icmp_ln546_21_fu_627_p2                                                                                   |     |        | icmp_ln546_21    | seteq      | auto                     | 0       |
|    or_ln546_10_fu_633_p2                                                                                     |     |        | or_ln546_10      | or         | auto                     | 0       |
|    and_ln546_9_fu_639_p2                                                                                     |     |        | and_ln546_9      | and        | auto                     | 0       |
|    fcmp_32ns_32ns_1_2_no_dsp_1_U4611                                                                         |     |        | tmp_22           | fcmp       | auto                     | 1       |
|    and_ln546_10_fu_645_p2                                                                                    |     |        | and_ln546_10     | and        | auto                     | 0       |
|    max_abs_5_fu_650_p3                                                                                       |     |        | max_abs_5        | select     | auto_sel                 | 0       |
|    icmp_ln546_22_fu_694_p2                                                                                   |     |        | icmp_ln546_22    | setne      | auto                     | 0       |
|    icmp_ln546_23_fu_700_p2                                                                                   |     |        | icmp_ln546_23    | seteq      | auto                     | 0       |
|    or_ln546_11_fu_706_p2                                                                                     |     |        | or_ln546_11      | or         | auto                     | 0       |
|    icmp_ln546_24_fu_712_p2                                                                                   |     |        | icmp_ln546_24    | setne      | auto                     | 0       |
|    icmp_ln546_25_fu_718_p2                                                                                   |     |        | icmp_ln546_25    | seteq      | auto                     | 0       |
|    or_ln546_12_fu_724_p2                                                                                     |     |        | or_ln546_12      | or         | auto                     | 0       |
|    and_ln546_11_fu_730_p2                                                                                    |     |        | and_ln546_11     | and        | auto                     | 0       |
|    fcmp_32ns_32ns_1_2_no_dsp_1_U4611                                                                         |     |        | tmp_25           | fcmp       | auto                     | 1       |
|    and_ln546_12_fu_736_p2                                                                                    |     |        | and_ln546_12     | and        | auto                     | 0       |
|    max_abs_6_fu_741_p3                                                                                       |     |        | max_abs_6        | select     | auto_sel                 | 0       |
|    icmp_ln546_26_fu_785_p2                                                                                   |     |        | icmp_ln546_26    | setne      | auto                     | 0       |
|    icmp_ln546_27_fu_791_p2                                                                                   |     |        | icmp_ln546_27    | seteq      | auto                     | 0       |
|    or_ln546_13_fu_797_p2                                                                                     |     |        | or_ln546_13      | or         | auto                     | 0       |
|    icmp_ln546_28_fu_803_p2                                                                                   |     |        | icmp_ln546_28    | setne      | auto                     | 0       |
|    icmp_ln546_29_fu_809_p2                                                                                   |     |        | icmp_ln546_29    | seteq      | auto                     | 0       |
|    or_ln546_14_fu_815_p2                                                                                     |     |        | or_ln546_14      | or         | auto                     | 0       |
|    and_ln546_13_fu_821_p2                                                                                    |     |        | and_ln546_13     | and        | auto                     | 0       |
|    fcmp_32ns_32ns_1_2_no_dsp_1_U4611                                                                         |     |        | tmp_28           | fcmp       | auto                     | 1       |
|    and_ln546_14_fu_827_p2                                                                                    |     |        | and_ln546_14     | and        | auto                     | 0       |
|    max_abs_7_fu_832_p3                                                                                       |     |        | max_abs_7        | select     | auto_sel                 | 0       |
|    icmp_ln548_fu_855_p2                                                                                      |     |        | icmp_ln548       | setne      | auto                     | 0       |
|    icmp_ln548_1_fu_861_p2                                                                                    |     |        | icmp_ln548_1     | seteq      | auto                     | 0       |
|    or_ln548_fu_867_p2                                                                                        |     |        | or_ln548         | or         | auto                     | 0       |
|    fcmp_32ns_32ns_1_2_no_dsp_1_U4611                                                                         |     |        | tmp_30           | fcmp       | auto                     | 1       |
|    and_ln548_fu_871_p2                                                                                       |     |        | and_ln548        | and        | auto                     | 0       |
|    fdiv_32ns_32ns_32_16_no_dsp_1_U4610                                                                       |     |        | div              | fdiv       | fabric                   | 15      |
|    gs_fu_876_p3                                                                                              |     |        | gs               | select     | auto_sel                 | 0       |
|    fdiv_32ns_32ns_32_16_no_dsp_1_U4610                                                                       |     |        | inv_gs           | fdiv       | fabric                   | 15      |
|   + compute_gate_Pipeline_GATE_PASS1                                                                         | 0   |        |                  |            |                          |         |
|     icmp_ln530_fu_358_p2                                                                                     |     |        | icmp_ln530       | seteq      | auto                     | 0       |
|     add_ln530_fu_364_p2                                                                                      |     |        | add_ln530        | add        | fabric                   | 0       |
|     add_ln317_fu_433_p2                                                                                      |     |        | add_ln317        | add        | fabric                   | 0       |
|     sub_ln18_fu_447_p2                                                                                       |     |        | sub_ln18         | sub        | fabric                   | 0       |
|     select_ln18_fu_457_p3                                                                                    |     |        | select_ln18      | select     | auto_sel                 | 0       |
|     lshr_ln18_fu_473_p2                                                                                      |     |        | lshr_ln18        | lshr       | auto_pipe                | 0       |
|     shl_ln18_fu_479_p2                                                                                       |     |        | shl_ln18         | shl        | auto_pipe                | 0       |
|     val_fu_505_p3                                                                                            |     |        | val              | select     | auto_sel                 | 0       |
|     result_7_fu_513_p2                                                                                       |     |        | result_7         | sub        | fabric                   | 0       |
|     result_fu_518_p3                                                                                         |     |        | result           | select     | auto_sel                 | 0       |
|     idx_3_fu_536_p3                                                                                          |     |        | idx_3            | select     | auto_sel                 | 0       |
|     icmp_ln537_fu_558_p2                                                                                     |     |        | icmp_ln537       | setne      | auto                     | 0       |
|     idx_4_fu_564_p3                                                                                          |     |        | idx_4            | select     | auto_sel                 | 0       |
|     icmp_ln539_fu_593_p2                                                                                     |     |        | icmp_ln539       | setne      | auto                     | 0       |
|     icmp_ln539_1_fu_599_p2                                                                                   |     |        | icmp_ln539_1     | seteq      | auto                     | 0       |
|     or_ln539_fu_605_p2                                                                                       |     |        | or_ln539         | or         | auto                     | 0       |
|     and_ln539_fu_611_p2                                                                                      |     |        | and_ln539        | and        | auto                     | 0       |
|     xor_ln539_fu_624_p2                                                                                      |     |        | xor_ln539        | xor        | auto                     | 0       |
|     abs_g_fu_646_p3                                                                                          |     |        | abs_g            | select     | auto_sel                 | 0       |
|     sparsemux_17_3_32_1_1_U4573                                                                              |     |        | tmp              | sparsemux  | compactencoding_dontcare | 0       |
|     icmp_ln540_1_fu_762_p2                                                                                   |     |        | icmp_ln540_1     | setne      | auto                     | 0       |
|     icmp_ln540_2_fu_768_p2                                                                                   |     |        | icmp_ln540_2     | seteq      | auto                     | 0       |
|     or_ln540_fu_774_p2                                                                                       |     |        | or_ln540         | or         | auto                     | 0       |
|     icmp_ln540_3_fu_733_p2                                                                                   |     |        | icmp_ln540_3     | setne      | auto                     | 0       |
|     icmp_ln540_4_fu_739_p2                                                                                   |     |        | icmp_ln540_4     | seteq      | auto                     | 0       |
|     or_ln540_1_fu_780_p2                                                                                     |     |        | or_ln540_1       | or         | auto                     | 0       |
|     fcmp_32ns_32ns_1_2_no_dsp_1_U4572                                                                        |     |        | tmp_35           | fcmp       | auto                     | 1       |
|     and_ln540_fu_784_p2                                                                                      |     |        | and_ln540        | and        | auto                     | 0       |
|     and_ln540_1_fu_790_p2                                                                                    |     |        | and_ln540_1      | and        | auto                     | 0       |
|   + compute_gate_Pipeline_GATE_PASS2                                                                         | 5   |        |                  |            |                          |         |
|     icmp_ln552_fu_362_p2                                                                                     |     |        | icmp_ln552       | seteq      | auto                     | 0       |
|     add_ln552_fu_368_p2                                                                                      |     |        | add_ln552        | add        | fabric                   | 0       |
|     add_ln317_fu_475_p2                                                                                      |     |        | add_ln317        | add        | fabric                   | 0       |
|     sub_ln18_fu_489_p2                                                                                       |     |        | sub_ln18         | sub        | fabric                   | 0       |
|     select_ln18_fu_499_p3                                                                                    |     |        | select_ln18      | select     | auto_sel                 | 0       |
|     lshr_ln18_fu_515_p2                                                                                      |     |        | lshr_ln18        | lshr       | auto_pipe                | 0       |
|     shl_ln18_fu_521_p2                                                                                       |     |        | shl_ln18         | shl        | auto_pipe                | 0       |
|     val_fu_547_p3                                                                                            |     |        | val              | select     | auto_sel                 | 0       |
|     result_2_fu_555_p2                                                                                       |     |        | result_2         | sub        | fabric                   | 0       |
|     result_fu_560_p3                                                                                         |     |        | result           | select     | auto_sel                 | 0       |
|     idx_1_fu_578_p3                                                                                          |     |        | idx_1            | select     | auto_sel                 | 0       |
|     icmp_ln559_fu_600_p2                                                                                     |     |        | icmp_ln559       | setne      | auto                     | 0       |
|     idx_2_fu_606_p3                                                                                          |     |        | idx_2            | select     | auto_sel                 | 0       |
|     fmul_32ns_32ns_32_5_max_dsp_1_U4594                                                                      | 3   |        | fq               | fmul       | maxdsp                   | 4       |
|     icmp_ln562_fu_635_p2                                                                                     |     |        | icmp_ln562       | setne      | auto                     | 0       |
|     icmp_ln562_1_fu_641_p2                                                                                   |     |        | icmp_ln562_1     | seteq      | auto                     | 0       |
|     or_ln562_fu_647_p2                                                                                       |     |        | or_ln562         | or         | auto                     | 0       |
|     and_ln562_fu_651_p2                                                                                      |     |        | and_ln562        | and        | auto                     | 0       |
|     grp_fu_312_p1                                                                                            |     |        | select_ln562     | select     | auto_sel                 | 0       |
|     fadd_32ns_32ns_32_10_full_dsp_1_U4588                                                                    | 2   |        | dc_1             | fadd       | fulldsp                  | 9       |
|     add_ln317_1_fu_706_p2                                                                                    |     |        | add_ln317_1      | add        | fabric                   | 0       |
|     sub_ln18_1_fu_720_p2                                                                                     |     |        | sub_ln18_1       | sub        | fabric                   | 0       |
|     select_ln18_2_fu_730_p3                                                                                  |     |        | select_ln18_2    | select     | auto_sel                 | 0       |
|     lshr_ln18_1_fu_746_p2                                                                                    |     |        | lshr_ln18_1      | lshr       | auto_pipe                | 0       |
|     shl_ln18_1_fu_752_p2                                                                                     |     |        | shl_ln18_1       | shl        | auto_pipe                | 0       |
|     val_16_fu_778_p3                                                                                         |     |        | val_16           | select     | auto_sel                 | 0       |
|     result_5_fu_786_p2                                                                                       |     |        | result_5         | sub        | fabric                   | 0       |
|     result_6_fu_791_p3                                                                                       |     |        | result_6         | select     | auto_sel                 | 0       |
|     icmp_ln563_fu_807_p2                                                                                     |     |        | icmp_ln563       | setgt      | auto                     | 0       |
|     iq_1_fu_813_p3                                                                                           |     |        | iq_1             | select     | auto_sel                 | 0       |
|     icmp_ln564_fu_819_p2                                                                                     |     |        | icmp_ln564       | setlt      | auto                     | 0       |
|     select_ln566_fu_829_p3                                                                                   |     |        | select_ln566     | select     | auto_sel                 | 0       |
|  + compute_output                                                                                            | 90  |        |                  |            |                          |         |
|    fmul_32ns_32ns_32_5_max_dsp_1_U6264                                                                       | 3   |        | gs               | fmul       | maxdsp                   | 4       |
|    icmp_ln643_fu_2231_p2                                                                                     |     |        | icmp_ln643       | seteq      | auto                     | 0       |
|    mg_1_fu_2237_p2                                                                                           |     |        | mg_1             | add        | fabric                   | 0       |
|    sitofp_64s_32_6_no_dsp_1_U6270                                                                            |     |        | conv_i           | sitofp     | auto                     | 5       |
|    fmul_32ns_32ns_32_5_max_dsp_1_U6264                                                                       | 3   |        | mul_i            | fmul       | maxdsp                   | 4       |
|    sitofp_64s_32_6_no_dsp_1_U6270                                                                            |     |        | conv88_i         | sitofp     | auto                     | 5       |
|    fmul_32ns_32ns_32_5_max_dsp_1_U6264                                                                       | 3   |        | mul89_i          | fmul       | maxdsp                   | 4       |
|    sitofp_64s_32_6_no_dsp_1_U6270                                                                            |     |        | conv93_i         | sitofp     | auto                     | 5       |
|    fmul_32ns_32ns_32_5_max_dsp_1_U6264                                                                       | 3   |        | mul94_i          | fmul       | maxdsp                   | 4       |
|    sitofp_64s_32_6_no_dsp_1_U6271                                                                            |     |        | conv99_i         | sitofp     | auto                     | 5       |
|    fmul_32ns_32ns_32_5_max_dsp_1_U6265                                                                       | 3   |        | mul100_i         | fmul       | maxdsp                   | 4       |
|    sitofp_64s_32_6_no_dsp_1_U6272                                                                            |     |        | conv105_i        | sitofp     | auto                     | 5       |
|    fmul_32ns_32ns_32_5_max_dsp_1_U6266                                                                       | 3   |        | mul106_i         | fmul       | maxdsp                   | 4       |
|    sitofp_64s_32_6_no_dsp_1_U6273                                                                            |     |        | conv111_i        | sitofp     | auto                     | 5       |
|    fmul_32ns_32ns_32_5_max_dsp_1_U6267                                                                       | 3   |        | mul112_i         | fmul       | maxdsp                   | 4       |
|    sitofp_64s_32_6_no_dsp_1_U6274                                                                            |     |        | conv117_i        | sitofp     | auto                     | 5       |
|    fmul_32ns_32ns_32_5_max_dsp_1_U6268                                                                       | 3   |        | mul118_i         | fmul       | maxdsp                   | 4       |
|    sitofp_64s_32_6_no_dsp_1_U6275                                                                            |     |        | conv123_i        | sitofp     | auto                     | 5       |
|    fmul_32ns_32ns_32_5_max_dsp_1_U6269                                                                       | 3   |        | mul124_i         | fmul       | maxdsp                   | 4       |
|    add_ln639_fu_3404_p2                                                                                      |     |        | add_ln639        | add        | fabric                   | 0       |
|   + load_mg_down_q40                                                                                         | 0   |        |                  |            |                          |         |
|    + load_mg_down_q40_Pipeline_LOAD_MG_HDR                                                                   | 0   |        |                  |            |                          |         |
|      icmp_ln327_fu_2475_p2                                                                                   |     |        | icmp_ln327       | seteq      | auto                     | 0       |
|      i_5_fu_2481_p2                                                                                          |     |        | i_5              | add        | fabric                   | 0       |
|      add_ln331_fu_2506_p2                                                                                    |     |        | add_ln331        | add        | fabric                   | 0       |
|      add_ln331_2_fu_2536_p2                                                                                  |     |        | add_ln331_2      | add        | fabric                   | 0       |
|      add_ln331_1_fu_2568_p2                                                                                  |     |        | add_ln331_1      | add        | fabric                   | 0       |
|    + load_mg_down_q40_Pipeline_LOAD_MG_NIB                                                                   | 0   |        |                  |            |                          |         |
|      icmp_ln367_fu_640_p2                                                                                    |     |        | icmp_ln367       | seteq      | auto                     | 0       |
|      i_3_fu_646_p2                                                                                           |     |        | i_3              | add        | fabric                   | 0       |
|      add_ln371_fu_670_p2                                                                                     |     |        | add_ln371        | add        | fabric                   | 0       |
|      add_ln371_2_fu_718_p2                                                                                   |     |        | add_ln371_2      | add        | fabric                   | 0       |
|      add_ln371_1_fu_746_p2                                                                                   |     |        | add_ln371_1      | add        | fabric                   | 0       |
|   + mac_mg_down_q40                                                                                          | 72  |        |                  |            |                          |         |
|     icmp_ln447_fu_3779_p2                                                                                    |     |        | icmp_ln447       | seteq      | auto                     | 0       |
|     add_ln447_fu_3785_p2                                                                                     |     |        | add_ln447        | add        | fabric                   | 0       |
|    + mac_mg_down_q40_Pipeline_ZERO_ODSP                                                                      | 0   |        |                  |            |                          |         |
|      icmp_ln451_fu_1718_p2                                                                                   |     |        | icmp_ln451       | seteq      | auto                     | 0       |
|      add_ln451_fu_1724_p2                                                                                    |     |        | add_ln451        | add        | fabric                   | 0       |
|    + mac_mg_down_q40_Pipeline_MAC_MG                                                                         | 64  |        |                  |            |                          |         |
|      icmp_ln457_fu_2528_p2                                                                                   |     |        | icmp_ln457       | seteq      | auto                     | 0       |
|      add_ln457_fu_2534_p2                                                                                    |     |        | add_ln457        | add        | fabric                   | 0       |
|      add_ln476_fu_2580_p2                                                                                    |     |        | add_ln476        | add        | fabric                   | 0       |
|      xor_ln486_8_fu_2621_p2                                                                                  |     |        | xor_ln486_8      | xor        | auto                     | 0       |
|      mac_muladd_8s_4s_48s_48_4_1_U5352                                                                       | 1   |        | mul_ln486        | mul        | dsp_slice                | 3       |
|      mac_muladd_8s_4s_48s_48_4_1_U5352                                                                       | 1   |        | sext_ln486_2     | sext       | dsp_slice                | 3       |
|      mac_muladd_8s_4s_48s_48_4_1_U5352                                                                       | 1   |        | odsp0            | add        | dsp_slice                | 3       |
|      xor_ln487_8_fu_2655_p2                                                                                  |     |        | xor_ln487_8      | xor        | auto                     | 0       |
|      mac_muladd_8s_4s_48s_48_4_1_U5353                                                                       | 1   |        | mul_ln487        | mul        | dsp_slice                | 3       |
|      mac_muladd_8s_4s_48s_48_4_1_U5353                                                                       | 1   |        | sext_ln487_1     | sext       | dsp_slice                | 3       |
|      mac_muladd_8s_4s_48s_48_4_1_U5353                                                                       | 1   |        | odsp1            | add        | dsp_slice                | 3       |
|      xor_ln488_8_fu_2685_p2                                                                                  |     |        | xor_ln488_8      | xor        | auto                     | 0       |
|      mac_muladd_8s_4s_48s_48_4_1_U5354                                                                       | 1   |        | mul_ln488        | mul        | dsp_slice                | 3       |
|      mac_muladd_8s_4s_48s_48_4_1_U5354                                                                       | 1   |        | sext_ln488_1     | sext       | dsp_slice                | 3       |
|      mac_muladd_8s_4s_48s_48_4_1_U5354                                                                       | 1   |        | odsp2            | add        | dsp_slice                | 3       |
|      xor_ln489_8_fu_2715_p2                                                                                  |     |        | xor_ln489_8      | xor        | auto                     | 0       |
|      mac_muladd_8s_4s_48s_48_4_1_U5355                                                                       | 1   |        | mul_ln489        | mul        | dsp_slice                | 3       |
|      mac_muladd_8s_4s_48s_48_4_1_U5355                                                                       | 1   |        | sext_ln489_1     | sext       | dsp_slice                | 3       |
|      mac_muladd_8s_4s_48s_48_4_1_U5355                                                                       | 1   |        | odsp3            | add        | dsp_slice                | 3       |
|      xor_ln490_8_fu_2745_p2                                                                                  |     |        | xor_ln490_8      | xor        | auto                     | 0       |
|      mac_muladd_8s_4s_48s_48_4_1_U5356                                                                       | 1   |        | mul_ln490        | mul        | dsp_slice                | 3       |
|      mac_muladd_8s_4s_48s_48_4_1_U5356                                                                       | 1   |        | sext_ln490_1     | sext       | dsp_slice                | 3       |
|      mac_muladd_8s_4s_48s_48_4_1_U5356                                                                       | 1   |        | odsp4            | add        | dsp_slice                | 3       |
|      xor_ln491_8_fu_2775_p2                                                                                  |     |        | xor_ln491_8      | xor        | auto                     | 0       |
|      mac_muladd_8s_4s_48s_48_4_1_U5357                                                                       | 1   |        | mul_ln491        | mul        | dsp_slice                | 3       |
|      mac_muladd_8s_4s_48s_48_4_1_U5357                                                                       | 1   |        | sext_ln491_1     | sext       | dsp_slice                | 3       |
|      mac_muladd_8s_4s_48s_48_4_1_U5357                                                                       | 1   |        | odsp5            | add        | dsp_slice                | 3       |
|      xor_ln492_8_fu_2805_p2                                                                                  |     |        | xor_ln492_8      | xor        | auto                     | 0       |
|      mac_muladd_8s_4s_48s_48_4_1_U5358                                                                       | 1   |        | mul_ln492        | mul        | dsp_slice                | 3       |
|      mac_muladd_8s_4s_48s_48_4_1_U5358                                                                       | 1   |        | sext_ln492_1     | sext       | dsp_slice                | 3       |
|      mac_muladd_8s_4s_48s_48_4_1_U5358                                                                       | 1   |        | odsp6            | add        | dsp_slice                | 3       |
|      xor_ln493_8_fu_2835_p2                                                                                  |     |        | xor_ln493_8      | xor        | auto                     | 0       |
|      mac_muladd_8s_4s_48s_48_4_1_U5359                                                                       | 1   |        | mul_ln493        | mul        | dsp_slice                | 3       |
|      mac_muladd_8s_4s_48s_48_4_1_U5359                                                                       | 1   |        | sext_ln493_1     | sext       | dsp_slice                | 3       |
|      mac_muladd_8s_4s_48s_48_4_1_U5359                                                                       | 1   |        | odsp7            | add        | dsp_slice                | 3       |
|      xor_ln486_fu_2865_p2                                                                                    |     |        | xor_ln486        | xor        | auto                     | 0       |
|      mac_muladd_8s_4s_48s_48_4_1_U5360                                                                       | 1   |        | mul_ln486_1      | mul        | dsp_slice                | 3       |
|      mac_muladd_8s_4s_48s_48_4_1_U5360                                                                       | 1   |        | sext_ln486_5     | sext       | dsp_slice                | 3       |
|      mac_muladd_8s_4s_48s_48_4_1_U5360                                                                       | 1   |        | odsp0_16         | add        | dsp_slice                | 3       |
|      xor_ln487_fu_2905_p2                                                                                    |     |        | xor_ln487        | xor        | auto                     | 0       |
|      mac_muladd_8s_4s_48s_48_4_1_U5361                                                                       | 1   |        | mul_ln487_1      | mul        | dsp_slice                | 3       |
|      mac_muladd_8s_4s_48s_48_4_1_U5361                                                                       | 1   |        | sext_ln487_3     | sext       | dsp_slice                | 3       |
|      mac_muladd_8s_4s_48s_48_4_1_U5361                                                                       | 1   |        | odsp1_16         | add        | dsp_slice                | 3       |
|      xor_ln488_fu_2941_p2                                                                                    |     |        | xor_ln488        | xor        | auto                     | 0       |
|      mac_muladd_8s_4s_48s_48_4_1_U5362                                                                       | 1   |        | mul_ln488_1      | mul        | dsp_slice                | 3       |
|      mac_muladd_8s_4s_48s_48_4_1_U5362                                                                       | 1   |        | sext_ln488_3     | sext       | dsp_slice                | 3       |
|      mac_muladd_8s_4s_48s_48_4_1_U5362                                                                       | 1   |        | odsp2_16         | add        | dsp_slice                | 3       |
|      xor_ln489_fu_2977_p2                                                                                    |     |        | xor_ln489        | xor        | auto                     | 0       |
|      mac_muladd_8s_4s_48s_48_4_1_U5363                                                                       | 1   |        | mul_ln489_1      | mul        | dsp_slice                | 3       |
|      mac_muladd_8s_4s_48s_48_4_1_U5363                                                                       | 1   |        | sext_ln489_3     | sext       | dsp_slice                | 3       |
|      mac_muladd_8s_4s_48s_48_4_1_U5363                                                                       | 1   |        | odsp3_16         | add        | dsp_slice                | 3       |
|      xor_ln490_fu_3013_p2                                                                                    |     |        | xor_ln490        | xor        | auto                     | 0       |
|      mac_muladd_8s_4s_48s_48_4_1_U5364                                                                       | 1   |        | mul_ln490_1      | mul        | dsp_slice                | 3       |
|      mac_muladd_8s_4s_48s_48_4_1_U5364                                                                       | 1   |        | sext_ln490_3     | sext       | dsp_slice                | 3       |
|      mac_muladd_8s_4s_48s_48_4_1_U5364                                                                       | 1   |        | odsp4_16         | add        | dsp_slice                | 3       |
|      xor_ln491_fu_3049_p2                                                                                    |     |        | xor_ln491        | xor        | auto                     | 0       |
|      mac_muladd_8s_4s_48s_48_4_1_U5365                                                                       | 1   |        | mul_ln491_1      | mul        | dsp_slice                | 3       |
|      mac_muladd_8s_4s_48s_48_4_1_U5365                                                                       | 1   |        | sext_ln491_3     | sext       | dsp_slice                | 3       |
|      mac_muladd_8s_4s_48s_48_4_1_U5365                                                                       | 1   |        | odsp5_16         | add        | dsp_slice                | 3       |
|      xor_ln492_fu_3085_p2                                                                                    |     |        | xor_ln492        | xor        | auto                     | 0       |
|      mac_muladd_8s_4s_48s_48_4_1_U5366                                                                       | 1   |        | mul_ln492_1      | mul        | dsp_slice                | 3       |
|      mac_muladd_8s_4s_48s_48_4_1_U5366                                                                       | 1   |        | sext_ln492_3     | sext       | dsp_slice                | 3       |
|      mac_muladd_8s_4s_48s_48_4_1_U5366                                                                       | 1   |        | odsp6_16         | add        | dsp_slice                | 3       |
|      xor_ln493_fu_3121_p2                                                                                    |     |        | xor_ln493        | xor        | auto                     | 0       |
|      mac_muladd_8s_4s_48s_48_4_1_U5367                                                                       | 1   |        | mul_ln493_1      | mul        | dsp_slice                | 3       |
|      mac_muladd_8s_4s_48s_48_4_1_U5367                                                                       | 1   |        | sext_ln493_3     | sext       | dsp_slice                | 3       |
|      mac_muladd_8s_4s_48s_48_4_1_U5367                                                                       | 1   |        | odsp7_16         | add        | dsp_slice                | 3       |
|      xor_ln486_9_fu_3157_p2                                                                                  |     |        | xor_ln486_9      | xor        | auto                     | 0       |
|      mac_muladd_8s_4s_48s_48_4_1_U5368                                                                       | 1   |        | mul_ln486_2      | mul        | dsp_slice                | 3       |
|      mac_muladd_8s_4s_48s_48_4_1_U5368                                                                       | 1   |        | sext_ln486_8     | sext       | dsp_slice                | 3       |
|      mac_muladd_8s_4s_48s_48_4_1_U5368                                                                       | 1   |        | odsp0_17         | add        | dsp_slice                | 3       |
|      xor_ln487_9_fu_3197_p2                                                                                  |     |        | xor_ln487_9      | xor        | auto                     | 0       |
|      mac_muladd_8s_4s_48s_48_4_1_U5369                                                                       | 1   |        | mul_ln487_2      | mul        | dsp_slice                | 3       |
|      mac_muladd_8s_4s_48s_48_4_1_U5369                                                                       | 1   |        | sext_ln487_5     | sext       | dsp_slice                | 3       |
|      mac_muladd_8s_4s_48s_48_4_1_U5369                                                                       | 1   |        | odsp1_17         | add        | dsp_slice                | 3       |
|      xor_ln488_9_fu_3233_p2                                                                                  |     |        | xor_ln488_9      | xor        | auto                     | 0       |
|      mac_muladd_8s_4s_48s_48_4_1_U5370                                                                       | 1   |        | mul_ln488_2      | mul        | dsp_slice                | 3       |
|      mac_muladd_8s_4s_48s_48_4_1_U5370                                                                       | 1   |        | sext_ln488_5     | sext       | dsp_slice                | 3       |
|      mac_muladd_8s_4s_48s_48_4_1_U5370                                                                       | 1   |        | odsp2_17         | add        | dsp_slice                | 3       |
|      xor_ln489_9_fu_3269_p2                                                                                  |     |        | xor_ln489_9      | xor        | auto                     | 0       |
|      mac_muladd_8s_4s_48s_48_4_1_U5371                                                                       | 1   |        | mul_ln489_2      | mul        | dsp_slice                | 3       |
|      mac_muladd_8s_4s_48s_48_4_1_U5371                                                                       | 1   |        | sext_ln489_5     | sext       | dsp_slice                | 3       |
|      mac_muladd_8s_4s_48s_48_4_1_U5371                                                                       | 1   |        | odsp3_17         | add        | dsp_slice                | 3       |
|      xor_ln490_9_fu_3305_p2                                                                                  |     |        | xor_ln490_9      | xor        | auto                     | 0       |
|      mac_muladd_8s_4s_48s_48_4_1_U5372                                                                       | 1   |        | mul_ln490_2      | mul        | dsp_slice                | 3       |
|      mac_muladd_8s_4s_48s_48_4_1_U5372                                                                       | 1   |        | sext_ln490_5     | sext       | dsp_slice                | 3       |
|      mac_muladd_8s_4s_48s_48_4_1_U5372                                                                       | 1   |        | odsp4_17         | add        | dsp_slice                | 3       |
|      xor_ln491_9_fu_3341_p2                                                                                  |     |        | xor_ln491_9      | xor        | auto                     | 0       |
|      mac_muladd_8s_4s_48s_48_4_1_U5373                                                                       | 1   |        | mul_ln491_2      | mul        | dsp_slice                | 3       |
|      mac_muladd_8s_4s_48s_48_4_1_U5373                                                                       | 1   |        | sext_ln491_5     | sext       | dsp_slice                | 3       |
|      mac_muladd_8s_4s_48s_48_4_1_U5373                                                                       | 1   |        | odsp5_17         | add        | dsp_slice                | 3       |
|      xor_ln492_9_fu_3377_p2                                                                                  |     |        | xor_ln492_9      | xor        | auto                     | 0       |
|      mac_muladd_8s_4s_48s_48_4_1_U5374                                                                       | 1   |        | mul_ln492_2      | mul        | dsp_slice                | 3       |
|      mac_muladd_8s_4s_48s_48_4_1_U5374                                                                       | 1   |        | sext_ln492_5     | sext       | dsp_slice                | 3       |
|      mac_muladd_8s_4s_48s_48_4_1_U5374                                                                       | 1   |        | odsp6_17         | add        | dsp_slice                | 3       |
|      xor_ln493_9_fu_3413_p2                                                                                  |     |        | xor_ln493_9      | xor        | auto                     | 0       |
|      mac_muladd_8s_4s_48s_48_4_1_U5375                                                                       | 1   |        | mul_ln493_2      | mul        | dsp_slice                | 3       |
|      mac_muladd_8s_4s_48s_48_4_1_U5375                                                                       | 1   |        | sext_ln493_5     | sext       | dsp_slice                | 3       |
|      mac_muladd_8s_4s_48s_48_4_1_U5375                                                                       | 1   |        | odsp7_17         | add        | dsp_slice                | 3       |
|      xor_ln486_10_fu_3449_p2                                                                                 |     |        | xor_ln486_10     | xor        | auto                     | 0       |
|      mac_muladd_8s_4s_48s_48_4_1_U5376                                                                       | 1   |        | mul_ln486_3      | mul        | dsp_slice                | 3       |
|      mac_muladd_8s_4s_48s_48_4_1_U5376                                                                       | 1   |        | sext_ln486_11    | sext       | dsp_slice                | 3       |
|      mac_muladd_8s_4s_48s_48_4_1_U5376                                                                       | 1   |        | odsp0_18         | add        | dsp_slice                | 3       |
|      xor_ln487_10_fu_3489_p2                                                                                 |     |        | xor_ln487_10     | xor        | auto                     | 0       |
|      mac_muladd_8s_4s_48s_48_4_1_U5377                                                                       | 1   |        | mul_ln487_3      | mul        | dsp_slice                | 3       |
|      mac_muladd_8s_4s_48s_48_4_1_U5377                                                                       | 1   |        | sext_ln487_7     | sext       | dsp_slice                | 3       |
|      mac_muladd_8s_4s_48s_48_4_1_U5377                                                                       | 1   |        | odsp1_18         | add        | dsp_slice                | 3       |
|      xor_ln488_10_fu_3525_p2                                                                                 |     |        | xor_ln488_10     | xor        | auto                     | 0       |
|      mac_muladd_8s_4s_48s_48_4_1_U5378                                                                       | 1   |        | mul_ln488_3      | mul        | dsp_slice                | 3       |
|      mac_muladd_8s_4s_48s_48_4_1_U5378                                                                       | 1   |        | sext_ln488_7     | sext       | dsp_slice                | 3       |
|      mac_muladd_8s_4s_48s_48_4_1_U5378                                                                       | 1   |        | odsp2_18         | add        | dsp_slice                | 3       |
|      xor_ln489_10_fu_3561_p2                                                                                 |     |        | xor_ln489_10     | xor        | auto                     | 0       |
|      mac_muladd_8s_4s_48s_48_4_1_U5379                                                                       | 1   |        | mul_ln489_3      | mul        | dsp_slice                | 3       |
|      mac_muladd_8s_4s_48s_48_4_1_U5379                                                                       | 1   |        | sext_ln489_7     | sext       | dsp_slice                | 3       |
|      mac_muladd_8s_4s_48s_48_4_1_U5379                                                                       | 1   |        | odsp3_18         | add        | dsp_slice                | 3       |
|      xor_ln490_10_fu_3597_p2                                                                                 |     |        | xor_ln490_10     | xor        | auto                     | 0       |
|      mac_muladd_8s_4s_48s_48_4_1_U5380                                                                       | 1   |        | mul_ln490_3      | mul        | dsp_slice                | 3       |
|      mac_muladd_8s_4s_48s_48_4_1_U5380                                                                       | 1   |        | sext_ln490_7     | sext       | dsp_slice                | 3       |
|      mac_muladd_8s_4s_48s_48_4_1_U5380                                                                       | 1   |        | odsp4_18         | add        | dsp_slice                | 3       |
|      xor_ln491_10_fu_3633_p2                                                                                 |     |        | xor_ln491_10     | xor        | auto                     | 0       |
|      mac_muladd_8s_4s_48s_48_4_1_U5381                                                                       | 1   |        | mul_ln491_3      | mul        | dsp_slice                | 3       |
|      mac_muladd_8s_4s_48s_48_4_1_U5381                                                                       | 1   |        | sext_ln491_7     | sext       | dsp_slice                | 3       |
|      mac_muladd_8s_4s_48s_48_4_1_U5381                                                                       | 1   |        | odsp5_18         | add        | dsp_slice                | 3       |
|      xor_ln492_10_fu_3669_p2                                                                                 |     |        | xor_ln492_10     | xor        | auto                     | 0       |
|      mac_muladd_8s_4s_48s_48_4_1_U5382                                                                       | 1   |        | mul_ln492_3      | mul        | dsp_slice                | 3       |
|      mac_muladd_8s_4s_48s_48_4_1_U5382                                                                       | 1   |        | sext_ln492_7     | sext       | dsp_slice                | 3       |
|      mac_muladd_8s_4s_48s_48_4_1_U5382                                                                       | 1   |        | odsp6_18         | add        | dsp_slice                | 3       |
|      xor_ln493_10_fu_3705_p2                                                                                 |     |        | xor_ln493_10     | xor        | auto                     | 0       |
|      mac_muladd_8s_4s_48s_48_4_1_U5383                                                                       | 1   |        | mul_ln493_3      | mul        | dsp_slice                | 3       |
|      mac_muladd_8s_4s_48s_48_4_1_U5383                                                                       | 1   |        | sext_ln493_7     | sext       | dsp_slice                | 3       |
|      mac_muladd_8s_4s_48s_48_4_1_U5383                                                                       | 1   |        | odsp7_18         | add        | dsp_slice                | 3       |
|      xor_ln486_11_fu_3741_p2                                                                                 |     |        | xor_ln486_11     | xor        | auto                     | 0       |
|      mac_muladd_8s_4s_48s_48_4_1_U5384                                                                       | 1   |        | mul_ln486_4      | mul        | dsp_slice                | 3       |
|      mac_muladd_8s_4s_48s_48_4_1_U5384                                                                       | 1   |        | sext_ln486_14    | sext       | dsp_slice                | 3       |
|      mac_muladd_8s_4s_48s_48_4_1_U5384                                                                       | 1   |        | odsp0_19         | add        | dsp_slice                | 3       |
|      xor_ln487_11_fu_3781_p2                                                                                 |     |        | xor_ln487_11     | xor        | auto                     | 0       |
|      mac_muladd_8s_4s_48s_48_4_1_U5385                                                                       | 1   |        | mul_ln487_4      | mul        | dsp_slice                | 3       |
|      mac_muladd_8s_4s_48s_48_4_1_U5385                                                                       | 1   |        | sext_ln487_9     | sext       | dsp_slice                | 3       |
|      mac_muladd_8s_4s_48s_48_4_1_U5385                                                                       | 1   |        | odsp1_19         | add        | dsp_slice                | 3       |
|      xor_ln488_11_fu_3817_p2                                                                                 |     |        | xor_ln488_11     | xor        | auto                     | 0       |
|      mac_muladd_8s_4s_48s_48_4_1_U5386                                                                       | 1   |        | mul_ln488_4      | mul        | dsp_slice                | 3       |
|      mac_muladd_8s_4s_48s_48_4_1_U5386                                                                       | 1   |        | sext_ln488_9     | sext       | dsp_slice                | 3       |
|      mac_muladd_8s_4s_48s_48_4_1_U5386                                                                       | 1   |        | odsp2_19         | add        | dsp_slice                | 3       |
|      xor_ln489_11_fu_3853_p2                                                                                 |     |        | xor_ln489_11     | xor        | auto                     | 0       |
|      mac_muladd_8s_4s_48s_48_4_1_U5387                                                                       | 1   |        | mul_ln489_4      | mul        | dsp_slice                | 3       |
|      mac_muladd_8s_4s_48s_48_4_1_U5387                                                                       | 1   |        | sext_ln489_9     | sext       | dsp_slice                | 3       |
|      mac_muladd_8s_4s_48s_48_4_1_U5387                                                                       | 1   |        | odsp3_19         | add        | dsp_slice                | 3       |
|      xor_ln490_11_fu_3889_p2                                                                                 |     |        | xor_ln490_11     | xor        | auto                     | 0       |
|      mac_muladd_8s_4s_48s_48_4_1_U5388                                                                       | 1   |        | mul_ln490_4      | mul        | dsp_slice                | 3       |
|      mac_muladd_8s_4s_48s_48_4_1_U5388                                                                       | 1   |        | sext_ln490_9     | sext       | dsp_slice                | 3       |
|      mac_muladd_8s_4s_48s_48_4_1_U5388                                                                       | 1   |        | odsp4_19         | add        | dsp_slice                | 3       |
|      xor_ln491_11_fu_3925_p2                                                                                 |     |        | xor_ln491_11     | xor        | auto                     | 0       |
|      mac_muladd_8s_4s_48s_48_4_1_U5389                                                                       | 1   |        | mul_ln491_4      | mul        | dsp_slice                | 3       |
|      mac_muladd_8s_4s_48s_48_4_1_U5389                                                                       | 1   |        | sext_ln491_9     | sext       | dsp_slice                | 3       |
|      mac_muladd_8s_4s_48s_48_4_1_U5389                                                                       | 1   |        | odsp5_19         | add        | dsp_slice                | 3       |
|      xor_ln492_11_fu_3961_p2                                                                                 |     |        | xor_ln492_11     | xor        | auto                     | 0       |
|      mac_muladd_8s_4s_48s_48_4_1_U5390                                                                       | 1   |        | mul_ln492_4      | mul        | dsp_slice                | 3       |
|      mac_muladd_8s_4s_48s_48_4_1_U5390                                                                       | 1   |        | sext_ln492_9     | sext       | dsp_slice                | 3       |
|      mac_muladd_8s_4s_48s_48_4_1_U5390                                                                       | 1   |        | odsp6_19         | add        | dsp_slice                | 3       |
|      xor_ln493_11_fu_3997_p2                                                                                 |     |        | xor_ln493_11     | xor        | auto                     | 0       |
|      mac_muladd_8s_4s_48s_48_4_1_U5391                                                                       | 1   |        | mul_ln493_4      | mul        | dsp_slice                | 3       |
|      mac_muladd_8s_4s_48s_48_4_1_U5391                                                                       | 1   |        | sext_ln493_9     | sext       | dsp_slice                | 3       |
|      mac_muladd_8s_4s_48s_48_4_1_U5391                                                                       | 1   |        | odsp7_19         | add        | dsp_slice                | 3       |
|      xor_ln486_12_fu_4033_p2                                                                                 |     |        | xor_ln486_12     | xor        | auto                     | 0       |
|      mac_muladd_8s_4s_48s_48_4_1_U5392                                                                       | 1   |        | mul_ln486_5      | mul        | dsp_slice                | 3       |
|      mac_muladd_8s_4s_48s_48_4_1_U5392                                                                       | 1   |        | sext_ln486_17    | sext       | dsp_slice                | 3       |
|      mac_muladd_8s_4s_48s_48_4_1_U5392                                                                       | 1   |        | odsp0_20         | add        | dsp_slice                | 3       |
|      xor_ln487_12_fu_4073_p2                                                                                 |     |        | xor_ln487_12     | xor        | auto                     | 0       |
|      mac_muladd_8s_4s_48s_48_4_1_U5393                                                                       | 1   |        | mul_ln487_5      | mul        | dsp_slice                | 3       |
|      mac_muladd_8s_4s_48s_48_4_1_U5393                                                                       | 1   |        | sext_ln487_11    | sext       | dsp_slice                | 3       |
|      mac_muladd_8s_4s_48s_48_4_1_U5393                                                                       | 1   |        | odsp1_20         | add        | dsp_slice                | 3       |
|      xor_ln488_12_fu_4109_p2                                                                                 |     |        | xor_ln488_12     | xor        | auto                     | 0       |
|      mac_muladd_8s_4s_48s_48_4_1_U5394                                                                       | 1   |        | mul_ln488_5      | mul        | dsp_slice                | 3       |
|      mac_muladd_8s_4s_48s_48_4_1_U5394                                                                       | 1   |        | sext_ln488_11    | sext       | dsp_slice                | 3       |
|      mac_muladd_8s_4s_48s_48_4_1_U5394                                                                       | 1   |        | odsp2_20         | add        | dsp_slice                | 3       |
|      xor_ln489_12_fu_4145_p2                                                                                 |     |        | xor_ln489_12     | xor        | auto                     | 0       |
|      mac_muladd_8s_4s_48s_48_4_1_U5395                                                                       | 1   |        | mul_ln489_5      | mul        | dsp_slice                | 3       |
|      mac_muladd_8s_4s_48s_48_4_1_U5395                                                                       | 1   |        | sext_ln489_11    | sext       | dsp_slice                | 3       |
|      mac_muladd_8s_4s_48s_48_4_1_U5395                                                                       | 1   |        | odsp3_20         | add        | dsp_slice                | 3       |
|      xor_ln490_12_fu_4181_p2                                                                                 |     |        | xor_ln490_12     | xor        | auto                     | 0       |
|      mac_muladd_8s_4s_48s_48_4_1_U5396                                                                       | 1   |        | mul_ln490_5      | mul        | dsp_slice                | 3       |
|      mac_muladd_8s_4s_48s_48_4_1_U5396                                                                       | 1   |        | sext_ln490_11    | sext       | dsp_slice                | 3       |
|      mac_muladd_8s_4s_48s_48_4_1_U5396                                                                       | 1   |        | odsp4_20         | add        | dsp_slice                | 3       |
|      xor_ln491_12_fu_4217_p2                                                                                 |     |        | xor_ln491_12     | xor        | auto                     | 0       |
|      mac_muladd_8s_4s_48s_48_4_1_U5397                                                                       | 1   |        | mul_ln491_5      | mul        | dsp_slice                | 3       |
|      mac_muladd_8s_4s_48s_48_4_1_U5397                                                                       | 1   |        | sext_ln491_11    | sext       | dsp_slice                | 3       |
|      mac_muladd_8s_4s_48s_48_4_1_U5397                                                                       | 1   |        | odsp5_20         | add        | dsp_slice                | 3       |
|      xor_ln492_12_fu_4253_p2                                                                                 |     |        | xor_ln492_12     | xor        | auto                     | 0       |
|      mac_muladd_8s_4s_48s_48_4_1_U5398                                                                       | 1   |        | mul_ln492_5      | mul        | dsp_slice                | 3       |
|      mac_muladd_8s_4s_48s_48_4_1_U5398                                                                       | 1   |        | sext_ln492_11    | sext       | dsp_slice                | 3       |
|      mac_muladd_8s_4s_48s_48_4_1_U5398                                                                       | 1   |        | odsp6_20         | add        | dsp_slice                | 3       |
|      xor_ln493_12_fu_4289_p2                                                                                 |     |        | xor_ln493_12     | xor        | auto                     | 0       |
|      mac_muladd_8s_4s_48s_48_4_1_U5399                                                                       | 1   |        | mul_ln493_5      | mul        | dsp_slice                | 3       |
|      mac_muladd_8s_4s_48s_48_4_1_U5399                                                                       | 1   |        | sext_ln493_11    | sext       | dsp_slice                | 3       |
|      mac_muladd_8s_4s_48s_48_4_1_U5399                                                                       | 1   |        | odsp7_20         | add        | dsp_slice                | 3       |
|      xor_ln486_13_fu_4325_p2                                                                                 |     |        | xor_ln486_13     | xor        | auto                     | 0       |
|      mac_muladd_8s_4s_48s_48_4_1_U5400                                                                       | 1   |        | mul_ln486_6      | mul        | dsp_slice                | 3       |
|      mac_muladd_8s_4s_48s_48_4_1_U5400                                                                       | 1   |        | sext_ln486_20    | sext       | dsp_slice                | 3       |
|      mac_muladd_8s_4s_48s_48_4_1_U5400                                                                       | 1   |        | odsp0_21         | add        | dsp_slice                | 3       |
|      xor_ln487_13_fu_4365_p2                                                                                 |     |        | xor_ln487_13     | xor        | auto                     | 0       |
|      mac_muladd_8s_4s_48s_48_4_1_U5401                                                                       | 1   |        | mul_ln487_6      | mul        | dsp_slice                | 3       |
|      mac_muladd_8s_4s_48s_48_4_1_U5401                                                                       | 1   |        | sext_ln487_13    | sext       | dsp_slice                | 3       |
|      mac_muladd_8s_4s_48s_48_4_1_U5401                                                                       | 1   |        | odsp1_21         | add        | dsp_slice                | 3       |
|      xor_ln488_13_fu_4401_p2                                                                                 |     |        | xor_ln488_13     | xor        | auto                     | 0       |
|      mac_muladd_8s_4s_48s_48_4_1_U5402                                                                       | 1   |        | mul_ln488_6      | mul        | dsp_slice                | 3       |
|      mac_muladd_8s_4s_48s_48_4_1_U5402                                                                       | 1   |        | sext_ln488_13    | sext       | dsp_slice                | 3       |
|      mac_muladd_8s_4s_48s_48_4_1_U5402                                                                       | 1   |        | odsp2_21         | add        | dsp_slice                | 3       |
|      xor_ln489_13_fu_4437_p2                                                                                 |     |        | xor_ln489_13     | xor        | auto                     | 0       |
|      mac_muladd_8s_4s_48s_48_4_1_U5403                                                                       | 1   |        | mul_ln489_6      | mul        | dsp_slice                | 3       |
|      mac_muladd_8s_4s_48s_48_4_1_U5403                                                                       | 1   |        | sext_ln489_13    | sext       | dsp_slice                | 3       |
|      mac_muladd_8s_4s_48s_48_4_1_U5403                                                                       | 1   |        | odsp3_21         | add        | dsp_slice                | 3       |
|      xor_ln490_13_fu_4473_p2                                                                                 |     |        | xor_ln490_13     | xor        | auto                     | 0       |
|      mac_muladd_8s_4s_48s_48_4_1_U5404                                                                       | 1   |        | mul_ln490_6      | mul        | dsp_slice                | 3       |
|      mac_muladd_8s_4s_48s_48_4_1_U5404                                                                       | 1   |        | sext_ln490_13    | sext       | dsp_slice                | 3       |
|      mac_muladd_8s_4s_48s_48_4_1_U5404                                                                       | 1   |        | odsp4_21         | add        | dsp_slice                | 3       |
|      xor_ln491_13_fu_4509_p2                                                                                 |     |        | xor_ln491_13     | xor        | auto                     | 0       |
|      mac_muladd_8s_4s_48s_48_4_1_U5405                                                                       | 1   |        | mul_ln491_6      | mul        | dsp_slice                | 3       |
|      mac_muladd_8s_4s_48s_48_4_1_U5405                                                                       | 1   |        | sext_ln491_13    | sext       | dsp_slice                | 3       |
|      mac_muladd_8s_4s_48s_48_4_1_U5405                                                                       | 1   |        | odsp5_21         | add        | dsp_slice                | 3       |
|      xor_ln492_13_fu_4545_p2                                                                                 |     |        | xor_ln492_13     | xor        | auto                     | 0       |
|      mac_muladd_8s_4s_48s_48_4_1_U5406                                                                       | 1   |        | mul_ln492_6      | mul        | dsp_slice                | 3       |
|      mac_muladd_8s_4s_48s_48_4_1_U5406                                                                       | 1   |        | sext_ln492_13    | sext       | dsp_slice                | 3       |
|      mac_muladd_8s_4s_48s_48_4_1_U5406                                                                       | 1   |        | odsp6_21         | add        | dsp_slice                | 3       |
|      xor_ln493_13_fu_4581_p2                                                                                 |     |        | xor_ln493_13     | xor        | auto                     | 0       |
|      mac_muladd_8s_4s_48s_48_4_1_U5407                                                                       | 1   |        | mul_ln493_6      | mul        | dsp_slice                | 3       |
|      mac_muladd_8s_4s_48s_48_4_1_U5407                                                                       | 1   |        | sext_ln493_13    | sext       | dsp_slice                | 3       |
|      mac_muladd_8s_4s_48s_48_4_1_U5407                                                                       | 1   |        | odsp7_21         | add        | dsp_slice                | 3       |
|      xor_ln486_14_fu_4617_p2                                                                                 |     |        | xor_ln486_14     | xor        | auto                     | 0       |
|      mac_muladd_8s_4s_48s_48_4_1_U5408                                                                       | 1   |        | mul_ln486_7      | mul        | dsp_slice                | 3       |
|      mac_muladd_8s_4s_48s_48_4_1_U5408                                                                       | 1   |        | sext_ln486_23    | sext       | dsp_slice                | 3       |
|      mac_muladd_8s_4s_48s_48_4_1_U5408                                                                       | 1   |        | odsp0_22         | add        | dsp_slice                | 3       |
|      xor_ln487_14_fu_4657_p2                                                                                 |     |        | xor_ln487_14     | xor        | auto                     | 0       |
|      mac_muladd_8s_4s_48s_48_4_1_U5409                                                                       | 1   |        | mul_ln487_7      | mul        | dsp_slice                | 3       |
|      mac_muladd_8s_4s_48s_48_4_1_U5409                                                                       | 1   |        | sext_ln487_15    | sext       | dsp_slice                | 3       |
|      mac_muladd_8s_4s_48s_48_4_1_U5409                                                                       | 1   |        | odsp1_22         | add        | dsp_slice                | 3       |
|      xor_ln488_14_fu_4693_p2                                                                                 |     |        | xor_ln488_14     | xor        | auto                     | 0       |
|      mac_muladd_8s_4s_48s_48_4_1_U5410                                                                       | 1   |        | mul_ln488_7      | mul        | dsp_slice                | 3       |
|      mac_muladd_8s_4s_48s_48_4_1_U5410                                                                       | 1   |        | sext_ln488_15    | sext       | dsp_slice                | 3       |
|      mac_muladd_8s_4s_48s_48_4_1_U5410                                                                       | 1   |        | odsp2_22         | add        | dsp_slice                | 3       |
|      xor_ln489_14_fu_4729_p2                                                                                 |     |        | xor_ln489_14     | xor        | auto                     | 0       |
|      mac_muladd_8s_4s_48s_48_4_1_U5411                                                                       | 1   |        | mul_ln489_7      | mul        | dsp_slice                | 3       |
|      mac_muladd_8s_4s_48s_48_4_1_U5411                                                                       | 1   |        | sext_ln489_15    | sext       | dsp_slice                | 3       |
|      mac_muladd_8s_4s_48s_48_4_1_U5411                                                                       | 1   |        | odsp3_22         | add        | dsp_slice                | 3       |
|      xor_ln490_14_fu_4765_p2                                                                                 |     |        | xor_ln490_14     | xor        | auto                     | 0       |
|      mac_muladd_8s_4s_48s_48_4_1_U5412                                                                       | 1   |        | mul_ln490_7      | mul        | dsp_slice                | 3       |
|      mac_muladd_8s_4s_48s_48_4_1_U5412                                                                       | 1   |        | sext_ln490_15    | sext       | dsp_slice                | 3       |
|      mac_muladd_8s_4s_48s_48_4_1_U5412                                                                       | 1   |        | odsp4_22         | add        | dsp_slice                | 3       |
|      xor_ln491_14_fu_4801_p2                                                                                 |     |        | xor_ln491_14     | xor        | auto                     | 0       |
|      mac_muladd_8s_4s_48s_48_4_1_U5413                                                                       | 1   |        | mul_ln491_7      | mul        | dsp_slice                | 3       |
|      mac_muladd_8s_4s_48s_48_4_1_U5413                                                                       | 1   |        | sext_ln491_15    | sext       | dsp_slice                | 3       |
|      mac_muladd_8s_4s_48s_48_4_1_U5413                                                                       | 1   |        | odsp5_22         | add        | dsp_slice                | 3       |
|      xor_ln492_14_fu_4837_p2                                                                                 |     |        | xor_ln492_14     | xor        | auto                     | 0       |
|      mac_muladd_8s_4s_48s_48_4_1_U5414                                                                       | 1   |        | mul_ln492_7      | mul        | dsp_slice                | 3       |
|      mac_muladd_8s_4s_48s_48_4_1_U5414                                                                       | 1   |        | sext_ln492_15    | sext       | dsp_slice                | 3       |
|      mac_muladd_8s_4s_48s_48_4_1_U5414                                                                       | 1   |        | odsp6_22         | add        | dsp_slice                | 3       |
|      xor_ln493_14_fu_4873_p2                                                                                 |     |        | xor_ln493_14     | xor        | auto                     | 0       |
|      mac_muladd_8s_4s_48s_48_4_1_U5415                                                                       | 1   |        | mul_ln493_7      | mul        | dsp_slice                | 3       |
|      mac_muladd_8s_4s_48s_48_4_1_U5415                                                                       | 1   |        | sext_ln493_15    | sext       | dsp_slice                | 3       |
|      mac_muladd_8s_4s_48s_48_4_1_U5415                                                                       | 1   |        | odsp7_22         | add        | dsp_slice                | 3       |
|    + mac_mg_down_q40_Pipeline_REDUCE_MG                                                                      | 8   |        |                  |            |                          |         |
|      icmp_ln497_fu_2790_p2                                                                                   |     |        | icmp_ln497       | seteq      | auto                     | 0       |
|      add_ln497_fu_2796_p2                                                                                    |     |        | add_ln497        | add        | fabric                   | 0       |
|      add_ln500_fu_2810_p2                                                                                    |     |        | add_ln500        | add        | fabric                   | 0       |
|      sparsemux_17_3_27_1_1_U5594                                                                             |     |        | trunc_ln         | sparsemux  | compactencoding_dontcare | 0       |
|      sparsemux_65_5_32_1_1_U5595                                                                             |     |        | tmp_s            | sparsemux  | compactencoding_dontcare | 0       |
|      fpext_32ns_64_2_no_dsp_1_U5586                                                                          |     |        | pf               | fpext      | auto                     | 1       |
|      sub_ln501_fu_4467_p2                                                                                    |     |        | sub_ln501        | sub        | fabric                   | 0       |
|      select_ln501_fu_4473_p3                                                                                 |     |        | select_ln501     | select     | auto_sel                 | 0       |
|      icmp_ln501_fu_4480_p2                                                                                   |     |        | icmp_ln501       | seteq      | auto                     | 0       |
|      sub_ln501_1_fu_4485_p2                                                                                  |     |        | sub_ln501_1      | sub        | fabric                   | 0       |
|      icmp_ln501_1_fu_4495_p2                                                                                 |     |        | icmp_ln501_1     | setgt      | auto                     | 0       |
|      add_ln501_fu_4501_p2                                                                                    |     |        | add_ln501        | add        | fabric                   | 0       |
|      sub_ln501_2_fu_4507_p2                                                                                  |     |        | sub_ln501_2      | sub        | fabric                   | 0       |
|      select_ln501_1_fu_4513_p3                                                                               |     |        | select_ln501_1   | select     | auto_sel                 | 0       |
|      icmp_ln501_2_fu_4521_p2                                                                                 |     |        | icmp_ln501_2     | seteq      | auto                     | 0       |
|      icmp_ln501_3_fu_5077_p2                                                                                 |     |        | icmp_ln501_3     | setlt      | auto                     | 0       |
|      select_ln501_5_fu_5082_p3                                                                               |     |        | select_ln501_5   | select     | auto_sel                 | 0       |
|      ashr_ln501_fu_5092_p2                                                                                   |     |        | ashr_ln501       | ashr       | auto_pipe                | 0       |
|      storemerge4_i_fu_5164_p6                                                                                |     |        | select_ln501_2   | select     | auto_sel                 | 0       |
|      icmp_ln501_4_fu_5109_p2                                                                                 |     |        | icmp_ln501_4     | setlt      | auto                     | 0       |
|      shl_ln501_fu_5117_p2                                                                                    |     |        | shl_ln501        | shl        | auto_pipe                | 0       |
|      storemerge4_i_fu_5164_p8                                                                                |     |        | select_ln501_3   | select     | auto_sel                 | 0       |
|      xor_ln501_fu_5130_p2                                                                                    |     |        | xor_ln501        | xor        | auto                     | 0       |
|      and_ln501_fu_5135_p2                                                                                    |     |        | and_ln501        | and        | auto                     | 0       |
|      or_ln501_fu_5140_p2                                                                                     |     |        | or_ln501         | or         | auto                     | 0       |
|      xor_ln501_1_fu_5144_p2                                                                                  |     |        | xor_ln501_1      | xor        | auto                     | 0       |
|      and_ln501_1_fu_5150_p2                                                                                  |     |        | and_ln501_1      | and        | auto                     | 0       |
|      sparsemux_9_3_18_1_1_U5610                                                                              |     |        | storemerge4_i    | sparsemux  | onehotencoding_realdef   | 0       |
|      mul_27s_18s_45_1_1_U5618                                                                                | 1   |        | mul_ln501        | mul        | auto                     | 0       |
|      icmp_ln501_5_fu_6211_p2                                                                                 |     |        | icmp_ln501_5     | setne      | auto                     | 0       |
|      add_ln501_1_fu_6216_p2                                                                                  |     |        | add_ln501_1      | add        | fabric                   | 0       |
|      select_ln501_4_fu_6221_p3                                                                               |     |        | select_ln501_4   | select     | auto_sel                 | 0       |
|      ref_tmp_i_i802_0_fu_6232_p3                                                                             |     |        | ref_tmp_i_i802_0 | select     | auto_sel                 | 0       |
|      add_ln501_2_fu_6244_p2                                                                                  |     |        | add_ln501_2      | add        | fabric                   | 0       |
|      sparsemux_17_3_27_1_1_U5596                                                                             |     |        | trunc_ln1        | sparsemux  | compactencoding_dontcare | 0       |
|      sparsemux_65_5_32_1_1_U5597                                                                             |     |        | tmp_68           | sparsemux  | compactencoding_dontcare | 0       |
|      fpext_32ns_64_2_no_dsp_1_U5587                                                                          |     |        | pf_1             | fpext      | auto                     | 1       |
|      sub_ln502_fu_4545_p2                                                                                    |     |        | sub_ln502        | sub        | fabric                   | 0       |
|      select_ln502_fu_4551_p3                                                                                 |     |        | select_ln502     | select     | auto_sel                 | 0       |
|      icmp_ln502_fu_4558_p2                                                                                   |     |        | icmp_ln502       | seteq      | auto                     | 0       |
|      sub_ln502_1_fu_4563_p2                                                                                  |     |        | sub_ln502_1      | sub        | fabric                   | 0       |
|      icmp_ln502_1_fu_4573_p2                                                                                 |     |        | icmp_ln502_1     | setgt      | auto                     | 0       |
|      add_ln502_fu_4579_p2                                                                                    |     |        | add_ln502        | add        | fabric                   | 0       |
|      sub_ln502_2_fu_4585_p2                                                                                  |     |        | sub_ln502_2      | sub        | fabric                   | 0       |
|      select_ln502_1_fu_4591_p3                                                                               |     |        | select_ln502_1   | select     | auto_sel                 | 0       |
|      icmp_ln502_2_fu_4599_p2                                                                                 |     |        | icmp_ln502_2     | seteq      | auto                     | 0       |
|      icmp_ln502_3_fu_5187_p2                                                                                 |     |        | icmp_ln502_3     | setlt      | auto                     | 0       |
|      select_ln502_5_fu_5192_p3                                                                               |     |        | select_ln502_5   | select     | auto_sel                 | 0       |
|      ashr_ln502_fu_5202_p2                                                                                   |     |        | ashr_ln502       | ashr       | auto_pipe                | 0       |
|      storemerge4_i1_fu_5274_p6                                                                               |     |        | select_ln502_2   | select     | auto_sel                 | 0       |
|      icmp_ln502_4_fu_5219_p2                                                                                 |     |        | icmp_ln502_4     | setlt      | auto                     | 0       |
|      shl_ln502_fu_5227_p2                                                                                    |     |        | shl_ln502        | shl        | auto_pipe                | 0       |
|      storemerge4_i1_fu_5274_p8                                                                               |     |        | select_ln502_3   | select     | auto_sel                 | 0       |
|      xor_ln502_fu_5240_p2                                                                                    |     |        | xor_ln502        | xor        | auto                     | 0       |
|      and_ln502_fu_5245_p2                                                                                    |     |        | and_ln502        | and        | auto                     | 0       |
|      or_ln502_fu_5250_p2                                                                                     |     |        | or_ln502         | or         | auto                     | 0       |
|      xor_ln502_1_fu_5254_p2                                                                                  |     |        | xor_ln502_1      | xor        | auto                     | 0       |
|      and_ln502_1_fu_5260_p2                                                                                  |     |        | and_ln502_1      | and        | auto                     | 0       |
|      sparsemux_9_3_18_1_1_U5611                                                                              |     |        | storemerge4_i1   | sparsemux  | onehotencoding_realdef   | 0       |
|      mul_27s_18s_45_1_1_U5619                                                                                | 1   |        | mul_ln502        | mul        | auto                     | 0       |
|      icmp_ln502_5_fu_6264_p2                                                                                 |     |        | icmp_ln502_5     | setne      | auto                     | 0       |
|      add_ln502_1_fu_6269_p2                                                                                  |     |        | add_ln502_1      | add        | fabric                   | 0       |
|      select_ln502_4_fu_6274_p3                                                                               |     |        | select_ln502_4   | select     | auto_sel                 | 0       |
|      ref_tmp_i_i674_0_fu_6285_p3                                                                             |     |        | ref_tmp_i_i674_0 | select     | auto_sel                 | 0       |
|      add_ln502_2_fu_6297_p2                                                                                  |     |        | add_ln502_2      | add        | fabric                   | 0       |
|      sparsemux_17_3_27_1_1_U5598                                                                             |     |        | trunc_ln2        | sparsemux  | compactencoding_dontcare | 0       |
|      sparsemux_65_5_32_1_1_U5599                                                                             |     |        | tmp_75           | sparsemux  | compactencoding_dontcare | 0       |
|      fpext_32ns_64_2_no_dsp_1_U5588                                                                          |     |        | pf_2             | fpext      | auto                     | 1       |
|      sub_ln503_fu_4623_p2                                                                                    |     |        | sub_ln503        | sub        | fabric                   | 0       |
|      select_ln503_fu_4629_p3                                                                                 |     |        | select_ln503     | select     | auto_sel                 | 0       |
|      icmp_ln503_fu_4636_p2                                                                                   |     |        | icmp_ln503       | seteq      | auto                     | 0       |
|      sub_ln503_1_fu_4641_p2                                                                                  |     |        | sub_ln503_1      | sub        | fabric                   | 0       |
|      icmp_ln503_1_fu_4651_p2                                                                                 |     |        | icmp_ln503_1     | setgt      | auto                     | 0       |
|      add_ln503_fu_4657_p2                                                                                    |     |        | add_ln503        | add        | fabric                   | 0       |
|      sub_ln503_2_fu_4663_p2                                                                                  |     |        | sub_ln503_2      | sub        | fabric                   | 0       |
|      select_ln503_1_fu_4669_p3                                                                               |     |        | select_ln503_1   | select     | auto_sel                 | 0       |
|      icmp_ln503_2_fu_4677_p2                                                                                 |     |        | icmp_ln503_2     | seteq      | auto                     | 0       |
|      icmp_ln503_3_fu_5297_p2                                                                                 |     |        | icmp_ln503_3     | setlt      | auto                     | 0       |
|      select_ln503_5_fu_5302_p3                                                                               |     |        | select_ln503_5   | select     | auto_sel                 | 0       |
|      ashr_ln503_fu_5312_p2                                                                                   |     |        | ashr_ln503       | ashr       | auto_pipe                | 0       |
|      storemerge4_i2_fu_5384_p6                                                                               |     |        | select_ln503_2   | select     | auto_sel                 | 0       |
|      icmp_ln503_4_fu_5329_p2                                                                                 |     |        | icmp_ln503_4     | setlt      | auto                     | 0       |
|      shl_ln503_fu_5337_p2                                                                                    |     |        | shl_ln503        | shl        | auto_pipe                | 0       |
|      storemerge4_i2_fu_5384_p8                                                                               |     |        | select_ln503_3   | select     | auto_sel                 | 0       |
|      xor_ln503_fu_5350_p2                                                                                    |     |        | xor_ln503        | xor        | auto                     | 0       |
|      and_ln503_fu_5355_p2                                                                                    |     |        | and_ln503        | and        | auto                     | 0       |
|      or_ln503_fu_5360_p2                                                                                     |     |        | or_ln503         | or         | auto                     | 0       |
|      xor_ln503_1_fu_5364_p2                                                                                  |     |        | xor_ln503_1      | xor        | auto                     | 0       |
|      and_ln503_1_fu_5370_p2                                                                                  |     |        | and_ln503_1      | and        | auto                     | 0       |
|      sparsemux_9_3_18_1_1_U5612                                                                              |     |        | storemerge4_i2   | sparsemux  | onehotencoding_realdef   | 0       |
|      mul_27s_18s_45_1_1_U5620                                                                                | 1   |        | mul_ln503        | mul        | auto                     | 0       |
|      icmp_ln503_5_fu_6317_p2                                                                                 |     |        | icmp_ln503_5     | setne      | auto                     | 0       |
|      add_ln503_1_fu_6322_p2                                                                                  |     |        | add_ln503_1      | add        | fabric                   | 0       |
|      select_ln503_4_fu_6327_p3                                                                               |     |        | select_ln503_4   | select     | auto_sel                 | 0       |
|      ref_tmp_i_i546_0_fu_6338_p3                                                                             |     |        | ref_tmp_i_i546_0 | select     | auto_sel                 | 0       |
|      add_ln503_2_fu_6350_p2                                                                                  |     |        | add_ln503_2      | add        | fabric                   | 0       |
|      sparsemux_17_3_27_1_1_U5600                                                                             |     |        | trunc_ln3        | sparsemux  | compactencoding_dontcare | 0       |
|      sparsemux_65_5_32_1_1_U5601                                                                             |     |        | tmp_82           | sparsemux  | compactencoding_dontcare | 0       |
|      fpext_32ns_64_2_no_dsp_1_U5589                                                                          |     |        | pf_3             | fpext      | auto                     | 1       |
|      sub_ln504_fu_4701_p2                                                                                    |     |        | sub_ln504        | sub        | fabric                   | 0       |
|      select_ln504_fu_4707_p3                                                                                 |     |        | select_ln504     | select     | auto_sel                 | 0       |
|      icmp_ln504_fu_4714_p2                                                                                   |     |        | icmp_ln504       | seteq      | auto                     | 0       |
|      sub_ln504_1_fu_4719_p2                                                                                  |     |        | sub_ln504_1      | sub        | fabric                   | 0       |
|      icmp_ln504_1_fu_4729_p2                                                                                 |     |        | icmp_ln504_1     | setgt      | auto                     | 0       |
|      add_ln504_fu_4735_p2                                                                                    |     |        | add_ln504        | add        | fabric                   | 0       |
|      sub_ln504_2_fu_4741_p2                                                                                  |     |        | sub_ln504_2      | sub        | fabric                   | 0       |
|      select_ln504_1_fu_4747_p3                                                                               |     |        | select_ln504_1   | select     | auto_sel                 | 0       |
|      icmp_ln504_2_fu_4755_p2                                                                                 |     |        | icmp_ln504_2     | seteq      | auto                     | 0       |
|      icmp_ln504_3_fu_5407_p2                                                                                 |     |        | icmp_ln504_3     | setlt      | auto                     | 0       |
|      select_ln504_5_fu_5412_p3                                                                               |     |        | select_ln504_5   | select     | auto_sel                 | 0       |
|      ashr_ln504_fu_5422_p2                                                                                   |     |        | ashr_ln504       | ashr       | auto_pipe                | 0       |
|      storemerge4_i3_fu_5494_p6                                                                               |     |        | select_ln504_2   | select     | auto_sel                 | 0       |
|      icmp_ln504_4_fu_5439_p2                                                                                 |     |        | icmp_ln504_4     | setlt      | auto                     | 0       |
|      shl_ln504_fu_5447_p2                                                                                    |     |        | shl_ln504        | shl        | auto_pipe                | 0       |
|      storemerge4_i3_fu_5494_p8                                                                               |     |        | select_ln504_3   | select     | auto_sel                 | 0       |
|      xor_ln504_fu_5460_p2                                                                                    |     |        | xor_ln504        | xor        | auto                     | 0       |
|      and_ln504_fu_5465_p2                                                                                    |     |        | and_ln504        | and        | auto                     | 0       |
|      or_ln504_fu_5470_p2                                                                                     |     |        | or_ln504         | or         | auto                     | 0       |
|      xor_ln504_1_fu_5474_p2                                                                                  |     |        | xor_ln504_1      | xor        | auto                     | 0       |
|      and_ln504_1_fu_5480_p2                                                                                  |     |        | and_ln504_1      | and        | auto                     | 0       |
|      sparsemux_9_3_18_1_1_U5613                                                                              |     |        | storemerge4_i3   | sparsemux  | onehotencoding_realdef   | 0       |
|      mul_27s_18s_45_1_1_U5621                                                                                | 1   |        | mul_ln504        | mul        | auto                     | 0       |
|      icmp_ln504_5_fu_6370_p2                                                                                 |     |        | icmp_ln504_5     | setne      | auto                     | 0       |
|      add_ln504_1_fu_6375_p2                                                                                  |     |        | add_ln504_1      | add        | fabric                   | 0       |
|      select_ln504_4_fu_6380_p3                                                                               |     |        | select_ln504_4   | select     | auto_sel                 | 0       |
|      ref_tmp_i_i418_0_fu_6391_p3                                                                             |     |        | ref_tmp_i_i418_0 | select     | auto_sel                 | 0       |
|      add_ln504_2_fu_6403_p2                                                                                  |     |        | add_ln504_2      | add        | fabric                   | 0       |
|      sparsemux_17_3_27_1_1_U5602                                                                             |     |        | trunc_ln4        | sparsemux  | compactencoding_dontcare | 0       |
|      sparsemux_65_5_32_1_1_U5603                                                                             |     |        | tmp_89           | sparsemux  | compactencoding_dontcare | 0       |
|      fpext_32ns_64_2_no_dsp_1_U5590                                                                          |     |        | pf_4             | fpext      | auto                     | 1       |
|      sub_ln505_fu_4779_p2                                                                                    |     |        | sub_ln505        | sub        | fabric                   | 0       |
|      select_ln505_fu_4785_p3                                                                                 |     |        | select_ln505     | select     | auto_sel                 | 0       |
|      icmp_ln505_fu_4792_p2                                                                                   |     |        | icmp_ln505       | seteq      | auto                     | 0       |
|      sub_ln505_1_fu_4797_p2                                                                                  |     |        | sub_ln505_1      | sub        | fabric                   | 0       |
|      icmp_ln505_1_fu_4807_p2                                                                                 |     |        | icmp_ln505_1     | setgt      | auto                     | 0       |
|      add_ln505_fu_4813_p2                                                                                    |     |        | add_ln505        | add        | fabric                   | 0       |
|      sub_ln505_2_fu_4819_p2                                                                                  |     |        | sub_ln505_2      | sub        | fabric                   | 0       |
|      select_ln505_1_fu_4825_p3                                                                               |     |        | select_ln505_1   | select     | auto_sel                 | 0       |
|      icmp_ln505_2_fu_4833_p2                                                                                 |     |        | icmp_ln505_2     | seteq      | auto                     | 0       |
|      icmp_ln505_3_fu_5517_p2                                                                                 |     |        | icmp_ln505_3     | setlt      | auto                     | 0       |
|      select_ln505_5_fu_5522_p3                                                                               |     |        | select_ln505_5   | select     | auto_sel                 | 0       |
|      ashr_ln505_fu_5532_p2                                                                                   |     |        | ashr_ln505       | ashr       | auto_pipe                | 0       |
|      storemerge4_i4_fu_5604_p6                                                                               |     |        | select_ln505_2   | select     | auto_sel                 | 0       |
|      icmp_ln505_4_fu_5549_p2                                                                                 |     |        | icmp_ln505_4     | setlt      | auto                     | 0       |
|      shl_ln505_fu_5557_p2                                                                                    |     |        | shl_ln505        | shl        | auto_pipe                | 0       |
|      storemerge4_i4_fu_5604_p8                                                                               |     |        | select_ln505_3   | select     | auto_sel                 | 0       |
|      xor_ln505_fu_5570_p2                                                                                    |     |        | xor_ln505        | xor        | auto                     | 0       |
|      and_ln505_fu_5575_p2                                                                                    |     |        | and_ln505        | and        | auto                     | 0       |
|      or_ln505_fu_5580_p2                                                                                     |     |        | or_ln505         | or         | auto                     | 0       |
|      xor_ln505_1_fu_5584_p2                                                                                  |     |        | xor_ln505_1      | xor        | auto                     | 0       |
|      and_ln505_1_fu_5590_p2                                                                                  |     |        | and_ln505_1      | and        | auto                     | 0       |
|      sparsemux_9_3_18_1_1_U5614                                                                              |     |        | storemerge4_i4   | sparsemux  | onehotencoding_realdef   | 0       |
|      mul_27s_18s_45_1_1_U5622                                                                                | 1   |        | mul_ln505        | mul        | auto                     | 0       |
|      icmp_ln505_5_fu_6423_p2                                                                                 |     |        | icmp_ln505_5     | setne      | auto                     | 0       |
|      add_ln505_1_fu_6428_p2                                                                                  |     |        | add_ln505_1      | add        | fabric                   | 0       |
|      select_ln505_4_fu_6433_p3                                                                               |     |        | select_ln505_4   | select     | auto_sel                 | 0       |
|      ref_tmp_i_i290_0_fu_6444_p3                                                                             |     |        | ref_tmp_i_i290_0 | select     | auto_sel                 | 0       |
|      add_ln505_2_fu_6456_p2                                                                                  |     |        | add_ln505_2      | add        | fabric                   | 0       |
|      sparsemux_17_3_27_1_1_U5604                                                                             |     |        | trunc_ln5        | sparsemux  | compactencoding_dontcare | 0       |
|      sparsemux_65_5_32_1_1_U5605                                                                             |     |        | tmp_96           | sparsemux  | compactencoding_dontcare | 0       |
|      fpext_32ns_64_2_no_dsp_1_U5591                                                                          |     |        | pf_5             | fpext      | auto                     | 1       |
|      sub_ln506_fu_4857_p2                                                                                    |     |        | sub_ln506        | sub        | fabric                   | 0       |
|      select_ln506_fu_4863_p3                                                                                 |     |        | select_ln506     | select     | auto_sel                 | 0       |
|      icmp_ln506_fu_4870_p2                                                                                   |     |        | icmp_ln506       | seteq      | auto                     | 0       |
|      sub_ln506_1_fu_4875_p2                                                                                  |     |        | sub_ln506_1      | sub        | fabric                   | 0       |
|      icmp_ln506_1_fu_4885_p2                                                                                 |     |        | icmp_ln506_1     | setgt      | auto                     | 0       |
|      add_ln506_fu_4891_p2                                                                                    |     |        | add_ln506        | add        | fabric                   | 0       |
|      sub_ln506_2_fu_4897_p2                                                                                  |     |        | sub_ln506_2      | sub        | fabric                   | 0       |
|      select_ln506_1_fu_4903_p3                                                                               |     |        | select_ln506_1   | select     | auto_sel                 | 0       |
|      icmp_ln506_2_fu_4911_p2                                                                                 |     |        | icmp_ln506_2     | seteq      | auto                     | 0       |
|      icmp_ln506_3_fu_5627_p2                                                                                 |     |        | icmp_ln506_3     | setlt      | auto                     | 0       |
|      select_ln506_5_fu_5632_p3                                                                               |     |        | select_ln506_5   | select     | auto_sel                 | 0       |
|      ashr_ln506_fu_5642_p2                                                                                   |     |        | ashr_ln506       | ashr       | auto_pipe                | 0       |
|      storemerge4_i5_fu_5714_p6                                                                               |     |        | select_ln506_2   | select     | auto_sel                 | 0       |
|      icmp_ln506_4_fu_5659_p2                                                                                 |     |        | icmp_ln506_4     | setlt      | auto                     | 0       |
|      shl_ln506_fu_5667_p2                                                                                    |     |        | shl_ln506        | shl        | auto_pipe                | 0       |
|      storemerge4_i5_fu_5714_p8                                                                               |     |        | select_ln506_3   | select     | auto_sel                 | 0       |
|      xor_ln506_fu_5680_p2                                                                                    |     |        | xor_ln506        | xor        | auto                     | 0       |
|      and_ln506_fu_5685_p2                                                                                    |     |        | and_ln506        | and        | auto                     | 0       |
|      or_ln506_fu_5690_p2                                                                                     |     |        | or_ln506         | or         | auto                     | 0       |
|      xor_ln506_1_fu_5694_p2                                                                                  |     |        | xor_ln506_1      | xor        | auto                     | 0       |
|      and_ln506_1_fu_5700_p2                                                                                  |     |        | and_ln506_1      | and        | auto                     | 0       |
|      sparsemux_9_3_18_1_1_U5615                                                                              |     |        | storemerge4_i5   | sparsemux  | onehotencoding_realdef   | 0       |
|      mul_27s_18s_45_1_1_U5623                                                                                | 1   |        | mul_ln506        | mul        | auto                     | 0       |
|      icmp_ln506_5_fu_6476_p2                                                                                 |     |        | icmp_ln506_5     | setne      | auto                     | 0       |
|      add_ln506_1_fu_6481_p2                                                                                  |     |        | add_ln506_1      | add        | fabric                   | 0       |
|      select_ln506_4_fu_6486_p3                                                                               |     |        | select_ln506_4   | select     | auto_sel                 | 0       |
|      ref_tmp_i_i162_0_fu_6497_p3                                                                             |     |        | ref_tmp_i_i162_0 | select     | auto_sel                 | 0       |
|      add_ln506_2_fu_6509_p2                                                                                  |     |        | add_ln506_2      | add        | fabric                   | 0       |
|      sparsemux_17_3_27_1_1_U5606                                                                             |     |        | trunc_ln6        | sparsemux  | compactencoding_dontcare | 0       |
|      sparsemux_65_5_32_1_1_U5607                                                                             |     |        | tmp_103          | sparsemux  | compactencoding_dontcare | 0       |
|      fpext_32ns_64_2_no_dsp_1_U5592                                                                          |     |        | pf_6             | fpext      | auto                     | 1       |
|      sub_ln507_fu_4935_p2                                                                                    |     |        | sub_ln507        | sub        | fabric                   | 0       |
|      select_ln507_fu_4941_p3                                                                                 |     |        | select_ln507     | select     | auto_sel                 | 0       |
|      icmp_ln507_fu_4948_p2                                                                                   |     |        | icmp_ln507       | seteq      | auto                     | 0       |
|      sub_ln507_1_fu_4953_p2                                                                                  |     |        | sub_ln507_1      | sub        | fabric                   | 0       |
|      icmp_ln507_1_fu_4963_p2                                                                                 |     |        | icmp_ln507_1     | setgt      | auto                     | 0       |
|      add_ln507_fu_4969_p2                                                                                    |     |        | add_ln507        | add        | fabric                   | 0       |
|      sub_ln507_2_fu_4975_p2                                                                                  |     |        | sub_ln507_2      | sub        | fabric                   | 0       |
|      select_ln507_1_fu_4981_p3                                                                               |     |        | select_ln507_1   | select     | auto_sel                 | 0       |
|      icmp_ln507_2_fu_4989_p2                                                                                 |     |        | icmp_ln507_2     | seteq      | auto                     | 0       |
|      icmp_ln507_3_fu_5737_p2                                                                                 |     |        | icmp_ln507_3     | setlt      | auto                     | 0       |
|      select_ln507_5_fu_5742_p3                                                                               |     |        | select_ln507_5   | select     | auto_sel                 | 0       |
|      ashr_ln507_fu_5752_p2                                                                                   |     |        | ashr_ln507       | ashr       | auto_pipe                | 0       |
|      storemerge4_i6_fu_5824_p6                                                                               |     |        | select_ln507_2   | select     | auto_sel                 | 0       |
|      icmp_ln507_4_fu_5769_p2                                                                                 |     |        | icmp_ln507_4     | setlt      | auto                     | 0       |
|      shl_ln507_fu_5777_p2                                                                                    |     |        | shl_ln507        | shl        | auto_pipe                | 0       |
|      storemerge4_i6_fu_5824_p8                                                                               |     |        | select_ln507_3   | select     | auto_sel                 | 0       |
|      xor_ln507_fu_5790_p2                                                                                    |     |        | xor_ln507        | xor        | auto                     | 0       |
|      and_ln507_fu_5795_p2                                                                                    |     |        | and_ln507        | and        | auto                     | 0       |
|      or_ln507_fu_5800_p2                                                                                     |     |        | or_ln507         | or         | auto                     | 0       |
|      xor_ln507_1_fu_5804_p2                                                                                  |     |        | xor_ln507_1      | xor        | auto                     | 0       |
|      and_ln507_1_fu_5810_p2                                                                                  |     |        | and_ln507_1      | and        | auto                     | 0       |
|      sparsemux_9_3_18_1_1_U5616                                                                              |     |        | storemerge4_i6   | sparsemux  | onehotencoding_realdef   | 0       |
|      mul_27s_18s_45_1_1_U5624                                                                                | 1   |        | mul_ln507        | mul        | auto                     | 0       |
|      icmp_ln507_5_fu_6529_p2                                                                                 |     |        | icmp_ln507_5     | setne      | auto                     | 0       |
|      add_ln507_1_fu_6534_p2                                                                                  |     |        | add_ln507_1      | add        | fabric                   | 0       |
|      select_ln507_4_fu_6539_p3                                                                               |     |        | select_ln507_4   | select     | auto_sel                 | 0       |
|      ref_tmp_i_i34_0_fu_6550_p3                                                                              |     |        | ref_tmp_i_i34_0  | select     | auto_sel                 | 0       |
|      add_ln507_2_fu_6562_p2                                                                                  |     |        | add_ln507_2      | add        | fabric                   | 0       |
|      sparsemux_17_3_27_1_1_U5608                                                                             |     |        | trunc_ln7        | sparsemux  | compactencoding_dontcare | 0       |
|      sparsemux_65_5_32_1_1_U5609                                                                             |     |        | tmp_110          | sparsemux  | compactencoding_dontcare | 0       |
|      fpext_32ns_64_2_no_dsp_1_U5593                                                                          |     |        | pf_7             | fpext      | auto                     | 1       |
|      sub_ln508_fu_5013_p2                                                                                    |     |        | sub_ln508        | sub        | fabric                   | 0       |
|      select_ln508_fu_5019_p3                                                                                 |     |        | select_ln508     | select     | auto_sel                 | 0       |
|      icmp_ln508_fu_5026_p2                                                                                   |     |        | icmp_ln508       | seteq      | auto                     | 0       |
|      sub_ln508_1_fu_5031_p2                                                                                  |     |        | sub_ln508_1      | sub        | fabric                   | 0       |
|      icmp_ln508_1_fu_5041_p2                                                                                 |     |        | icmp_ln508_1     | setgt      | auto                     | 0       |
|      add_ln508_fu_5047_p2                                                                                    |     |        | add_ln508        | add        | fabric                   | 0       |
|      sub_ln508_2_fu_5053_p2                                                                                  |     |        | sub_ln508_2      | sub        | fabric                   | 0       |
|      select_ln508_1_fu_5059_p3                                                                               |     |        | select_ln508_1   | select     | auto_sel                 | 0       |
|      icmp_ln508_2_fu_5067_p2                                                                                 |     |        | icmp_ln508_2     | seteq      | auto                     | 0       |
|      icmp_ln508_3_fu_5847_p2                                                                                 |     |        | icmp_ln508_3     | setlt      | auto                     | 0       |
|      select_ln508_5_fu_5852_p3                                                                               |     |        | select_ln508_5   | select     | auto_sel                 | 0       |
|      ashr_ln508_fu_5862_p2                                                                                   |     |        | ashr_ln508       | ashr       | auto_pipe                | 0       |
|      storemerge4_i7_fu_5934_p6                                                                               |     |        | select_ln508_2   | select     | auto_sel                 | 0       |
|      icmp_ln508_4_fu_5879_p2                                                                                 |     |        | icmp_ln508_4     | setlt      | auto                     | 0       |
|      shl_ln508_fu_5887_p2                                                                                    |     |        | shl_ln508        | shl        | auto_pipe                | 0       |
|      storemerge4_i7_fu_5934_p8                                                                               |     |        | select_ln508_3   | select     | auto_sel                 | 0       |
|      xor_ln508_fu_5900_p2                                                                                    |     |        | xor_ln508        | xor        | auto                     | 0       |
|      and_ln508_fu_5905_p2                                                                                    |     |        | and_ln508        | and        | auto                     | 0       |
|      or_ln508_fu_5910_p2                                                                                     |     |        | or_ln508         | or         | auto                     | 0       |
|      xor_ln508_1_fu_5914_p2                                                                                  |     |        | xor_ln508_1      | xor        | auto                     | 0       |
|      and_ln508_1_fu_5920_p2                                                                                  |     |        | and_ln508_1      | and        | auto                     | 0       |
|      sparsemux_9_3_18_1_1_U5617                                                                              |     |        | storemerge4_i7   | sparsemux  | onehotencoding_realdef   | 0       |
|      mul_27s_18s_45_1_1_U5625                                                                                | 1   |        | mul_ln508        | mul        | auto                     | 0       |
|      icmp_ln508_5_fu_6582_p2                                                                                 |     |        | icmp_ln508_5     | setne      | auto                     | 0       |
|      add_ln508_1_fu_6587_p2                                                                                  |     |        | add_ln508_1      | add        | fabric                   | 0       |
|      select_ln508_4_fu_6592_p3                                                                               |     |        | select_ln508_4   | select     | auto_sel                 | 0       |
|      ref_tmp_i_i_0_fu_6603_p3                                                                                |     |        | ref_tmp_i_i_0    | select     | auto_sel                 | 0       |
|      add_ln508_2_fu_6615_p2                                                                                  |     |        | add_ln508_2      | add        | fabric                   | 0       |
|   + compute_output_Pipeline_1                                                                                | 0   |        |                  |            |                          |         |
|     exitcond3_i_fu_101_p2                                                                                    |     |        | exitcond3_i      | seteq      | auto                     | 0       |
|     empty_fu_107_p2                                                                                          |     |        | empty            | add        | fabric                   | 0       |
+--------------------------------------------------------------------------------------------------------------+-----+--------+------------------+------------+--------------------------+---------+


================================================================
== Storage Report
================================================================
+--------------------+----------------+------------+------+------+--------+---------------+--------+---------+------------------+
| Name               | Usage          | Type       | BRAM | URAM | Pragma | Variable      | Impl   | Latency | Bitwidth, Depth, |
|                    |                |            |      |      |        |               |        |         | Banks            |
+--------------------+----------------+------------+------+------+--------+---------------+--------+---------+------------------+
| + swiglu           |                |            | 206  | 8    |        |               |        |         |                  |
|   CTRL_s_axi_U     | interface      | s_axilite  |      |      |        |               |        |         |                  |
|   gmem_V_m_axi_U   | interface      | m_axi      | 8    |      |        |               |        |         |                  |
|   gmem_W_m_axi_U   | interface      | m_axi      | 8    |      |        |               |        |         |                  |
|   gmem_Wd_m_axi_U  | interface      | m_axi      | 8    |      |        |               |        |         |                  |
|   gmem_out_m_axi_U | interface      | m_axi      | 2    |      |        |               |        |         |                  |
|   gmem_x_m_axi_U   | interface      | m_axi      | 8    |      |        |               |        |         |                  |
|   x_local_1_U      | ram_1p channel | pipo       |      |      |        | x_local_1     | lutram | 1       | 8, 16, 2         |
|   x_local_1_1_U    | ram_1p channel | pipo       |      |      |        | x_local_1_1   | lutram | 1       | 8, 16, 2         |
|   x_local_1_2_U    | ram_1p channel | pipo       |      |      |        | x_local_1_2   | lutram | 1       | 8, 16, 2         |
|   x_local_1_3_U    | ram_1p channel | pipo       |      |      |        | x_local_1_3   | lutram | 1       | 8, 16, 2         |
|   x_local_1_4_U    | ram_1p channel | pipo       |      |      |        | x_local_1_4   | lutram | 1       | 8, 16, 2         |
|   x_local_1_5_U    | ram_1p channel | pipo       |      |      |        | x_local_1_5   | lutram | 1       | 8, 16, 2         |
|   x_local_1_6_U    | ram_1p channel | pipo       |      |      |        | x_local_1_6   | lutram | 1       | 8, 16, 2         |
|   x_local_1_7_U    | ram_1p channel | pipo       |      |      |        | x_local_1_7   | lutram | 1       | 8, 16, 2         |
|   x_local_1_8_U    | ram_1p channel | pipo       |      |      |        | x_local_1_8   | lutram | 1       | 8, 16, 2         |
|   x_local_1_9_U    | ram_1p channel | pipo       |      |      |        | x_local_1_9   | lutram | 1       | 8, 16, 2         |
|   x_local_1_10_U   | ram_1p channel | pipo       |      |      |        | x_local_1_10  | lutram | 1       | 8, 16, 2         |
|   x_local_1_11_U   | ram_1p channel | pipo       |      |      |        | x_local_1_11  | lutram | 1       | 8, 16, 2         |
|   x_local_1_12_U   | ram_1p channel | pipo       |      |      |        | x_local_1_12  | lutram | 1       | 8, 16, 2         |
|   x_local_1_13_U   | ram_1p channel | pipo       |      |      |        | x_local_1_13  | lutram | 1       | 8, 16, 2         |
|   x_local_1_14_U   | ram_1p channel | pipo       |      |      |        | x_local_1_14  | lutram | 1       | 8, 16, 2         |
|   x_local_1_15_U   | ram_1p channel | pipo       |      |      |        | x_local_1_15  | lutram | 1       | 8, 16, 2         |
|   x_local_1_16_U   | ram_1p channel | pipo       |      |      |        | x_local_1_16  | lutram | 1       | 8, 16, 2         |
|   x_local_1_17_U   | ram_1p channel | pipo       |      |      |        | x_local_1_17  | lutram | 1       | 8, 16, 2         |
|   x_local_1_18_U   | ram_1p channel | pipo       |      |      |        | x_local_1_18  | lutram | 1       | 8, 16, 2         |
|   x_local_1_19_U   | ram_1p channel | pipo       |      |      |        | x_local_1_19  | lutram | 1       | 8, 16, 2         |
|   x_local_1_20_U   | ram_1p channel | pipo       |      |      |        | x_local_1_20  | lutram | 1       | 8, 16, 2         |
|   x_local_1_21_U   | ram_1p channel | pipo       |      |      |        | x_local_1_21  | lutram | 1       | 8, 16, 2         |
|   x_local_1_22_U   | ram_1p channel | pipo       |      |      |        | x_local_1_22  | lutram | 1       | 8, 16, 2         |
|   x_local_1_23_U   | ram_1p channel | pipo       |      |      |        | x_local_1_23  | lutram | 1       | 8, 16, 2         |
|   x_local_1_24_U   | ram_1p channel | pipo       |      |      |        | x_local_1_24  | lutram | 1       | 8, 16, 2         |
|   x_local_1_25_U   | ram_1p channel | pipo       |      |      |        | x_local_1_25  | lutram | 1       | 8, 16, 2         |
|   x_local_1_26_U   | ram_1p channel | pipo       |      |      |        | x_local_1_26  | lutram | 1       | 8, 16, 2         |
|   x_local_1_27_U   | ram_1p channel | pipo       |      |      |        | x_local_1_27  | lutram | 1       | 8, 16, 2         |
|   x_local_1_28_U   | ram_1p channel | pipo       |      |      |        | x_local_1_28  | lutram | 1       | 8, 16, 2         |
|   x_local_1_29_U   | ram_1p channel | pipo       |      |      |        | x_local_1_29  | lutram | 1       | 8, 16, 2         |
|   x_local_1_30_U   | ram_1p channel | pipo       |      |      |        | x_local_1_30  | lutram | 1       | 8, 16, 2         |
|   x_local_1_31_U   | ram_1p channel | pipo       |      |      |        | x_local_1_31  | lutram | 1       | 8, 16, 2         |
|   x_local_1_32_U   | ram_1p channel | pipo       |      |      |        | x_local_1_32  | lutram | 1       | 8, 16, 2         |
|   x_local_1_33_U   | ram_1p channel | pipo       |      |      |        | x_local_1_33  | lutram | 1       | 8, 16, 2         |
|   x_local_1_34_U   | ram_1p channel | pipo       |      |      |        | x_local_1_34  | lutram | 1       | 8, 16, 2         |
|   x_local_1_35_U   | ram_1p channel | pipo       |      |      |        | x_local_1_35  | lutram | 1       | 8, 16, 2         |
|   x_local_1_36_U   | ram_1p channel | pipo       |      |      |        | x_local_1_36  | lutram | 1       | 8, 16, 2         |
|   x_local_1_37_U   | ram_1p channel | pipo       |      |      |        | x_local_1_37  | lutram | 1       | 8, 16, 2         |
|   x_local_1_38_U   | ram_1p channel | pipo       |      |      |        | x_local_1_38  | lutram | 1       | 8, 16, 2         |
|   x_local_1_39_U   | ram_1p channel | pipo       |      |      |        | x_local_1_39  | lutram | 1       | 8, 16, 2         |
|   x_local_1_40_U   | ram_1p channel | pipo       |      |      |        | x_local_1_40  | lutram | 1       | 8, 16, 2         |
|   x_local_1_41_U   | ram_1p channel | pipo       |      |      |        | x_local_1_41  | lutram | 1       | 8, 16, 2         |
|   x_local_1_42_U   | ram_1p channel | pipo       |      |      |        | x_local_1_42  | lutram | 1       | 8, 16, 2         |
|   x_local_1_43_U   | ram_1p channel | pipo       |      |      |        | x_local_1_43  | lutram | 1       | 8, 16, 2         |
|   x_local_1_44_U   | ram_1p channel | pipo       |      |      |        | x_local_1_44  | lutram | 1       | 8, 16, 2         |
|   x_local_1_45_U   | ram_1p channel | pipo       |      |      |        | x_local_1_45  | lutram | 1       | 8, 16, 2         |
|   x_local_1_46_U   | ram_1p channel | pipo       |      |      |        | x_local_1_46  | lutram | 1       | 8, 16, 2         |
|   x_local_1_47_U   | ram_1p channel | pipo       |      |      |        | x_local_1_47  | lutram | 1       | 8, 16, 2         |
|   x_local_1_48_U   | ram_1p channel | pipo       |      |      |        | x_local_1_48  | lutram | 1       | 8, 16, 2         |
|   x_local_1_49_U   | ram_1p channel | pipo       |      |      |        | x_local_1_49  | lutram | 1       | 8, 16, 2         |
|   x_local_1_50_U   | ram_1p channel | pipo       |      |      |        | x_local_1_50  | lutram | 1       | 8, 16, 2         |
|   x_local_1_51_U   | ram_1p channel | pipo       |      |      |        | x_local_1_51  | lutram | 1       | 8, 16, 2         |
|   x_local_1_52_U   | ram_1p channel | pipo       |      |      |        | x_local_1_52  | lutram | 1       | 8, 16, 2         |
|   x_local_1_53_U   | ram_1p channel | pipo       |      |      |        | x_local_1_53  | lutram | 1       | 8, 16, 2         |
|   x_local_1_54_U   | ram_1p channel | pipo       |      |      |        | x_local_1_54  | lutram | 1       | 8, 16, 2         |
|   x_local_1_55_U   | ram_1p channel | pipo       |      |      |        | x_local_1_55  | lutram | 1       | 8, 16, 2         |
|   x_local_1_56_U   | ram_1p channel | pipo       |      |      |        | x_local_1_56  | lutram | 1       | 8, 16, 2         |
|   x_local_1_57_U   | ram_1p channel | pipo       |      |      |        | x_local_1_57  | lutram | 1       | 8, 16, 2         |
|   x_local_1_58_U   | ram_1p channel | pipo       |      |      |        | x_local_1_58  | lutram | 1       | 8, 16, 2         |
|   x_local_1_59_U   | ram_1p channel | pipo       |      |      |        | x_local_1_59  | lutram | 1       | 8, 16, 2         |
|   x_local_1_60_U   | ram_1p channel | pipo       |      |      |        | x_local_1_60  | lutram | 1       | 8, 16, 2         |
|   x_local_1_61_U   | ram_1p channel | pipo       |      |      |        | x_local_1_61  | lutram | 1       | 8, 16, 2         |
|   x_local_1_62_U   | ram_1p channel | pipo       |      |      |        | x_local_1_62  | lutram | 1       | 8, 16, 2         |
|   x_local_1_63_U   | ram_1p channel | pipo       |      |      |        | x_local_1_63  | lutram | 1       | 8, 16, 2         |
|   x_local_1_64_U   | ram_1p channel | pipo       |      |      |        | x_local_1_64  | lutram | 1       | 8, 16, 2         |
|   x_local_1_65_U   | ram_1p channel | pipo       |      |      |        | x_local_1_65  | lutram | 1       | 8, 16, 2         |
|   x_local_1_66_U   | ram_1p channel | pipo       |      |      |        | x_local_1_66  | lutram | 1       | 8, 16, 2         |
|   x_local_1_67_U   | ram_1p channel | pipo       |      |      |        | x_local_1_67  | lutram | 1       | 8, 16, 2         |
|   x_local_1_68_U   | ram_1p channel | pipo       |      |      |        | x_local_1_68  | lutram | 1       | 8, 16, 2         |
|   x_local_1_69_U   | ram_1p channel | pipo       |      |      |        | x_local_1_69  | lutram | 1       | 8, 16, 2         |
|   x_local_1_70_U   | ram_1p channel | pipo       |      |      |        | x_local_1_70  | lutram | 1       | 8, 16, 2         |
|   x_local_1_71_U   | ram_1p channel | pipo       |      |      |        | x_local_1_71  | lutram | 1       | 8, 16, 2         |
|   x_local_1_72_U   | ram_1p channel | pipo       |      |      |        | x_local_1_72  | lutram | 1       | 8, 16, 2         |
|   x_local_1_73_U   | ram_1p channel | pipo       |      |      |        | x_local_1_73  | lutram | 1       | 8, 16, 2         |
|   x_local_1_74_U   | ram_1p channel | pipo       |      |      |        | x_local_1_74  | lutram | 1       | 8, 16, 2         |
|   x_local_1_75_U   | ram_1p channel | pipo       |      |      |        | x_local_1_75  | lutram | 1       | 8, 16, 2         |
|   x_local_1_76_U   | ram_1p channel | pipo       |      |      |        | x_local_1_76  | lutram | 1       | 8, 16, 2         |
|   x_local_1_77_U   | ram_1p channel | pipo       |      |      |        | x_local_1_77  | lutram | 1       | 8, 16, 2         |
|   x_local_1_78_U   | ram_1p channel | pipo       |      |      |        | x_local_1_78  | lutram | 1       | 8, 16, 2         |
|   x_local_1_79_U   | ram_1p channel | pipo       |      |      |        | x_local_1_79  | lutram | 1       | 8, 16, 2         |
|   x_local_1_80_U   | ram_1p channel | pipo       |      |      |        | x_local_1_80  | lutram | 1       | 8, 16, 2         |
|   x_local_1_81_U   | ram_1p channel | pipo       |      |      |        | x_local_1_81  | lutram | 1       | 8, 16, 2         |
|   x_local_1_82_U   | ram_1p channel | pipo       |      |      |        | x_local_1_82  | lutram | 1       | 8, 16, 2         |
|   x_local_1_83_U   | ram_1p channel | pipo       |      |      |        | x_local_1_83  | lutram | 1       | 8, 16, 2         |
|   x_local_1_84_U   | ram_1p channel | pipo       |      |      |        | x_local_1_84  | lutram | 1       | 8, 16, 2         |
|   x_local_1_85_U   | ram_1p channel | pipo       |      |      |        | x_local_1_85  | lutram | 1       | 8, 16, 2         |
|   x_local_1_86_U   | ram_1p channel | pipo       |      |      |        | x_local_1_86  | lutram | 1       | 8, 16, 2         |
|   x_local_1_87_U   | ram_1p channel | pipo       |      |      |        | x_local_1_87  | lutram | 1       | 8, 16, 2         |
|   x_local_1_88_U   | ram_1p channel | pipo       |      |      |        | x_local_1_88  | lutram | 1       | 8, 16, 2         |
|   x_local_1_89_U   | ram_1p channel | pipo       |      |      |        | x_local_1_89  | lutram | 1       | 8, 16, 2         |
|   x_local_1_90_U   | ram_1p channel | pipo       |      |      |        | x_local_1_90  | lutram | 1       | 8, 16, 2         |
|   x_local_1_91_U   | ram_1p channel | pipo       |      |      |        | x_local_1_91  | lutram | 1       | 8, 16, 2         |
|   x_local_1_92_U   | ram_1p channel | pipo       |      |      |        | x_local_1_92  | lutram | 1       | 8, 16, 2         |
|   x_local_1_93_U   | ram_1p channel | pipo       |      |      |        | x_local_1_93  | lutram | 1       | 8, 16, 2         |
|   x_local_1_94_U   | ram_1p channel | pipo       |      |      |        | x_local_1_94  | lutram | 1       | 8, 16, 2         |
|   x_local_1_95_U   | ram_1p channel | pipo       |      |      |        | x_local_1_95  | lutram | 1       | 8, 16, 2         |
|   x_local_1_96_U   | ram_1p channel | pipo       |      |      |        | x_local_1_96  | lutram | 1       | 8, 16, 2         |
|   x_local_1_97_U   | ram_1p channel | pipo       |      |      |        | x_local_1_97  | lutram | 1       | 8, 16, 2         |
|   x_local_1_98_U   | ram_1p channel | pipo       |      |      |        | x_local_1_98  | lutram | 1       | 8, 16, 2         |
|   x_local_1_99_U   | ram_1p channel | pipo       |      |      |        | x_local_1_99  | lutram | 1       | 8, 16, 2         |
|   x_local_1_100_U  | ram_1p channel | pipo       |      |      |        | x_local_1_100 | lutram | 1       | 8, 16, 2         |
|   x_local_1_101_U  | ram_1p channel | pipo       |      |      |        | x_local_1_101 | lutram | 1       | 8, 16, 2         |
|   x_local_1_102_U  | ram_1p channel | pipo       |      |      |        | x_local_1_102 | lutram | 1       | 8, 16, 2         |
|   x_local_1_103_U  | ram_1p channel | pipo       |      |      |        | x_local_1_103 | lutram | 1       | 8, 16, 2         |
|   x_local_1_104_U  | ram_1p channel | pipo       |      |      |        | x_local_1_104 | lutram | 1       | 8, 16, 2         |
|   x_local_1_105_U  | ram_1p channel | pipo       |      |      |        | x_local_1_105 | lutram | 1       | 8, 16, 2         |
|   x_local_1_106_U  | ram_1p channel | pipo       |      |      |        | x_local_1_106 | lutram | 1       | 8, 16, 2         |
|   x_local_1_107_U  | ram_1p channel | pipo       |      |      |        | x_local_1_107 | lutram | 1       | 8, 16, 2         |
|   x_local_1_108_U  | ram_1p channel | pipo       |      |      |        | x_local_1_108 | lutram | 1       | 8, 16, 2         |
|   x_local_1_109_U  | ram_1p channel | pipo       |      |      |        | x_local_1_109 | lutram | 1       | 8, 16, 2         |
|   x_local_1_110_U  | ram_1p channel | pipo       |      |      |        | x_local_1_110 | lutram | 1       | 8, 16, 2         |
|   x_local_1_111_U  | ram_1p channel | pipo       |      |      |        | x_local_1_111 | lutram | 1       | 8, 16, 2         |
|   x_local_1_112_U  | ram_1p channel | pipo       |      |      |        | x_local_1_112 | lutram | 1       | 8, 16, 2         |
|   x_local_1_113_U  | ram_1p channel | pipo       |      |      |        | x_local_1_113 | lutram | 1       | 8, 16, 2         |
|   x_local_1_114_U  | ram_1p channel | pipo       |      |      |        | x_local_1_114 | lutram | 1       | 8, 16, 2         |
|   x_local_1_115_U  | ram_1p channel | pipo       |      |      |        | x_local_1_115 | lutram | 1       | 8, 16, 2         |
|   x_local_1_116_U  | ram_1p channel | pipo       |      |      |        | x_local_1_116 | lutram | 1       | 8, 16, 2         |
|   x_local_1_117_U  | ram_1p channel | pipo       |      |      |        | x_local_1_117 | lutram | 1       | 8, 16, 2         |
|   x_local_1_118_U  | ram_1p channel | pipo       |      |      |        | x_local_1_118 | lutram | 1       | 8, 16, 2         |
|   x_local_1_119_U  | ram_1p channel | pipo       |      |      |        | x_local_1_119 | lutram | 1       | 8, 16, 2         |
|   x_local_1_120_U  | ram_1p channel | pipo       |      |      |        | x_local_1_120 | lutram | 1       | 8, 16, 2         |
|   x_local_1_121_U  | ram_1p channel | pipo       |      |      |        | x_local_1_121 | lutram | 1       | 8, 16, 2         |
|   x_local_1_122_U  | ram_1p channel | pipo       |      |      |        | x_local_1_122 | lutram | 1       | 8, 16, 2         |
|   x_local_1_123_U  | ram_1p channel | pipo       |      |      |        | x_local_1_123 | lutram | 1       | 8, 16, 2         |
|   x_local_1_124_U  | ram_1p channel | pipo       |      |      |        | x_local_1_124 | lutram | 1       | 8, 16, 2         |
|   x_local_1_125_U  | ram_1p channel | pipo       |      |      |        | x_local_1_125 | lutram | 1       | 8, 16, 2         |
|   x_local_1_126_U  | ram_1p channel | pipo       |      |      |        | x_local_1_126 | lutram | 1       | 8, 16, 2         |
|   x_local_1_127_U  | ram_1p channel | pipo       |      |      |        | x_local_1_127 | lutram | 1       | 8, 16, 2         |
|   x_local_2_U      | ram_1p channel | pipo       |      |      |        | x_local_2     | lutram | 1       | 8, 16, 2         |
|   x_local_2_1_U    | ram_1p channel | pipo       |      |      |        | x_local_2_1   | lutram | 1       | 8, 16, 2         |
|   x_local_2_2_U    | ram_1p channel | pipo       |      |      |        | x_local_2_2   | lutram | 1       | 8, 16, 2         |
|   x_local_2_3_U    | ram_1p channel | pipo       |      |      |        | x_local_2_3   | lutram | 1       | 8, 16, 2         |
|   x_local_2_4_U    | ram_1p channel | pipo       |      |      |        | x_local_2_4   | lutram | 1       | 8, 16, 2         |
|   x_local_2_5_U    | ram_1p channel | pipo       |      |      |        | x_local_2_5   | lutram | 1       | 8, 16, 2         |
|   x_local_2_6_U    | ram_1p channel | pipo       |      |      |        | x_local_2_6   | lutram | 1       | 8, 16, 2         |
|   x_local_2_7_U    | ram_1p channel | pipo       |      |      |        | x_local_2_7   | lutram | 1       | 8, 16, 2         |
|   x_local_2_8_U    | ram_1p channel | pipo       |      |      |        | x_local_2_8   | lutram | 1       | 8, 16, 2         |
|   x_local_2_9_U    | ram_1p channel | pipo       |      |      |        | x_local_2_9   | lutram | 1       | 8, 16, 2         |
|   x_local_2_10_U   | ram_1p channel | pipo       |      |      |        | x_local_2_10  | lutram | 1       | 8, 16, 2         |
|   x_local_2_11_U   | ram_1p channel | pipo       |      |      |        | x_local_2_11  | lutram | 1       | 8, 16, 2         |
|   x_local_2_12_U   | ram_1p channel | pipo       |      |      |        | x_local_2_12  | lutram | 1       | 8, 16, 2         |
|   x_local_2_13_U   | ram_1p channel | pipo       |      |      |        | x_local_2_13  | lutram | 1       | 8, 16, 2         |
|   x_local_2_14_U   | ram_1p channel | pipo       |      |      |        | x_local_2_14  | lutram | 1       | 8, 16, 2         |
|   x_local_2_15_U   | ram_1p channel | pipo       |      |      |        | x_local_2_15  | lutram | 1       | 8, 16, 2         |
|   x_local_2_16_U   | ram_1p channel | pipo       |      |      |        | x_local_2_16  | lutram | 1       | 8, 16, 2         |
|   x_local_2_17_U   | ram_1p channel | pipo       |      |      |        | x_local_2_17  | lutram | 1       | 8, 16, 2         |
|   x_local_2_18_U   | ram_1p channel | pipo       |      |      |        | x_local_2_18  | lutram | 1       | 8, 16, 2         |
|   x_local_2_19_U   | ram_1p channel | pipo       |      |      |        | x_local_2_19  | lutram | 1       | 8, 16, 2         |
|   x_local_2_20_U   | ram_1p channel | pipo       |      |      |        | x_local_2_20  | lutram | 1       | 8, 16, 2         |
|   x_local_2_21_U   | ram_1p channel | pipo       |      |      |        | x_local_2_21  | lutram | 1       | 8, 16, 2         |
|   x_local_2_22_U   | ram_1p channel | pipo       |      |      |        | x_local_2_22  | lutram | 1       | 8, 16, 2         |
|   x_local_2_23_U   | ram_1p channel | pipo       |      |      |        | x_local_2_23  | lutram | 1       | 8, 16, 2         |
|   x_local_2_24_U   | ram_1p channel | pipo       |      |      |        | x_local_2_24  | lutram | 1       | 8, 16, 2         |
|   x_local_2_25_U   | ram_1p channel | pipo       |      |      |        | x_local_2_25  | lutram | 1       | 8, 16, 2         |
|   x_local_2_26_U   | ram_1p channel | pipo       |      |      |        | x_local_2_26  | lutram | 1       | 8, 16, 2         |
|   x_local_2_27_U   | ram_1p channel | pipo       |      |      |        | x_local_2_27  | lutram | 1       | 8, 16, 2         |
|   x_local_2_28_U   | ram_1p channel | pipo       |      |      |        | x_local_2_28  | lutram | 1       | 8, 16, 2         |
|   x_local_2_29_U   | ram_1p channel | pipo       |      |      |        | x_local_2_29  | lutram | 1       | 8, 16, 2         |
|   x_local_2_30_U   | ram_1p channel | pipo       |      |      |        | x_local_2_30  | lutram | 1       | 8, 16, 2         |
|   x_local_2_31_U   | ram_1p channel | pipo       |      |      |        | x_local_2_31  | lutram | 1       | 8, 16, 2         |
|   x_local_2_32_U   | ram_1p channel | pipo       |      |      |        | x_local_2_32  | lutram | 1       | 8, 16, 2         |
|   x_local_2_33_U   | ram_1p channel | pipo       |      |      |        | x_local_2_33  | lutram | 1       | 8, 16, 2         |
|   x_local_2_34_U   | ram_1p channel | pipo       |      |      |        | x_local_2_34  | lutram | 1       | 8, 16, 2         |
|   x_local_2_35_U   | ram_1p channel | pipo       |      |      |        | x_local_2_35  | lutram | 1       | 8, 16, 2         |
|   x_local_2_36_U   | ram_1p channel | pipo       |      |      |        | x_local_2_36  | lutram | 1       | 8, 16, 2         |
|   x_local_2_37_U   | ram_1p channel | pipo       |      |      |        | x_local_2_37  | lutram | 1       | 8, 16, 2         |
|   x_local_2_38_U   | ram_1p channel | pipo       |      |      |        | x_local_2_38  | lutram | 1       | 8, 16, 2         |
|   x_local_2_39_U   | ram_1p channel | pipo       |      |      |        | x_local_2_39  | lutram | 1       | 8, 16, 2         |
|   x_local_2_40_U   | ram_1p channel | pipo       |      |      |        | x_local_2_40  | lutram | 1       | 8, 16, 2         |
|   x_local_2_41_U   | ram_1p channel | pipo       |      |      |        | x_local_2_41  | lutram | 1       | 8, 16, 2         |
|   x_local_2_42_U   | ram_1p channel | pipo       |      |      |        | x_local_2_42  | lutram | 1       | 8, 16, 2         |
|   x_local_2_43_U   | ram_1p channel | pipo       |      |      |        | x_local_2_43  | lutram | 1       | 8, 16, 2         |
|   x_local_2_44_U   | ram_1p channel | pipo       |      |      |        | x_local_2_44  | lutram | 1       | 8, 16, 2         |
|   x_local_2_45_U   | ram_1p channel | pipo       |      |      |        | x_local_2_45  | lutram | 1       | 8, 16, 2         |
|   x_local_2_46_U   | ram_1p channel | pipo       |      |      |        | x_local_2_46  | lutram | 1       | 8, 16, 2         |
|   x_local_2_47_U   | ram_1p channel | pipo       |      |      |        | x_local_2_47  | lutram | 1       | 8, 16, 2         |
|   x_local_2_48_U   | ram_1p channel | pipo       |      |      |        | x_local_2_48  | lutram | 1       | 8, 16, 2         |
|   x_local_2_49_U   | ram_1p channel | pipo       |      |      |        | x_local_2_49  | lutram | 1       | 8, 16, 2         |
|   x_local_2_50_U   | ram_1p channel | pipo       |      |      |        | x_local_2_50  | lutram | 1       | 8, 16, 2         |
|   x_local_2_51_U   | ram_1p channel | pipo       |      |      |        | x_local_2_51  | lutram | 1       | 8, 16, 2         |
|   x_local_2_52_U   | ram_1p channel | pipo       |      |      |        | x_local_2_52  | lutram | 1       | 8, 16, 2         |
|   x_local_2_53_U   | ram_1p channel | pipo       |      |      |        | x_local_2_53  | lutram | 1       | 8, 16, 2         |
|   x_local_2_54_U   | ram_1p channel | pipo       |      |      |        | x_local_2_54  | lutram | 1       | 8, 16, 2         |
|   x_local_2_55_U   | ram_1p channel | pipo       |      |      |        | x_local_2_55  | lutram | 1       | 8, 16, 2         |
|   x_local_2_56_U   | ram_1p channel | pipo       |      |      |        | x_local_2_56  | lutram | 1       | 8, 16, 2         |
|   x_local_2_57_U   | ram_1p channel | pipo       |      |      |        | x_local_2_57  | lutram | 1       | 8, 16, 2         |
|   x_local_2_58_U   | ram_1p channel | pipo       |      |      |        | x_local_2_58  | lutram | 1       | 8, 16, 2         |
|   x_local_2_59_U   | ram_1p channel | pipo       |      |      |        | x_local_2_59  | lutram | 1       | 8, 16, 2         |
|   x_local_2_60_U   | ram_1p channel | pipo       |      |      |        | x_local_2_60  | lutram | 1       | 8, 16, 2         |
|   x_local_2_61_U   | ram_1p channel | pipo       |      |      |        | x_local_2_61  | lutram | 1       | 8, 16, 2         |
|   x_local_2_62_U   | ram_1p channel | pipo       |      |      |        | x_local_2_62  | lutram | 1       | 8, 16, 2         |
|   x_local_2_63_U   | ram_1p channel | pipo       |      |      |        | x_local_2_63  | lutram | 1       | 8, 16, 2         |
|   x_local_2_64_U   | ram_1p channel | pipo       |      |      |        | x_local_2_64  | lutram | 1       | 8, 16, 2         |
|   x_local_2_65_U   | ram_1p channel | pipo       |      |      |        | x_local_2_65  | lutram | 1       | 8, 16, 2         |
|   x_local_2_66_U   | ram_1p channel | pipo       |      |      |        | x_local_2_66  | lutram | 1       | 8, 16, 2         |
|   x_local_2_67_U   | ram_1p channel | pipo       |      |      |        | x_local_2_67  | lutram | 1       | 8, 16, 2         |
|   x_local_2_68_U   | ram_1p channel | pipo       |      |      |        | x_local_2_68  | lutram | 1       | 8, 16, 2         |
|   x_local_2_69_U   | ram_1p channel | pipo       |      |      |        | x_local_2_69  | lutram | 1       | 8, 16, 2         |
|   x_local_2_70_U   | ram_1p channel | pipo       |      |      |        | x_local_2_70  | lutram | 1       | 8, 16, 2         |
|   x_local_2_71_U   | ram_1p channel | pipo       |      |      |        | x_local_2_71  | lutram | 1       | 8, 16, 2         |
|   x_local_2_72_U   | ram_1p channel | pipo       |      |      |        | x_local_2_72  | lutram | 1       | 8, 16, 2         |
|   x_local_2_73_U   | ram_1p channel | pipo       |      |      |        | x_local_2_73  | lutram | 1       | 8, 16, 2         |
|   x_local_2_74_U   | ram_1p channel | pipo       |      |      |        | x_local_2_74  | lutram | 1       | 8, 16, 2         |
|   x_local_2_75_U   | ram_1p channel | pipo       |      |      |        | x_local_2_75  | lutram | 1       | 8, 16, 2         |
|   x_local_2_76_U   | ram_1p channel | pipo       |      |      |        | x_local_2_76  | lutram | 1       | 8, 16, 2         |
|   x_local_2_77_U   | ram_1p channel | pipo       |      |      |        | x_local_2_77  | lutram | 1       | 8, 16, 2         |
|   x_local_2_78_U   | ram_1p channel | pipo       |      |      |        | x_local_2_78  | lutram | 1       | 8, 16, 2         |
|   x_local_2_79_U   | ram_1p channel | pipo       |      |      |        | x_local_2_79  | lutram | 1       | 8, 16, 2         |
|   x_local_2_80_U   | ram_1p channel | pipo       |      |      |        | x_local_2_80  | lutram | 1       | 8, 16, 2         |
|   x_local_2_81_U   | ram_1p channel | pipo       |      |      |        | x_local_2_81  | lutram | 1       | 8, 16, 2         |
|   x_local_2_82_U   | ram_1p channel | pipo       |      |      |        | x_local_2_82  | lutram | 1       | 8, 16, 2         |
|   x_local_2_83_U   | ram_1p channel | pipo       |      |      |        | x_local_2_83  | lutram | 1       | 8, 16, 2         |
|   x_local_2_84_U   | ram_1p channel | pipo       |      |      |        | x_local_2_84  | lutram | 1       | 8, 16, 2         |
|   x_local_2_85_U   | ram_1p channel | pipo       |      |      |        | x_local_2_85  | lutram | 1       | 8, 16, 2         |
|   x_local_2_86_U   | ram_1p channel | pipo       |      |      |        | x_local_2_86  | lutram | 1       | 8, 16, 2         |
|   x_local_2_87_U   | ram_1p channel | pipo       |      |      |        | x_local_2_87  | lutram | 1       | 8, 16, 2         |
|   x_local_2_88_U   | ram_1p channel | pipo       |      |      |        | x_local_2_88  | lutram | 1       | 8, 16, 2         |
|   x_local_2_89_U   | ram_1p channel | pipo       |      |      |        | x_local_2_89  | lutram | 1       | 8, 16, 2         |
|   x_local_2_90_U   | ram_1p channel | pipo       |      |      |        | x_local_2_90  | lutram | 1       | 8, 16, 2         |
|   x_local_2_91_U   | ram_1p channel | pipo       |      |      |        | x_local_2_91  | lutram | 1       | 8, 16, 2         |
|   x_local_2_92_U   | ram_1p channel | pipo       |      |      |        | x_local_2_92  | lutram | 1       | 8, 16, 2         |
|   x_local_2_93_U   | ram_1p channel | pipo       |      |      |        | x_local_2_93  | lutram | 1       | 8, 16, 2         |
|   x_local_2_94_U   | ram_1p channel | pipo       |      |      |        | x_local_2_94  | lutram | 1       | 8, 16, 2         |
|   x_local_2_95_U   | ram_1p channel | pipo       |      |      |        | x_local_2_95  | lutram | 1       | 8, 16, 2         |
|   x_local_2_96_U   | ram_1p channel | pipo       |      |      |        | x_local_2_96  | lutram | 1       | 8, 16, 2         |
|   x_local_2_97_U   | ram_1p channel | pipo       |      |      |        | x_local_2_97  | lutram | 1       | 8, 16, 2         |
|   x_local_2_98_U   | ram_1p channel | pipo       |      |      |        | x_local_2_98  | lutram | 1       | 8, 16, 2         |
|   x_local_2_99_U   | ram_1p channel | pipo       |      |      |        | x_local_2_99  | lutram | 1       | 8, 16, 2         |
|   x_local_2_100_U  | ram_1p channel | pipo       |      |      |        | x_local_2_100 | lutram | 1       | 8, 16, 2         |
|   x_local_2_101_U  | ram_1p channel | pipo       |      |      |        | x_local_2_101 | lutram | 1       | 8, 16, 2         |
|   x_local_2_102_U  | ram_1p channel | pipo       |      |      |        | x_local_2_102 | lutram | 1       | 8, 16, 2         |
|   x_local_2_103_U  | ram_1p channel | pipo       |      |      |        | x_local_2_103 | lutram | 1       | 8, 16, 2         |
|   x_local_2_104_U  | ram_1p channel | pipo       |      |      |        | x_local_2_104 | lutram | 1       | 8, 16, 2         |
|   x_local_2_105_U  | ram_1p channel | pipo       |      |      |        | x_local_2_105 | lutram | 1       | 8, 16, 2         |
|   x_local_2_106_U  | ram_1p channel | pipo       |      |      |        | x_local_2_106 | lutram | 1       | 8, 16, 2         |
|   x_local_2_107_U  | ram_1p channel | pipo       |      |      |        | x_local_2_107 | lutram | 1       | 8, 16, 2         |
|   x_local_2_108_U  | ram_1p channel | pipo       |      |      |        | x_local_2_108 | lutram | 1       | 8, 16, 2         |
|   x_local_2_109_U  | ram_1p channel | pipo       |      |      |        | x_local_2_109 | lutram | 1       | 8, 16, 2         |
|   x_local_2_110_U  | ram_1p channel | pipo       |      |      |        | x_local_2_110 | lutram | 1       | 8, 16, 2         |
|   x_local_2_111_U  | ram_1p channel | pipo       |      |      |        | x_local_2_111 | lutram | 1       | 8, 16, 2         |
|   x_local_2_112_U  | ram_1p channel | pipo       |      |      |        | x_local_2_112 | lutram | 1       | 8, 16, 2         |
|   x_local_2_113_U  | ram_1p channel | pipo       |      |      |        | x_local_2_113 | lutram | 1       | 8, 16, 2         |
|   x_local_2_114_U  | ram_1p channel | pipo       |      |      |        | x_local_2_114 | lutram | 1       | 8, 16, 2         |
|   x_local_2_115_U  | ram_1p channel | pipo       |      |      |        | x_local_2_115 | lutram | 1       | 8, 16, 2         |
|   x_local_2_116_U  | ram_1p channel | pipo       |      |      |        | x_local_2_116 | lutram | 1       | 8, 16, 2         |
|   x_local_2_117_U  | ram_1p channel | pipo       |      |      |        | x_local_2_117 | lutram | 1       | 8, 16, 2         |
|   x_local_2_118_U  | ram_1p channel | pipo       |      |      |        | x_local_2_118 | lutram | 1       | 8, 16, 2         |
|   x_local_2_119_U  | ram_1p channel | pipo       |      |      |        | x_local_2_119 | lutram | 1       | 8, 16, 2         |
|   x_local_2_120_U  | ram_1p channel | pipo       |      |      |        | x_local_2_120 | lutram | 1       | 8, 16, 2         |
|   x_local_2_121_U  | ram_1p channel | pipo       |      |      |        | x_local_2_121 | lutram | 1       | 8, 16, 2         |
|   x_local_2_122_U  | ram_1p channel | pipo       |      |      |        | x_local_2_122 | lutram | 1       | 8, 16, 2         |
|   x_local_2_123_U  | ram_1p channel | pipo       |      |      |        | x_local_2_123 | lutram | 1       | 8, 16, 2         |
|   x_local_2_124_U  | ram_1p channel | pipo       |      |      |        | x_local_2_124 | lutram | 1       | 8, 16, 2         |
|   x_local_2_125_U  | ram_1p channel | pipo       |      |      |        | x_local_2_125 | lutram | 1       | 8, 16, 2         |
|   x_local_2_126_U  | ram_1p channel | pipo       |      |      |        | x_local_2_126 | lutram | 1       | 8, 16, 2         |
|   x_local_2_127_U  | ram_1p channel | pipo       |      |      |        | x_local_2_127 | lutram | 1       | 8, 16, 2         |
|   X1_cache_U       | ram_2p channel | pipo       | 12   |      |        | X1_cache      | bram   | 1       | 8, 8196, 2       |
|   X2_cache_U       | ram_2p channel | pipo       | 12   |      |        | X2_cache      | bram   | 1       | 8, 8196, 2       |
|   gate_cache_U     | ram_1p channel | pipo       |      | 1    |        | gate_cache    | uram   | 1       | 8, 1024, 2       |
|   gate_cache_1_U   | ram_1p channel | pipo       |      | 1    |        | gate_cache_1  | uram   | 1       | 8, 1024, 2       |
|   gate_cache_2_U   | ram_1p channel | pipo       |      | 1    |        | gate_cache_2  | uram   | 1       | 8, 1024, 2       |
|   gate_cache_3_U   | ram_1p channel | pipo       |      | 1    |        | gate_cache_3  | uram   | 1       | 8, 1024, 2       |
|   gate_cache_4_U   | ram_1p channel | pipo       |      | 1    |        | gate_cache_4  | uram   | 1       | 8, 1024, 2       |
|   gate_cache_5_U   | ram_1p channel | pipo       |      | 1    |        | gate_cache_5  | uram   | 1       | 8, 1024, 2       |
|   gate_cache_6_U   | ram_1p channel | pipo       |      | 1    |        | gate_cache_6  | uram   | 1       | 8, 1024, 2       |
|   gate_cache_7_U   | ram_1p channel | pipo       |      | 1    |        | gate_cache_7  | uram   | 1       | 8, 1024, 2       |
|   gate_scale_U     | fifo channel   | task level |      |      |        | gate_scale    | srl    | 0       | 32, 2, 1         |
|  + compute_X1      |                |            | 48   | 0    |        |               |        |         |                  |
|    nib_r0_U        | ram_1p array   |            | 4    |      | yes    | nib_r0        | bram   | 1       | 128, 64, 1       |
|    nib_r1_U        | ram_1p array   |            | 4    |      | yes    | nib_r1        | bram   | 1       | 128, 64, 1       |
|    nib_r2_U        | ram_1p array   |            | 4    |      | yes    | nib_r2        | bram   | 1       | 128, 64, 1       |
|    nib_r3_U        | ram_1p array   |            | 4    |      | yes    | nib_r3        | bram   | 1       | 128, 64, 1       |
|    nib_r4_U        | ram_1p array   |            | 4    |      | yes    | nib_r4        | bram   | 1       | 128, 64, 1       |
|    nib_r5_U        | ram_1p array   |            | 4    |      | yes    | nib_r5        | bram   | 1       | 128, 64, 1       |
|    nib_r6_U        | ram_1p array   |            | 4    |      | yes    | nib_r6        | bram   | 1       | 128, 64, 1       |
|    nib_r7_U        | ram_1p array   |            | 4    |      | yes    | nib_r7        | bram   | 1       | 128, 64, 1       |
|    nib_r8_U        | ram_1p array   |            | 4    |      | yes    | nib_r8        | bram   | 1       | 128, 64, 1       |
|    nib_r9_U        | ram_1p array   |            | 4    |      | yes    | nib_r9        | bram   | 1       | 128, 64, 1       |
|    nib_r10_U       | ram_1p array   |            | 4    |      | yes    | nib_r10       | bram   | 1       | 128, 64, 1       |
|    nib_r11_U       | ram_1p array   |            | 4    |      | yes    | nib_r11       | bram   | 1       | 128, 64, 1       |
|  + compute_X2      |                |            | 48   | 0    |        |               |        |         |                  |
|    nib_r0_U        | ram_1p array   |            | 4    |      | yes    | nib_r0        | bram   | 1       | 128, 64, 1       |
|    nib_r1_U        | ram_1p array   |            | 4    |      | yes    | nib_r1        | bram   | 1       | 128, 64, 1       |
|    nib_r2_U        | ram_1p array   |            | 4    |      | yes    | nib_r2        | bram   | 1       | 128, 64, 1       |
|    nib_r3_U        | ram_1p array   |            | 4    |      | yes    | nib_r3        | bram   | 1       | 128, 64, 1       |
|    nib_r4_U        | ram_1p array   |            | 4    |      | yes    | nib_r4        | bram   | 1       | 128, 64, 1       |
|    nib_r5_U        | ram_1p array   |            | 4    |      | yes    | nib_r5        | bram   | 1       | 128, 64, 1       |
|    nib_r6_U        | ram_1p array   |            | 4    |      | yes    | nib_r6        | bram   | 1       | 128, 64, 1       |
|    nib_r7_U        | ram_1p array   |            | 4    |      | yes    | nib_r7        | bram   | 1       | 128, 64, 1       |
|    nib_r8_U        | ram_1p array   |            | 4    |      | yes    | nib_r8        | bram   | 1       | 128, 64, 1       |
|    nib_r9_U        | ram_1p array   |            | 4    |      | yes    | nib_r9        | bram   | 1       | 128, 64, 1       |
|    nib_r10_U       | ram_1p array   |            | 4    |      | yes    | nib_r10       | bram   | 1       | 128, 64, 1       |
|    nib_r11_U       | ram_1p array   |            | 4    |      | yes    | nib_r11       | bram   | 1       | 128, 64, 1       |
|  + compute_gate    |                |            | 8    | 0    |        |               |        |         |                  |
|    sigmoid_lut_U   | rom_1p         |            | 8    |      | pragma | sigmoid_lut   | bram   | 1       | 32, 4096, 1      |
|  + compute_output  |                |            | 36   | 0    |        |               |        |         |                  |
|    out_local_U     | ram_1p array   |            | 4    |      | yes    | out_local     | bram   | 1       | 32, 2048, 1      |
|    g0_r0_U         | ram_1p array   |            | 1    |      | yes    | g0_r0         | bram   | 1       | 32, 32, 1        |
|    g1_r0_U         | ram_1p array   |            | 1    |      | yes    | g1_r0         | bram   | 1       | 32, 32, 1        |
|    g2_r0_U         | ram_1p array   |            | 1    |      | yes    | g2_r0         | bram   | 1       | 32, 32, 1        |
|    g3_r0_U         | ram_1p array   |            | 1    |      | yes    | g3_r0         | bram   | 1       | 32, 32, 1        |
|    g0_r1_U         | ram_1p array   |            | 1    |      | yes    | g0_r1         | bram   | 1       | 32, 32, 1        |
|    g1_r1_U         | ram_1p array   |            | 1    |      | yes    | g1_r1         | bram   | 1       | 32, 32, 1        |
|    g2_r1_U         | ram_1p array   |            | 1    |      | yes    | g2_r1         | bram   | 1       | 32, 32, 1        |
|    g3_r1_U         | ram_1p array   |            | 1    |      | yes    | g3_r1         | bram   | 1       | 32, 32, 1        |
|    g0_r2_U         | ram_1p array   |            | 1    |      | yes    | g0_r2         | bram   | 1       | 32, 32, 1        |
|    g1_r2_U         | ram_1p array   |            | 1    |      | yes    | g1_r2         | bram   | 1       | 32, 32, 1        |
|    g2_r2_U         | ram_1p array   |            | 1    |      | yes    | g2_r2         | bram   | 1       | 32, 32, 1        |
|    g3_r2_U         | ram_1p array   |            | 1    |      | yes    | g3_r2         | bram   | 1       | 32, 32, 1        |
|    g0_r3_U         | ram_1p array   |            | 1    |      | yes    | g0_r3         | bram   | 1       | 32, 32, 1        |
|    g1_r3_U         | ram_1p array   |            | 1    |      | yes    | g1_r3         | bram   | 1       | 32, 32, 1        |
|    g2_r3_U         | ram_1p array   |            | 1    |      | yes    | g2_r3         | bram   | 1       | 32, 32, 1        |
|    g3_r3_U         | ram_1p array   |            | 1    |      | yes    | g3_r3         | bram   | 1       | 32, 32, 1        |
|    g0_r4_U         | ram_1p array   |            | 1    |      | yes    | g0_r4         | bram   | 1       | 32, 32, 1        |
|    g1_r4_U         | ram_1p array   |            | 1    |      | yes    | g1_r4         | bram   | 1       | 32, 32, 1        |
|    g2_r4_U         | ram_1p array   |            | 1    |      | yes    | g2_r4         | bram   | 1       | 32, 32, 1        |
|    g3_r4_U         | ram_1p array   |            | 1    |      | yes    | g3_r4         | bram   | 1       | 32, 32, 1        |
|    g0_r5_U         | ram_1p array   |            | 1    |      | yes    | g0_r5         | bram   | 1       | 32, 32, 1        |
|    g1_r5_U         | ram_1p array   |            | 1    |      | yes    | g1_r5         | bram   | 1       | 32, 32, 1        |
|    g2_r5_U         | ram_1p array   |            | 1    |      | yes    | g2_r5         | bram   | 1       | 32, 32, 1        |
|    g3_r5_U         | ram_1p array   |            | 1    |      | yes    | g3_r5         | bram   | 1       | 32, 32, 1        |
|    g0_r6_U         | ram_1p array   |            | 1    |      | yes    | g0_r6         | bram   | 1       | 32, 32, 1        |
|    g1_r6_U         | ram_1p array   |            | 1    |      | yes    | g1_r6         | bram   | 1       | 32, 32, 1        |
|    g2_r6_U         | ram_1p array   |            | 1    |      | yes    | g2_r6         | bram   | 1       | 32, 32, 1        |
|    g3_r6_U         | ram_1p array   |            | 1    |      | yes    | g3_r6         | bram   | 1       | 32, 32, 1        |
|    g0_r7_U         | ram_1p array   |            | 1    |      | yes    | g0_r7         | bram   | 1       | 32, 32, 1        |
|    g1_r7_U         | ram_1p array   |            | 1    |      | yes    | g1_r7         | bram   | 1       | 32, 32, 1        |
|    g2_r7_U         | ram_1p array   |            | 1    |      | yes    | g2_r7         | bram   | 1       | 32, 32, 1        |
|    g3_r7_U         | ram_1p array   |            | 1    |      | yes    | g3_r7         | bram   | 1       | 32, 32, 1        |
+--------------------+----------------+------------+------+------+--------+---------------+--------+---------+------------------+


================================================================
== Pragma Report
================================================================
* Ignored Pragmas
+---------+-----------------+-----------------------------------------+---------------------------------+
| Type    | Options         | Location                                | Messages                        |
+---------+-----------------+-----------------------------------------+---------------------------------+
| BIND_OP | op=mul impl=dsp | swiglu.cpp:87 in reduce_grp_wv          | missing argument for 'variable' |
| BIND_OP | op=mul impl=dsp | swiglu.cpp:109 in mac_one_group_wv      | missing argument for 'variable' |
| BIND_OP | op=mul impl=dsp | swiglu.cpp:156 in mac_blocks_wv_k12_q40 | missing argument for 'variable' |
| BIND_OP | op=mul impl=dsp | swiglu.cpp:433 in mac_mg_down_q40       | missing argument for 'variable' |
| BIND_OP | op=mul impl=dsp | swiglu.cpp:524 in compute_gate          | missing argument for 'variable' |
+---------+-----------------+-----------------------------------------+---------------------------------+

* Pragmas with Warnings
+----------+---------+-----------------------------------------+--------------------------------------------------------------+
| Type     | Options | Location                                | Messages                                                     |
+----------+---------+-----------------------------------------+--------------------------------------------------------------+
| DATAFLOW |         | swiglu.cpp:175 in mac_blocks_wv_k12_q40 | Only 'for' loop or function body support the dataflow pragma |
| DATAFLOW |         | swiglu.cpp:182 in mac_blocks_wv_k12_q40 | Only 'for' loop or function body support the dataflow pragma |
+----------+---------+-----------------------------------------+--------------------------------------------------------------+

* Inferred Pragmas
+-----------------+--------------------------------------------------+-----------------------------------------------+-------------------------+
| Type            | Options                                          | Location                                      | Inferred From           |
+-----------------+--------------------------------------------------+-----------------------------------------------+-------------------------+
| ARRAY_PARTITION | dim=1 type=cyclic factor=8 variable=gate_cache1  | variable gate_cache1 in swiglu swiglu.cpp:768 | pipeline swiglu.cpp:458 |
| ARRAY_PARTITION | dim=2 type=cyclic factor=16 variable=x_local_1_0 | variable x_local_1_0 in swiglu swiglu.cpp:755 | pipeline swiglu.cpp:711 |
| ARRAY_PARTITION | dim=2 type=cyclic factor=16 variable=x_local_2_0 | variable x_local_2_0 in swiglu swiglu.cpp:759 | pipeline swiglu.cpp:711 |
+-----------------+--------------------------------------------------+-----------------------------------------------+-------------------------+

* Valid Pragma Syntax
+-----------------+------------------------------------------------------------------------------------------------------------------------------------------------------+-------------------------------------------------+
| Type            | Options                                                                                                                                              | Location                                        |
+-----------------+------------------------------------------------------------------------------------------------------------------------------------------------------+-------------------------------------------------+
| INLINE          | off                                                                                                                                                  | swiglu.cpp:39 in load_12_rows_wv_q40            |
| PIPELINE        | ii=1                                                                                                                                                 | swiglu.cpp:42 in load_12_rows_wv_q40            |
| PIPELINE        | ii=1                                                                                                                                                 | swiglu.cpp:54 in load_12_rows_wv_q40            |
| INLINE          | off                                                                                                                                                  | swiglu.cpp:86 in reduce_grp_wv                  |
| PIPELINE        | ii=1                                                                                                                                                 | swiglu.cpp:89 in reduce_grp_wv                  |
| INLINE          | off                                                                                                                                                  | swiglu.cpp:108 in mac_one_group_wv              |
| PIPELINE        | ii=1                                                                                                                                                 | swiglu.cpp:111 in mac_one_group_wv              |
| PIPELINE        | ii=1                                                                                                                                                 | swiglu.cpp:115 in mac_one_group_wv              |
| INLINE          | off                                                                                                                                                  | swiglu.cpp:155 in mac_blocks_wv_k12_q40         |
| ARRAY_PARTITION | variable=dspA dim=0 complete                                                                                                                         | swiglu.cpp:159 in mac_blocks_wv_k12_q40, dspA   |
| ARRAY_PARTITION | variable=dspB dim=0 complete                                                                                                                         | swiglu.cpp:160 in mac_blocks_wv_k12_q40, dspB   |
| ARRAY_PARTITION | variable=totals complete                                                                                                                             | swiglu.cpp:163 in mac_blocks_wv_k12_q40, totals |
| PIPELINE        | ii=1                                                                                                                                                 | swiglu.cpp:197 in mac_blocks_wv_k12_q40         |
| INLINE          | off                                                                                                                                                  | swiglu.cpp:215 in compute_x1                    |
| ARRAY_PARTITION | variable=x_local_1 dim=2 complete                                                                                                                    | swiglu.cpp:216 in compute_x1, x_local_1         |
| BIND_STORAGE    | variable=nib_r0 type=ram_1p impl=bram                                                                                                                | swiglu.cpp:222 in compute_x1, nib_r0            |
| BIND_STORAGE    | variable=nib_r1 type=ram_1p impl=bram                                                                                                                | swiglu.cpp:223 in compute_x1, nib_r1            |
| BIND_STORAGE    | variable=nib_r2 type=ram_1p impl=bram                                                                                                                | swiglu.cpp:224 in compute_x1, nib_r2            |
| BIND_STORAGE    | variable=nib_r3 type=ram_1p impl=bram                                                                                                                | swiglu.cpp:225 in compute_x1, nib_r3            |
| BIND_STORAGE    | variable=nib_r4 type=ram_1p impl=bram                                                                                                                | swiglu.cpp:226 in compute_x1, nib_r4            |
| BIND_STORAGE    | variable=nib_r5 type=ram_1p impl=bram                                                                                                                | swiglu.cpp:227 in compute_x1, nib_r5            |
| BIND_STORAGE    | variable=nib_r6 type=ram_1p impl=bram                                                                                                                | swiglu.cpp:228 in compute_x1, nib_r6            |
| BIND_STORAGE    | variable=nib_r7 type=ram_1p impl=bram                                                                                                                | swiglu.cpp:229 in compute_x1, nib_r7            |
| BIND_STORAGE    | variable=nib_r8 type=ram_1p impl=bram                                                                                                                | swiglu.cpp:230 in compute_x1, nib_r8            |
| BIND_STORAGE    | variable=nib_r9 type=ram_1p impl=bram                                                                                                                | swiglu.cpp:231 in compute_x1, nib_r9            |
| BIND_STORAGE    | variable=nib_r10 type=ram_1p impl=bram                                                                                                               | swiglu.cpp:232 in compute_x1, nib_r10           |
| BIND_STORAGE    | variable=nib_r11 type=ram_1p impl=bram                                                                                                               | swiglu.cpp:233 in compute_x1, nib_r11           |
| ARRAY_PARTITION | variable=d dim=0 complete                                                                                                                            | swiglu.cpp:236 in compute_x1, d                 |
| INLINE          | off                                                                                                                                                  | swiglu.cpp:258 in compute_x2                    |
| ARRAY_PARTITION | variable=x_local_2 dim=2 complete                                                                                                                    | swiglu.cpp:259 in compute_x2, x_local_2         |
| BIND_STORAGE    | variable=nib_r0 type=ram_1p impl=bram                                                                                                                | swiglu.cpp:265 in compute_x2, nib_r0            |
| BIND_STORAGE    | variable=nib_r1 type=ram_1p impl=bram                                                                                                                | swiglu.cpp:266 in compute_x2, nib_r1            |
| BIND_STORAGE    | variable=nib_r2 type=ram_1p impl=bram                                                                                                                | swiglu.cpp:267 in compute_x2, nib_r2            |
| BIND_STORAGE    | variable=nib_r3 type=ram_1p impl=bram                                                                                                                | swiglu.cpp:268 in compute_x2, nib_r3            |
| BIND_STORAGE    | variable=nib_r4 type=ram_1p impl=bram                                                                                                                | swiglu.cpp:269 in compute_x2, nib_r4            |
| BIND_STORAGE    | variable=nib_r5 type=ram_1p impl=bram                                                                                                                | swiglu.cpp:270 in compute_x2, nib_r5            |
| BIND_STORAGE    | variable=nib_r6 type=ram_1p impl=bram                                                                                                                | swiglu.cpp:271 in compute_x2, nib_r6            |
| BIND_STORAGE    | variable=nib_r7 type=ram_1p impl=bram                                                                                                                | swiglu.cpp:272 in compute_x2, nib_r7            |
| BIND_STORAGE    | variable=nib_r8 type=ram_1p impl=bram                                                                                                                | swiglu.cpp:273 in compute_x2, nib_r8            |
| BIND_STORAGE    | variable=nib_r9 type=ram_1p impl=bram                                                                                                                | swiglu.cpp:274 in compute_x2, nib_r9            |
| BIND_STORAGE    | variable=nib_r10 type=ram_1p impl=bram                                                                                                               | swiglu.cpp:275 in compute_x2, nib_r10           |
| BIND_STORAGE    | variable=nib_r11 type=ram_1p impl=bram                                                                                                               | swiglu.cpp:276 in compute_x2, nib_r11           |
| ARRAY_PARTITION | variable=d dim=0 complete                                                                                                                            | swiglu.cpp:279 in compute_x2, d                 |
| INLINE          | off                                                                                                                                                  | swiglu.cpp:325 in load_mg_down_q40              |
| PIPELINE        | ii=1                                                                                                                                                 | swiglu.cpp:328 in load_mg_down_q40              |
| PIPELINE        | ii=1                                                                                                                                                 | swiglu.cpp:368 in load_mg_down_q40              |
| INLINE          | off                                                                                                                                                  | swiglu.cpp:432 in mac_mg_down_q40               |
| ARRAY_PARTITION | variable=odsp0 complete                                                                                                                              | swiglu.cpp:438 in mac_mg_down_q40, odsp0        |
| ARRAY_PARTITION | variable=odsp1 complete                                                                                                                              | swiglu.cpp:439 in mac_mg_down_q40, odsp1        |
| ARRAY_PARTITION | variable=odsp2 complete                                                                                                                              | swiglu.cpp:440 in mac_mg_down_q40, odsp2        |
| ARRAY_PARTITION | variable=odsp3 complete                                                                                                                              | swiglu.cpp:441 in mac_mg_down_q40, odsp3        |
| ARRAY_PARTITION | variable=odsp4 complete                                                                                                                              | swiglu.cpp:442 in mac_mg_down_q40, odsp4        |
| ARRAY_PARTITION | variable=odsp5 complete                                                                                                                              | swiglu.cpp:443 in mac_mg_down_q40, odsp5        |
| ARRAY_PARTITION | variable=odsp6 complete                                                                                                                              | swiglu.cpp:444 in mac_mg_down_q40, odsp6        |
| ARRAY_PARTITION | variable=odsp7 complete                                                                                                                              | swiglu.cpp:445 in mac_mg_down_q40, odsp7        |
| PIPELINE        | ii=1                                                                                                                                                 | swiglu.cpp:452 in mac_mg_down_q40               |
| PIPELINE        | ii=1                                                                                                                                                 | swiglu.cpp:458 in mac_mg_down_q40               |
| UNROLL          |                                                                                                                                                      | swiglu.cpp:474 in mac_mg_down_q40               |
| PIPELINE        | ii=1                                                                                                                                                 | swiglu.cpp:498 in mac_mg_down_q40               |
| INLINE          | off                                                                                                                                                  | swiglu.cpp:523 in compute_gate                  |
| UNROLL          |                                                                                                                                                      | swiglu.cpp:526 in compute_gate                  |
| ARRAY_PARTITION | variable=pmax complete                                                                                                                               | swiglu.cpp:528 in compute_gate, pmax            |
| PIPELINE        | ii=1                                                                                                                                                 | swiglu.cpp:531 in compute_gate                  |
| UNROLL          |                                                                                                                                                      | swiglu.cpp:545 in compute_gate                  |
| PIPELINE        | ii=1                                                                                                                                                 | swiglu.cpp:553 in compute_gate                  |
| INLINE          | off                                                                                                                                                  | swiglu.cpp:581 in compute_output                |
| ARRAY_PARTITION | variable=gate_cache dim=1 cyclic factor=8                                                                                                            | swiglu.cpp:582 in compute_output, gate_cache    |
| BIND_STORAGE    | variable=out_local type=ram_1p impl=bram                                                                                                             | swiglu.cpp:587 in compute_output, out_local     |
| BIND_STORAGE    | variable=g0_r0 type=ram_1p impl=bram                                                                                                                 | swiglu.cpp:606 in compute_output, g0_r0         |
| BIND_STORAGE    | variable=g1_r0 type=ram_1p impl=bram                                                                                                                 | swiglu.cpp:607 in compute_output, g1_r0         |
| BIND_STORAGE    | variable=g2_r0 type=ram_1p impl=bram                                                                                                                 | swiglu.cpp:608 in compute_output, g2_r0         |
| BIND_STORAGE    | variable=g3_r0 type=ram_1p impl=bram                                                                                                                 | swiglu.cpp:609 in compute_output, g3_r0         |
| BIND_STORAGE    | variable=g0_r1 type=ram_1p impl=bram                                                                                                                 | swiglu.cpp:610 in compute_output, g0_r1         |
| BIND_STORAGE    | variable=g1_r1 type=ram_1p impl=bram                                                                                                                 | swiglu.cpp:611 in compute_output, g1_r1         |
| BIND_STORAGE    | variable=g2_r1 type=ram_1p impl=bram                                                                                                                 | swiglu.cpp:612 in compute_output, g2_r1         |
| BIND_STORAGE    | variable=g3_r1 type=ram_1p impl=bram                                                                                                                 | swiglu.cpp:613 in compute_output, g3_r1         |
| BIND_STORAGE    | variable=g0_r2 type=ram_1p impl=bram                                                                                                                 | swiglu.cpp:614 in compute_output, g0_r2         |
| BIND_STORAGE    | variable=g1_r2 type=ram_1p impl=bram                                                                                                                 | swiglu.cpp:615 in compute_output, g1_r2         |
| BIND_STORAGE    | variable=g2_r2 type=ram_1p impl=bram                                                                                                                 | swiglu.cpp:616 in compute_output, g2_r2         |
| BIND_STORAGE    | variable=g3_r2 type=ram_1p impl=bram                                                                                                                 | swiglu.cpp:617 in compute_output, g3_r2         |
| BIND_STORAGE    | variable=g0_r3 type=ram_1p impl=bram                                                                                                                 | swiglu.cpp:618 in compute_output, g0_r3         |
| BIND_STORAGE    | variable=g1_r3 type=ram_1p impl=bram                                                                                                                 | swiglu.cpp:619 in compute_output, g1_r3         |
| BIND_STORAGE    | variable=g2_r3 type=ram_1p impl=bram                                                                                                                 | swiglu.cpp:620 in compute_output, g2_r3         |
| BIND_STORAGE    | variable=g3_r3 type=ram_1p impl=bram                                                                                                                 | swiglu.cpp:621 in compute_output, g3_r3         |
| BIND_STORAGE    | variable=g0_r4 type=ram_1p impl=bram                                                                                                                 | swiglu.cpp:622 in compute_output, g0_r4         |
| BIND_STORAGE    | variable=g1_r4 type=ram_1p impl=bram                                                                                                                 | swiglu.cpp:623 in compute_output, g1_r4         |
| BIND_STORAGE    | variable=g2_r4 type=ram_1p impl=bram                                                                                                                 | swiglu.cpp:624 in compute_output, g2_r4         |
| BIND_STORAGE    | variable=g3_r4 type=ram_1p impl=bram                                                                                                                 | swiglu.cpp:625 in compute_output, g3_r4         |
| BIND_STORAGE    | variable=g0_r5 type=ram_1p impl=bram                                                                                                                 | swiglu.cpp:626 in compute_output, g0_r5         |
| BIND_STORAGE    | variable=g1_r5 type=ram_1p impl=bram                                                                                                                 | swiglu.cpp:627 in compute_output, g1_r5         |
| BIND_STORAGE    | variable=g2_r5 type=ram_1p impl=bram                                                                                                                 | swiglu.cpp:628 in compute_output, g2_r5         |
| BIND_STORAGE    | variable=g3_r5 type=ram_1p impl=bram                                                                                                                 | swiglu.cpp:629 in compute_output, g3_r5         |
| BIND_STORAGE    | variable=g0_r6 type=ram_1p impl=bram                                                                                                                 | swiglu.cpp:630 in compute_output, g0_r6         |
| BIND_STORAGE    | variable=g1_r6 type=ram_1p impl=bram                                                                                                                 | swiglu.cpp:631 in compute_output, g1_r6         |
| BIND_STORAGE    | variable=g2_r6 type=ram_1p impl=bram                                                                                                                 | swiglu.cpp:632 in compute_output, g2_r6         |
| BIND_STORAGE    | variable=g3_r6 type=ram_1p impl=bram                                                                                                                 | swiglu.cpp:633 in compute_output, g3_r6         |
| BIND_STORAGE    | variable=g0_r7 type=ram_1p impl=bram                                                                                                                 | swiglu.cpp:634 in compute_output, g0_r7         |
| BIND_STORAGE    | variable=g1_r7 type=ram_1p impl=bram                                                                                                                 | swiglu.cpp:635 in compute_output, g1_r7         |
| BIND_STORAGE    | variable=g2_r7 type=ram_1p impl=bram                                                                                                                 | swiglu.cpp:636 in compute_output, g2_r7         |
| BIND_STORAGE    | variable=g3_r7 type=ram_1p impl=bram                                                                                                                 | swiglu.cpp:637 in compute_output, g3_r7         |
| ARRAY_PARTITION | variable=d_r0 complete                                                                                                                               | swiglu.cpp:646 in compute_output, d_r0          |
| ARRAY_PARTITION | variable=d_r1 complete                                                                                                                               | swiglu.cpp:647 in compute_output, d_r1          |
| ARRAY_PARTITION | variable=d_r2 complete                                                                                                                               | swiglu.cpp:648 in compute_output, d_r2          |
| ARRAY_PARTITION | variable=d_r3 complete                                                                                                                               | swiglu.cpp:649 in compute_output, d_r3          |
| ARRAY_PARTITION | variable=d_r4 complete                                                                                                                               | swiglu.cpp:650 in compute_output, d_r4          |
| ARRAY_PARTITION | variable=d_r5 complete                                                                                                                               | swiglu.cpp:651 in compute_output, d_r5          |
| ARRAY_PARTITION | variable=d_r6 complete                                                                                                                               | swiglu.cpp:652 in compute_output, d_r6          |
| ARRAY_PARTITION | variable=d_r7 complete                                                                                                                               | swiglu.cpp:653 in compute_output, d_r7          |
| INLINE          | off                                                                                                                                                  | swiglu.cpp:705 in load_x_local                  |
| ARRAY_PARTITION | variable=x_local_1 dim=2 complete                                                                                                                    | swiglu.cpp:706 in load_x_local, x_local_1       |
| ARRAY_PARTITION | variable=x_local_2 dim=2 complete                                                                                                                    | swiglu.cpp:707 in load_x_local, x_local_2       |
| PIPELINE        | ii=1                                                                                                                                                 | swiglu.cpp:711 in load_x_local                  |
| UNROLL          |                                                                                                                                                      | swiglu.cpp:714 in load_x_local                  |
| INTERFACE       | mode=m_axi port=W bundle=gmem_W offset=slave depth=10490880 max_read_burst_length=128 latency=64 num_read_outstanding=1 max_widen_bitwidth=128       | swiglu.cpp:740 in swiglu, W                     |
| INTERFACE       | mode=m_axi port=V bundle=gmem_V offset=slave depth=10490880 max_read_burst_length=128 latency=64 num_read_outstanding=1 max_widen_bitwidth=128       | swiglu.cpp:741 in swiglu, V                     |
| INTERFACE       | mode=m_axi port=W_down bundle=gmem_Wd offset=slave depth=10485760 max_read_burst_length=256 latency=64 num_read_outstanding=1 max_widen_bitwidth=128 | swiglu.cpp:742 in swiglu, W_down                |
| INTERFACE       | mode=m_axi port=x_batch bundle=gmem_x offset=slave depth=8192 max_read_burst_length=128 latency=64 num_read_outstanding=1 max_widen_bitwidth=128     | swiglu.cpp:743 in swiglu, x_batch               |
| INTERFACE       | mode=m_axi port=out_batch bundle=gmem_out offset=slave depth=8192 max_write_burst_length=256 latency=64 num_write_outstanding=1                      | swiglu.cpp:744 in swiglu, out_batch             |
| INTERFACE       | mode=s_axilite port=W bundle=CTRL                                                                                                                    | swiglu.cpp:746 in swiglu, W                     |
| INTERFACE       | mode=s_axilite port=V bundle=CTRL                                                                                                                    | swiglu.cpp:747 in swiglu, V                     |
| INTERFACE       | mode=s_axilite port=W_down bundle=CTRL                                                                                                               | swiglu.cpp:748 in swiglu, W_down                |
| INTERFACE       | mode=s_axilite port=x_batch bundle=CTRL                                                                                                              | swiglu.cpp:749 in swiglu, x_batch               |
| INTERFACE       | mode=s_axilite port=out_batch bundle=CTRL                                                                                                            | swiglu.cpp:750 in swiglu, out_batch             |
| INTERFACE       | mode=s_axilite port=down_quant_mode bundle=CTRL                                                                                                      | swiglu.cpp:751 in swiglu, down_quant_mode       |
| INTERFACE       | mode=s_axilite port=x_scale bundle=CTRL                                                                                                              | swiglu.cpp:752 in swiglu, x_scale               |
| INTERFACE       | mode=s_axilite port=return bundle=CTRL                                                                                                               | swiglu.cpp:753 in swiglu, return                |
| BIND_STORAGE    | variable=x_local_1 type=ram_1p impl=lutram                                                                                                           | swiglu.cpp:756 in swiglu, x_local_1             |
| ARRAY_PARTITION | variable=x_local_1 dim=2 complete                                                                                                                    | swiglu.cpp:757 in swiglu, x_local_1             |
| BIND_STORAGE    | variable=x_local_2 type=ram_1p impl=lutram                                                                                                           | swiglu.cpp:760 in swiglu, x_local_2             |
| ARRAY_PARTITION | variable=x_local_2 dim=2 complete                                                                                                                    | swiglu.cpp:761 in swiglu, x_local_2             |
| BIND_STORAGE    | variable=X1_cache type=ram_2p impl=bram                                                                                                              | swiglu.cpp:765 in swiglu, X1_cache              |
| BIND_STORAGE    | variable=X2_cache type=ram_2p impl=bram                                                                                                              | swiglu.cpp:766 in swiglu, X2_cache              |
| BIND_STORAGE    | variable=gate_cache type=ram_1p impl=uram                                                                                                            | swiglu.cpp:769 in swiglu, gate_cache            |
| ARRAY_PARTITION | variable=gate_cache dim=1 cyclic factor=8                                                                                                            | swiglu.cpp:770 in swiglu, gate_cache            |
| BIND_STORAGE    | variable=sigmoid_lut type=rom_1p impl=bram                                                                                                           | swiglu.cpp:774 in swiglu, sigmoid_lut           |
| DATAFLOW        |                                                                                                                                                      | swiglu.cpp:780 in swiglu                        |
+-----------------+------------------------------------------------------------------------------------------------------------------------------------------------------+-------------------------------------------------+


