

================================================================
== Synthesis Summary Report of 'swiglu'
================================================================
+ General Information: 
    * Date:           Tue May 19 22:27:16 2026
    * Version:        2025.1 (Build 6135595 on May 21 2025)
    * Project:        swiglu
    * Solution:       hls (Vivado IP Flow Target)
    * Product family: zynquplus
    * Target device:  xck26-sfvc784-2LV-c
    

+ Performance & Resource Estimates: 
    
    PS: '+' for module; 'o' for loop; '*' for dataflow
    +-------------------------------------------------------+------+------+---------+-----------+----------+---------+------+----------+-----------+-----------+--------------+---------------+---------+
    |                        Modules                        | Issue|      |       Latency       | Iteration|         | Trip |          |           |           |              |               |         |
    |                        & Loops                        | Type | Slack| (cycles)|    (ns)   |  Latency | Interval| Count| Pipelined|   BRAM    |    DSP    |      FF      |      LUT      |   URAM  |
    +-------------------------------------------------------+------+------+---------+-----------+----------+---------+------+----------+-----------+-----------+--------------+---------------+---------+
    |+ swiglu*                                              |     -|  0.00|  2963393|  9.868e+06|         -|  1622018|     -|  dataflow|  110 (38%)|  434 (34%)|  141503 (60%)|  146144 (124%)|  8 (12%)|
    | + load_x_local                                        |     -|  0.00|      202|    672.660|         -|      128|     -|    rewind|          -|          -|     484 (~0%)|      172 (~0%)|        -|
    |  o LOAD_X_VEC                                         |     -|  3.23|      200|    666.000|        74|        1|   128|       yes|          -|          -|             -|              -|        -|
    | + compute_X1                                          |     -|  0.00|  1622017|  5.401e+06|         -|  1622017|     -|        no|    16 (5%)|  144 (11%)|   29350 (12%)|    36815 (31%)|        -|
    |  o COMPUTE_X1                                         |     -|  3.23|  1622016|  5.401e+06|       792|        -|  2048|        no|          -|          -|             -|              -|        -|
    |   + load_4_rows_wv_urm                                |     -|  0.00|      476|  1.585e+03|         -|      476|     -|        no|          -|          -|     5450 (2%)|      6043 (5%)|        -|
    |    + load_4_rows_wv_urm_Pipeline_HDR_ALL              |     -|  0.00|      143|    476.190|         -|       66|     -|    rewind|          -|          -|     851 (~0%)|      902 (~0%)|        -|
    |     o HDR_ALL                                         |    II|  3.23|      141|    469.530|        80|        2|    32|       yes|          -|          -|             -|              -|        -|
    |      + fp16_to_fp32                                   |     -|  0.11|        3|      9.990|         -|        1|     -|       yes|          -|          -|     373 (~0%)|      515 (~0%)|        -|
    |    + load_4_rows_wv_urm_Pipeline_NIB_ALL              |     -|  0.00|      330|  1.099e+03|         -|      257|     -|    rewind|          -|          -|     481 (~0%)|      298 (~0%)|        -|
    |     o NIB_ALL                                         |     -|  3.23|      328|  1.092e+03|        74|        1|   256|       yes|          -|          -|             -|              -|        -|
    |   + mac_blocks_wv_k4_urm                              |     -|  0.05|      289|    962.370|         -|      289|     -|        no|          -|   124 (9%)|    16621 (7%)|    25262 (21%)|        -|
    |    + mac_blocks_wv_k4_urm_Pipeline_MAC_ALL            |     -|  0.58|      262|    872.460|         -|      257|     -|    rewind|          -|    64 (5%)|     9307 (3%)|     10679 (9%)|        -|
    |     o MAC_ALL                                         |     -|  3.23|      260|    865.800|         6|        1|   256|       yes|          -|          -|             -|              -|        -|
    |    + mac_blocks_wv_k4_urm_Pipeline_REDUCE             |     -|  0.23|       16|     53.280|         -|        9|     -|    rewind|          -|    48 (3%)|     5700 (2%)|      9210 (7%)|        -|
    |     o REDUCE                                          |     -|  3.23|       14|     46.620|         8|        1|     8|       yes|          -|          -|             -|              -|        -|
    | + compute_X2                                          |     -|  0.00|  1622017|  5.401e+06|         -|  1622017|     -|        no|    16 (5%)|  144 (11%)|   29350 (12%)|    36815 (31%)|        -|
    |  o COMPUTE_X2                                         |     -|  3.23|  1622016|  5.401e+06|       792|        -|  2048|        no|          -|          -|             -|              -|        -|
    |   + load_4_rows_wv_urm                                |     -|  0.00|      476|  1.585e+03|         -|      476|     -|        no|          -|          -|     5450 (2%)|      6043 (5%)|        -|
    |    + load_4_rows_wv_urm_Pipeline_HDR_ALL              |     -|  0.00|      143|    476.190|         -|       66|     -|    rewind|          -|          -|     851 (~0%)|      902 (~0%)|        -|
    |     o HDR_ALL                                         |    II|  3.23|      141|    469.530|        80|        2|    32|       yes|          -|          -|             -|              -|        -|
    |      + fp16_to_fp32                                   |     -|  0.11|        3|      9.990|         -|        1|     -|       yes|          -|          -|     373 (~0%)|      515 (~0%)|        -|
    |    + load_4_rows_wv_urm_Pipeline_NIB_ALL              |     -|  0.00|      330|  1.099e+03|         -|      257|     -|    rewind|          -|          -|     481 (~0%)|      298 (~0%)|        -|
    |     o NIB_ALL                                         |     -|  3.23|      328|  1.092e+03|        74|        1|   256|       yes|          -|          -|             -|              -|        -|
    |   + mac_blocks_wv_k4_urm                              |     -|  0.05|      289|    962.370|         -|      289|     -|        no|          -|   124 (9%)|    16621 (7%)|    25262 (21%)|        -|
    |    + mac_blocks_wv_k4_urm_Pipeline_MAC_ALL            |     -|  0.58|      262|    872.460|         -|      257|     -|    rewind|          -|    64 (5%)|     9307 (3%)|     10679 (9%)|        -|
    |     o MAC_ALL                                         |     -|  3.23|      260|    865.800|         6|        1|   256|       yes|          -|          -|             -|              -|        -|
    |    + mac_blocks_wv_k4_urm_Pipeline_REDUCE             |     -|  0.23|       16|     53.280|         -|        9|     -|    rewind|          -|    48 (3%)|     5700 (2%)|      9210 (7%)|        -|
    |     o REDUCE                                          |     -|  3.23|       14|     46.620|         8|        1|     8|       yes|          -|          -|             -|              -|        -|
    | + compute_gate                                        |     -|  0.01|    16553|  5.512e+04|         -|    16553|     -|        no|     8 (2%)|    22 (1%)|     4244 (1%)|      6397 (5%)|        -|
    |  + compute_gate_Pipeline_GATE_PASS1                   |     -|  0.01|     8240|  2.744e+04|         -|     8193|     -|    rewind|          -|          -|    1184 (~0%)|      1348 (1%)|        -|
    |   o GATE_PASS1                                        |     -|  3.23|     8238|  2.743e+04|        48|        1|  8192|       yes|          -|          -|             -|              -|        -|
    |  + compute_gate_Pipeline_GATE_PASS2                   |     -|  0.01|     8254|  2.749e+04|         -|     8193|     -|    rewind|          -|    5 (~0%)|    1546 (~0%)|      2163 (1%)|        -|
    |   o GATE_PASS2                                        |     -|  3.23|     8252|  2.748e+04|        62|        1|  8192|       yes|          -|          -|             -|              -|        -|
    | + compute_output                                      |     -|  0.00|  1324618|  4.411e+06|         -|  1324618|     -|        no|    20 (6%)|   124 (9%)|   69655 (29%)|    59937 (51%)|        -|
    |  + compute_output_Pipeline_1                          |     -|  0.00|     2051|  6.830e+03|         -|     2049|     -|    rewind|          -|          -|      49 (~0%)|       88 (~0%)|        -|
    |   o Loop 1                                            |     -|  3.23|     2049|  6.823e+03|         3|        1|  2048|       yes|          -|          -|             -|              -|        -|
    |  o DOWN_Q4K                                           |     -|  3.23|  1322496|  4.404e+06|      2583|        -|   512|        no|          -|          -|             -|              -|        -|
    |   + load_4_rows_down_urm                              |     -|  0.00|     1435|  4.779e+03|         -|     1435|     -|        no|          -|          -|   26349 (11%)|    23236 (19%)|        -|
    |    + load_4_rows_down_urm_Pipeline_HDR_ALL_DOWN       |     -|  0.00|      334|  1.112e+03|         -|      258|     -|    rewind|          -|          -|    1268 (~0%)|      1959 (1%)|        -|
    |     o HDR_ALL_DOWN                                    |    II|  3.23|      332|  1.106e+03|        79|        2|   128|       yes|          -|          -|             -|              -|        -|
    |      + fp16_to_fp32                                   |     -|  0.11|        3|      9.990|         -|        1|     -|       yes|          -|          -|     373 (~0%)|      515 (~0%)|        -|
    |    + load_4_rows_down_urm_Pipeline_NIB_ALL_DOWN       |     -|  0.00|     1098|  3.656e+03|         -|     1025|     -|    rewind|          -|          -|     485 (~0%)|      306 (~0%)|        -|
    |     o NIB_ALL_DOWN                                    |     -|  3.23|     1096|  3.650e+03|        74|        1|  1024|       yes|          -|          -|             -|              -|        -|
    |   + mac_blocks_down_q4k_k4_urm                        |     -|  0.05|     1140|  3.796e+03|         -|     1140|     -|        no|          -|   124 (9%)|    18203 (7%)|    35726 (30%)|        -|
    |    o DOWN_GROUPS                                      |     -|  3.23|     1132|  3.770e+03|       283|        -|     4|        no|          -|          -|             -|              -|        -|
    |     + mac_blocks_down_q4k_k4_urm_Pipeline_MAC_GRP     |     -|  0.58|      262|    872.460|         -|      257|     -|    rewind|          -|    64 (5%)|     9303 (3%)|    19712 (16%)|        -|
    |      o MAC_GRP                                        |     -|  3.23|      260|    865.800|         6|        1|   256|       yes|          -|          -|             -|              -|        -|
    |     + mac_blocks_down_q4k_k4_urm_Pipeline_REDUCE_GRP  |     -|  0.23|       16|     53.280|         -|        9|     -|    rewind|          -|    48 (3%)|     6332 (2%)|     10574 (9%)|        -|
    |      o REDUCE_GRP                                     |     -|  3.23|       14|     46.620|         8|        1|     8|       yes|          -|          -|             -|              -|        -|
    +-------------------------------------------------------+------+------+---------+-----------+----------+---------+------+----------+-----------+-----------+--------------+---------------+---------+


================================================================
== HW Interfaces
================================================================
* M_AXI
+----------------+------------+------------+---------------+---------+--------+----------+-----------+--------------+--------------+-------------+-------------+-------------------+
| Interface      | Read/Write | Data Width | Address Width | Latency | Offset | Register | Max Widen | Max Read     | Max Write    | Num Read    | Num Write   | Resource Estimate |
|                |            | (SW->HW)   |               |         |        |          | Bitwidth  | Burst Length | Burst Length | Outstanding | Outstanding |                   |
+----------------+------------+------------+---------------+---------+--------+----------+-----------+--------------+--------------+-------------+-------------+-------------------+
| m_axi_gmem_V   | READ_ONLY  | 8 -> 128   | 64            | 64      | slave  | 0        | 128       | 128          | 16           | 1           | 16          | BRAM=8            |
| m_axi_gmem_W   | READ_ONLY  | 8 -> 128   | 64            | 64      | slave  | 0        | 128       | 128          | 16           | 1           | 16          | BRAM=8            |
| m_axi_gmem_Wd  | READ_ONLY  | 8 -> 128   | 64            | 64      | slave  | 0        | 128       | 256          | 16           | 1           | 16          | BRAM=8            |
| m_axi_gmem_out | WRITE_ONLY | 32 -> 32   | 64            | 64      | slave  | 0        | 0         | 16           | 256          | 16          | 1           | BRAM=2            |
| m_axi_gmem_x   | READ_ONLY  | 8 -> 128   | 64            | 64      | slave  | 0        | 128       | 128          | 16           | 1           | 16          | BRAM=8            |
+----------------+------------+------------+---------------+---------+--------+----------+-----------+--------------+--------------+-------------+-------------+-------------------+

* S_AXILITE Interfaces
+------------+------------+---------------+--------+----------+
| Interface  | Data Width | Address Width | Offset | Register |
+------------+------------+---------------+--------+----------+
| s_axi_CTRL | 32         | 7             | 16     | 0        |
+------------+------------+---------------+--------+----------+

* S_AXILITE Registers
+------------+-----------------+--------+-------+--------+----------------------------------+----------------------------------------------------------------------+
| Interface  | Register        | Offset | Width | Access | Description                      | Bit Fields                                                           |
+------------+-----------------+--------+-------+--------+----------------------------------+----------------------------------------------------------------------+
| s_axi_CTRL | CTRL            | 0x00   | 32    | RW     | Control signals                  | 0=AP_START 1=AP_DONE 2=AP_IDLE 3=AP_READY 7=AUTO_RESTART 9=INTERRUPT |
| s_axi_CTRL | GIER            | 0x04   | 32    | RW     | Global Interrupt Enable Register | 0=Enable                                                             |
| s_axi_CTRL | IP_IER          | 0x08   | 32    | RW     | IP Interrupt Enable Register     | 0=CHAN0_INT_EN 1=CHAN1_INT_EN                                        |
| s_axi_CTRL | IP_ISR          | 0x0c   | 32    | RW     | IP Interrupt Status Register     | 0=CHAN0_INT_ST 1=CHAN1_INT_ST                                        |
| s_axi_CTRL | W_1             | 0x10   | 32    | W      | Data signal of W                 |                                                                      |
| s_axi_CTRL | W_2             | 0x14   | 32    | W      | Data signal of W                 |                                                                      |
| s_axi_CTRL | V_1             | 0x1c   | 32    | W      | Data signal of V                 |                                                                      |
| s_axi_CTRL | V_2             | 0x20   | 32    | W      | Data signal of V                 |                                                                      |
| s_axi_CTRL | W_down_1        | 0x28   | 32    | W      | Data signal of W_down            |                                                                      |
| s_axi_CTRL | W_down_2        | 0x2c   | 32    | W      | Data signal of W_down            |                                                                      |
| s_axi_CTRL | x_batch_1       | 0x34   | 32    | W      | Data signal of x_batch           |                                                                      |
| s_axi_CTRL | x_batch_2       | 0x38   | 32    | W      | Data signal of x_batch           |                                                                      |
| s_axi_CTRL | out_batch_1     | 0x40   | 32    | W      | Data signal of out_batch         |                                                                      |
| s_axi_CTRL | out_batch_2     | 0x44   | 32    | W      | Data signal of out_batch         |                                                                      |
| s_axi_CTRL | down_quant_mode | 0x4c   | 32    | W      | Data signal of down_quant_mode   |                                                                      |
| s_axi_CTRL | x_scale         | 0x54   | 32    | W      | Data signal of x_scale           |                                                                      |
+------------+-----------------+--------+-------+--------+----------------------------------+----------------------------------------------------------------------+

* TOP LEVEL CONTROL
+-----------+------------+-----------+
| Interface | Type       | Ports     |
+-----------+------------+-----------+
| ap_clk    | clock      | ap_clk    |
| ap_rst_n  | reset      | ap_rst_n  |
| interrupt | interrupt  | interrupt |
| ap_ctrl   | ap_ctrl_hs |           |
+-----------+------------+-----------+


================================================================
== SW I/O Information
================================================================
* Top Function Arguments
+-----------------+-----------+-----------------------+
| Argument        | Direction | Datatype              |
+-----------------+-----------+-----------------------+
| W               | in        | unsigned char const * |
| V               | in        | unsigned char const * |
| W_down          | in        | unsigned char const * |
| x_batch         | in        | signed char const *   |
| out_batch       | out       | float*                |
| down_quant_mode | in        | unsigned int          |
| x_scale         | in        | float                 |
+-----------------+-----------+-----------------------+

* SW-to-HW Mapping
+-----------------+----------------+-----------+----------+-------------------------------------------+
| Argument        | HW Interface   | HW Type   | HW Usage | HW Info                                   |
+-----------------+----------------+-----------+----------+-------------------------------------------+
| W               | m_axi_gmem_W   | interface |          | channel=0                                 |
| W               | s_axi_CTRL     | register  | offset   | name=W_1 offset=0x10 range=32             |
| W               | s_axi_CTRL     | register  | offset   | name=W_2 offset=0x14 range=32             |
| V               | m_axi_gmem_V   | interface |          | channel=0                                 |
| V               | s_axi_CTRL     | register  | offset   | name=V_1 offset=0x1c range=32             |
| V               | s_axi_CTRL     | register  | offset   | name=V_2 offset=0x20 range=32             |
| W_down          | m_axi_gmem_Wd  | interface |          | channel=0                                 |
| W_down          | s_axi_CTRL     | register  | offset   | name=W_down_1 offset=0x28 range=32        |
| W_down          | s_axi_CTRL     | register  | offset   | name=W_down_2 offset=0x2c range=32        |
| x_batch         | m_axi_gmem_x   | interface |          | channel=0                                 |
| x_batch         | s_axi_CTRL     | register  | offset   | name=x_batch_1 offset=0x34 range=32       |
| x_batch         | s_axi_CTRL     | register  | offset   | name=x_batch_2 offset=0x38 range=32       |
| out_batch       | m_axi_gmem_out | interface |          | channel=0                                 |
| out_batch       | s_axi_CTRL     | register  | offset   | name=out_batch_1 offset=0x40 range=32     |
| out_batch       | s_axi_CTRL     | register  | offset   | name=out_batch_2 offset=0x44 range=32     |
| down_quant_mode | s_axi_CTRL     | register  |          | name=down_quant_mode offset=0x4c range=32 |
| x_scale         | s_axi_CTRL     | register  |          | name=x_scale offset=0x54 range=32         |
+-----------------+----------------+-----------+----------+-------------------------------------------+


================================================================
== M_AXI Burst Information
================================================================
 Note: All burst requests might be further partitioned into multiple requests during RTL generation based on max_read_burst_length or max_write_burst_length settings.

* Inferred Burst Summary
+----------------+-----------+--------+-------+------------+-------------------+
| HW Interface   | Direction | Length | Width | Loop       | Loop Location     |
+----------------+-----------+--------+-------+------------+-------------------+
| m_axi_gmem_V   | read      | 2      | 128   |            |                   |
| m_axi_gmem_Wd  | read      | 2      | 128   |            |                   |
| m_axi_gmem_out | write     | 2048   | 32    | anonymous  | swiglu.cpp:665:9  |
| m_axi_gmem_x   | read      | 128    | 128   | LOAD_X_VEC | swiglu.cpp:680:21 |
+----------------+-----------+--------+-------+------------+-------------------+

* All M_AXI Variable Accesses
+---------------------+-----------+-------------------+-----------+--------------+--------+--------------+-------------------+------------+----------------------------------------------------------------------------------------------------------+
| HW Interface        | Variable  | Access Location   | Direction | Burst Status | Length | Loop         | Loop Location     | Resolution | Problem                                                                                                  |
+---------------------+-----------+-------------------+-----------+--------------+--------+--------------+-------------------+------------+----------------------------------------------------------------------------------------------------------+
| m_axi_gmem_V,gmem_W | W_wide    | swiglu.cpp:103:27 | read      | Widen Fail   |        |              |                   | 214-353    | Could not widen since type i128 size is greater than or equal to the max_widen_bitwidth threshold of 128 |
| m_axi_gmem_V,gmem_W | W_wide    | swiglu.cpp:103:27 | read      | Fail         |        | HDR_ALL      | swiglu.cpp:99:14  | 214-229    | Could not analyze pattern                                                                                |
| m_axi_gmem_V,gmem_W | W_wide    | swiglu.cpp:103:27 | read      | Inferred     | 2      | HDR_ALL      | swiglu.cpp:99:14  |            |                                                                                                          |
| m_axi_gmem_V,gmem_W | W_wide    | swiglu.cpp:104:27 | read      | Widen Fail   |        |              |                   | 214-353    | Could not widen since type i128 size is greater than or equal to the max_widen_bitwidth threshold of 128 |
| m_axi_gmem_V,gmem_W | W_wide    | swiglu.cpp:104:27 | read      | Fail         |        | HDR_ALL      | swiglu.cpp:99:14  | 214-229    | Could not analyze pattern                                                                                |
| m_axi_gmem_V,gmem_W | W_wide    | swiglu.cpp:104:27 | read      | Inferred     | 2      | HDR_ALL      | swiglu.cpp:99:14  |            |                                                                                                          |
| m_axi_gmem_V,gmem_W | W_wide    | swiglu.cpp:146:24 | read      | Fail         |        | NIB_ALL      | swiglu.cpp:137:14 | 214-229    | Could not analyze pattern                                                                                |
| m_axi_gmem_Wd       | Wd_wide   | swiglu.cpp:146:24 | read      | Fail         |        | NIB_ALL_DOWN | swiglu.cpp:188:19 | 214-229    | Could not analyze pattern                                                                                |
| m_axi_gmem_Wd       | Wd_wide   | swiglu.cpp:166:27 | read      | Widen Fail   |        |              |                   | 214-353    | Could not widen since type i128 size is greater than or equal to the max_widen_bitwidth threshold of 128 |
| m_axi_gmem_Wd       | Wd_wide   | swiglu.cpp:166:27 | read      | Fail         |        | HDR_ALL_DOWN | swiglu.cpp:162:19 | 214-229    | Could not analyze pattern                                                                                |
| m_axi_gmem_Wd       | Wd_wide   | swiglu.cpp:166:27 | read      | Inferred     | 2      | HDR_ALL_DOWN | swiglu.cpp:162:19 |            |                                                                                                          |
| m_axi_gmem_Wd       | Wd_wide   | swiglu.cpp:167:27 | read      | Widen Fail   |        |              |                   | 214-353    | Could not widen since type i128 size is greater than or equal to the max_widen_bitwidth threshold of 128 |
| m_axi_gmem_Wd       | Wd_wide   | swiglu.cpp:167:27 | read      | Fail         |        | HDR_ALL_DOWN | swiglu.cpp:162:19 | 214-229    | Could not analyze pattern                                                                                |
| m_axi_gmem_Wd       | Wd_wide   | swiglu.cpp:167:27 | read      | Inferred     | 2      | HDR_ALL_DOWN | swiglu.cpp:162:19 |            |                                                                                                          |
| m_axi_gmem_out      | out_batch | swiglu.cpp:665:9  | write     | Widen Fail   |        | anonymous    | swiglu.cpp:665:9  | 214-353    | Could not widen since type float size is greater than or equal to the max_widen_bitwidth threshold of 0  |
| m_axi_gmem_out      | out_batch | swiglu.cpp:665:9  | write     | Inferred     | 2048   | anonymous    | swiglu.cpp:665:9  |            |                                                                                                          |
| m_axi_gmem_x        | x_batch   | swiglu.cpp:682:26 | read      | Widen Fail   |        | LOAD_X_VEC   | swiglu.cpp:680:21 | 214-353    | Could not widen since type i128 size is greater than or equal to the max_widen_bitwidth threshold of 128 |
| m_axi_gmem_x        | x_batch   | swiglu.cpp:682:26 | read      | Inferred     | 128    | LOAD_X_VEC   | swiglu.cpp:680:21 |            |                                                                                                          |
+---------------------+-----------+-------------------+-----------+--------------+--------+--------------+-------------------+------------+----------------------------------------------------------------------------------------------------------+

    * Resolution URL: docs.xilinx.com/access/sources/dita/topic?Doc_Version=2025.1%20English&url=ug1448-hls-guidance&resourceid=XXX-YYY.html (replace XXX-YYY with column value)

================================================================
== Bind Op Report
================================================================
+------------------------------------------------------------------------------------------------+-----+--------+----------------------+-----------+--------------------------+---------+
| Name                                                                                           | DSP | Pragma | Variable             | Op        | Impl                     | Latency |
+------------------------------------------------------------------------------------------------+-----+--------+----------------------+-----------+--------------------------+---------+
| + swiglu                                                                                       | 434 |        |                      |           |                          |         |
|  + load_x_local                                                                                | 0   |        |                      |           |                          |         |
|    first_iter_0_fu_3982_p2                                                                     |     |        | first_iter_0         | seteq     | auto                     | 0       |
|    i_fu_4002_p2                                                                                |     |        | i                    | add       | fabric                   | 0       |
|    icmp_ln680_fu_4026_p2                                                                       |     |        | icmp_ln680           | seteq     | auto                     | 0       |
|  + compute_X1                                                                                  | 144 |        |                      |           |                          |         |
|    fmul_32ns_32ns_32_5_max_dsp_1_U3456                                                         | 3   |        | fq0                  | fmul      | maxdsp                   | 4       |
|    icmp_ln461_fu_6038_p2                                                                       |     |        | icmp_ln461           | setne     | auto                     | 0       |
|    icmp_ln461_1_fu_6044_p2                                                                     |     |        | icmp_ln461_1         | seteq     | auto                     | 0       |
|    or_ln461_fu_6137_p2                                                                         |     |        | or_ln461             | or        | auto                     | 0       |
|    fcmp_32ns_32ns_1_2_no_dsp_1_U3460                                                           |     |        | tmp_43               | fcmp      | auto                     | 1       |
|    and_ln461_fu_6141_p2                                                                        |     |        | and_ln461            | and       | auto                     | 0       |
|    grp_fu_3870_p1                                                                              |     |        | select_ln461         | select    | auto_sel                 | 0       |
|    fadd_32ns_32ns_32_10_full_dsp_1_U3452                                                       | 2   |        | dc                   | fadd      | fulldsp                  | 9       |
|    add_ln317_fu_6250_p2                                                                        |     |        | add_ln317            | add       | fabric                   | 0       |
|    sub_ln18_fu_6264_p2                                                                         |     |        | sub_ln18             | sub       | fabric                   | 0       |
|    select_ln18_fu_6274_p3                                                                      |     |        | select_ln18          | select    | auto_sel                 | 0       |
|    lshr_ln18_fu_6290_p2                                                                        |     |        | lshr_ln18            | lshr      | auto_pipe                | 0       |
|    shl_ln18_fu_6296_p2                                                                         |     |        | shl_ln18             | shl       | auto_pipe                | 0       |
|    val_fu_6322_p3                                                                              |     |        | val                  | select    | auto_sel                 | 0       |
|    result_23_fu_6693_p2                                                                        |     |        | result_23            | sub       | fabric                   | 0       |
|    result_32_fu_6698_p3                                                                        |     |        | result_32            | select    | auto_sel                 | 0       |
|    icmp_ln462_fu_6714_p2                                                                       |     |        | icmp_ln462           | setgt     | auto                     | 0       |
|    iq0_2_fu_6805_p3                                                                            |     |        | iq0_2                | select    | auto_sel                 | 0       |
|    icmp_ln462_1_fu_6811_p2                                                                     |     |        | icmp_ln462_1         | setlt     | auto                     | 0       |
|    select_ln463_fu_6821_p3                                                                     |     |        | select_ln463         | select    | auto_sel                 | 0       |
|    fmul_32ns_32ns_32_5_max_dsp_1_U3457                                                         | 3   |        | fq1                  | fmul      | maxdsp                   | 4       |
|    icmp_ln466_fu_6067_p2                                                                       |     |        | icmp_ln466           | setne     | auto                     | 0       |
|    icmp_ln466_1_fu_6073_p2                                                                     |     |        | icmp_ln466_1         | seteq     | auto                     | 0       |
|    or_ln466_fu_6155_p2                                                                         |     |        | or_ln466             | or        | auto                     | 0       |
|    fcmp_32ns_32ns_1_2_no_dsp_1_U3461                                                           |     |        | tmp_45               | fcmp      | auto                     | 1       |
|    and_ln466_fu_6159_p2                                                                        |     |        | and_ln466            | and       | auto                     | 0       |
|    grp_fu_3874_p1                                                                              |     |        | select_ln466         | select    | auto_sel                 | 0       |
|    fadd_32ns_32ns_32_10_full_dsp_1_U3453                                                       | 2   |        | dc_5                 | fadd      | fulldsp                  | 9       |
|    add_ln317_5_fu_6371_p2                                                                      |     |        | add_ln317_5          | add       | fabric                   | 0       |
|    sub_ln18_5_fu_6385_p2                                                                       |     |        | sub_ln18_5           | sub       | fabric                   | 0       |
|    select_ln18_13_fu_6395_p3                                                                   |     |        | select_ln18_13       | select    | auto_sel                 | 0       |
|    lshr_ln18_5_fu_6411_p2                                                                      |     |        | lshr_ln18_5          | lshr      | auto_pipe                | 0       |
|    shl_ln18_5_fu_6417_p2                                                                       |     |        | shl_ln18_5           | shl       | auto_pipe                | 0       |
|    val_20_fu_6443_p3                                                                           |     |        | val_20               | select    | auto_sel                 | 0       |
|    result_26_fu_6720_p2                                                                        |     |        | result_26            | sub       | fabric                   | 0       |
|    result_33_fu_6725_p3                                                                        |     |        | result_33            | select    | auto_sel                 | 0       |
|    icmp_ln467_fu_6741_p2                                                                       |     |        | icmp_ln467           | setgt     | auto                     | 0       |
|    iq1_2_fu_6830_p3                                                                            |     |        | iq1_2                | select    | auto_sel                 | 0       |
|    icmp_ln467_1_fu_6836_p2                                                                     |     |        | icmp_ln467_1         | setlt     | auto                     | 0       |
|    select_ln468_fu_6846_p3                                                                     |     |        | select_ln468         | select    | auto_sel                 | 0       |
|    fmul_32ns_32ns_32_5_max_dsp_1_U3458                                                         | 3   |        | fq2                  | fmul      | maxdsp                   | 4       |
|    icmp_ln471_fu_6096_p2                                                                       |     |        | icmp_ln471           | setne     | auto                     | 0       |
|    icmp_ln471_1_fu_6102_p2                                                                     |     |        | icmp_ln471_1         | seteq     | auto                     | 0       |
|    or_ln471_fu_6173_p2                                                                         |     |        | or_ln471             | or        | auto                     | 0       |
|    fcmp_32ns_32ns_1_2_no_dsp_1_U3462                                                           |     |        | tmp_47               | fcmp      | auto                     | 1       |
|    and_ln471_fu_6177_p2                                                                        |     |        | and_ln471            | and       | auto                     | 0       |
|    grp_fu_3878_p1                                                                              |     |        | select_ln471         | select    | auto_sel                 | 0       |
|    fadd_32ns_32ns_32_10_full_dsp_1_U3454                                                       | 2   |        | dc_6                 | fadd      | fulldsp                  | 9       |
|    add_ln317_6_fu_6492_p2                                                                      |     |        | add_ln317_6          | add       | fabric                   | 0       |
|    sub_ln18_6_fu_6506_p2                                                                       |     |        | sub_ln18_6           | sub       | fabric                   | 0       |
|    select_ln18_15_fu_6516_p3                                                                   |     |        | select_ln18_15       | select    | auto_sel                 | 0       |
|    lshr_ln18_6_fu_6532_p2                                                                      |     |        | lshr_ln18_6          | lshr      | auto_pipe                | 0       |
|    shl_ln18_6_fu_6538_p2                                                                       |     |        | shl_ln18_6           | shl       | auto_pipe                | 0       |
|    val_21_fu_6564_p3                                                                           |     |        | val_21               | select    | auto_sel                 | 0       |
|    result_29_fu_6747_p2                                                                        |     |        | result_29            | sub       | fabric                   | 0       |
|    result_34_fu_6752_p3                                                                        |     |        | result_34            | select    | auto_sel                 | 0       |
|    icmp_ln472_fu_6768_p2                                                                       |     |        | icmp_ln472           | setgt     | auto                     | 0       |
|    iq2_2_fu_6854_p3                                                                            |     |        | iq2_2                | select    | auto_sel                 | 0       |
|    icmp_ln472_1_fu_6860_p2                                                                     |     |        | icmp_ln472_1         | setlt     | auto                     | 0       |
|    select_ln473_fu_6870_p3                                                                     |     |        | select_ln473         | select    | auto_sel                 | 0       |
|    fmul_32ns_32ns_32_5_max_dsp_1_U3459                                                         | 3   |        | fq3                  | fmul      | maxdsp                   | 4       |
|    icmp_ln476_fu_6125_p2                                                                       |     |        | icmp_ln476           | setne     | auto                     | 0       |
|    icmp_ln476_1_fu_6131_p2                                                                     |     |        | icmp_ln476_1         | seteq     | auto                     | 0       |
|    or_ln476_fu_6191_p2                                                                         |     |        | or_ln476             | or        | auto                     | 0       |
|    fcmp_32ns_32ns_1_2_no_dsp_1_U3463                                                           |     |        | tmp_49               | fcmp      | auto                     | 1       |
|    and_ln476_fu_6195_p2                                                                        |     |        | and_ln476            | and       | auto                     | 0       |
|    grp_fu_3882_p1                                                                              |     |        | select_ln476         | select    | auto_sel                 | 0       |
|    fadd_32ns_32ns_32_10_full_dsp_1_U3455                                                       | 2   |        | dc_7                 | fadd      | fulldsp                  | 9       |
|    add_ln317_7_fu_6613_p2                                                                      |     |        | add_ln317_7          | add       | fabric                   | 0       |
|    sub_ln18_7_fu_6627_p2                                                                       |     |        | sub_ln18_7           | sub       | fabric                   | 0       |
|    select_ln18_17_fu_6637_p3                                                                   |     |        | select_ln18_17       | select    | auto_sel                 | 0       |
|    lshr_ln18_7_fu_6653_p2                                                                      |     |        | lshr_ln18_7          | lshr      | auto_pipe                | 0       |
|    shl_ln18_7_fu_6659_p2                                                                       |     |        | shl_ln18_7           | shl       | auto_pipe                | 0       |
|    val_22_fu_6685_p3                                                                           |     |        | val_22               | select    | auto_sel                 | 0       |
|    result_30_fu_6774_p2                                                                        |     |        | result_30            | sub       | fabric                   | 0       |
|    result_fu_6779_p3                                                                           |     |        | result               | select    | auto_sel                 | 0       |
|    icmp_ln477_fu_6795_p2                                                                       |     |        | icmp_ln477           | setgt     | auto                     | 0       |
|    iq3_2_fu_6878_p3                                                                            |     |        | iq3_2                | select    | auto_sel                 | 0       |
|    icmp_ln477_1_fu_6884_p2                                                                     |     |        | icmp_ln477_1         | setlt     | auto                     | 0       |
|    select_ln478_fu_6894_p3                                                                     |     |        | select_ln478         | select    | auto_sel                 | 0       |
|    add_ln445_fu_6011_p2                                                                        |     |        | add_ln445            | add       | fabric                   | 0       |
|   + load_4_rows_wv_urm (grp_load_4_rows_wv_urm_fu_2553)                                        | 0   |        |                      |           |                          |         |
|     base_fu_2203_p2                                                                            |     |        | base                 | add       | fabric                   | 0       |
|    + load_4_rows_wv_urm_Pipeline_HDR_ALL (grp_load_4_rows_wv_urm_Pipeline_HDR_ALL_fu_1114)     | 0   |        |                      |           |                          |         |
|      icmp_ln99_fu_5214_p2                                                                      |     |        | icmp_ln99            | seteq     | auto                     | 0       |
|      b_4_fu_5220_p2                                                                            |     |        | b_4                  | add       | fabric                   | 0       |
|      add_ln101_fu_5278_p2                                                                      |     |        | add_ln101            | add       | fabric                   | 0       |
|      empty_fu_5296_p2                                                                          |     |        | empty                | add       | fabric                   | 0       |
|     + fp16_to_fp32 (grp_fp16_to_fp32_fu_4884)                                                  | 0   |        |                      |           |                          |         |
|       or_ln59_fu_118_p2                                                                        |     |        | or_ln59              | or        | auto                     | 0       |
|       icmp_ln59_fu_142_p2                                                                      |     |        | icmp_ln59            | seteq     | auto                     | 0       |
|       add_ln71_fu_499_p2                                                                       |     |        | add_ln71             | add       | fabric                   | 0       |
|       m_1_fu_168_p3                                                                            |     |        | m_1                  | select    | auto_sel                 | 0       |
|       e_fu_176_p3                                                                              |     |        | e                    | select    | auto_sel                 | 0       |
|       e_1_fu_198_p3                                                                            |     |        | e_1                  | select    | auto_sel                 | 0       |
|       m_3_fu_206_p3                                                                            |     |        | m_3                  | select    | auto_sel                 | 0       |
|       e_2_fu_214_p3                                                                            |     |        | e_2                  | select    | auto_sel                 | 0       |
|       e_3_fu_236_p2                                                                            |     |        | e_3                  | add       | fabric                   | 0       |
|       m_5_fu_242_p3                                                                            |     |        | m_5                  | select    | auto_sel                 | 0       |
|       e_4_fu_250_p3                                                                            |     |        | e_4                  | select    | auto_sel                 | 0       |
|       e_5_fu_272_p2                                                                            |     |        | e_5                  | add       | fabric                   | 0       |
|       m_7_fu_278_p3                                                                            |     |        | m_7                  | select    | auto_sel                 | 0       |
|       e_6_fu_286_p3                                                                            |     |        | e_6                  | select    | auto_sel                 | 0       |
|       e_7_fu_307_p2                                                                            |     |        | e_7                  | add       | fabric                   | 0       |
|       m_9_fu_312_p3                                                                            |     |        | m_9                  | select    | auto_sel                 | 0       |
|       e_8_fu_318_p3                                                                            |     |        | e_8                  | select    | auto_sel                 | 0       |
|       e_9_fu_332_p2                                                                            |     |        | e_9                  | add       | fabric                   | 0       |
|       m_11_fu_351_p3                                                                           |     |        | m_11                 | select    | auto_sel                 | 0       |
|       e_10_fu_338_p3                                                                           |     |        | e_10                 | select    | auto_sel                 | 0       |
|       e_11_fu_371_p2                                                                           |     |        | e_11                 | add       | fabric                   | 0       |
|       m_13_fu_376_p3                                                                           |     |        | m_13                 | select    | auto_sel                 | 0       |
|       e_12_fu_384_p3                                                                           |     |        | e_12                 | select    | auto_sel                 | 0       |
|       e_13_fu_405_p2                                                                           |     |        | e_13                 | add       | fabric                   | 0       |
|       m_15_fu_411_p3                                                                           |     |        | m_15                 | select    | auto_sel                 | 0       |
|       e_14_fu_419_p3                                                                           |     |        | e_14                 | select    | auto_sel                 | 0       |
|       e_15_fu_525_p2                                                                           |     |        | e_15                 | add       | fabric                   | 0       |
|       m_17_fu_441_p3                                                                           |     |        | m_17                 | select    | auto_sel                 | 0       |
|       e_16_fu_530_p3                                                                           |     |        | e_16                 | select    | auto_sel                 | 0       |
|       e_17_fu_536_p2                                                                           |     |        | e_17                 | add       | fabric                   | 0       |
|       select_ln65_fu_473_p3                                                                    |     |        | select_ln65          | select    | auto_sel                 | 0       |
|       select_ln62_fu_542_p3                                                                    |     |        | select_ln62          | select    | auto_sel                 | 0       |
|       icmp_ln61_fu_575_p2                                                                      |     |        | icmp_ln61            | seteq     | auto                     | 0       |
|       xor_ln59_fu_580_p2                                                                       |     |        | xor_ln59             | xor       | auto                     | 0       |
|       and_ln61_fu_585_p2                                                                       |     |        | and_ln61             | and       | auto                     | 0       |
|       icmp_ln61_1_fu_591_p2                                                                    |     |        | icmp_ln61_1          | seteq     | auto                     | 0       |
|       and_ln61_1_fu_596_p2                                                                     |     |        | and_ln61_1           | and       | auto                     | 0       |
|       sparsemux_9_3_32_1_0_U259                                                                |     |        | f32_4                | sparsemux | onehotencoding_realdef   | 0       |
|    + load_4_rows_wv_urm_Pipeline_NIB_ALL (grp_load_4_rows_wv_urm_Pipeline_NIB_ALL_fu_2163)     | 0   |        |                      |           |                          |         |
|      icmp_ln137_fu_196_p2                                                                      |     |        | icmp_ln137           | seteq     | auto                     | 0       |
|      i_2_fu_202_p2                                                                             |     |        | i_2                  | add       | fabric                   | 0       |
|      add_ln141_3_fu_256_p2                                                                     |     |        | add_ln141_3          | add       | fabric                   | 0       |
|      add_ln141_2_fu_272_p2                                                                     |     |        | add_ln141_2          | add       | fabric                   | 0       |
|      add_ln146_fu_300_p2                                                                       |     |        | add_ln146            | add       | fabric                   | 0       |
|   + mac_blocks_wv_k4_urm (grp_mac_blocks_wv_k4_urm_fu_3085)                                    | 124 |        |                      |           |                          |         |
|     icmp_ln307_fu_8392_p2                                                                      |     |        | icmp_ln307           | seteq     | auto                     | 0       |
|     sub_ln307_fu_8406_p2                                                                       |     |        | sub_ln307            | sub       | fabric                   | 0       |
|     tmp_s_fu_8420_p1                                                                           |     |        | select_ln307         | select    | auto_sel                 | 0       |
|     ctlz_56_56_1_1_U2788                                                                       |     |        | tmp_s                | ctlz      | auto                     | 0       |
|     sub_ln307_1_fu_8436_p2                                                                     |     |        | sub_ln307_1          | sub       | fabric                   | 0       |
|     add_ln307_fu_8595_p2                                                                       |     |        | add_ln307            | add       | fabric                   | 0       |
|     icmp_ln307_1_fu_8615_p2                                                                    |     |        | icmp_ln307_1         | setgt     | auto                     | 0       |
|     sub_ln307_4_fu_8621_p2                                                                     |     |        | sub_ln307_4          | sub       | fabric                   | 0       |
|     lshr_ln307_2_fu_8630_p2                                                                    |     |        | lshr_ln307_2         | lshr      | auto_pipe                | 0       |
|     and_ln307_fu_8636_p2                                                                       |     |        | and_ln307            | and       | auto                     | 0       |
|     icmp_ln307_2_fu_8641_p2                                                                    |     |        | icmp_ln307_2         | setne     | auto                     | 0       |
|     phi_ln307_fu_8647_p2                                                                       |     |        | phi_ln307            | and       | auto                     | 0       |
|     xor_ln307_fu_8661_p2                                                                       |     |        | xor_ln307            | xor       | auto                     | 0       |
|     bitselect_1ns_56ns_6ns_1_1_1_U2792                                                         |     |        | tmp_49               | bitselect | auto                     | 0       |
|     phi_ln307_1_fu_8674_p2                                                                     |     |        | phi_ln307_1          | and       | auto                     | 0       |
|     or_ln307_fu_8680_p2                                                                        |     |        | or_ln307             | or        | auto                     | 0       |
|     icmp_ln307_3_fu_8686_p2                                                                    |     |        | icmp_ln307_3         | setgt     | auto                     | 0       |
|     add_ln307_1_fu_8692_p2                                                                     |     |        | add_ln307_1          | add       | fabric                   | 0       |
|     lshr_ln307_fu_8705_p2                                                                      |     |        | lshr_ln307           | lshr      | auto_pipe                | 0       |
|     sub_ln307_2_fu_8710_p2                                                                     |     |        | sub_ln307_2          | sub       | fabric                   | 0       |
|     shl_ln307_fu_8723_p2                                                                       |     |        | shl_ln307            | shl       | auto_pipe                | 0       |
|     cond49_i_i224_in_fu_9136_p3                                                                |     |        | cond49_i_i224_in     | select    | auto_sel                 | 0       |
|     add_ln307_2_fu_9148_p2                                                                     |     |        | add_ln307_2          | add       | fabric                   | 0       |
|     select_ln307_1_fu_9176_p3                                                                  |     |        | select_ln307_1       | select    | auto_sel                 | 0       |
|     sub_ln307_3_fu_9184_p2                                                                     |     |        | sub_ln307_3          | sub       | fabric                   | 0       |
|     add_ln307_3_fu_9193_p2                                                                     |     |        | add_ln307_3          | add       | fabric                   | 0       |
|     retval_0_i_i236_fu_9226_p3                                                                 |     |        | retval_0_i_i236      | select    | auto_sel                 | 0       |
|     fmul_32ns_32ns_32_5_max_dsp_1_U2784                                                        | 3   |        | result0_write_assign | fmul      | maxdsp                   | 4       |
|     icmp_ln308_fu_8442_p2                                                                      |     |        | icmp_ln308           | seteq     | auto                     | 0       |
|     sub_ln308_fu_8456_p2                                                                       |     |        | sub_ln308            | sub       | fabric                   | 0       |
|     tmp_154_fu_8470_p1                                                                         |     |        | select_ln308         | select    | auto_sel                 | 0       |
|     ctlz_56_56_1_1_U2789                                                                       |     |        | tmp_154              | ctlz      | auto                     | 0       |
|     sub_ln308_1_fu_8486_p2                                                                     |     |        | sub_ln308_1          | sub       | fabric                   | 0       |
|     add_ln308_fu_8731_p2                                                                       |     |        | add_ln308            | add       | fabric                   | 0       |
|     icmp_ln308_1_fu_8751_p2                                                                    |     |        | icmp_ln308_1         | setgt     | auto                     | 0       |
|     sub_ln308_4_fu_8757_p2                                                                     |     |        | sub_ln308_4          | sub       | fabric                   | 0       |
|     lshr_ln308_2_fu_8766_p2                                                                    |     |        | lshr_ln308_2         | lshr      | auto_pipe                | 0       |
|     and_ln308_fu_8772_p2                                                                       |     |        | and_ln308            | and       | auto                     | 0       |
|     icmp_ln308_2_fu_8777_p2                                                                    |     |        | icmp_ln308_2         | setne     | auto                     | 0       |
|     phi_ln308_fu_8783_p2                                                                       |     |        | phi_ln308            | and       | auto                     | 0       |
|     xor_ln308_fu_8797_p2                                                                       |     |        | xor_ln308            | xor       | auto                     | 0       |
|     bitselect_1ns_56ns_6ns_1_1_1_U2793                                                         |     |        | tmp_54               | bitselect | auto                     | 0       |
|     phi_ln308_1_fu_8810_p2                                                                     |     |        | phi_ln308_1          | and       | auto                     | 0       |
|     or_ln308_fu_8816_p2                                                                        |     |        | or_ln308             | or        | auto                     | 0       |
|     icmp_ln308_3_fu_8822_p2                                                                    |     |        | icmp_ln308_3         | setgt     | auto                     | 0       |
|     add_ln308_1_fu_8828_p2                                                                     |     |        | add_ln308_1          | add       | fabric                   | 0       |
|     lshr_ln308_fu_8841_p2                                                                      |     |        | lshr_ln308           | lshr      | auto_pipe                | 0       |
|     sub_ln308_2_fu_8846_p2                                                                     |     |        | sub_ln308_2          | sub       | fabric                   | 0       |
|     shl_ln308_fu_8859_p2                                                                       |     |        | shl_ln308            | shl       | auto_pipe                | 0       |
|     cond49_i_i156_in_fu_9233_p3                                                                |     |        | cond49_i_i156_in     | select    | auto_sel                 | 0       |
|     add_ln308_2_fu_9245_p2                                                                     |     |        | add_ln308_2          | add       | fabric                   | 0       |
|     select_ln308_1_fu_9273_p3                                                                  |     |        | select_ln308_1       | select    | auto_sel                 | 0       |
|     sub_ln308_3_fu_9281_p2                                                                     |     |        | sub_ln308_3          | sub       | fabric                   | 0       |
|     add_ln308_3_fu_9290_p2                                                                     |     |        | add_ln308_3          | add       | fabric                   | 0       |
|     retval_0_i_i168_fu_9323_p3                                                                 |     |        | retval_0_i_i168      | select    | auto_sel                 | 0       |
|     fmul_32ns_32ns_32_5_max_dsp_1_U2785                                                        | 3   |        | result1_write_assign | fmul      | maxdsp                   | 4       |
|     icmp_ln309_fu_8492_p2                                                                      |     |        | icmp_ln309           | seteq     | auto                     | 0       |
|     sub_ln309_fu_8506_p2                                                                       |     |        | sub_ln309            | sub       | fabric                   | 0       |
|     tmp_156_fu_8520_p1                                                                         |     |        | select_ln309         | select    | auto_sel                 | 0       |
|     ctlz_56_56_1_1_U2790                                                                       |     |        | tmp_156              | ctlz      | auto                     | 0       |
|     sub_ln309_1_fu_8536_p2                                                                     |     |        | sub_ln309_1          | sub       | fabric                   | 0       |
|     add_ln309_fu_8867_p2                                                                       |     |        | add_ln309            | add       | fabric                   | 0       |
|     icmp_ln309_1_fu_8887_p2                                                                    |     |        | icmp_ln309_1         | setgt     | auto                     | 0       |
|     sub_ln309_4_fu_8893_p2                                                                     |     |        | sub_ln309_4          | sub       | fabric                   | 0       |
|     lshr_ln309_2_fu_8902_p2                                                                    |     |        | lshr_ln309_2         | lshr      | auto_pipe                | 0       |
|     and_ln309_fu_8908_p2                                                                       |     |        | and_ln309            | and       | auto                     | 0       |
|     icmp_ln309_2_fu_8913_p2                                                                    |     |        | icmp_ln309_2         | setne     | auto                     | 0       |
|     phi_ln309_fu_8919_p2                                                                       |     |        | phi_ln309            | and       | auto                     | 0       |
|     xor_ln309_fu_8933_p2                                                                       |     |        | xor_ln309            | xor       | auto                     | 0       |
|     bitselect_1ns_56ns_6ns_1_1_1_U2794                                                         |     |        | tmp_59               | bitselect | auto                     | 0       |
|     phi_ln309_1_fu_8946_p2                                                                     |     |        | phi_ln309_1          | and       | auto                     | 0       |
|     or_ln309_fu_8952_p2                                                                        |     |        | or_ln309             | or        | auto                     | 0       |
|     icmp_ln309_3_fu_8958_p2                                                                    |     |        | icmp_ln309_3         | setgt     | auto                     | 0       |
|     add_ln309_1_fu_8964_p2                                                                     |     |        | add_ln309_1          | add       | fabric                   | 0       |
|     lshr_ln309_fu_8977_p2                                                                      |     |        | lshr_ln309           | lshr      | auto_pipe                | 0       |
|     sub_ln309_2_fu_8982_p2                                                                     |     |        | sub_ln309_2          | sub       | fabric                   | 0       |
|     shl_ln309_fu_8995_p2                                                                       |     |        | shl_ln309            | shl       | auto_pipe                | 0       |
|     cond49_i_i88_in_fu_9330_p3                                                                 |     |        | cond49_i_i88_in      | select    | auto_sel                 | 0       |
|     add_ln309_2_fu_9342_p2                                                                     |     |        | add_ln309_2          | add       | fabric                   | 0       |
|     select_ln309_1_fu_9370_p3                                                                  |     |        | select_ln309_1       | select    | auto_sel                 | 0       |
|     sub_ln309_3_fu_9378_p2                                                                     |     |        | sub_ln309_3          | sub       | fabric                   | 0       |
|     add_ln309_3_fu_9387_p2                                                                     |     |        | add_ln309_3          | add       | fabric                   | 0       |
|     retval_0_i_i100_fu_9420_p3                                                                 |     |        | retval_0_i_i100      | select    | auto_sel                 | 0       |
|     fmul_32ns_32ns_32_5_max_dsp_1_U2786                                                        | 3   |        | result2_write_assign | fmul      | maxdsp                   | 4       |
|     icmp_ln310_fu_8542_p2                                                                      |     |        | icmp_ln310           | seteq     | auto                     | 0       |
|     sub_ln310_fu_8556_p2                                                                       |     |        | sub_ln310            | sub       | fabric                   | 0       |
|     tmp_158_fu_8570_p1                                                                         |     |        | select_ln310         | select    | auto_sel                 | 0       |
|     ctlz_56_56_1_1_U2791                                                                       |     |        | tmp_158              | ctlz      | auto                     | 0       |
|     sub_ln310_1_fu_8586_p2                                                                     |     |        | sub_ln310_1          | sub       | fabric                   | 0       |
|     add_ln310_fu_9003_p2                                                                       |     |        | add_ln310            | add       | fabric                   | 0       |
|     icmp_ln310_1_fu_9023_p2                                                                    |     |        | icmp_ln310_1         | setgt     | auto                     | 0       |
|     sub_ln310_4_fu_9029_p2                                                                     |     |        | sub_ln310_4          | sub       | fabric                   | 0       |
|     lshr_ln310_2_fu_9038_p2                                                                    |     |        | lshr_ln310_2         | lshr      | auto_pipe                | 0       |
|     and_ln310_fu_9044_p2                                                                       |     |        | and_ln310            | and       | auto                     | 0       |
|     icmp_ln310_2_fu_9049_p2                                                                    |     |        | icmp_ln310_2         | setne     | auto                     | 0       |
|     phi_ln310_fu_9055_p2                                                                       |     |        | phi_ln310            | and       | auto                     | 0       |
|     xor_ln310_fu_9069_p2                                                                       |     |        | xor_ln310            | xor       | auto                     | 0       |
|     bitselect_1ns_56ns_6ns_1_1_1_U2795                                                         |     |        | tmp_64               | bitselect | auto                     | 0       |
|     phi_ln310_1_fu_9082_p2                                                                     |     |        | phi_ln310_1          | and       | auto                     | 0       |
|     or_ln310_fu_9088_p2                                                                        |     |        | or_ln310             | or        | auto                     | 0       |
|     icmp_ln310_3_fu_9094_p2                                                                    |     |        | icmp_ln310_3         | setgt     | auto                     | 0       |
|     add_ln310_1_fu_9100_p2                                                                     |     |        | add_ln310_1          | add       | fabric                   | 0       |
|     lshr_ln310_fu_9113_p2                                                                      |     |        | lshr_ln310           | lshr      | auto_pipe                | 0       |
|     sub_ln310_2_fu_9118_p2                                                                     |     |        | sub_ln310_2          | sub       | fabric                   | 0       |
|     shl_ln310_fu_9131_p2                                                                       |     |        | shl_ln310            | shl       | auto_pipe                | 0       |
|     cond49_i_i_in_fu_9427_p3                                                                   |     |        | cond49_i_i_in        | select    | auto_sel                 | 0       |
|     add_ln310_2_fu_9439_p2                                                                     |     |        | add_ln310_2          | add       | fabric                   | 0       |
|     select_ln310_1_fu_9467_p3                                                                  |     |        | select_ln310_1       | select    | auto_sel                 | 0       |
|     sub_ln310_3_fu_9475_p2                                                                     |     |        | sub_ln310_3          | sub       | fabric                   | 0       |
|     add_ln310_3_fu_9484_p2                                                                     |     |        | add_ln310_3          | add       | fabric                   | 0       |
|     retval_0_i_i_fu_9517_p3                                                                    |     |        | retval_0_i_i         | select    | auto_sel                 | 0       |
|     fmul_32ns_32ns_32_5_max_dsp_1_U2787                                                        | 3   |        | result3_write_assign | fmul      | maxdsp                   | 4       |
|    + mac_blocks_wv_k4_urm_Pipeline_MAC_ALL (grp_mac_blocks_wv_k4_urm_Pipeline_MAC_ALL_fu_5508) | 64  |        |                      |           |                          |         |
|      icmp_ln253_fu_10890_p2                                                                    |     |        | icmp_ln253           | seteq     | auto                     | 0       |
|      add_ln253_fu_10896_p2                                                                     |     |        | add_ln253            | add       | fabric                   | 0       |
|      sparsemux_33_4_8_1_1_U1383                                                                |     |        | xi8                  | sparsemux | compactencoding_dontcare | 0       |
|      mul_8s_4ns_12_1_1_U1391                                                                   |     |        | mul_ln280            | mul       | auto                     | 0       |
|      sparsemux_17_3_8_1_1_U1319                                                                |     |        | tmp_26               | sparsemux | compactencoding_dontcare | 0       |
|      mac_muladd_12s_8s_32s_32_4_1_U1519                                                        | 1   |        | mul_ln280_1          | mul       | dsp_slice                | 3       |
|      mac_muladd_12s_8s_32s_32_4_1_U1519                                                        | 1   |        | sext_ln280_3         | sext      | dsp_slice                | 3       |
|      sparsemux_9_2_32_1_1_U1455                                                                |     |        | tmp_27               | sparsemux | compactencoding_dontcare | 0       |
|      mac_muladd_12s_8s_32s_32_4_1_U1519                                                        | 1   |        | acc_w0_32            | add       | dsp_slice                | 3       |
|      sparsemux_17_3_8_1_1_U1320                                                                |     |        | tmp_28               | sparsemux | compactencoding_dontcare | 0       |
|      mac_muladd_8s_8s_32s_32_4_1_U1487                                                         | 1   |        | mul_ln281            | mul       | dsp_slice                | 3       |
|      mac_muladd_8s_8s_32s_32_4_1_U1487                                                         | 1   |        | sext_ln281_2         | sext      | dsp_slice                | 3       |
|      mul_8s_4ns_12_1_1_U1392                                                                   |     |        | mul_ln282            | mul       | auto                     | 0       |
|      sparsemux_17_3_8_1_1_U1321                                                                |     |        | tmp_29               | sparsemux | compactencoding_dontcare | 0       |
|      mac_muladd_12s_8s_32s_32_4_1_U1520                                                        | 1   |        | mul_ln282_1          | mul       | dsp_slice                | 3       |
|      mac_muladd_12s_8s_32s_32_4_1_U1520                                                        | 1   |        | sext_ln282_2         | sext      | dsp_slice                | 3       |
|      sparsemux_17_3_8_1_1_U1322                                                                |     |        | tmp_30               | sparsemux | compactencoding_dontcare | 0       |
|      mac_muladd_8s_8s_32s_32_4_1_U1488                                                         | 1   |        | mul_ln283            | mul       | dsp_slice                | 3       |
|      mac_muladd_8s_8s_32s_32_4_1_U1488                                                         | 1   |        | sext_ln283_1         | sext      | dsp_slice                | 3       |
|      mul_8s_4ns_12_1_1_U1393                                                                   |     |        | mul_ln284            | mul       | auto                     | 0       |
|      sparsemux_17_3_8_1_1_U1323                                                                |     |        | tmp_31               | sparsemux | compactencoding_dontcare | 0       |
|      mac_muladd_12s_8s_32s_32_4_1_U1521                                                        | 1   |        | mul_ln284_1          | mul       | dsp_slice                | 3       |
|      mac_muladd_12s_8s_32s_32_4_1_U1521                                                        | 1   |        | sext_ln284_2         | sext      | dsp_slice                | 3       |
|      sparsemux_17_3_8_1_1_U1324                                                                |     |        | tmp_32               | sparsemux | compactencoding_dontcare | 0       |
|      mac_muladd_8s_8s_32s_32_4_1_U1489                                                         | 1   |        | mul_ln285            | mul       | dsp_slice                | 3       |
|      mac_muladd_8s_8s_32s_32_4_1_U1489                                                         | 1   |        | sext_ln285_1         | sext      | dsp_slice                | 3       |
|      mul_8s_4ns_12_1_1_U1394                                                                   |     |        | mul_ln286            | mul       | auto                     | 0       |
|      sparsemux_17_3_8_1_1_U1325                                                                |     |        | tmp_33               | sparsemux | compactencoding_dontcare | 0       |
|      mac_muladd_12s_8s_32s_32_4_1_U1522                                                        | 1   |        | mul_ln286_1          | mul       | dsp_slice                | 3       |
|      mac_muladd_12s_8s_32s_32_4_1_U1522                                                        | 1   |        | sext_ln286_2         | sext      | dsp_slice                | 3       |
|      sparsemux_17_3_8_1_1_U1326                                                                |     |        | tmp_34               | sparsemux | compactencoding_dontcare | 0       |
|      mac_muladd_8s_8s_32s_32_4_1_U1490                                                         | 1   |        | mul_ln287            | mul       | dsp_slice                | 3       |
|      mac_muladd_8s_8s_32s_32_4_1_U1490                                                         | 1   |        | sext_ln287_1         | sext      | dsp_slice                | 3       |
|      sparsemux_17_3_8_1_1_U1327                                                                |     |        | tmp_35               | sparsemux | compactencoding_dontcare | 0       |
|      sparsemux_17_3_8_1_1_U1328                                                                |     |        | tmp_36               | sparsemux | compactencoding_dontcare | 0       |
|      sparsemux_17_3_8_1_1_U1329                                                                |     |        | tmp_37               | sparsemux | compactencoding_dontcare | 0       |
|      sparsemux_17_3_8_1_1_U1330                                                                |     |        | tmp_38               | sparsemux | compactencoding_dontcare | 0       |
|      sparsemux_17_3_8_1_1_U1331                                                                |     |        | tmp_39               | sparsemux | compactencoding_dontcare | 0       |
|      sparsemux_17_3_8_1_1_U1332                                                                |     |        | tmp_40               | sparsemux | compactencoding_dontcare | 0       |
|      sparsemux_17_3_8_1_1_U1333                                                                |     |        | tmp_41               | sparsemux | compactencoding_dontcare | 0       |
|      sparsemux_17_3_8_1_1_U1334                                                                |     |        | tmp_42               | sparsemux | compactencoding_dontcare | 0       |
|      sparsemux_17_3_8_1_1_U1335                                                                |     |        | tmp_43               | sparsemux | compactencoding_dontcare | 0       |
|      sparsemux_17_3_8_1_1_U1336                                                                |     |        | tmp_44               | sparsemux | compactencoding_dontcare | 0       |
|      sparsemux_17_3_8_1_1_U1337                                                                |     |        | tmp_45               | sparsemux | compactencoding_dontcare | 0       |
|      sparsemux_17_3_8_1_1_U1338                                                                |     |        | tmp_s                | sparsemux | compactencoding_dontcare | 0       |
|      sparsemux_17_3_8_1_1_U1339                                                                |     |        | tmp_46               | sparsemux | compactencoding_dontcare | 0       |
|      sparsemux_17_3_8_1_1_U1340                                                                |     |        | tmp_47               | sparsemux | compactencoding_dontcare | 0       |
|      sparsemux_17_3_8_1_1_U1341                                                                |     |        | tmp_48               | sparsemux | compactencoding_dontcare | 0       |
|      sparsemux_17_3_8_1_1_U1342                                                                |     |        | tmp_49               | sparsemux | compactencoding_dontcare | 0       |
|      sparsemux_17_3_8_1_1_U1343                                                                |     |        | tmp_50               | sparsemux | compactencoding_dontcare | 0       |
|      sparsemux_17_3_8_1_1_U1344                                                                |     |        | tmp_51               | sparsemux | compactencoding_dontcare | 0       |
|      sparsemux_17_3_8_1_1_U1345                                                                |     |        | tmp_52               | sparsemux | compactencoding_dontcare | 0       |
|      sparsemux_17_3_8_1_1_U1346                                                                |     |        | tmp_53               | sparsemux | compactencoding_dontcare | 0       |
|      sparsemux_17_3_8_1_1_U1347                                                                |     |        | tmp_54               | sparsemux | compactencoding_dontcare | 0       |
|      sparsemux_17_3_8_1_1_U1348                                                                |     |        | tmp_55               | sparsemux | compactencoding_dontcare | 0       |
|      sparsemux_17_3_8_1_1_U1349                                                                |     |        | tmp_56               | sparsemux | compactencoding_dontcare | 0       |
|      sparsemux_17_3_8_1_1_U1350                                                                |     |        | tmp_57               | sparsemux | compactencoding_dontcare | 0       |
|      sparsemux_17_3_8_1_1_U1351                                                                |     |        | tmp_58               | sparsemux | compactencoding_dontcare | 0       |
|      sparsemux_17_3_8_1_1_U1352                                                                |     |        | tmp_59               | sparsemux | compactencoding_dontcare | 0       |
|      sparsemux_17_3_8_1_1_U1353                                                                |     |        | tmp_60               | sparsemux | compactencoding_dontcare | 0       |
|      sparsemux_17_3_8_1_1_U1354                                                                |     |        | tmp_61               | sparsemux | compactencoding_dontcare | 0       |
|      sparsemux_17_3_8_1_1_U1355                                                                |     |        | tmp_62               | sparsemux | compactencoding_dontcare | 0       |
|      sparsemux_17_3_8_1_1_U1356                                                                |     |        | tmp_63               | sparsemux | compactencoding_dontcare | 0       |
|      sparsemux_17_3_8_1_1_U1357                                                                |     |        | tmp_64               | sparsemux | compactencoding_dontcare | 0       |
|      sparsemux_17_3_8_1_1_U1358                                                                |     |        | tmp_65               | sparsemux | compactencoding_dontcare | 0       |
|      sparsemux_17_3_8_1_1_U1359                                                                |     |        | tmp_66               | sparsemux | compactencoding_dontcare | 0       |
|      sparsemux_17_3_8_1_1_U1360                                                                |     |        | tmp_67               | sparsemux | compactencoding_dontcare | 0       |
|      sparsemux_17_3_8_1_1_U1361                                                                |     |        | tmp_68               | sparsemux | compactencoding_dontcare | 0       |
|      sparsemux_17_3_8_1_1_U1362                                                                |     |        | tmp_69               | sparsemux | compactencoding_dontcare | 0       |
|      sparsemux_17_3_8_1_1_U1363                                                                |     |        | tmp_70               | sparsemux | compactencoding_dontcare | 0       |
|      sparsemux_17_3_8_1_1_U1364                                                                |     |        | tmp_71               | sparsemux | compactencoding_dontcare | 0       |
|      sparsemux_17_3_8_1_1_U1365                                                                |     |        | tmp_72               | sparsemux | compactencoding_dontcare | 0       |
|      sparsemux_17_3_8_1_1_U1366                                                                |     |        | tmp_73               | sparsemux | compactencoding_dontcare | 0       |
|      sparsemux_17_3_8_1_1_U1367                                                                |     |        | tmp_74               | sparsemux | compactencoding_dontcare | 0       |
|      sparsemux_17_3_8_1_1_U1368                                                                |     |        | tmp_75               | sparsemux | compactencoding_dontcare | 0       |
|      sparsemux_17_3_8_1_1_U1369                                                                |     |        | tmp_76               | sparsemux | compactencoding_dontcare | 0       |
|      sparsemux_17_3_8_1_1_U1370                                                                |     |        | tmp_77               | sparsemux | compactencoding_dontcare | 0       |
|      sparsemux_17_3_8_1_1_U1371                                                                |     |        | tmp_78               | sparsemux | compactencoding_dontcare | 0       |
|      sparsemux_17_3_8_1_1_U1372                                                                |     |        | tmp_79               | sparsemux | compactencoding_dontcare | 0       |
|      sparsemux_17_3_8_1_1_U1373                                                                |     |        | tmp_80               | sparsemux | compactencoding_dontcare | 0       |
|      sparsemux_17_3_8_1_1_U1374                                                                |     |        | tmp_81               | sparsemux | compactencoding_dontcare | 0       |
|      sparsemux_33_4_8_1_1_U1384                                                                |     |        | xi8_1                | sparsemux | compactencoding_dontcare | 0       |
|      mul_8s_4ns_12_1_1_U1395                                                                   |     |        | mul_ln280_2          | mul       | auto                     | 0       |
|      mac_muladd_12s_8s_32s_32_4_1_U1523                                                        | 1   |        | mul_ln280_3          | mul       | dsp_slice                | 3       |
|      mac_muladd_12s_8s_32s_32_4_1_U1523                                                        | 1   |        | sext_ln280_6         | sext      | dsp_slice                | 3       |
|      mac_muladd_8s_8s_32s_32_4_1_U1491                                                         | 1   |        | mul_ln281_1          | mul       | dsp_slice                | 3       |
|      mac_muladd_8s_8s_32s_32_4_1_U1491                                                         | 1   |        | sext_ln281_10        | sext      | dsp_slice                | 3       |
|      mul_8s_4ns_12_1_1_U1396                                                                   |     |        | mul_ln282_2          | mul       | auto                     | 0       |
|      mac_muladd_12s_8s_32s_32_4_1_U1524                                                        | 1   |        | mul_ln282_3          | mul       | dsp_slice                | 3       |
|      mac_muladd_12s_8s_32s_32_4_1_U1524                                                        | 1   |        | sext_ln282_4         | sext      | dsp_slice                | 3       |
|      mac_muladd_8s_8s_32s_32_4_1_U1492                                                         | 1   |        | mul_ln283_1          | mul       | dsp_slice                | 3       |
|      mac_muladd_8s_8s_32s_32_4_1_U1492                                                         | 1   |        | sext_ln283_8         | sext      | dsp_slice                | 3       |
|      mul_8s_4ns_12_1_1_U1397                                                                   |     |        | mul_ln284_2          | mul       | auto                     | 0       |
|      mac_muladd_12s_8s_32s_32_4_1_U1525                                                        | 1   |        | mul_ln284_3          | mul       | dsp_slice                | 3       |
|      mac_muladd_12s_8s_32s_32_4_1_U1525                                                        | 1   |        | sext_ln284_4         | sext      | dsp_slice                | 3       |
|      mac_muladd_8s_8s_32s_32_4_1_U1493                                                         | 1   |        | mul_ln285_1          | mul       | dsp_slice                | 3       |
|      mac_muladd_8s_8s_32s_32_4_1_U1493                                                         | 1   |        | sext_ln285_8         | sext      | dsp_slice                | 3       |
|      mul_8s_4ns_12_1_1_U1398                                                                   |     |        | mul_ln286_2          | mul       | auto                     | 0       |
|      mac_muladd_12s_8s_32s_32_4_1_U1526                                                        | 1   |        | mul_ln286_3          | mul       | dsp_slice                | 3       |
|      mac_muladd_12s_8s_32s_32_4_1_U1526                                                        | 1   |        | sext_ln286_4         | sext      | dsp_slice                | 3       |
|      mac_muladd_8s_8s_32s_32_4_1_U1494                                                         | 1   |        | mul_ln287_1          | mul       | dsp_slice                | 3       |
|      mac_muladd_8s_8s_32s_32_4_1_U1494                                                         | 1   |        | sext_ln287_8         | sext      | dsp_slice                | 3       |
|      sparsemux_33_4_8_1_1_U1385                                                                |     |        | xi8_2                | sparsemux | compactencoding_dontcare | 0       |
|      mul_8s_4ns_12_1_1_U1399                                                                   |     |        | mul_ln280_4          | mul       | auto                     | 0       |
|      mac_muladd_12s_8s_32s_32_4_1_U1527                                                        | 1   |        | mul_ln280_5          | mul       | dsp_slice                | 3       |
|      mac_muladd_12s_8s_32s_32_4_1_U1527                                                        | 1   |        | sext_ln280_9         | sext      | dsp_slice                | 3       |
|      mac_muladd_8s_8s_32s_32_4_1_U1495                                                         | 1   |        | mul_ln281_2          | mul       | dsp_slice                | 3       |
|      mac_muladd_8s_8s_32s_32_4_1_U1495                                                         | 1   |        | sext_ln281_12        | sext      | dsp_slice                | 3       |
|      mul_8s_4ns_12_1_1_U1400                                                                   |     |        | mul_ln282_4          | mul       | auto                     | 0       |
|      mac_muladd_12s_8s_32s_32_4_1_U1528                                                        | 1   |        | mul_ln282_5          | mul       | dsp_slice                | 3       |
|      mac_muladd_12s_8s_32s_32_4_1_U1528                                                        | 1   |        | sext_ln282_6         | sext      | dsp_slice                | 3       |
|      mac_muladd_8s_8s_32s_32_4_1_U1496                                                         | 1   |        | mul_ln283_2          | mul       | dsp_slice                | 3       |
|      mac_muladd_8s_8s_32s_32_4_1_U1496                                                         | 1   |        | sext_ln283_9         | sext      | dsp_slice                | 3       |
|      mul_8s_4ns_12_1_1_U1401                                                                   |     |        | mul_ln284_4          | mul       | auto                     | 0       |
|      mac_muladd_12s_8s_32s_32_4_1_U1529                                                        | 1   |        | mul_ln284_5          | mul       | dsp_slice                | 3       |
|      mac_muladd_12s_8s_32s_32_4_1_U1529                                                        | 1   |        | sext_ln284_6         | sext      | dsp_slice                | 3       |
|      mac_muladd_8s_8s_32s_32_4_1_U1497                                                         | 1   |        | mul_ln285_2          | mul       | dsp_slice                | 3       |
|      mac_muladd_8s_8s_32s_32_4_1_U1497                                                         | 1   |        | sext_ln285_9         | sext      | dsp_slice                | 3       |
|      mul_8s_4ns_12_1_1_U1402                                                                   |     |        | mul_ln286_4          | mul       | auto                     | 0       |
|      mac_muladd_12s_8s_32s_32_4_1_U1530                                                        | 1   |        | mul_ln286_5          | mul       | dsp_slice                | 3       |
|      mac_muladd_12s_8s_32s_32_4_1_U1530                                                        | 1   |        | sext_ln286_6         | sext      | dsp_slice                | 3       |
|      mac_muladd_8s_8s_32s_32_4_1_U1498                                                         | 1   |        | mul_ln287_2          | mul       | dsp_slice                | 3       |
|      mac_muladd_8s_8s_32s_32_4_1_U1498                                                         | 1   |        | sext_ln287_9         | sext      | dsp_slice                | 3       |
|      sparsemux_33_4_8_1_1_U1386                                                                |     |        | xi8_3                | sparsemux | compactencoding_dontcare | 0       |
|      mul_8s_4ns_12_1_1_U1403                                                                   |     |        | mul_ln280_6          | mul       | auto                     | 0       |
|      mac_muladd_12s_8s_32s_32_4_1_U1531                                                        | 1   |        | mul_ln280_7          | mul       | dsp_slice                | 3       |
|      mac_muladd_12s_8s_32s_32_4_1_U1531                                                        | 1   |        | sext_ln280_12        | sext      | dsp_slice                | 3       |
|      mac_muladd_8s_8s_32s_32_4_1_U1499                                                         | 1   |        | mul_ln281_3          | mul       | dsp_slice                | 3       |
|      mac_muladd_8s_8s_32s_32_4_1_U1499                                                         | 1   |        | sext_ln281_14        | sext      | dsp_slice                | 3       |
|      mul_8s_4ns_12_1_1_U1404                                                                   |     |        | mul_ln282_6          | mul       | auto                     | 0       |
|      mac_muladd_12s_8s_32s_32_4_1_U1532                                                        | 1   |        | mul_ln282_7          | mul       | dsp_slice                | 3       |
|      mac_muladd_12s_8s_32s_32_4_1_U1532                                                        | 1   |        | sext_ln282_8         | sext      | dsp_slice                | 3       |
|      mac_muladd_8s_8s_32s_32_4_1_U1500                                                         | 1   |        | mul_ln283_3          | mul       | dsp_slice                | 3       |
|      mac_muladd_8s_8s_32s_32_4_1_U1500                                                         | 1   |        | sext_ln283_10        | sext      | dsp_slice                | 3       |
|      mul_8s_4ns_12_1_1_U1405                                                                   |     |        | mul_ln284_6          | mul       | auto                     | 0       |
|      mac_muladd_12s_8s_32s_32_4_1_U1533                                                        | 1   |        | mul_ln284_7          | mul       | dsp_slice                | 3       |
|      mac_muladd_12s_8s_32s_32_4_1_U1533                                                        | 1   |        | sext_ln284_8         | sext      | dsp_slice                | 3       |
|      mac_muladd_8s_8s_32s_32_4_1_U1501                                                         | 1   |        | mul_ln285_3          | mul       | dsp_slice                | 3       |
|      mac_muladd_8s_8s_32s_32_4_1_U1501                                                         | 1   |        | sext_ln285_10        | sext      | dsp_slice                | 3       |
|      mul_8s_4ns_12_1_1_U1406                                                                   |     |        | mul_ln286_6          | mul       | auto                     | 0       |
|      mac_muladd_12s_8s_32s_32_4_1_U1534                                                        | 1   |        | mul_ln286_7          | mul       | dsp_slice                | 3       |
|      mac_muladd_12s_8s_32s_32_4_1_U1534                                                        | 1   |        | sext_ln286_8         | sext      | dsp_slice                | 3       |
|      mac_muladd_8s_8s_32s_32_4_1_U1502                                                         | 1   |        | mul_ln287_3          | mul       | dsp_slice                | 3       |
|      mac_muladd_8s_8s_32s_32_4_1_U1502                                                         | 1   |        | sext_ln287_10        | sext      | dsp_slice                | 3       |
|      sparsemux_33_4_8_1_1_U1387                                                                |     |        | xi8_4                | sparsemux | compactencoding_dontcare | 0       |
|      mul_8s_4ns_12_1_1_U1407                                                                   |     |        | mul_ln280_8          | mul       | auto                     | 0       |
|      mac_muladd_12s_8s_32s_32_4_1_U1535                                                        | 1   |        | mul_ln280_9          | mul       | dsp_slice                | 3       |
|      mac_muladd_12s_8s_32s_32_4_1_U1535                                                        | 1   |        | sext_ln280_15        | sext      | dsp_slice                | 3       |
|      mac_muladd_8s_8s_32s_32_4_1_U1503                                                         | 1   |        | mul_ln281_4          | mul       | dsp_slice                | 3       |
|      mac_muladd_8s_8s_32s_32_4_1_U1503                                                         | 1   |        | sext_ln281_16        | sext      | dsp_slice                | 3       |
|      mul_8s_4ns_12_1_1_U1408                                                                   |     |        | mul_ln282_8          | mul       | auto                     | 0       |
|      mac_muladd_12s_8s_32s_32_4_1_U1536                                                        | 1   |        | mul_ln282_9          | mul       | dsp_slice                | 3       |
|      mac_muladd_12s_8s_32s_32_4_1_U1536                                                        | 1   |        | sext_ln282_10        | sext      | dsp_slice                | 3       |
|      mac_muladd_8s_8s_32s_32_4_1_U1504                                                         | 1   |        | mul_ln283_4          | mul       | dsp_slice                | 3       |
|      mac_muladd_8s_8s_32s_32_4_1_U1504                                                         | 1   |        | sext_ln283_11        | sext      | dsp_slice                | 3       |
|      mul_8s_4ns_12_1_1_U1409                                                                   |     |        | mul_ln284_8          | mul       | auto                     | 0       |
|      mac_muladd_12s_8s_32s_32_4_1_U1537                                                        | 1   |        | mul_ln284_9          | mul       | dsp_slice                | 3       |
|      mac_muladd_12s_8s_32s_32_4_1_U1537                                                        | 1   |        | sext_ln284_10        | sext      | dsp_slice                | 3       |
|      mac_muladd_8s_8s_32s_32_4_1_U1505                                                         | 1   |        | mul_ln285_4          | mul       | dsp_slice                | 3       |
|      mac_muladd_8s_8s_32s_32_4_1_U1505                                                         | 1   |        | sext_ln285_11        | sext      | dsp_slice                | 3       |
|      mul_8s_4ns_12_1_1_U1410                                                                   |     |        | mul_ln286_8          | mul       | auto                     | 0       |
|      mac_muladd_12s_8s_32s_32_4_1_U1538                                                        | 1   |        | mul_ln286_9          | mul       | dsp_slice                | 3       |
|      mac_muladd_12s_8s_32s_32_4_1_U1538                                                        | 1   |        | sext_ln286_10        | sext      | dsp_slice                | 3       |
|      mac_muladd_8s_8s_32s_32_4_1_U1506                                                         | 1   |        | mul_ln287_4          | mul       | dsp_slice                | 3       |
|      mac_muladd_8s_8s_32s_32_4_1_U1506                                                         | 1   |        | sext_ln287_11        | sext      | dsp_slice                | 3       |
|      sparsemux_33_4_8_1_1_U1388                                                                |     |        | xi8_5                | sparsemux | compactencoding_dontcare | 0       |
|      mul_8s_4ns_12_1_1_U1411                                                                   |     |        | mul_ln280_10         | mul       | auto                     | 0       |
|      mac_muladd_12s_8s_32s_32_4_1_U1539                                                        | 1   |        | mul_ln280_11         | mul       | dsp_slice                | 3       |
|      mac_muladd_12s_8s_32s_32_4_1_U1539                                                        | 1   |        | sext_ln280_18        | sext      | dsp_slice                | 3       |
|      mac_muladd_8s_8s_32s_32_4_1_U1507                                                         | 1   |        | mul_ln281_5          | mul       | dsp_slice                | 3       |
|      mac_muladd_8s_8s_32s_32_4_1_U1507                                                         | 1   |        | sext_ln281_18        | sext      | dsp_slice                | 3       |
|      mul_8s_4ns_12_1_1_U1412                                                                   |     |        | mul_ln282_10         | mul       | auto                     | 0       |
|      mac_muladd_12s_8s_32s_32_4_1_U1540                                                        | 1   |        | mul_ln282_11         | mul       | dsp_slice                | 3       |
|      mac_muladd_12s_8s_32s_32_4_1_U1540                                                        | 1   |        | sext_ln282_12        | sext      | dsp_slice                | 3       |
|      mac_muladd_8s_8s_32s_32_4_1_U1508                                                         | 1   |        | mul_ln283_5          | mul       | dsp_slice                | 3       |
|      mac_muladd_8s_8s_32s_32_4_1_U1508                                                         | 1   |        | sext_ln283_12        | sext      | dsp_slice                | 3       |
|      mul_8s_4ns_12_1_1_U1413                                                                   |     |        | mul_ln284_10         | mul       | auto                     | 0       |
|      mac_muladd_12s_8s_32s_32_4_1_U1541                                                        | 1   |        | mul_ln284_11         | mul       | dsp_slice                | 3       |
|      mac_muladd_12s_8s_32s_32_4_1_U1541                                                        | 1   |        | sext_ln284_12        | sext      | dsp_slice                | 3       |
|      mac_muladd_8s_8s_32s_32_4_1_U1509                                                         | 1   |        | mul_ln285_5          | mul       | dsp_slice                | 3       |
|      mac_muladd_8s_8s_32s_32_4_1_U1509                                                         | 1   |        | sext_ln285_12        | sext      | dsp_slice                | 3       |
|      mul_8s_4ns_12_1_1_U1414                                                                   |     |        | mul_ln286_10         | mul       | auto                     | 0       |
|      mac_muladd_12s_8s_32s_32_4_1_U1542                                                        | 1   |        | mul_ln286_11         | mul       | dsp_slice                | 3       |
|      mac_muladd_12s_8s_32s_32_4_1_U1542                                                        | 1   |        | sext_ln286_12        | sext      | dsp_slice                | 3       |
|      mac_muladd_8s_8s_32s_32_4_1_U1510                                                         | 1   |        | mul_ln287_5          | mul       | dsp_slice                | 3       |
|      mac_muladd_8s_8s_32s_32_4_1_U1510                                                         | 1   |        | sext_ln287_12        | sext      | dsp_slice                | 3       |
|      sparsemux_33_4_8_1_1_U1389                                                                |     |        | xi8_6                | sparsemux | compactencoding_dontcare | 0       |
|      mul_8s_4ns_12_1_1_U1415                                                                   |     |        | mul_ln280_12         | mul       | auto                     | 0       |
|      mac_muladd_12s_8s_32s_32_4_1_U1543                                                        | 1   |        | mul_ln280_13         | mul       | dsp_slice                | 3       |
|      mac_muladd_12s_8s_32s_32_4_1_U1543                                                        | 1   |        | sext_ln280_21        | sext      | dsp_slice                | 3       |
|      mac_muladd_8s_8s_32s_32_4_1_U1511                                                         | 1   |        | mul_ln281_6          | mul       | dsp_slice                | 3       |
|      mac_muladd_8s_8s_32s_32_4_1_U1511                                                         | 1   |        | sext_ln281_20        | sext      | dsp_slice                | 3       |
|      mul_8s_4ns_12_1_1_U1416                                                                   |     |        | mul_ln282_12         | mul       | auto                     | 0       |
|      mac_muladd_12s_8s_32s_32_4_1_U1544                                                        | 1   |        | mul_ln282_13         | mul       | dsp_slice                | 3       |
|      mac_muladd_12s_8s_32s_32_4_1_U1544                                                        | 1   |        | sext_ln282_14        | sext      | dsp_slice                | 3       |
|      mac_muladd_8s_8s_32s_32_4_1_U1512                                                         | 1   |        | mul_ln283_6          | mul       | dsp_slice                | 3       |
|      mac_muladd_8s_8s_32s_32_4_1_U1512                                                         | 1   |        | sext_ln283_13        | sext      | dsp_slice                | 3       |
|      mul_8s_4ns_12_1_1_U1417                                                                   |     |        | mul_ln284_12         | mul       | auto                     | 0       |
|      mac_muladd_12s_8s_32s_32_4_1_U1545                                                        | 1   |        | mul_ln284_13         | mul       | dsp_slice                | 3       |
|      mac_muladd_12s_8s_32s_32_4_1_U1545                                                        | 1   |        | sext_ln284_14        | sext      | dsp_slice                | 3       |
|      mac_muladd_8s_8s_32s_32_4_1_U1513                                                         | 1   |        | mul_ln285_6          | mul       | dsp_slice                | 3       |
|      mac_muladd_8s_8s_32s_32_4_1_U1513                                                         | 1   |        | sext_ln285_13        | sext      | dsp_slice                | 3       |
|      mul_8s_4ns_12_1_1_U1418                                                                   |     |        | mul_ln286_12         | mul       | auto                     | 0       |
|      mac_muladd_12s_8s_32s_32_4_1_U1546                                                        | 1   |        | mul_ln286_13         | mul       | dsp_slice                | 3       |
|      mac_muladd_12s_8s_32s_32_4_1_U1546                                                        | 1   |        | sext_ln286_14        | sext      | dsp_slice                | 3       |
|      mac_muladd_8s_8s_32s_32_4_1_U1514                                                         | 1   |        | mul_ln287_6          | mul       | dsp_slice                | 3       |
|      mac_muladd_8s_8s_32s_32_4_1_U1514                                                         | 1   |        | sext_ln287_13        | sext      | dsp_slice                | 3       |
|      sparsemux_33_4_8_1_1_U1390                                                                |     |        | xi8_7                | sparsemux | compactencoding_dontcare | 0       |
|      mul_8s_4ns_12_1_1_U1419                                                                   |     |        | mul_ln280_14         | mul       | auto                     | 0       |
|      sparsemux_17_3_8_1_1_U1375                                                                |     |        | tmp_82               | sparsemux | compactencoding_dontcare | 0       |
|      mac_muladd_12s_8s_32s_32_4_1_U1547                                                        | 1   |        | mul_ln280_15         | mul       | dsp_slice                | 3       |
|      mac_muladd_12s_8s_32s_32_4_1_U1547                                                        | 1   |        | sext_ln280_25        | sext      | dsp_slice                | 3       |
|      sparsemux_17_3_8_1_1_U1376                                                                |     |        | tmp_83               | sparsemux | compactencoding_dontcare | 0       |
|      mac_muladd_8s_8s_32s_32_4_1_U1515                                                         | 1   |        | mul_ln281_7          | mul       | dsp_slice                | 3       |
|      mac_muladd_8s_8s_32s_32_4_1_U1515                                                         | 1   |        | sext_ln281_23        | sext      | dsp_slice                | 3       |
|      mul_8s_4ns_12_1_1_U1420                                                                   |     |        | mul_ln282_14         | mul       | auto                     | 0       |
|      sparsemux_17_3_8_1_1_U1377                                                                |     |        | tmp_84               | sparsemux | compactencoding_dontcare | 0       |
|      mac_muladd_12s_8s_32s_32_4_1_U1548                                                        | 1   |        | mul_ln282_15         | mul       | dsp_slice                | 3       |
|      mac_muladd_12s_8s_32s_32_4_1_U1548                                                        | 1   |        | sext_ln282_17        | sext      | dsp_slice                | 3       |
|      sparsemux_17_3_8_1_1_U1378                                                                |     |        | tmp_85               | sparsemux | compactencoding_dontcare | 0       |
|      mac_muladd_8s_8s_32s_32_4_1_U1516                                                         | 1   |        | mul_ln283_7          | mul       | dsp_slice                | 3       |
|      mac_muladd_8s_8s_32s_32_4_1_U1516                                                         | 1   |        | sext_ln283_15        | sext      | dsp_slice                | 3       |
|      mul_8s_4ns_12_1_1_U1421                                                                   |     |        | mul_ln284_14         | mul       | auto                     | 0       |
|      sparsemux_17_3_8_1_1_U1379                                                                |     |        | tmp_86               | sparsemux | compactencoding_dontcare | 0       |
|      mac_muladd_12s_8s_32s_32_4_1_U1549                                                        | 1   |        | mul_ln284_15         | mul       | dsp_slice                | 3       |
|      mac_muladd_12s_8s_32s_32_4_1_U1549                                                        | 1   |        | sext_ln284_17        | sext      | dsp_slice                | 3       |
|      sparsemux_17_3_8_1_1_U1380                                                                |     |        | tmp_87               | sparsemux | compactencoding_dontcare | 0       |
|      mac_muladd_8s_8s_32s_32_4_1_U1517                                                         | 1   |        | mul_ln285_7          | mul       | dsp_slice                | 3       |
|      mac_muladd_8s_8s_32s_32_4_1_U1517                                                         | 1   |        | sext_ln285_15        | sext      | dsp_slice                | 3       |
|      mul_8s_4ns_12_1_1_U1422                                                                   |     |        | mul_ln286_14         | mul       | auto                     | 0       |
|      sparsemux_17_3_8_1_1_U1381                                                                |     |        | tmp_88               | sparsemux | compactencoding_dontcare | 0       |
|      mac_muladd_12s_8s_32s_32_4_1_U1550                                                        | 1   |        | mul_ln286_15         | mul       | dsp_slice                | 3       |
|      mac_muladd_12s_8s_32s_32_4_1_U1550                                                        | 1   |        | sext_ln286_17        | sext      | dsp_slice                | 3       |
|      sparsemux_17_3_8_1_1_U1382                                                                |     |        | tmp_89               | sparsemux | compactencoding_dontcare | 0       |
|      mac_muladd_8s_8s_32s_32_4_1_U1518                                                         | 1   |        | mul_ln287_7          | mul       | dsp_slice                | 3       |
|      mac_muladd_8s_8s_32s_32_4_1_U1518                                                         | 1   |        | sext_ln287_15        | sext      | dsp_slice                | 3       |
|      sparsemux_9_2_32_1_1_U1456                                                                |     |        | tmp_90               | sparsemux | compactencoding_dontcare | 0       |
|      mac_muladd_12s_8s_32s_32_4_1_U1523                                                        | 1   |        | acc_w0_33            | add       | dsp_slice                | 3       |
|      sparsemux_9_2_32_1_1_U1457                                                                |     |        | tmp_91               | sparsemux | compactencoding_dontcare | 0       |
|      mac_muladd_12s_8s_32s_32_4_1_U1527                                                        | 1   |        | acc_w0_34            | add       | dsp_slice                | 3       |
|      sparsemux_9_2_32_1_1_U1458                                                                |     |        | tmp_92               | sparsemux | compactencoding_dontcare | 0       |
|      mac_muladd_12s_8s_32s_32_4_1_U1531                                                        | 1   |        | acc_w0_35            | add       | dsp_slice                | 3       |
|      sparsemux_9_2_32_1_1_U1459                                                                |     |        | tmp_93               | sparsemux | compactencoding_dontcare | 0       |
|      mac_muladd_12s_8s_32s_32_4_1_U1535                                                        | 1   |        | acc_w0_36            | add       | dsp_slice                | 3       |
|      sparsemux_9_2_32_1_1_U1460                                                                |     |        | tmp_94               | sparsemux | compactencoding_dontcare | 0       |
|      mac_muladd_12s_8s_32s_32_4_1_U1539                                                        | 1   |        | acc_w0_37            | add       | dsp_slice                | 3       |
|      sparsemux_9_2_32_1_1_U1461                                                                |     |        | tmp_95               | sparsemux | compactencoding_dontcare | 0       |
|      mac_muladd_12s_8s_32s_32_4_1_U1543                                                        | 1   |        | acc_w0_38            | add       | dsp_slice                | 3       |
|      sparsemux_9_2_32_1_1_U1462                                                                |     |        | tmp_96               | sparsemux | compactencoding_dontcare | 0       |
|      mac_muladd_12s_8s_32s_32_4_1_U1547                                                        | 1   |        | acc_w0_39            | add       | dsp_slice                | 3       |
|      sparsemux_9_2_32_1_1_U1423                                                                |     |        | tmp_97               | sparsemux | compactencoding_dontcare | 0       |
|      mac_muladd_8s_8s_32s_32_4_1_U1487                                                         | 1   |        | acc_m0_32            | add       | dsp_slice                | 3       |
|      sparsemux_9_2_32_1_1_U1424                                                                |     |        | tmp_98               | sparsemux | compactencoding_dontcare | 0       |
|      mac_muladd_8s_8s_32s_32_4_1_U1491                                                         | 1   |        | acc_m0_33            | add       | dsp_slice                | 3       |
|      sparsemux_9_2_32_1_1_U1425                                                                |     |        | tmp_99               | sparsemux | compactencoding_dontcare | 0       |
|      mac_muladd_8s_8s_32s_32_4_1_U1495                                                         | 1   |        | acc_m0_34            | add       | dsp_slice                | 3       |
|      sparsemux_9_2_32_1_1_U1426                                                                |     |        | tmp_100              | sparsemux | compactencoding_dontcare | 0       |
|      mac_muladd_8s_8s_32s_32_4_1_U1499                                                         | 1   |        | acc_m0_35            | add       | dsp_slice                | 3       |
|      sparsemux_9_2_32_1_1_U1427                                                                |     |        | tmp_101              | sparsemux | compactencoding_dontcare | 0       |
|      mac_muladd_8s_8s_32s_32_4_1_U1503                                                         | 1   |        | acc_m0_36            | add       | dsp_slice                | 3       |
|      sparsemux_9_2_32_1_1_U1428                                                                |     |        | tmp_102              | sparsemux | compactencoding_dontcare | 0       |
|      mac_muladd_8s_8s_32s_32_4_1_U1507                                                         | 1   |        | acc_m0_37            | add       | dsp_slice                | 3       |
|      sparsemux_9_2_32_1_1_U1429                                                                |     |        | tmp_103              | sparsemux | compactencoding_dontcare | 0       |
|      mac_muladd_8s_8s_32s_32_4_1_U1511                                                         | 1   |        | acc_m0_38            | add       | dsp_slice                | 3       |
|      sparsemux_9_2_32_1_1_U1430                                                                |     |        | tmp_104              | sparsemux | compactencoding_dontcare | 0       |
|      mac_muladd_8s_8s_32s_32_4_1_U1515                                                         | 1   |        | acc_m0_39            | add       | dsp_slice                | 3       |
|      sparsemux_9_2_32_1_1_U1463                                                                |     |        | tmp_105              | sparsemux | compactencoding_dontcare | 0       |
|      mac_muladd_12s_8s_32s_32_4_1_U1520                                                        | 1   |        | acc_w1_32            | add       | dsp_slice                | 3       |
|      sparsemux_9_2_32_1_1_U1464                                                                |     |        | tmp_106              | sparsemux | compactencoding_dontcare | 0       |
|      mac_muladd_12s_8s_32s_32_4_1_U1524                                                        | 1   |        | acc_w1_33            | add       | dsp_slice                | 3       |
|      sparsemux_9_2_32_1_1_U1465                                                                |     |        | tmp_107              | sparsemux | compactencoding_dontcare | 0       |
|      mac_muladd_12s_8s_32s_32_4_1_U1528                                                        | 1   |        | acc_w1_34            | add       | dsp_slice                | 3       |
|      sparsemux_9_2_32_1_1_U1466                                                                |     |        | tmp_108              | sparsemux | compactencoding_dontcare | 0       |
|      mac_muladd_12s_8s_32s_32_4_1_U1532                                                        | 1   |        | acc_w1_35            | add       | dsp_slice                | 3       |
|      sparsemux_9_2_32_1_1_U1467                                                                |     |        | tmp_109              | sparsemux | compactencoding_dontcare | 0       |
|      mac_muladd_12s_8s_32s_32_4_1_U1536                                                        | 1   |        | acc_w1_36            | add       | dsp_slice                | 3       |
|      sparsemux_9_2_32_1_1_U1468                                                                |     |        | tmp_110              | sparsemux | compactencoding_dontcare | 0       |
|      mac_muladd_12s_8s_32s_32_4_1_U1540                                                        | 1   |        | acc_w1_37            | add       | dsp_slice                | 3       |
|      sparsemux_9_2_32_1_1_U1469                                                                |     |        | tmp_111              | sparsemux | compactencoding_dontcare | 0       |
|      mac_muladd_12s_8s_32s_32_4_1_U1544                                                        | 1   |        | acc_w1_38            | add       | dsp_slice                | 3       |
|      sparsemux_9_2_32_1_1_U1470                                                                |     |        | tmp_112              | sparsemux | compactencoding_dontcare | 0       |
|      mac_muladd_12s_8s_32s_32_4_1_U1548                                                        | 1   |        | acc_w1_39            | add       | dsp_slice                | 3       |
|      sparsemux_9_2_32_1_1_U1431                                                                |     |        | tmp_113              | sparsemux | compactencoding_dontcare | 0       |
|      mac_muladd_8s_8s_32s_32_4_1_U1488                                                         | 1   |        | acc_m1_32            | add       | dsp_slice                | 3       |
|      sparsemux_9_2_32_1_1_U1432                                                                |     |        | tmp_114              | sparsemux | compactencoding_dontcare | 0       |
|      mac_muladd_8s_8s_32s_32_4_1_U1492                                                         | 1   |        | acc_m1_33            | add       | dsp_slice                | 3       |
|      sparsemux_9_2_32_1_1_U1433                                                                |     |        | tmp_115              | sparsemux | compactencoding_dontcare | 0       |
|      mac_muladd_8s_8s_32s_32_4_1_U1496                                                         | 1   |        | acc_m1_34            | add       | dsp_slice                | 3       |
|      sparsemux_9_2_32_1_1_U1434                                                                |     |        | tmp_116              | sparsemux | compactencoding_dontcare | 0       |
|      mac_muladd_8s_8s_32s_32_4_1_U1500                                                         | 1   |        | acc_m1_35            | add       | dsp_slice                | 3       |
|      sparsemux_9_2_32_1_1_U1435                                                                |     |        | tmp_117              | sparsemux | compactencoding_dontcare | 0       |
|      mac_muladd_8s_8s_32s_32_4_1_U1504                                                         | 1   |        | acc_m1_36            | add       | dsp_slice                | 3       |
|      sparsemux_9_2_32_1_1_U1436                                                                |     |        | tmp_118              | sparsemux | compactencoding_dontcare | 0       |
|      mac_muladd_8s_8s_32s_32_4_1_U1508                                                         | 1   |        | acc_m1_37            | add       | dsp_slice                | 3       |
|      sparsemux_9_2_32_1_1_U1437                                                                |     |        | tmp_119              | sparsemux | compactencoding_dontcare | 0       |
|      mac_muladd_8s_8s_32s_32_4_1_U1512                                                         | 1   |        | acc_m1_38            | add       | dsp_slice                | 3       |
|      sparsemux_9_2_32_1_1_U1438                                                                |     |        | tmp_120              | sparsemux | compactencoding_dontcare | 0       |
|      mac_muladd_8s_8s_32s_32_4_1_U1516                                                         | 1   |        | acc_m1_39            | add       | dsp_slice                | 3       |
|      sparsemux_9_2_32_1_1_U1471                                                                |     |        | tmp_121              | sparsemux | compactencoding_dontcare | 0       |
|      mac_muladd_12s_8s_32s_32_4_1_U1521                                                        | 1   |        | acc_w2_32            | add       | dsp_slice                | 3       |
|      sparsemux_9_2_32_1_1_U1472                                                                |     |        | tmp_122              | sparsemux | compactencoding_dontcare | 0       |
|      mac_muladd_12s_8s_32s_32_4_1_U1525                                                        | 1   |        | acc_w2_33            | add       | dsp_slice                | 3       |
|      sparsemux_9_2_32_1_1_U1473                                                                |     |        | tmp_123              | sparsemux | compactencoding_dontcare | 0       |
|      mac_muladd_12s_8s_32s_32_4_1_U1529                                                        | 1   |        | acc_w2_34            | add       | dsp_slice                | 3       |
|      sparsemux_9_2_32_1_1_U1474                                                                |     |        | tmp_124              | sparsemux | compactencoding_dontcare | 0       |
|      mac_muladd_12s_8s_32s_32_4_1_U1533                                                        | 1   |        | acc_w2_35            | add       | dsp_slice                | 3       |
|      sparsemux_9_2_32_1_1_U1475                                                                |     |        | tmp_125              | sparsemux | compactencoding_dontcare | 0       |
|      mac_muladd_12s_8s_32s_32_4_1_U1537                                                        | 1   |        | acc_w2_36            | add       | dsp_slice                | 3       |
|      sparsemux_9_2_32_1_1_U1476                                                                |     |        | tmp_126              | sparsemux | compactencoding_dontcare | 0       |
|      mac_muladd_12s_8s_32s_32_4_1_U1541                                                        | 1   |        | acc_w2_37            | add       | dsp_slice                | 3       |
|      sparsemux_9_2_32_1_1_U1477                                                                |     |        | tmp_127              | sparsemux | compactencoding_dontcare | 0       |
|      mac_muladd_12s_8s_32s_32_4_1_U1545                                                        | 1   |        | acc_w2_38            | add       | dsp_slice                | 3       |
|      sparsemux_9_2_32_1_1_U1478                                                                |     |        | tmp_128              | sparsemux | compactencoding_dontcare | 0       |
|      mac_muladd_12s_8s_32s_32_4_1_U1549                                                        | 1   |        | acc_w2_39            | add       | dsp_slice                | 3       |
|      sparsemux_9_2_32_1_1_U1439                                                                |     |        | tmp_129              | sparsemux | compactencoding_dontcare | 0       |
|      mac_muladd_8s_8s_32s_32_4_1_U1489                                                         | 1   |        | acc_m2_32            | add       | dsp_slice                | 3       |
|      sparsemux_9_2_32_1_1_U1440                                                                |     |        | tmp_130              | sparsemux | compactencoding_dontcare | 0       |
|      mac_muladd_8s_8s_32s_32_4_1_U1493                                                         | 1   |        | acc_m2_33            | add       | dsp_slice                | 3       |
|      sparsemux_9_2_32_1_1_U1441                                                                |     |        | tmp_131              | sparsemux | compactencoding_dontcare | 0       |
|      mac_muladd_8s_8s_32s_32_4_1_U1497                                                         | 1   |        | acc_m2_34            | add       | dsp_slice                | 3       |
|      sparsemux_9_2_32_1_1_U1442                                                                |     |        | tmp_132              | sparsemux | compactencoding_dontcare | 0       |
|      mac_muladd_8s_8s_32s_32_4_1_U1501                                                         | 1   |        | acc_m2_35            | add       | dsp_slice                | 3       |
|      sparsemux_9_2_32_1_1_U1443                                                                |     |        | tmp_133              | sparsemux | compactencoding_dontcare | 0       |
|      mac_muladd_8s_8s_32s_32_4_1_U1505                                                         | 1   |        | acc_m2_36            | add       | dsp_slice                | 3       |
|      sparsemux_9_2_32_1_1_U1444                                                                |     |        | tmp_134              | sparsemux | compactencoding_dontcare | 0       |
|      mac_muladd_8s_8s_32s_32_4_1_U1509                                                         | 1   |        | acc_m2_37            | add       | dsp_slice                | 3       |
|      sparsemux_9_2_32_1_1_U1445                                                                |     |        | tmp_135              | sparsemux | compactencoding_dontcare | 0       |
|      mac_muladd_8s_8s_32s_32_4_1_U1513                                                         | 1   |        | acc_m2_38            | add       | dsp_slice                | 3       |
|      sparsemux_9_2_32_1_1_U1446                                                                |     |        | tmp_136              | sparsemux | compactencoding_dontcare | 0       |
|      mac_muladd_8s_8s_32s_32_4_1_U1517                                                         | 1   |        | acc_m2_39            | add       | dsp_slice                | 3       |
|      sparsemux_9_2_32_1_1_U1479                                                                |     |        | tmp_137              | sparsemux | compactencoding_dontcare | 0       |
|      mac_muladd_12s_8s_32s_32_4_1_U1522                                                        | 1   |        | acc_w3_32            | add       | dsp_slice                | 3       |
|      sparsemux_9_2_32_1_1_U1480                                                                |     |        | tmp_138              | sparsemux | compactencoding_dontcare | 0       |
|      mac_muladd_12s_8s_32s_32_4_1_U1526                                                        | 1   |        | acc_w3_33            | add       | dsp_slice                | 3       |
|      sparsemux_9_2_32_1_1_U1481                                                                |     |        | tmp_139              | sparsemux | compactencoding_dontcare | 0       |
|      mac_muladd_12s_8s_32s_32_4_1_U1530                                                        | 1   |        | acc_w3_34            | add       | dsp_slice                | 3       |
|      sparsemux_9_2_32_1_1_U1482                                                                |     |        | tmp_140              | sparsemux | compactencoding_dontcare | 0       |
|      mac_muladd_12s_8s_32s_32_4_1_U1534                                                        | 1   |        | acc_w3_35            | add       | dsp_slice                | 3       |
|      sparsemux_9_2_32_1_1_U1483                                                                |     |        | tmp_141              | sparsemux | compactencoding_dontcare | 0       |
|      mac_muladd_12s_8s_32s_32_4_1_U1538                                                        | 1   |        | acc_w3_36            | add       | dsp_slice                | 3       |
|      sparsemux_9_2_32_1_1_U1484                                                                |     |        | tmp_142              | sparsemux | compactencoding_dontcare | 0       |
|      mac_muladd_12s_8s_32s_32_4_1_U1542                                                        | 1   |        | acc_w3_37            | add       | dsp_slice                | 3       |
|      sparsemux_9_2_32_1_1_U1485                                                                |     |        | tmp_143              | sparsemux | compactencoding_dontcare | 0       |
|      mac_muladd_12s_8s_32s_32_4_1_U1546                                                        | 1   |        | acc_w3_38            | add       | dsp_slice                | 3       |
|      sparsemux_9_2_32_1_1_U1486                                                                |     |        | tmp_144              | sparsemux | compactencoding_dontcare | 0       |
|      mac_muladd_12s_8s_32s_32_4_1_U1550                                                        | 1   |        | acc_w3_39            | add       | dsp_slice                | 3       |
|      sparsemux_9_2_32_1_1_U1447                                                                |     |        | tmp_145              | sparsemux | compactencoding_dontcare | 0       |
|      mac_muladd_8s_8s_32s_32_4_1_U1490                                                         | 1   |        | acc_m3_32            | add       | dsp_slice                | 3       |
|      sparsemux_9_2_32_1_1_U1448                                                                |     |        | tmp_146              | sparsemux | compactencoding_dontcare | 0       |
|      mac_muladd_8s_8s_32s_32_4_1_U1494                                                         | 1   |        | acc_m3_33            | add       | dsp_slice                | 3       |
|      sparsemux_9_2_32_1_1_U1449                                                                |     |        | tmp_147              | sparsemux | compactencoding_dontcare | 0       |
|      mac_muladd_8s_8s_32s_32_4_1_U1498                                                         | 1   |        | acc_m3_34            | add       | dsp_slice                | 3       |
|      sparsemux_9_2_32_1_1_U1450                                                                |     |        | tmp_148              | sparsemux | compactencoding_dontcare | 0       |
|      mac_muladd_8s_8s_32s_32_4_1_U1502                                                         | 1   |        | acc_m3_35            | add       | dsp_slice                | 3       |
|      sparsemux_9_2_32_1_1_U1451                                                                |     |        | tmp_149              | sparsemux | compactencoding_dontcare | 0       |
|      mac_muladd_8s_8s_32s_32_4_1_U1506                                                         | 1   |        | acc_m3_36            | add       | dsp_slice                | 3       |
|      sparsemux_9_2_32_1_1_U1452                                                                |     |        | tmp_150              | sparsemux | compactencoding_dontcare | 0       |
|      mac_muladd_8s_8s_32s_32_4_1_U1510                                                         | 1   |        | acc_m3_37            | add       | dsp_slice                | 3       |
|      sparsemux_9_2_32_1_1_U1453                                                                |     |        | tmp_151              | sparsemux | compactencoding_dontcare | 0       |
|      mac_muladd_8s_8s_32s_32_4_1_U1514                                                         | 1   |        | acc_m3_38            | add       | dsp_slice                | 3       |
|      sparsemux_9_2_32_1_1_U1454                                                                |     |        | tmp_152              | sparsemux | compactencoding_dontcare | 0       |
|      mac_muladd_8s_8s_32s_32_4_1_U1518                                                         | 1   |        | acc_m3_39            | add       | dsp_slice                | 3       |
|    + mac_blocks_wv_k4_urm_Pipeline_REDUCE (grp_mac_blocks_wv_k4_urm_Pipeline_REDUCE_fu_7056)   | 48  |        |                      |           |                          |         |
|      icmp_ln292_fu_2420_p2                                                                     |     |        | icmp_ln292           | seteq     | auto                     | 0       |
|      add_ln292_fu_2426_p2                                                                      |     |        | add_ln292            | add       | fabric                   | 0       |
|      sparsemux_17_3_32_1_1_U2473                                                               |     |        | sw0                  | sparsemux | compactencoding_dontcare | 0       |
|      sparsemux_17_3_32_1_1_U2474                                                               |     |        | sm0                  | sparsemux | compactencoding_dontcare | 0       |
|      sparsemux_17_3_32_1_1_U2475                                                               |     |        | sw1                  | sparsemux | compactencoding_dontcare | 0       |
|      sparsemux_17_3_32_1_1_U2476                                                               |     |        | sm1                  | sparsemux | compactencoding_dontcare | 0       |
|      sparsemux_17_3_32_1_1_U2477                                                               |     |        | sw2                  | sparsemux | compactencoding_dontcare | 0       |
|      sparsemux_17_3_32_1_1_U2478                                                               |     |        | sm2                  | sparsemux | compactencoding_dontcare | 0       |
|      sparsemux_17_3_32_1_1_U2479                                                               |     |        | sw3                  | sparsemux | compactencoding_dontcare | 0       |
|      sparsemux_17_3_32_1_1_U2480                                                               |     |        | sm3                  | sparsemux | compactencoding_dontcare | 0       |
|      sparsemux_17_3_32_1_1_U2481                                                               |     |        | tmp                  | sparsemux | compactencoding_dontcare | 0       |
|      sparsemux_17_3_32_1_1_U2482                                                               |     |        | tmp_8                | sparsemux | compactencoding_dontcare | 0       |
|      sparsemux_17_3_32_1_1_U2483                                                               |     |        | tmp_9                | sparsemux | compactencoding_dontcare | 0       |
|      sparsemux_17_3_32_1_1_U2484                                                               |     |        | tmp_s                | sparsemux | compactencoding_dontcare | 0       |
|      sparsemux_17_3_32_1_1_U2485                                                               |     |        | tmp_1                | sparsemux | compactencoding_dontcare | 0       |
|      sparsemux_17_3_32_1_1_U2486                                                               |     |        | tmp_2                | sparsemux | compactencoding_dontcare | 0       |
|      sparsemux_17_3_32_1_1_U2487                                                               |     |        | tmp_3                | sparsemux | compactencoding_dontcare | 0       |
|      sparsemux_17_3_32_1_1_U2488                                                               |     |        | tmp_4                | sparsemux | compactencoding_dontcare | 0       |
|      sparsemux_17_3_32_1_1_U2489                                                               |     |        | tmp_5                | sparsemux | compactencoding_dontcare | 0       |
|      sparsemux_17_3_32_1_1_U2490                                                               |     |        | tmp_6                | sparsemux | compactencoding_dontcare | 0       |
|      sparsemux_17_3_32_1_1_U2491                                                               |     |        | tmp_7                | sparsemux | compactencoding_dontcare | 0       |
|      sparsemux_17_3_32_1_1_U2492                                                               |     |        | tmp_10               | sparsemux | compactencoding_dontcare | 0       |
|      sparsemux_17_3_32_1_1_U2493                                                               |     |        | tmp_11               | sparsemux | compactencoding_dontcare | 0       |
|      sparsemux_17_3_32_1_1_U2494                                                               |     |        | tmp_12               | sparsemux | compactencoding_dontcare | 0       |
|      sparsemux_17_3_32_1_1_U2495                                                               |     |        | tmp_13               | sparsemux | compactencoding_dontcare | 0       |
|      sparsemux_17_3_32_1_1_U2496                                                               |     |        | tmp_14               | sparsemux | compactencoding_dontcare | 0       |
|      sparsemux_17_3_32_1_1_U2497                                                               |     |        | tmp_15               | sparsemux | compactencoding_dontcare | 0       |
|      add_ln297_1_fu_3454_p2                                                                    |     |        | add_ln297_1          | add       | fabric                   | 0       |
|      sparsemux_17_3_32_1_1_U2498                                                               |     |        | tmp_16               | sparsemux | compactencoding_dontcare | 0       |
|      add_ln297_4_fu_3512_p2                                                                    |     |        | add_ln297_4          | add       | fabric                   | 0       |
|      sparsemux_17_3_32_1_1_U2499                                                               |     |        | tmp_17               | sparsemux | compactencoding_dontcare | 0       |
|      add_ln298_1_fu_3570_p2                                                                    |     |        | add_ln298_1          | add       | fabric                   | 0       |
|      sparsemux_17_3_32_1_1_U2500                                                               |     |        | tmp_18               | sparsemux | compactencoding_dontcare | 0       |
|      add_ln298_4_fu_3628_p2                                                                    |     |        | add_ln298_4          | add       | fabric                   | 0       |
|      sparsemux_17_3_32_1_1_U2501                                                               |     |        | tmp_19               | sparsemux | compactencoding_dontcare | 0       |
|      add_ln299_1_fu_3686_p2                                                                    |     |        | add_ln299_1          | add       | fabric                   | 0       |
|      sparsemux_17_3_32_1_1_U2502                                                               |     |        | tmp_20               | sparsemux | compactencoding_dontcare | 0       |
|      add_ln299_4_fu_3744_p2                                                                    |     |        | add_ln299_4          | add       | fabric                   | 0       |
|      sparsemux_17_3_32_1_1_U2503                                                               |     |        | tmp_21               | sparsemux | compactencoding_dontcare | 0       |
|      add_ln300_1_fu_3802_p2                                                                    |     |        | add_ln300_1          | add       | fabric                   | 0       |
|      sparsemux_17_3_32_1_1_U2504                                                               |     |        | tmp_22               | sparsemux | compactencoding_dontcare | 0       |
|      add_ln300_4_fu_3860_p2                                                                    |     |        | add_ln300_4          | add       | fabric                   | 0       |
|      fpext_32ns_64_2_no_dsp_1_U2457                                                            |     |        | pf                   | fpext     | auto                     | 1       |
|      sub_ln302_fu_4115_p2                                                                      |     |        | sub_ln302            | sub       | fabric                   | 0       |
|      select_ln302_fu_4121_p3                                                                   |     |        | select_ln302         | select    | auto_sel                 | 0       |
|      icmp_ln302_fu_4128_p2                                                                     |     |        | icmp_ln302           | seteq     | auto                     | 0       |
|      sub_ln302_1_fu_4133_p2                                                                    |     |        | sub_ln302_1          | sub       | fabric                   | 0       |
|      icmp_ln302_1_fu_4143_p2                                                                   |     |        | icmp_ln302_1         | setgt     | auto                     | 0       |
|      add_ln302_fu_4149_p2                                                                      |     |        | add_ln302            | add       | fabric                   | 0       |
|      sub_ln302_2_fu_4155_p2                                                                    |     |        | sub_ln302_2          | sub       | fabric                   | 0       |
|      select_ln302_1_fu_4161_p3                                                                 |     |        | select_ln302_1       | select    | auto_sel                 | 0       |
|      icmp_ln302_2_fu_4169_p2                                                                   |     |        | icmp_ln302_2         | seteq     | auto                     | 0       |
|      icmp_ln302_3_fu_4856_p2                                                                   |     |        | icmp_ln302_3         | setlt     | auto                     | 0       |
|      select_ln302_8_fu_4861_p3                                                                 |     |        | select_ln302_8       | select    | auto_sel                 | 0       |
|      ashr_ln302_fu_4871_p2                                                                     |     |        | ashr_ln302           | ashr      | auto_pipe                | 0       |
|      storemerge4_i_fu_4934_p6                                                                  |     |        | select_ln302_2       | select    | auto_sel                 | 0       |
|      icmp_ln302_4_fu_4189_p2                                                                   |     |        | icmp_ln302_4         | seteq     | auto                     | 0       |
|      shl_ln302_fu_4888_p2                                                                      |     |        | shl_ln302            | shl       | auto_pipe                | 0       |
|      storemerge4_i_fu_4934_p8                                                                  |     |        | select_ln302_3       | select    | auto_sel                 | 0       |
|      xor_ln302_fu_4900_p2                                                                      |     |        | xor_ln302            | xor       | auto                     | 0       |
|      and_ln302_fu_4905_p2                                                                      |     |        | and_ln302            | and       | auto                     | 0       |
|      or_ln302_fu_4910_p2                                                                       |     |        | or_ln302             | or        | auto                     | 0       |
|      xor_ln302_1_fu_4914_p2                                                                    |     |        | xor_ln302_1          | xor       | auto                     | 0       |
|      and_ln302_1_fu_4920_p2                                                                    |     |        | and_ln302_1          | and       | auto                     | 0       |
|      sparsemux_9_3_32_1_0_U2505                                                                |     |        | storemerge4_i        | sparsemux | onehotencoding_realdef   | 0       |
|      mul_50s_32s_80_2_1_U2465                                                                  | 6   |        | mul_ln302            | mul       | auto                     | 1       |
|      fpext_32ns_64_2_no_dsp_1_U2458                                                            |     |        | pf_1                 | fpext     | auto                     | 1       |
|      sub_ln302_3_fu_4209_p2                                                                    |     |        | sub_ln302_3          | sub       | fabric                   | 0       |
|      select_ln302_4_fu_4215_p3                                                                 |     |        | select_ln302_4       | select    | auto_sel                 | 0       |
|      icmp_ln302_5_fu_4222_p2                                                                   |     |        | icmp_ln302_5         | seteq     | auto                     | 0       |
|      sub_ln302_4_fu_4227_p2                                                                    |     |        | sub_ln302_4          | sub       | fabric                   | 0       |
|      icmp_ln302_6_fu_4237_p2                                                                   |     |        | icmp_ln302_6         | setgt     | auto                     | 0       |
|      add_ln302_1_fu_4243_p2                                                                    |     |        | add_ln302_1          | add       | fabric                   | 0       |
|      sub_ln302_5_fu_4249_p2                                                                    |     |        | sub_ln302_5          | sub       | fabric                   | 0       |
|      select_ln302_5_fu_4255_p3                                                                 |     |        | select_ln302_5       | select    | auto_sel                 | 0       |
|      icmp_ln302_7_fu_4263_p2                                                                   |     |        | icmp_ln302_7         | seteq     | auto                     | 0       |
|      icmp_ln302_8_fu_4960_p2                                                                   |     |        | icmp_ln302_8         | setlt     | auto                     | 0       |
|      select_ln302_9_fu_4965_p3                                                                 |     |        | select_ln302_9       | select    | auto_sel                 | 0       |
|      ashr_ln302_1_fu_4975_p2                                                                   |     |        | ashr_ln302_1         | ashr      | auto_pipe                | 0       |
|      storemerge4_i1_fu_5038_p6                                                                 |     |        | select_ln302_6       | select    | auto_sel                 | 0       |
|      icmp_ln302_9_fu_4283_p2                                                                   |     |        | icmp_ln302_9         | seteq     | auto                     | 0       |
|      shl_ln302_2_fu_4992_p2                                                                    |     |        | shl_ln302_2          | shl       | auto_pipe                | 0       |
|      storemerge4_i1_fu_5038_p8                                                                 |     |        | select_ln302_7       | select    | auto_sel                 | 0       |
|      xor_ln302_2_fu_5004_p2                                                                    |     |        | xor_ln302_2          | xor       | auto                     | 0       |
|      and_ln302_2_fu_5009_p2                                                                    |     |        | and_ln302_2          | and       | auto                     | 0       |
|      or_ln302_1_fu_5014_p2                                                                     |     |        | or_ln302_1           | or        | auto                     | 0       |
|      xor_ln302_3_fu_5018_p2                                                                    |     |        | xor_ln302_3          | xor       | auto                     | 0       |
|      and_ln302_3_fu_5024_p2                                                                    |     |        | and_ln302_3          | and       | auto                     | 0       |
|      sparsemux_9_3_32_1_0_U2506                                                                |     |        | storemerge4_i1       | sparsemux | onehotencoding_realdef   | 0       |
|      mul_50s_32s_80_2_1_U2466                                                                  | 6   |        | mul_ln302_1          | mul       | auto                     | 1       |
|      fpext_32ns_64_2_no_dsp_1_U2459                                                            |     |        | pf_2                 | fpext     | auto                     | 1       |
|      sub_ln303_fu_4303_p2                                                                      |     |        | sub_ln303            | sub       | fabric                   | 0       |
|      select_ln303_fu_4309_p3                                                                   |     |        | select_ln303         | select    | auto_sel                 | 0       |
|      icmp_ln303_fu_4316_p2                                                                     |     |        | icmp_ln303           | seteq     | auto                     | 0       |
|      sub_ln303_1_fu_4321_p2                                                                    |     |        | sub_ln303_1          | sub       | fabric                   | 0       |
|      icmp_ln303_1_fu_4331_p2                                                                   |     |        | icmp_ln303_1         | setgt     | auto                     | 0       |
|      add_ln303_fu_4337_p2                                                                      |     |        | add_ln303            | add       | fabric                   | 0       |
|      sub_ln303_2_fu_4343_p2                                                                    |     |        | sub_ln303_2          | sub       | fabric                   | 0       |
|      select_ln303_1_fu_4349_p3                                                                 |     |        | select_ln303_1       | select    | auto_sel                 | 0       |
|      icmp_ln303_2_fu_4357_p2                                                                   |     |        | icmp_ln303_2         | seteq     | auto                     | 0       |
|      icmp_ln303_3_fu_5064_p2                                                                   |     |        | icmp_ln303_3         | setlt     | auto                     | 0       |
|      select_ln303_8_fu_5069_p3                                                                 |     |        | select_ln303_8       | select    | auto_sel                 | 0       |
|      ashr_ln303_fu_5079_p2                                                                     |     |        | ashr_ln303           | ashr      | auto_pipe                | 0       |
|      storemerge4_i2_fu_5142_p6                                                                 |     |        | select_ln303_2       | select    | auto_sel                 | 0       |
|      icmp_ln303_4_fu_4377_p2                                                                   |     |        | icmp_ln303_4         | seteq     | auto                     | 0       |
|      shl_ln303_fu_5096_p2                                                                      |     |        | shl_ln303            | shl       | auto_pipe                | 0       |
|      storemerge4_i2_fu_5142_p8                                                                 |     |        | select_ln303_3       | select    | auto_sel                 | 0       |
|      xor_ln303_fu_5108_p2                                                                      |     |        | xor_ln303            | xor       | auto                     | 0       |
|      and_ln303_fu_5113_p2                                                                      |     |        | and_ln303            | and       | auto                     | 0       |
|      or_ln303_fu_5118_p2                                                                       |     |        | or_ln303             | or        | auto                     | 0       |
|      xor_ln303_1_fu_5122_p2                                                                    |     |        | xor_ln303_1          | xor       | auto                     | 0       |
|      and_ln303_1_fu_5128_p2                                                                    |     |        | and_ln303_1          | and       | auto                     | 0       |
|      sparsemux_9_3_32_1_0_U2507                                                                |     |        | storemerge4_i2       | sparsemux | onehotencoding_realdef   | 0       |
|      mul_50s_32s_80_2_1_U2467                                                                  | 6   |        | mul_ln303            | mul       | auto                     | 1       |
|      fpext_32ns_64_2_no_dsp_1_U2460                                                            |     |        | pf_3                 | fpext     | auto                     | 1       |
|      sub_ln303_3_fu_4397_p2                                                                    |     |        | sub_ln303_3          | sub       | fabric                   | 0       |
|      select_ln303_4_fu_4403_p3                                                                 |     |        | select_ln303_4       | select    | auto_sel                 | 0       |
|      icmp_ln303_5_fu_4410_p2                                                                   |     |        | icmp_ln303_5         | seteq     | auto                     | 0       |
|      sub_ln303_4_fu_4415_p2                                                                    |     |        | sub_ln303_4          | sub       | fabric                   | 0       |
|      icmp_ln303_6_fu_4425_p2                                                                   |     |        | icmp_ln303_6         | setgt     | auto                     | 0       |
|      add_ln303_1_fu_4431_p2                                                                    |     |        | add_ln303_1          | add       | fabric                   | 0       |
|      sub_ln303_5_fu_4437_p2                                                                    |     |        | sub_ln303_5          | sub       | fabric                   | 0       |
|      select_ln303_5_fu_4443_p3                                                                 |     |        | select_ln303_5       | select    | auto_sel                 | 0       |
|      icmp_ln303_7_fu_4451_p2                                                                   |     |        | icmp_ln303_7         | seteq     | auto                     | 0       |
|      icmp_ln303_8_fu_5168_p2                                                                   |     |        | icmp_ln303_8         | setlt     | auto                     | 0       |
|      select_ln303_9_fu_5173_p3                                                                 |     |        | select_ln303_9       | select    | auto_sel                 | 0       |
|      ashr_ln303_1_fu_5183_p2                                                                   |     |        | ashr_ln303_1         | ashr      | auto_pipe                | 0       |
|      storemerge4_i3_fu_5246_p6                                                                 |     |        | select_ln303_6       | select    | auto_sel                 | 0       |
|      icmp_ln303_9_fu_4471_p2                                                                   |     |        | icmp_ln303_9         | seteq     | auto                     | 0       |
|      shl_ln303_2_fu_5200_p2                                                                    |     |        | shl_ln303_2          | shl       | auto_pipe                | 0       |
|      storemerge4_i3_fu_5246_p8                                                                 |     |        | select_ln303_7       | select    | auto_sel                 | 0       |
|      xor_ln303_2_fu_5212_p2                                                                    |     |        | xor_ln303_2          | xor       | auto                     | 0       |
|      and_ln303_2_fu_5217_p2                                                                    |     |        | and_ln303_2          | and       | auto                     | 0       |
|      or_ln303_1_fu_5222_p2                                                                     |     |        | or_ln303_1           | or        | auto                     | 0       |
|      xor_ln303_3_fu_5226_p2                                                                    |     |        | xor_ln303_3          | xor       | auto                     | 0       |
|      and_ln303_3_fu_5232_p2                                                                    |     |        | and_ln303_3          | and       | auto                     | 0       |
|      sparsemux_9_3_32_1_0_U2508                                                                |     |        | storemerge4_i3       | sparsemux | onehotencoding_realdef   | 0       |
|      mul_50s_32s_80_2_1_U2468                                                                  | 6   |        | mul_ln303_1          | mul       | auto                     | 1       |
|      fpext_32ns_64_2_no_dsp_1_U2461                                                            |     |        | pf_4                 | fpext     | auto                     | 1       |
|      sub_ln304_fu_4491_p2                                                                      |     |        | sub_ln304            | sub       | fabric                   | 0       |
|      select_ln304_fu_4497_p3                                                                   |     |        | select_ln304         | select    | auto_sel                 | 0       |
|      icmp_ln304_fu_4504_p2                                                                     |     |        | icmp_ln304           | seteq     | auto                     | 0       |
|      sub_ln304_1_fu_4509_p2                                                                    |     |        | sub_ln304_1          | sub       | fabric                   | 0       |
|      icmp_ln304_1_fu_4519_p2                                                                   |     |        | icmp_ln304_1         | setgt     | auto                     | 0       |
|      add_ln304_fu_4525_p2                                                                      |     |        | add_ln304            | add       | fabric                   | 0       |
|      sub_ln304_2_fu_4531_p2                                                                    |     |        | sub_ln304_2          | sub       | fabric                   | 0       |
|      select_ln304_1_fu_4537_p3                                                                 |     |        | select_ln304_1       | select    | auto_sel                 | 0       |
|      icmp_ln304_2_fu_4545_p2                                                                   |     |        | icmp_ln304_2         | seteq     | auto                     | 0       |
|      icmp_ln304_3_fu_5272_p2                                                                   |     |        | icmp_ln304_3         | setlt     | auto                     | 0       |
|      select_ln304_8_fu_5277_p3                                                                 |     |        | select_ln304_8       | select    | auto_sel                 | 0       |
|      ashr_ln304_fu_5287_p2                                                                     |     |        | ashr_ln304           | ashr      | auto_pipe                | 0       |
|      storemerge4_i4_fu_5350_p6                                                                 |     |        | select_ln304_2       | select    | auto_sel                 | 0       |
|      icmp_ln304_4_fu_4565_p2                                                                   |     |        | icmp_ln304_4         | seteq     | auto                     | 0       |
|      shl_ln304_fu_5304_p2                                                                      |     |        | shl_ln304            | shl       | auto_pipe                | 0       |
|      storemerge4_i4_fu_5350_p8                                                                 |     |        | select_ln304_3       | select    | auto_sel                 | 0       |
|      xor_ln304_fu_5316_p2                                                                      |     |        | xor_ln304            | xor       | auto                     | 0       |
|      and_ln304_fu_5321_p2                                                                      |     |        | and_ln304            | and       | auto                     | 0       |
|      or_ln304_fu_5326_p2                                                                       |     |        | or_ln304             | or        | auto                     | 0       |
|      xor_ln304_1_fu_5330_p2                                                                    |     |        | xor_ln304_1          | xor       | auto                     | 0       |
|      and_ln304_1_fu_5336_p2                                                                    |     |        | and_ln304_1          | and       | auto                     | 0       |
|      sparsemux_9_3_32_1_0_U2509                                                                |     |        | storemerge4_i4       | sparsemux | onehotencoding_realdef   | 0       |
|      mul_50s_32s_80_2_1_U2469                                                                  | 6   |        | mul_ln304            | mul       | auto                     | 1       |
|      fpext_32ns_64_2_no_dsp_1_U2462                                                            |     |        | pf_5                 | fpext     | auto                     | 1       |
|      sub_ln304_3_fu_4585_p2                                                                    |     |        | sub_ln304_3          | sub       | fabric                   | 0       |
|      select_ln304_4_fu_4591_p3                                                                 |     |        | select_ln304_4       | select    | auto_sel                 | 0       |
|      icmp_ln304_5_fu_4598_p2                                                                   |     |        | icmp_ln304_5         | seteq     | auto                     | 0       |
|      sub_ln304_4_fu_4603_p2                                                                    |     |        | sub_ln304_4          | sub       | fabric                   | 0       |
|      icmp_ln304_6_fu_4613_p2                                                                   |     |        | icmp_ln304_6         | setgt     | auto                     | 0       |
|      add_ln304_1_fu_4619_p2                                                                    |     |        | add_ln304_1          | add       | fabric                   | 0       |
|      sub_ln304_5_fu_4625_p2                                                                    |     |        | sub_ln304_5          | sub       | fabric                   | 0       |
|      select_ln304_5_fu_4631_p3                                                                 |     |        | select_ln304_5       | select    | auto_sel                 | 0       |
|      icmp_ln304_7_fu_4639_p2                                                                   |     |        | icmp_ln304_7         | seteq     | auto                     | 0       |
|      icmp_ln304_8_fu_5376_p2                                                                   |     |        | icmp_ln304_8         | setlt     | auto                     | 0       |
|      select_ln304_9_fu_5381_p3                                                                 |     |        | select_ln304_9       | select    | auto_sel                 | 0       |
|      ashr_ln304_1_fu_5391_p2                                                                   |     |        | ashr_ln304_1         | ashr      | auto_pipe                | 0       |
|      storemerge4_i5_fu_5454_p6                                                                 |     |        | select_ln304_6       | select    | auto_sel                 | 0       |
|      icmp_ln304_9_fu_4659_p2                                                                   |     |        | icmp_ln304_9         | seteq     | auto                     | 0       |
|      shl_ln304_2_fu_5408_p2                                                                    |     |        | shl_ln304_2          | shl       | auto_pipe                | 0       |
|      storemerge4_i5_fu_5454_p8                                                                 |     |        | select_ln304_7       | select    | auto_sel                 | 0       |
|      xor_ln304_2_fu_5420_p2                                                                    |     |        | xor_ln304_2          | xor       | auto                     | 0       |
|      and_ln304_2_fu_5425_p2                                                                    |     |        | and_ln304_2          | and       | auto                     | 0       |
|      or_ln304_1_fu_5430_p2                                                                     |     |        | or_ln304_1           | or        | auto                     | 0       |
|      xor_ln304_3_fu_5434_p2                                                                    |     |        | xor_ln304_3          | xor       | auto                     | 0       |
|      and_ln304_3_fu_5440_p2                                                                    |     |        | and_ln304_3          | and       | auto                     | 0       |
|      sparsemux_9_3_32_1_0_U2510                                                                |     |        | storemerge4_i5       | sparsemux | onehotencoding_realdef   | 0       |
|      mul_50s_32s_80_2_1_U2470                                                                  | 6   |        | mul_ln304_1          | mul       | auto                     | 1       |
|      fpext_32ns_64_2_no_dsp_1_U2463                                                            |     |        | pf_6                 | fpext     | auto                     | 1       |
|      sub_ln305_fu_4679_p2                                                                      |     |        | sub_ln305            | sub       | fabric                   | 0       |
|      select_ln305_fu_4685_p3                                                                   |     |        | select_ln305         | select    | auto_sel                 | 0       |
|      icmp_ln305_fu_4692_p2                                                                     |     |        | icmp_ln305           | seteq     | auto                     | 0       |
|      sub_ln305_1_fu_4697_p2                                                                    |     |        | sub_ln305_1          | sub       | fabric                   | 0       |
|      icmp_ln305_1_fu_4707_p2                                                                   |     |        | icmp_ln305_1         | setgt     | auto                     | 0       |
|      add_ln305_fu_4713_p2                                                                      |     |        | add_ln305            | add       | fabric                   | 0       |
|      sub_ln305_2_fu_4719_p2                                                                    |     |        | sub_ln305_2          | sub       | fabric                   | 0       |
|      select_ln305_1_fu_4725_p3                                                                 |     |        | select_ln305_1       | select    | auto_sel                 | 0       |
|      icmp_ln305_2_fu_4733_p2                                                                   |     |        | icmp_ln305_2         | seteq     | auto                     | 0       |
|      icmp_ln305_3_fu_5480_p2                                                                   |     |        | icmp_ln305_3         | setlt     | auto                     | 0       |
|      select_ln305_8_fu_5485_p3                                                                 |     |        | select_ln305_8       | select    | auto_sel                 | 0       |
|      ashr_ln305_fu_5495_p2                                                                     |     |        | ashr_ln305           | ashr      | auto_pipe                | 0       |
|      storemerge4_i6_fu_5558_p6                                                                 |     |        | select_ln305_2       | select    | auto_sel                 | 0       |
|      icmp_ln305_4_fu_4753_p2                                                                   |     |        | icmp_ln305_4         | seteq     | auto                     | 0       |
|      shl_ln305_fu_5512_p2                                                                      |     |        | shl_ln305            | shl       | auto_pipe                | 0       |
|      storemerge4_i6_fu_5558_p8                                                                 |     |        | select_ln305_3       | select    | auto_sel                 | 0       |
|      xor_ln305_fu_5524_p2                                                                      |     |        | xor_ln305            | xor       | auto                     | 0       |
|      and_ln305_fu_5529_p2                                                                      |     |        | and_ln305            | and       | auto                     | 0       |
|      or_ln305_fu_5534_p2                                                                       |     |        | or_ln305             | or        | auto                     | 0       |
|      xor_ln305_1_fu_5538_p2                                                                    |     |        | xor_ln305_1          | xor       | auto                     | 0       |
|      and_ln305_1_fu_5544_p2                                                                    |     |        | and_ln305_1          | and       | auto                     | 0       |
|      sparsemux_9_3_32_1_0_U2511                                                                |     |        | storemerge4_i6       | sparsemux | onehotencoding_realdef   | 0       |
|      mul_50s_32s_80_2_1_U2471                                                                  | 6   |        | mul_ln305            | mul       | auto                     | 1       |
|      fpext_32ns_64_2_no_dsp_1_U2464                                                            |     |        | pf_7                 | fpext     | auto                     | 1       |
|      sub_ln305_3_fu_4773_p2                                                                    |     |        | sub_ln305_3          | sub       | fabric                   | 0       |
|      select_ln305_4_fu_4779_p3                                                                 |     |        | select_ln305_4       | select    | auto_sel                 | 0       |
|      icmp_ln305_5_fu_4786_p2                                                                   |     |        | icmp_ln305_5         | seteq     | auto                     | 0       |
|      sub_ln305_4_fu_4791_p2                                                                    |     |        | sub_ln305_4          | sub       | fabric                   | 0       |
|      icmp_ln305_6_fu_4801_p2                                                                   |     |        | icmp_ln305_6         | setgt     | auto                     | 0       |
|      add_ln305_1_fu_4807_p2                                                                    |     |        | add_ln305_1          | add       | fabric                   | 0       |
|      sub_ln305_5_fu_4813_p2                                                                    |     |        | sub_ln305_5          | sub       | fabric                   | 0       |
|      select_ln305_5_fu_4819_p3                                                                 |     |        | select_ln305_5       | select    | auto_sel                 | 0       |
|      icmp_ln305_7_fu_4827_p2                                                                   |     |        | icmp_ln305_7         | seteq     | auto                     | 0       |
|      icmp_ln305_8_fu_5584_p2                                                                   |     |        | icmp_ln305_8         | setlt     | auto                     | 0       |
|      select_ln305_9_fu_5589_p3                                                                 |     |        | select_ln305_9       | select    | auto_sel                 | 0       |
|      ashr_ln305_1_fu_5599_p2                                                                   |     |        | ashr_ln305_1         | ashr      | auto_pipe                | 0       |
|      storemerge4_i7_fu_5662_p6                                                                 |     |        | select_ln305_6       | select    | auto_sel                 | 0       |
|      icmp_ln305_9_fu_4847_p2                                                                   |     |        | icmp_ln305_9         | seteq     | auto                     | 0       |
|      shl_ln305_2_fu_5616_p2                                                                    |     |        | shl_ln305_2          | shl       | auto_pipe                | 0       |
|      storemerge4_i7_fu_5662_p8                                                                 |     |        | select_ln305_7       | select    | auto_sel                 | 0       |
|      xor_ln305_2_fu_5628_p2                                                                    |     |        | xor_ln305_2          | xor       | auto                     | 0       |
|      and_ln305_2_fu_5633_p2                                                                    |     |        | and_ln305_2          | and       | auto                     | 0       |
|      or_ln305_1_fu_5638_p2                                                                     |     |        | or_ln305_1           | or        | auto                     | 0       |
|      xor_ln305_3_fu_5642_p2                                                                    |     |        | xor_ln305_3          | xor       | auto                     | 0       |
|      and_ln305_3_fu_5648_p2                                                                    |     |        | and_ln305_3          | and       | auto                     | 0       |
|      sparsemux_9_3_32_1_0_U2512                                                                |     |        | storemerge4_i7       | sparsemux | onehotencoding_realdef   | 0       |
|      mul_50s_32s_80_2_1_U2472                                                                  | 6   |        | mul_ln305_1          | mul       | auto                     | 1       |
|  + compute_X2                                                                                  | 144 |        |                      |           |                          |         |
|    fmul_32ns_32ns_32_5_max_dsp_1_U3604                                                         | 3   |        | fq0                  | fmul      | maxdsp                   | 4       |
|    icmp_ln523_fu_6038_p2                                                                       |     |        | icmp_ln523           | setne     | auto                     | 0       |
|    icmp_ln523_1_fu_6044_p2                                                                     |     |        | icmp_ln523_1         | seteq     | auto                     | 0       |
|    or_ln523_fu_6137_p2                                                                         |     |        | or_ln523             | or        | auto                     | 0       |
|    fcmp_32ns_32ns_1_2_no_dsp_1_U3608                                                           |     |        | tmp_36               | fcmp      | auto                     | 1       |
|    and_ln523_fu_6141_p2                                                                        |     |        | and_ln523            | and       | auto                     | 0       |
|    grp_fu_3870_p1                                                                              |     |        | select_ln523         | select    | auto_sel                 | 0       |
|    fadd_32ns_32ns_32_10_full_dsp_1_U3600                                                       | 2   |        | dc                   | fadd      | fulldsp                  | 9       |
|    add_ln317_fu_6250_p2                                                                        |     |        | add_ln317            | add       | fabric                   | 0       |
|    sub_ln18_fu_6264_p2                                                                         |     |        | sub_ln18             | sub       | fabric                   | 0       |
|    select_ln18_fu_6274_p3                                                                      |     |        | select_ln18          | select    | auto_sel                 | 0       |
|    lshr_ln18_fu_6290_p2                                                                        |     |        | lshr_ln18            | lshr      | auto_pipe                | 0       |
|    shl_ln18_fu_6296_p2                                                                         |     |        | shl_ln18             | shl       | auto_pipe                | 0       |
|    val_fu_6322_p3                                                                              |     |        | val                  | select    | auto_sel                 | 0       |
|    result_10_fu_6693_p2                                                                        |     |        | result_10            | sub       | fabric                   | 0       |
|    result_19_fu_6698_p3                                                                        |     |        | result_19            | select    | auto_sel                 | 0       |
|    icmp_ln524_fu_6714_p2                                                                       |     |        | icmp_ln524           | setgt     | auto                     | 0       |
|    iq0_1_fu_6805_p3                                                                            |     |        | iq0_1                | select    | auto_sel                 | 0       |
|    icmp_ln524_1_fu_6811_p2                                                                     |     |        | icmp_ln524_1         | setlt     | auto                     | 0       |
|    select_ln525_fu_6821_p3                                                                     |     |        | select_ln525         | select    | auto_sel                 | 0       |
|    fmul_32ns_32ns_32_5_max_dsp_1_U3605                                                         | 3   |        | fq1                  | fmul      | maxdsp                   | 4       |
|    icmp_ln528_fu_6067_p2                                                                       |     |        | icmp_ln528           | setne     | auto                     | 0       |
|    icmp_ln528_1_fu_6073_p2                                                                     |     |        | icmp_ln528_1         | seteq     | auto                     | 0       |
|    or_ln528_fu_6155_p2                                                                         |     |        | or_ln528             | or        | auto                     | 0       |
|    fcmp_32ns_32ns_1_2_no_dsp_1_U3609                                                           |     |        | tmp_38               | fcmp      | auto                     | 1       |
|    and_ln528_fu_6159_p2                                                                        |     |        | and_ln528            | and       | auto                     | 0       |
|    grp_fu_3874_p1                                                                              |     |        | select_ln528         | select    | auto_sel                 | 0       |
|    fadd_32ns_32ns_32_10_full_dsp_1_U3601                                                       | 2   |        | dc_2                 | fadd      | fulldsp                  | 9       |
|    add_ln317_2_fu_6371_p2                                                                      |     |        | add_ln317_2          | add       | fabric                   | 0       |
|    sub_ln18_2_fu_6385_p2                                                                       |     |        | sub_ln18_2           | sub       | fabric                   | 0       |
|    select_ln18_6_fu_6395_p3                                                                    |     |        | select_ln18_6        | select    | auto_sel                 | 0       |
|    lshr_ln18_2_fu_6411_p2                                                                      |     |        | lshr_ln18_2          | lshr      | auto_pipe                | 0       |
|    shl_ln18_2_fu_6417_p2                                                                       |     |        | shl_ln18_2           | shl       | auto_pipe                | 0       |
|    val_17_fu_6443_p3                                                                           |     |        | val_17               | select    | auto_sel                 | 0       |
|    result_13_fu_6720_p2                                                                        |     |        | result_13            | sub       | fabric                   | 0       |
|    result_20_fu_6725_p3                                                                        |     |        | result_20            | select    | auto_sel                 | 0       |
|    icmp_ln529_fu_6741_p2                                                                       |     |        | icmp_ln529           | setgt     | auto                     | 0       |
|    iq1_1_fu_6830_p3                                                                            |     |        | iq1_1                | select    | auto_sel                 | 0       |
|    icmp_ln529_1_fu_6836_p2                                                                     |     |        | icmp_ln529_1         | setlt     | auto                     | 0       |
|    select_ln530_fu_6846_p3                                                                     |     |        | select_ln530         | select    | auto_sel                 | 0       |
|    fmul_32ns_32ns_32_5_max_dsp_1_U3606                                                         | 3   |        | fq2                  | fmul      | maxdsp                   | 4       |
|    icmp_ln533_fu_6096_p2                                                                       |     |        | icmp_ln533           | setne     | auto                     | 0       |
|    icmp_ln533_1_fu_6102_p2                                                                     |     |        | icmp_ln533_1         | seteq     | auto                     | 0       |
|    or_ln533_fu_6173_p2                                                                         |     |        | or_ln533             | or        | auto                     | 0       |
|    fcmp_32ns_32ns_1_2_no_dsp_1_U3610                                                           |     |        | tmp_40               | fcmp      | auto                     | 1       |
|    and_ln533_fu_6177_p2                                                                        |     |        | and_ln533            | and       | auto                     | 0       |
|    grp_fu_3878_p1                                                                              |     |        | select_ln533         | select    | auto_sel                 | 0       |
|    fadd_32ns_32ns_32_10_full_dsp_1_U3602                                                       | 2   |        | dc_3                 | fadd      | fulldsp                  | 9       |
|    add_ln317_3_fu_6492_p2                                                                      |     |        | add_ln317_3          | add       | fabric                   | 0       |
|    sub_ln18_3_fu_6506_p2                                                                       |     |        | sub_ln18_3           | sub       | fabric                   | 0       |
|    select_ln18_8_fu_6516_p3                                                                    |     |        | select_ln18_8        | select    | auto_sel                 | 0       |
|    lshr_ln18_3_fu_6532_p2                                                                      |     |        | lshr_ln18_3          | lshr      | auto_pipe                | 0       |
|    shl_ln18_3_fu_6538_p2                                                                       |     |        | shl_ln18_3           | shl       | auto_pipe                | 0       |
|    val_18_fu_6564_p3                                                                           |     |        | val_18               | select    | auto_sel                 | 0       |
|    result_16_fu_6747_p2                                                                        |     |        | result_16            | sub       | fabric                   | 0       |
|    result_21_fu_6752_p3                                                                        |     |        | result_21            | select    | auto_sel                 | 0       |
|    icmp_ln534_fu_6768_p2                                                                       |     |        | icmp_ln534           | setgt     | auto                     | 0       |
|    iq2_1_fu_6854_p3                                                                            |     |        | iq2_1                | select    | auto_sel                 | 0       |
|    icmp_ln534_1_fu_6860_p2                                                                     |     |        | icmp_ln534_1         | setlt     | auto                     | 0       |
|    select_ln535_fu_6870_p3                                                                     |     |        | select_ln535         | select    | auto_sel                 | 0       |
|    fmul_32ns_32ns_32_5_max_dsp_1_U3607                                                         | 3   |        | fq3                  | fmul      | maxdsp                   | 4       |
|    icmp_ln538_fu_6125_p2                                                                       |     |        | icmp_ln538           | setne     | auto                     | 0       |
|    icmp_ln538_1_fu_6131_p2                                                                     |     |        | icmp_ln538_1         | seteq     | auto                     | 0       |
|    or_ln538_fu_6191_p2                                                                         |     |        | or_ln538             | or        | auto                     | 0       |
|    fcmp_32ns_32ns_1_2_no_dsp_1_U3611                                                           |     |        | tmp_42               | fcmp      | auto                     | 1       |
|    and_ln538_fu_6195_p2                                                                        |     |        | and_ln538            | and       | auto                     | 0       |
|    grp_fu_3882_p1                                                                              |     |        | select_ln538         | select    | auto_sel                 | 0       |
|    fadd_32ns_32ns_32_10_full_dsp_1_U3603                                                       | 2   |        | dc_4                 | fadd      | fulldsp                  | 9       |
|    add_ln317_4_fu_6613_p2                                                                      |     |        | add_ln317_4          | add       | fabric                   | 0       |
|    sub_ln18_4_fu_6627_p2                                                                       |     |        | sub_ln18_4           | sub       | fabric                   | 0       |
|    select_ln18_10_fu_6637_p3                                                                   |     |        | select_ln18_10       | select    | auto_sel                 | 0       |
|    lshr_ln18_4_fu_6653_p2                                                                      |     |        | lshr_ln18_4          | lshr      | auto_pipe                | 0       |
|    shl_ln18_4_fu_6659_p2                                                                       |     |        | shl_ln18_4           | shl       | auto_pipe                | 0       |
|    val_19_fu_6685_p3                                                                           |     |        | val_19               | select    | auto_sel                 | 0       |
|    result_17_fu_6774_p2                                                                        |     |        | result_17            | sub       | fabric                   | 0       |
|    result_fu_6779_p3                                                                           |     |        | result               | select    | auto_sel                 | 0       |
|    icmp_ln539_fu_6795_p2                                                                       |     |        | icmp_ln539           | setgt     | auto                     | 0       |
|    iq3_1_fu_6878_p3                                                                            |     |        | iq3_1                | select    | auto_sel                 | 0       |
|    icmp_ln539_1_fu_6884_p2                                                                     |     |        | icmp_ln539_1         | setlt     | auto                     | 0       |
|    select_ln540_fu_6894_p3                                                                     |     |        | select_ln540         | select    | auto_sel                 | 0       |
|    add_ln508_fu_6011_p2                                                                        |     |        | add_ln508            | add       | fabric                   | 0       |
|   + load_4_rows_wv_urm (grp_load_4_rows_wv_urm_fu_2553)                                        | 0   |        |                      |           |                          |         |
|     base_fu_2203_p2                                                                            |     |        | base                 | add       | fabric                   | 0       |
|    + load_4_rows_wv_urm_Pipeline_HDR_ALL (grp_load_4_rows_wv_urm_Pipeline_HDR_ALL_fu_1114)     | 0   |        |                      |           |                          |         |
|      icmp_ln99_fu_5214_p2                                                                      |     |        | icmp_ln99            | seteq     | auto                     | 0       |
|      b_4_fu_5220_p2                                                                            |     |        | b_4                  | add       | fabric                   | 0       |
|      add_ln101_fu_5278_p2                                                                      |     |        | add_ln101            | add       | fabric                   | 0       |
|      empty_fu_5296_p2                                                                          |     |        | empty                | add       | fabric                   | 0       |
|     + fp16_to_fp32 (grp_fp16_to_fp32_fu_4884)                                                  | 0   |        |                      |           |                          |         |
|       or_ln59_fu_118_p2                                                                        |     |        | or_ln59              | or        | auto                     | 0       |
|       icmp_ln59_fu_142_p2                                                                      |     |        | icmp_ln59            | seteq     | auto                     | 0       |
|       add_ln71_fu_499_p2                                                                       |     |        | add_ln71             | add       | fabric                   | 0       |
|       m_1_fu_168_p3                                                                            |     |        | m_1                  | select    | auto_sel                 | 0       |
|       e_fu_176_p3                                                                              |     |        | e                    | select    | auto_sel                 | 0       |
|       e_1_fu_198_p3                                                                            |     |        | e_1                  | select    | auto_sel                 | 0       |
|       m_3_fu_206_p3                                                                            |     |        | m_3                  | select    | auto_sel                 | 0       |
|       e_2_fu_214_p3                                                                            |     |        | e_2                  | select    | auto_sel                 | 0       |
|       e_3_fu_236_p2                                                                            |     |        | e_3                  | add       | fabric                   | 0       |
|       m_5_fu_242_p3                                                                            |     |        | m_5                  | select    | auto_sel                 | 0       |
|       e_4_fu_250_p3                                                                            |     |        | e_4                  | select    | auto_sel                 | 0       |
|       e_5_fu_272_p2                                                                            |     |        | e_5                  | add       | fabric                   | 0       |
|       m_7_fu_278_p3                                                                            |     |        | m_7                  | select    | auto_sel                 | 0       |
|       e_6_fu_286_p3                                                                            |     |        | e_6                  | select    | auto_sel                 | 0       |
|       e_7_fu_307_p2                                                                            |     |        | e_7                  | add       | fabric                   | 0       |
|       m_9_fu_312_p3                                                                            |     |        | m_9                  | select    | auto_sel                 | 0       |
|       e_8_fu_318_p3                                                                            |     |        | e_8                  | select    | auto_sel                 | 0       |
|       e_9_fu_332_p2                                                                            |     |        | e_9                  | add       | fabric                   | 0       |
|       m_11_fu_351_p3                                                                           |     |        | m_11                 | select    | auto_sel                 | 0       |
|       e_10_fu_338_p3                                                                           |     |        | e_10                 | select    | auto_sel                 | 0       |
|       e_11_fu_371_p2                                                                           |     |        | e_11                 | add       | fabric                   | 0       |
|       m_13_fu_376_p3                                                                           |     |        | m_13                 | select    | auto_sel                 | 0       |
|       e_12_fu_384_p3                                                                           |     |        | e_12                 | select    | auto_sel                 | 0       |
|       e_13_fu_405_p2                                                                           |     |        | e_13                 | add       | fabric                   | 0       |
|       m_15_fu_411_p3                                                                           |     |        | m_15                 | select    | auto_sel                 | 0       |
|       e_14_fu_419_p3                                                                           |     |        | e_14                 | select    | auto_sel                 | 0       |
|       e_15_fu_525_p2                                                                           |     |        | e_15                 | add       | fabric                   | 0       |
|       m_17_fu_441_p3                                                                           |     |        | m_17                 | select    | auto_sel                 | 0       |
|       e_16_fu_530_p3                                                                           |     |        | e_16                 | select    | auto_sel                 | 0       |
|       e_17_fu_536_p2                                                                           |     |        | e_17                 | add       | fabric                   | 0       |
|       select_ln65_fu_473_p3                                                                    |     |        | select_ln65          | select    | auto_sel                 | 0       |
|       select_ln62_fu_542_p3                                                                    |     |        | select_ln62          | select    | auto_sel                 | 0       |
|       icmp_ln61_fu_575_p2                                                                      |     |        | icmp_ln61            | seteq     | auto                     | 0       |
|       xor_ln59_fu_580_p2                                                                       |     |        | xor_ln59             | xor       | auto                     | 0       |
|       and_ln61_fu_585_p2                                                                       |     |        | and_ln61             | and       | auto                     | 0       |
|       icmp_ln61_1_fu_591_p2                                                                    |     |        | icmp_ln61_1          | seteq     | auto                     | 0       |
|       and_ln61_1_fu_596_p2                                                                     |     |        | and_ln61_1           | and       | auto                     | 0       |
|       sparsemux_9_3_32_1_0_U259                                                                |     |        | f32_4                | sparsemux | onehotencoding_realdef   | 0       |
|    + load_4_rows_wv_urm_Pipeline_NIB_ALL (grp_load_4_rows_wv_urm_Pipeline_NIB_ALL_fu_2163)     | 0   |        |                      |           |                          |         |
|      icmp_ln137_fu_196_p2                                                                      |     |        | icmp_ln137           | seteq     | auto                     | 0       |
|      i_2_fu_202_p2                                                                             |     |        | i_2                  | add       | fabric                   | 0       |
|      add_ln141_3_fu_256_p2                                                                     |     |        | add_ln141_3          | add       | fabric                   | 0       |
|      add_ln141_2_fu_272_p2                                                                     |     |        | add_ln141_2          | add       | fabric                   | 0       |
|      add_ln146_fu_300_p2                                                                       |     |        | add_ln146            | add       | fabric                   | 0       |
|   + mac_blocks_wv_k4_urm (grp_mac_blocks_wv_k4_urm_fu_3085)                                    | 124 |        |                      |           |                          |         |
|     icmp_ln307_fu_8392_p2                                                                      |     |        | icmp_ln307           | seteq     | auto                     | 0       |
|     sub_ln307_fu_8406_p2                                                                       |     |        | sub_ln307            | sub       | fabric                   | 0       |
|     tmp_s_fu_8420_p1                                                                           |     |        | select_ln307         | select    | auto_sel                 | 0       |
|     ctlz_56_56_1_1_U2788                                                                       |     |        | tmp_s                | ctlz      | auto                     | 0       |
|     sub_ln307_1_fu_8436_p2                                                                     |     |        | sub_ln307_1          | sub       | fabric                   | 0       |
|     add_ln307_fu_8595_p2                                                                       |     |        | add_ln307            | add       | fabric                   | 0       |
|     icmp_ln307_1_fu_8615_p2                                                                    |     |        | icmp_ln307_1         | setgt     | auto                     | 0       |
|     sub_ln307_4_fu_8621_p2                                                                     |     |        | sub_ln307_4          | sub       | fabric                   | 0       |
|     lshr_ln307_2_fu_8630_p2                                                                    |     |        | lshr_ln307_2         | lshr      | auto_pipe                | 0       |
|     and_ln307_fu_8636_p2                                                                       |     |        | and_ln307            | and       | auto                     | 0       |
|     icmp_ln307_2_fu_8641_p2                                                                    |     |        | icmp_ln307_2         | setne     | auto                     | 0       |
|     phi_ln307_fu_8647_p2                                                                       |     |        | phi_ln307            | and       | auto                     | 0       |
|     xor_ln307_fu_8661_p2                                                                       |     |        | xor_ln307            | xor       | auto                     | 0       |
|     bitselect_1ns_56ns_6ns_1_1_1_U2792                                                         |     |        | tmp_49               | bitselect | auto                     | 0       |
|     phi_ln307_1_fu_8674_p2                                                                     |     |        | phi_ln307_1          | and       | auto                     | 0       |
|     or_ln307_fu_8680_p2                                                                        |     |        | or_ln307             | or        | auto                     | 0       |
|     icmp_ln307_3_fu_8686_p2                                                                    |     |        | icmp_ln307_3         | setgt     | auto                     | 0       |
|     add_ln307_1_fu_8692_p2                                                                     |     |        | add_ln307_1          | add       | fabric                   | 0       |
|     lshr_ln307_fu_8705_p2                                                                      |     |        | lshr_ln307           | lshr      | auto_pipe                | 0       |
|     sub_ln307_2_fu_8710_p2                                                                     |     |        | sub_ln307_2          | sub       | fabric                   | 0       |
|     shl_ln307_fu_8723_p2                                                                       |     |        | shl_ln307            | shl       | auto_pipe                | 0       |
|     cond49_i_i224_in_fu_9136_p3                                                                |     |        | cond49_i_i224_in     | select    | auto_sel                 | 0       |
|     add_ln307_2_fu_9148_p2                                                                     |     |        | add_ln307_2          | add       | fabric                   | 0       |
|     select_ln307_1_fu_9176_p3                                                                  |     |        | select_ln307_1       | select    | auto_sel                 | 0       |
|     sub_ln307_3_fu_9184_p2                                                                     |     |        | sub_ln307_3          | sub       | fabric                   | 0       |
|     add_ln307_3_fu_9193_p2                                                                     |     |        | add_ln307_3          | add       | fabric                   | 0       |
|     retval_0_i_i236_fu_9226_p3                                                                 |     |        | retval_0_i_i236      | select    | auto_sel                 | 0       |
|     fmul_32ns_32ns_32_5_max_dsp_1_U2784                                                        | 3   |        | result0_write_assign | fmul      | maxdsp                   | 4       |
|     icmp_ln308_fu_8442_p2                                                                      |     |        | icmp_ln308           | seteq     | auto                     | 0       |
|     sub_ln308_fu_8456_p2                                                                       |     |        | sub_ln308            | sub       | fabric                   | 0       |
|     tmp_154_fu_8470_p1                                                                         |     |        | select_ln308         | select    | auto_sel                 | 0       |
|     ctlz_56_56_1_1_U2789                                                                       |     |        | tmp_154              | ctlz      | auto                     | 0       |
|     sub_ln308_1_fu_8486_p2                                                                     |     |        | sub_ln308_1          | sub       | fabric                   | 0       |
|     add_ln308_fu_8731_p2                                                                       |     |        | add_ln308            | add       | fabric                   | 0       |
|     icmp_ln308_1_fu_8751_p2                                                                    |     |        | icmp_ln308_1         | setgt     | auto                     | 0       |
|     sub_ln308_4_fu_8757_p2                                                                     |     |        | sub_ln308_4          | sub       | fabric                   | 0       |
|     lshr_ln308_2_fu_8766_p2                                                                    |     |        | lshr_ln308_2         | lshr      | auto_pipe                | 0       |
|     and_ln308_fu_8772_p2                                                                       |     |        | and_ln308            | and       | auto                     | 0       |
|     icmp_ln308_2_fu_8777_p2                                                                    |     |        | icmp_ln308_2         | setne     | auto                     | 0       |
|     phi_ln308_fu_8783_p2                                                                       |     |        | phi_ln308            | and       | auto                     | 0       |
|     xor_ln308_fu_8797_p2                                                                       |     |        | xor_ln308            | xor       | auto                     | 0       |
|     bitselect_1ns_56ns_6ns_1_1_1_U2793                                                         |     |        | tmp_54               | bitselect | auto                     | 0       |
|     phi_ln308_1_fu_8810_p2                                                                     |     |        | phi_ln308_1          | and       | auto                     | 0       |
|     or_ln308_fu_8816_p2                                                                        |     |        | or_ln308             | or        | auto                     | 0       |
|     icmp_ln308_3_fu_8822_p2                                                                    |     |        | icmp_ln308_3         | setgt     | auto                     | 0       |
|     add_ln308_1_fu_8828_p2                                                                     |     |        | add_ln308_1          | add       | fabric                   | 0       |
|     lshr_ln308_fu_8841_p2                                                                      |     |        | lshr_ln308           | lshr      | auto_pipe                | 0       |
|     sub_ln308_2_fu_8846_p2                                                                     |     |        | sub_ln308_2          | sub       | fabric                   | 0       |
|     shl_ln308_fu_8859_p2                                                                       |     |        | shl_ln308            | shl       | auto_pipe                | 0       |
|     cond49_i_i156_in_fu_9233_p3                                                                |     |        | cond49_i_i156_in     | select    | auto_sel                 | 0       |
|     add_ln308_2_fu_9245_p2                                                                     |     |        | add_ln308_2          | add       | fabric                   | 0       |
|     select_ln308_1_fu_9273_p3                                                                  |     |        | select_ln308_1       | select    | auto_sel                 | 0       |
|     sub_ln308_3_fu_9281_p2                                                                     |     |        | sub_ln308_3          | sub       | fabric                   | 0       |
|     add_ln308_3_fu_9290_p2                                                                     |     |        | add_ln308_3          | add       | fabric                   | 0       |
|     retval_0_i_i168_fu_9323_p3                                                                 |     |        | retval_0_i_i168      | select    | auto_sel                 | 0       |
|     fmul_32ns_32ns_32_5_max_dsp_1_U2785                                                        | 3   |        | result1_write_assign | fmul      | maxdsp                   | 4       |
|     icmp_ln309_fu_8492_p2                                                                      |     |        | icmp_ln309           | seteq     | auto                     | 0       |
|     sub_ln309_fu_8506_p2                                                                       |     |        | sub_ln309            | sub       | fabric                   | 0       |
|     tmp_156_fu_8520_p1                                                                         |     |        | select_ln309         | select    | auto_sel                 | 0       |
|     ctlz_56_56_1_1_U2790                                                                       |     |        | tmp_156              | ctlz      | auto                     | 0       |
|     sub_ln309_1_fu_8536_p2                                                                     |     |        | sub_ln309_1          | sub       | fabric                   | 0       |
|     add_ln309_fu_8867_p2                                                                       |     |        | add_ln309            | add       | fabric                   | 0       |
|     icmp_ln309_1_fu_8887_p2                                                                    |     |        | icmp_ln309_1         | setgt     | auto                     | 0       |
|     sub_ln309_4_fu_8893_p2                                                                     |     |        | sub_ln309_4          | sub       | fabric                   | 0       |
|     lshr_ln309_2_fu_8902_p2                                                                    |     |        | lshr_ln309_2         | lshr      | auto_pipe                | 0       |
|     and_ln309_fu_8908_p2                                                                       |     |        | and_ln309            | and       | auto                     | 0       |
|     icmp_ln309_2_fu_8913_p2                                                                    |     |        | icmp_ln309_2         | setne     | auto                     | 0       |
|     phi_ln309_fu_8919_p2                                                                       |     |        | phi_ln309            | and       | auto                     | 0       |
|     xor_ln309_fu_8933_p2                                                                       |     |        | xor_ln309            | xor       | auto                     | 0       |
|     bitselect_1ns_56ns_6ns_1_1_1_U2794                                                         |     |        | tmp_59               | bitselect | auto                     | 0       |
|     phi_ln309_1_fu_8946_p2                                                                     |     |        | phi_ln309_1          | and       | auto                     | 0       |
|     or_ln309_fu_8952_p2                                                                        |     |        | or_ln309             | or        | auto                     | 0       |
|     icmp_ln309_3_fu_8958_p2                                                                    |     |        | icmp_ln309_3         | setgt     | auto                     | 0       |
|     add_ln309_1_fu_8964_p2                                                                     |     |        | add_ln309_1          | add       | fabric                   | 0       |
|     lshr_ln309_fu_8977_p2                                                                      |     |        | lshr_ln309           | lshr      | auto_pipe                | 0       |
|     sub_ln309_2_fu_8982_p2                                                                     |     |        | sub_ln309_2          | sub       | fabric                   | 0       |
|     shl_ln309_fu_8995_p2                                                                       |     |        | shl_ln309            | shl       | auto_pipe                | 0       |
|     cond49_i_i88_in_fu_9330_p3                                                                 |     |        | cond49_i_i88_in      | select    | auto_sel                 | 0       |
|     add_ln309_2_fu_9342_p2                                                                     |     |        | add_ln309_2          | add       | fabric                   | 0       |
|     select_ln309_1_fu_9370_p3                                                                  |     |        | select_ln309_1       | select    | auto_sel                 | 0       |
|     sub_ln309_3_fu_9378_p2                                                                     |     |        | sub_ln309_3          | sub       | fabric                   | 0       |
|     add_ln309_3_fu_9387_p2                                                                     |     |        | add_ln309_3          | add       | fabric                   | 0       |
|     retval_0_i_i100_fu_9420_p3                                                                 |     |        | retval_0_i_i100      | select    | auto_sel                 | 0       |
|     fmul_32ns_32ns_32_5_max_dsp_1_U2786                                                        | 3   |        | result2_write_assign | fmul      | maxdsp                   | 4       |
|     icmp_ln310_fu_8542_p2                                                                      |     |        | icmp_ln310           | seteq     | auto                     | 0       |
|     sub_ln310_fu_8556_p2                                                                       |     |        | sub_ln310            | sub       | fabric                   | 0       |
|     tmp_158_fu_8570_p1                                                                         |     |        | select_ln310         | select    | auto_sel                 | 0       |
|     ctlz_56_56_1_1_U2791                                                                       |     |        | tmp_158              | ctlz      | auto                     | 0       |
|     sub_ln310_1_fu_8586_p2                                                                     |     |        | sub_ln310_1          | sub       | fabric                   | 0       |
|     add_ln310_fu_9003_p2                                                                       |     |        | add_ln310            | add       | fabric                   | 0       |
|     icmp_ln310_1_fu_9023_p2                                                                    |     |        | icmp_ln310_1         | setgt     | auto                     | 0       |
|     sub_ln310_4_fu_9029_p2                                                                     |     |        | sub_ln310_4          | sub       | fabric                   | 0       |
|     lshr_ln310_2_fu_9038_p2                                                                    |     |        | lshr_ln310_2         | lshr      | auto_pipe                | 0       |
|     and_ln310_fu_9044_p2                                                                       |     |        | and_ln310            | and       | auto                     | 0       |
|     icmp_ln310_2_fu_9049_p2                                                                    |     |        | icmp_ln310_2         | setne     | auto                     | 0       |
|     phi_ln310_fu_9055_p2                                                                       |     |        | phi_ln310            | and       | auto                     | 0       |
|     xor_ln310_fu_9069_p2                                                                       |     |        | xor_ln310            | xor       | auto                     | 0       |
|     bitselect_1ns_56ns_6ns_1_1_1_U2795                                                         |     |        | tmp_64               | bitselect | auto                     | 0       |
|     phi_ln310_1_fu_9082_p2                                                                     |     |        | phi_ln310_1          | and       | auto                     | 0       |
|     or_ln310_fu_9088_p2                                                                        |     |        | or_ln310             | or        | auto                     | 0       |
|     icmp_ln310_3_fu_9094_p2                                                                    |     |        | icmp_ln310_3         | setgt     | auto                     | 0       |
|     add_ln310_1_fu_9100_p2                                                                     |     |        | add_ln310_1          | add       | fabric                   | 0       |
|     lshr_ln310_fu_9113_p2                                                                      |     |        | lshr_ln310           | lshr      | auto_pipe                | 0       |
|     sub_ln310_2_fu_9118_p2                                                                     |     |        | sub_ln310_2          | sub       | fabric                   | 0       |
|     shl_ln310_fu_9131_p2                                                                       |     |        | shl_ln310            | shl       | auto_pipe                | 0       |
|     cond49_i_i_in_fu_9427_p3                                                                   |     |        | cond49_i_i_in        | select    | auto_sel                 | 0       |
|     add_ln310_2_fu_9439_p2                                                                     |     |        | add_ln310_2          | add       | fabric                   | 0       |
|     select_ln310_1_fu_9467_p3                                                                  |     |        | select_ln310_1       | select    | auto_sel                 | 0       |
|     sub_ln310_3_fu_9475_p2                                                                     |     |        | sub_ln310_3          | sub       | fabric                   | 0       |
|     add_ln310_3_fu_9484_p2                                                                     |     |        | add_ln310_3          | add       | fabric                   | 0       |
|     retval_0_i_i_fu_9517_p3                                                                    |     |        | retval_0_i_i         | select    | auto_sel                 | 0       |
|     fmul_32ns_32ns_32_5_max_dsp_1_U2787                                                        | 3   |        | result3_write_assign | fmul      | maxdsp                   | 4       |
|    + mac_blocks_wv_k4_urm_Pipeline_MAC_ALL (grp_mac_blocks_wv_k4_urm_Pipeline_MAC_ALL_fu_5508) | 64  |        |                      |           |                          |         |
|      icmp_ln253_fu_10890_p2                                                                    |     |        | icmp_ln253           | seteq     | auto                     | 0       |
|      add_ln253_fu_10896_p2                                                                     |     |        | add_ln253            | add       | fabric                   | 0       |
|      sparsemux_33_4_8_1_1_U1383                                                                |     |        | xi8                  | sparsemux | compactencoding_dontcare | 0       |
|      mul_8s_4ns_12_1_1_U1391                                                                   |     |        | mul_ln280            | mul       | auto                     | 0       |
|      sparsemux_17_3_8_1_1_U1319                                                                |     |        | tmp_26               | sparsemux | compactencoding_dontcare | 0       |
|      mac_muladd_12s_8s_32s_32_4_1_U1519                                                        | 1   |        | mul_ln280_1          | mul       | dsp_slice                | 3       |
|      mac_muladd_12s_8s_32s_32_4_1_U1519                                                        | 1   |        | sext_ln280_3         | sext      | dsp_slice                | 3       |
|      sparsemux_9_2_32_1_1_U1455                                                                |     |        | tmp_27               | sparsemux | compactencoding_dontcare | 0       |
|      mac_muladd_12s_8s_32s_32_4_1_U1519                                                        | 1   |        | acc_w0_32            | add       | dsp_slice                | 3       |
|      sparsemux_17_3_8_1_1_U1320                                                                |     |        | tmp_28               | sparsemux | compactencoding_dontcare | 0       |
|      mac_muladd_8s_8s_32s_32_4_1_U1487                                                         | 1   |        | mul_ln281            | mul       | dsp_slice                | 3       |
|      mac_muladd_8s_8s_32s_32_4_1_U1487                                                         | 1   |        | sext_ln281_2         | sext      | dsp_slice                | 3       |
|      mul_8s_4ns_12_1_1_U1392                                                                   |     |        | mul_ln282            | mul       | auto                     | 0       |
|      sparsemux_17_3_8_1_1_U1321                                                                |     |        | tmp_29               | sparsemux | compactencoding_dontcare | 0       |
|      mac_muladd_12s_8s_32s_32_4_1_U1520                                                        | 1   |        | mul_ln282_1          | mul       | dsp_slice                | 3       |
|      mac_muladd_12s_8s_32s_32_4_1_U1520                                                        | 1   |        | sext_ln282_2         | sext      | dsp_slice                | 3       |
|      sparsemux_17_3_8_1_1_U1322                                                                |     |        | tmp_30               | sparsemux | compactencoding_dontcare | 0       |
|      mac_muladd_8s_8s_32s_32_4_1_U1488                                                         | 1   |        | mul_ln283            | mul       | dsp_slice                | 3       |
|      mac_muladd_8s_8s_32s_32_4_1_U1488                                                         | 1   |        | sext_ln283_1         | sext      | dsp_slice                | 3       |
|      mul_8s_4ns_12_1_1_U1393                                                                   |     |        | mul_ln284            | mul       | auto                     | 0       |
|      sparsemux_17_3_8_1_1_U1323                                                                |     |        | tmp_31               | sparsemux | compactencoding_dontcare | 0       |
|      mac_muladd_12s_8s_32s_32_4_1_U1521                                                        | 1   |        | mul_ln284_1          | mul       | dsp_slice                | 3       |
|      mac_muladd_12s_8s_32s_32_4_1_U1521                                                        | 1   |        | sext_ln284_2         | sext      | dsp_slice                | 3       |
|      sparsemux_17_3_8_1_1_U1324                                                                |     |        | tmp_32               | sparsemux | compactencoding_dontcare | 0       |
|      mac_muladd_8s_8s_32s_32_4_1_U1489                                                         | 1   |        | mul_ln285            | mul       | dsp_slice                | 3       |
|      mac_muladd_8s_8s_32s_32_4_1_U1489                                                         | 1   |        | sext_ln285_1         | sext      | dsp_slice                | 3       |
|      mul_8s_4ns_12_1_1_U1394                                                                   |     |        | mul_ln286            | mul       | auto                     | 0       |
|      sparsemux_17_3_8_1_1_U1325                                                                |     |        | tmp_33               | sparsemux | compactencoding_dontcare | 0       |
|      mac_muladd_12s_8s_32s_32_4_1_U1522                                                        | 1   |        | mul_ln286_1          | mul       | dsp_slice                | 3       |
|      mac_muladd_12s_8s_32s_32_4_1_U1522                                                        | 1   |        | sext_ln286_2         | sext      | dsp_slice                | 3       |
|      sparsemux_17_3_8_1_1_U1326                                                                |     |        | tmp_34               | sparsemux | compactencoding_dontcare | 0       |
|      mac_muladd_8s_8s_32s_32_4_1_U1490                                                         | 1   |        | mul_ln287            | mul       | dsp_slice                | 3       |
|      mac_muladd_8s_8s_32s_32_4_1_U1490                                                         | 1   |        | sext_ln287_1         | sext      | dsp_slice                | 3       |
|      sparsemux_17_3_8_1_1_U1327                                                                |     |        | tmp_35               | sparsemux | compactencoding_dontcare | 0       |
|      sparsemux_17_3_8_1_1_U1328                                                                |     |        | tmp_36               | sparsemux | compactencoding_dontcare | 0       |
|      sparsemux_17_3_8_1_1_U1329                                                                |     |        | tmp_37               | sparsemux | compactencoding_dontcare | 0       |
|      sparsemux_17_3_8_1_1_U1330                                                                |     |        | tmp_38               | sparsemux | compactencoding_dontcare | 0       |
|      sparsemux_17_3_8_1_1_U1331                                                                |     |        | tmp_39               | sparsemux | compactencoding_dontcare | 0       |
|      sparsemux_17_3_8_1_1_U1332                                                                |     |        | tmp_40               | sparsemux | compactencoding_dontcare | 0       |
|      sparsemux_17_3_8_1_1_U1333                                                                |     |        | tmp_41               | sparsemux | compactencoding_dontcare | 0       |
|      sparsemux_17_3_8_1_1_U1334                                                                |     |        | tmp_42               | sparsemux | compactencoding_dontcare | 0       |
|      sparsemux_17_3_8_1_1_U1335                                                                |     |        | tmp_43               | sparsemux | compactencoding_dontcare | 0       |
|      sparsemux_17_3_8_1_1_U1336                                                                |     |        | tmp_44               | sparsemux | compactencoding_dontcare | 0       |
|      sparsemux_17_3_8_1_1_U1337                                                                |     |        | tmp_45               | sparsemux | compactencoding_dontcare | 0       |
|      sparsemux_17_3_8_1_1_U1338                                                                |     |        | tmp_s                | sparsemux | compactencoding_dontcare | 0       |
|      sparsemux_17_3_8_1_1_U1339                                                                |     |        | tmp_46               | sparsemux | compactencoding_dontcare | 0       |
|      sparsemux_17_3_8_1_1_U1340                                                                |     |        | tmp_47               | sparsemux | compactencoding_dontcare | 0       |
|      sparsemux_17_3_8_1_1_U1341                                                                |     |        | tmp_48               | sparsemux | compactencoding_dontcare | 0       |
|      sparsemux_17_3_8_1_1_U1342                                                                |     |        | tmp_49               | sparsemux | compactencoding_dontcare | 0       |
|      sparsemux_17_3_8_1_1_U1343                                                                |     |        | tmp_50               | sparsemux | compactencoding_dontcare | 0       |
|      sparsemux_17_3_8_1_1_U1344                                                                |     |        | tmp_51               | sparsemux | compactencoding_dontcare | 0       |
|      sparsemux_17_3_8_1_1_U1345                                                                |     |        | tmp_52               | sparsemux | compactencoding_dontcare | 0       |
|      sparsemux_17_3_8_1_1_U1346                                                                |     |        | tmp_53               | sparsemux | compactencoding_dontcare | 0       |
|      sparsemux_17_3_8_1_1_U1347                                                                |     |        | tmp_54               | sparsemux | compactencoding_dontcare | 0       |
|      sparsemux_17_3_8_1_1_U1348                                                                |     |        | tmp_55               | sparsemux | compactencoding_dontcare | 0       |
|      sparsemux_17_3_8_1_1_U1349                                                                |     |        | tmp_56               | sparsemux | compactencoding_dontcare | 0       |
|      sparsemux_17_3_8_1_1_U1350                                                                |     |        | tmp_57               | sparsemux | compactencoding_dontcare | 0       |
|      sparsemux_17_3_8_1_1_U1351                                                                |     |        | tmp_58               | sparsemux | compactencoding_dontcare | 0       |
|      sparsemux_17_3_8_1_1_U1352                                                                |     |        | tmp_59               | sparsemux | compactencoding_dontcare | 0       |
|      sparsemux_17_3_8_1_1_U1353                                                                |     |        | tmp_60               | sparsemux | compactencoding_dontcare | 0       |
|      sparsemux_17_3_8_1_1_U1354                                                                |     |        | tmp_61               | sparsemux | compactencoding_dontcare | 0       |
|      sparsemux_17_3_8_1_1_U1355                                                                |     |        | tmp_62               | sparsemux | compactencoding_dontcare | 0       |
|      sparsemux_17_3_8_1_1_U1356                                                                |     |        | tmp_63               | sparsemux | compactencoding_dontcare | 0       |
|      sparsemux_17_3_8_1_1_U1357                                                                |     |        | tmp_64               | sparsemux | compactencoding_dontcare | 0       |
|      sparsemux_17_3_8_1_1_U1358                                                                |     |        | tmp_65               | sparsemux | compactencoding_dontcare | 0       |
|      sparsemux_17_3_8_1_1_U1359                                                                |     |        | tmp_66               | sparsemux | compactencoding_dontcare | 0       |
|      sparsemux_17_3_8_1_1_U1360                                                                |     |        | tmp_67               | sparsemux | compactencoding_dontcare | 0       |
|      sparsemux_17_3_8_1_1_U1361                                                                |     |        | tmp_68               | sparsemux | compactencoding_dontcare | 0       |
|      sparsemux_17_3_8_1_1_U1362                                                                |     |        | tmp_69               | sparsemux | compactencoding_dontcare | 0       |
|      sparsemux_17_3_8_1_1_U1363                                                                |     |        | tmp_70               | sparsemux | compactencoding_dontcare | 0       |
|      sparsemux_17_3_8_1_1_U1364                                                                |     |        | tmp_71               | sparsemux | compactencoding_dontcare | 0       |
|      sparsemux_17_3_8_1_1_U1365                                                                |     |        | tmp_72               | sparsemux | compactencoding_dontcare | 0       |
|      sparsemux_17_3_8_1_1_U1366                                                                |     |        | tmp_73               | sparsemux | compactencoding_dontcare | 0       |
|      sparsemux_17_3_8_1_1_U1367                                                                |     |        | tmp_74               | sparsemux | compactencoding_dontcare | 0       |
|      sparsemux_17_3_8_1_1_U1368                                                                |     |        | tmp_75               | sparsemux | compactencoding_dontcare | 0       |
|      sparsemux_17_3_8_1_1_U1369                                                                |     |        | tmp_76               | sparsemux | compactencoding_dontcare | 0       |
|      sparsemux_17_3_8_1_1_U1370                                                                |     |        | tmp_77               | sparsemux | compactencoding_dontcare | 0       |
|      sparsemux_17_3_8_1_1_U1371                                                                |     |        | tmp_78               | sparsemux | compactencoding_dontcare | 0       |
|      sparsemux_17_3_8_1_1_U1372                                                                |     |        | tmp_79               | sparsemux | compactencoding_dontcare | 0       |
|      sparsemux_17_3_8_1_1_U1373                                                                |     |        | tmp_80               | sparsemux | compactencoding_dontcare | 0       |
|      sparsemux_17_3_8_1_1_U1374                                                                |     |        | tmp_81               | sparsemux | compactencoding_dontcare | 0       |
|      sparsemux_33_4_8_1_1_U1384                                                                |     |        | xi8_1                | sparsemux | compactencoding_dontcare | 0       |
|      mul_8s_4ns_12_1_1_U1395                                                                   |     |        | mul_ln280_2          | mul       | auto                     | 0       |
|      mac_muladd_12s_8s_32s_32_4_1_U1523                                                        | 1   |        | mul_ln280_3          | mul       | dsp_slice                | 3       |
|      mac_muladd_12s_8s_32s_32_4_1_U1523                                                        | 1   |        | sext_ln280_6         | sext      | dsp_slice                | 3       |
|      mac_muladd_8s_8s_32s_32_4_1_U1491                                                         | 1   |        | mul_ln281_1          | mul       | dsp_slice                | 3       |
|      mac_muladd_8s_8s_32s_32_4_1_U1491                                                         | 1   |        | sext_ln281_10        | sext      | dsp_slice                | 3       |
|      mul_8s_4ns_12_1_1_U1396                                                                   |     |        | mul_ln282_2          | mul       | auto                     | 0       |
|      mac_muladd_12s_8s_32s_32_4_1_U1524                                                        | 1   |        | mul_ln282_3          | mul       | dsp_slice                | 3       |
|      mac_muladd_12s_8s_32s_32_4_1_U1524                                                        | 1   |        | sext_ln282_4         | sext      | dsp_slice                | 3       |
|      mac_muladd_8s_8s_32s_32_4_1_U1492                                                         | 1   |        | mul_ln283_1          | mul       | dsp_slice                | 3       |
|      mac_muladd_8s_8s_32s_32_4_1_U1492                                                         | 1   |        | sext_ln283_8         | sext      | dsp_slice                | 3       |
|      mul_8s_4ns_12_1_1_U1397                                                                   |     |        | mul_ln284_2          | mul       | auto                     | 0       |
|      mac_muladd_12s_8s_32s_32_4_1_U1525                                                        | 1   |        | mul_ln284_3          | mul       | dsp_slice                | 3       |
|      mac_muladd_12s_8s_32s_32_4_1_U1525                                                        | 1   |        | sext_ln284_4         | sext      | dsp_slice                | 3       |
|      mac_muladd_8s_8s_32s_32_4_1_U1493                                                         | 1   |        | mul_ln285_1          | mul       | dsp_slice                | 3       |
|      mac_muladd_8s_8s_32s_32_4_1_U1493                                                         | 1   |        | sext_ln285_8         | sext      | dsp_slice                | 3       |
|      mul_8s_4ns_12_1_1_U1398                                                                   |     |        | mul_ln286_2          | mul       | auto                     | 0       |
|      mac_muladd_12s_8s_32s_32_4_1_U1526                                                        | 1   |        | mul_ln286_3          | mul       | dsp_slice                | 3       |
|      mac_muladd_12s_8s_32s_32_4_1_U1526                                                        | 1   |        | sext_ln286_4         | sext      | dsp_slice                | 3       |
|      mac_muladd_8s_8s_32s_32_4_1_U1494                                                         | 1   |        | mul_ln287_1          | mul       | dsp_slice                | 3       |
|      mac_muladd_8s_8s_32s_32_4_1_U1494                                                         | 1   |        | sext_ln287_8         | sext      | dsp_slice                | 3       |
|      sparsemux_33_4_8_1_1_U1385                                                                |     |        | xi8_2                | sparsemux | compactencoding_dontcare | 0       |
|      mul_8s_4ns_12_1_1_U1399                                                                   |     |        | mul_ln280_4          | mul       | auto                     | 0       |
|      mac_muladd_12s_8s_32s_32_4_1_U1527                                                        | 1   |        | mul_ln280_5          | mul       | dsp_slice                | 3       |
|      mac_muladd_12s_8s_32s_32_4_1_U1527                                                        | 1   |        | sext_ln280_9         | sext      | dsp_slice                | 3       |
|      mac_muladd_8s_8s_32s_32_4_1_U1495                                                         | 1   |        | mul_ln281_2          | mul       | dsp_slice                | 3       |
|      mac_muladd_8s_8s_32s_32_4_1_U1495                                                         | 1   |        | sext_ln281_12        | sext      | dsp_slice                | 3       |
|      mul_8s_4ns_12_1_1_U1400                                                                   |     |        | mul_ln282_4          | mul       | auto                     | 0       |
|      mac_muladd_12s_8s_32s_32_4_1_U1528                                                        | 1   |        | mul_ln282_5          | mul       | dsp_slice                | 3       |
|      mac_muladd_12s_8s_32s_32_4_1_U1528                                                        | 1   |        | sext_ln282_6         | sext      | dsp_slice                | 3       |
|      mac_muladd_8s_8s_32s_32_4_1_U1496                                                         | 1   |        | mul_ln283_2          | mul       | dsp_slice                | 3       |
|      mac_muladd_8s_8s_32s_32_4_1_U1496                                                         | 1   |        | sext_ln283_9         | sext      | dsp_slice                | 3       |
|      mul_8s_4ns_12_1_1_U1401                                                                   |     |        | mul_ln284_4          | mul       | auto                     | 0       |
|      mac_muladd_12s_8s_32s_32_4_1_U1529                                                        | 1   |        | mul_ln284_5          | mul       | dsp_slice                | 3       |
|      mac_muladd_12s_8s_32s_32_4_1_U1529                                                        | 1   |        | sext_ln284_6         | sext      | dsp_slice                | 3       |
|      mac_muladd_8s_8s_32s_32_4_1_U1497                                                         | 1   |        | mul_ln285_2          | mul       | dsp_slice                | 3       |
|      mac_muladd_8s_8s_32s_32_4_1_U1497                                                         | 1   |        | sext_ln285_9         | sext      | dsp_slice                | 3       |
|      mul_8s_4ns_12_1_1_U1402                                                                   |     |        | mul_ln286_4          | mul       | auto                     | 0       |
|      mac_muladd_12s_8s_32s_32_4_1_U1530                                                        | 1   |        | mul_ln286_5          | mul       | dsp_slice                | 3       |
|      mac_muladd_12s_8s_32s_32_4_1_U1530                                                        | 1   |        | sext_ln286_6         | sext      | dsp_slice                | 3       |
|      mac_muladd_8s_8s_32s_32_4_1_U1498                                                         | 1   |        | mul_ln287_2          | mul       | dsp_slice                | 3       |
|      mac_muladd_8s_8s_32s_32_4_1_U1498                                                         | 1   |        | sext_ln287_9         | sext      | dsp_slice                | 3       |
|      sparsemux_33_4_8_1_1_U1386                                                                |     |        | xi8_3                | sparsemux | compactencoding_dontcare | 0       |
|      mul_8s_4ns_12_1_1_U1403                                                                   |     |        | mul_ln280_6          | mul       | auto                     | 0       |
|      mac_muladd_12s_8s_32s_32_4_1_U1531                                                        | 1   |        | mul_ln280_7          | mul       | dsp_slice                | 3       |
|      mac_muladd_12s_8s_32s_32_4_1_U1531                                                        | 1   |        | sext_ln280_12        | sext      | dsp_slice                | 3       |
|      mac_muladd_8s_8s_32s_32_4_1_U1499                                                         | 1   |        | mul_ln281_3          | mul       | dsp_slice                | 3       |
|      mac_muladd_8s_8s_32s_32_4_1_U1499                                                         | 1   |        | sext_ln281_14        | sext      | dsp_slice                | 3       |
|      mul_8s_4ns_12_1_1_U1404                                                                   |     |        | mul_ln282_6          | mul       | auto                     | 0       |
|      mac_muladd_12s_8s_32s_32_4_1_U1532                                                        | 1   |        | mul_ln282_7          | mul       | dsp_slice                | 3       |
|      mac_muladd_12s_8s_32s_32_4_1_U1532                                                        | 1   |        | sext_ln282_8         | sext      | dsp_slice                | 3       |
|      mac_muladd_8s_8s_32s_32_4_1_U1500                                                         | 1   |        | mul_ln283_3          | mul       | dsp_slice                | 3       |
|      mac_muladd_8s_8s_32s_32_4_1_U1500                                                         | 1   |        | sext_ln283_10        | sext      | dsp_slice                | 3       |
|      mul_8s_4ns_12_1_1_U1405                                                                   |     |        | mul_ln284_6          | mul       | auto                     | 0       |
|      mac_muladd_12s_8s_32s_32_4_1_U1533                                                        | 1   |        | mul_ln284_7          | mul       | dsp_slice                | 3       |
|      mac_muladd_12s_8s_32s_32_4_1_U1533                                                        | 1   |        | sext_ln284_8         | sext      | dsp_slice                | 3       |
|      mac_muladd_8s_8s_32s_32_4_1_U1501                                                         | 1   |        | mul_ln285_3          | mul       | dsp_slice                | 3       |
|      mac_muladd_8s_8s_32s_32_4_1_U1501                                                         | 1   |        | sext_ln285_10        | sext      | dsp_slice                | 3       |
|      mul_8s_4ns_12_1_1_U1406                                                                   |     |        | mul_ln286_6          | mul       | auto                     | 0       |
|      mac_muladd_12s_8s_32s_32_4_1_U1534                                                        | 1   |        | mul_ln286_7          | mul       | dsp_slice                | 3       |
|      mac_muladd_12s_8s_32s_32_4_1_U1534                                                        | 1   |        | sext_ln286_8         | sext      | dsp_slice                | 3       |
|      mac_muladd_8s_8s_32s_32_4_1_U1502                                                         | 1   |        | mul_ln287_3          | mul       | dsp_slice                | 3       |
|      mac_muladd_8s_8s_32s_32_4_1_U1502                                                         | 1   |        | sext_ln287_10        | sext      | dsp_slice                | 3       |
|      sparsemux_33_4_8_1_1_U1387                                                                |     |        | xi8_4                | sparsemux | compactencoding_dontcare | 0       |
|      mul_8s_4ns_12_1_1_U1407                                                                   |     |        | mul_ln280_8          | mul       | auto                     | 0       |
|      mac_muladd_12s_8s_32s_32_4_1_U1535                                                        | 1   |        | mul_ln280_9          | mul       | dsp_slice                | 3       |
|      mac_muladd_12s_8s_32s_32_4_1_U1535                                                        | 1   |        | sext_ln280_15        | sext      | dsp_slice                | 3       |
|      mac_muladd_8s_8s_32s_32_4_1_U1503                                                         | 1   |        | mul_ln281_4          | mul       | dsp_slice                | 3       |
|      mac_muladd_8s_8s_32s_32_4_1_U1503                                                         | 1   |        | sext_ln281_16        | sext      | dsp_slice                | 3       |
|      mul_8s_4ns_12_1_1_U1408                                                                   |     |        | mul_ln282_8          | mul       | auto                     | 0       |
|      mac_muladd_12s_8s_32s_32_4_1_U1536                                                        | 1   |        | mul_ln282_9          | mul       | dsp_slice                | 3       |
|      mac_muladd_12s_8s_32s_32_4_1_U1536                                                        | 1   |        | sext_ln282_10        | sext      | dsp_slice                | 3       |
|      mac_muladd_8s_8s_32s_32_4_1_U1504                                                         | 1   |        | mul_ln283_4          | mul       | dsp_slice                | 3       |
|      mac_muladd_8s_8s_32s_32_4_1_U1504                                                         | 1   |        | sext_ln283_11        | sext      | dsp_slice                | 3       |
|      mul_8s_4ns_12_1_1_U1409                                                                   |     |        | mul_ln284_8          | mul       | auto                     | 0       |
|      mac_muladd_12s_8s_32s_32_4_1_U1537                                                        | 1   |        | mul_ln284_9          | mul       | dsp_slice                | 3       |
|      mac_muladd_12s_8s_32s_32_4_1_U1537                                                        | 1   |        | sext_ln284_10        | sext      | dsp_slice                | 3       |
|      mac_muladd_8s_8s_32s_32_4_1_U1505                                                         | 1   |        | mul_ln285_4          | mul       | dsp_slice                | 3       |
|      mac_muladd_8s_8s_32s_32_4_1_U1505                                                         | 1   |        | sext_ln285_11        | sext      | dsp_slice                | 3       |
|      mul_8s_4ns_12_1_1_U1410                                                                   |     |        | mul_ln286_8          | mul       | auto                     | 0       |
|      mac_muladd_12s_8s_32s_32_4_1_U1538                                                        | 1   |        | mul_ln286_9          | mul       | dsp_slice                | 3       |
|      mac_muladd_12s_8s_32s_32_4_1_U1538                                                        | 1   |        | sext_ln286_10        | sext      | dsp_slice                | 3       |
|      mac_muladd_8s_8s_32s_32_4_1_U1506                                                         | 1   |        | mul_ln287_4          | mul       | dsp_slice                | 3       |
|      mac_muladd_8s_8s_32s_32_4_1_U1506                                                         | 1   |        | sext_ln287_11        | sext      | dsp_slice                | 3       |
|      sparsemux_33_4_8_1_1_U1388                                                                |     |        | xi8_5                | sparsemux | compactencoding_dontcare | 0       |
|      mul_8s_4ns_12_1_1_U1411                                                                   |     |        | mul_ln280_10         | mul       | auto                     | 0       |
|      mac_muladd_12s_8s_32s_32_4_1_U1539                                                        | 1   |        | mul_ln280_11         | mul       | dsp_slice                | 3       |
|      mac_muladd_12s_8s_32s_32_4_1_U1539                                                        | 1   |        | sext_ln280_18        | sext      | dsp_slice                | 3       |
|      mac_muladd_8s_8s_32s_32_4_1_U1507                                                         | 1   |        | mul_ln281_5          | mul       | dsp_slice                | 3       |
|      mac_muladd_8s_8s_32s_32_4_1_U1507                                                         | 1   |        | sext_ln281_18        | sext      | dsp_slice                | 3       |
|      mul_8s_4ns_12_1_1_U1412                                                                   |     |        | mul_ln282_10         | mul       | auto                     | 0       |
|      mac_muladd_12s_8s_32s_32_4_1_U1540                                                        | 1   |        | mul_ln282_11         | mul       | dsp_slice                | 3       |
|      mac_muladd_12s_8s_32s_32_4_1_U1540                                                        | 1   |        | sext_ln282_12        | sext      | dsp_slice                | 3       |
|      mac_muladd_8s_8s_32s_32_4_1_U1508                                                         | 1   |        | mul_ln283_5          | mul       | dsp_slice                | 3       |
|      mac_muladd_8s_8s_32s_32_4_1_U1508                                                         | 1   |        | sext_ln283_12        | sext      | dsp_slice                | 3       |
|      mul_8s_4ns_12_1_1_U1413                                                                   |     |        | mul_ln284_10         | mul       | auto                     | 0       |
|      mac_muladd_12s_8s_32s_32_4_1_U1541                                                        | 1   |        | mul_ln284_11         | mul       | dsp_slice                | 3       |
|      mac_muladd_12s_8s_32s_32_4_1_U1541                                                        | 1   |        | sext_ln284_12        | sext      | dsp_slice                | 3       |
|      mac_muladd_8s_8s_32s_32_4_1_U1509                                                         | 1   |        | mul_ln285_5          | mul       | dsp_slice                | 3       |
|      mac_muladd_8s_8s_32s_32_4_1_U1509                                                         | 1   |        | sext_ln285_12        | sext      | dsp_slice                | 3       |
|      mul_8s_4ns_12_1_1_U1414                                                                   |     |        | mul_ln286_10         | mul       | auto                     | 0       |
|      mac_muladd_12s_8s_32s_32_4_1_U1542                                                        | 1   |        | mul_ln286_11         | mul       | dsp_slice                | 3       |
|      mac_muladd_12s_8s_32s_32_4_1_U1542                                                        | 1   |        | sext_ln286_12        | sext      | dsp_slice                | 3       |
|      mac_muladd_8s_8s_32s_32_4_1_U1510                                                         | 1   |        | mul_ln287_5          | mul       | dsp_slice                | 3       |
|      mac_muladd_8s_8s_32s_32_4_1_U1510                                                         | 1   |        | sext_ln287_12        | sext      | dsp_slice                | 3       |
|      sparsemux_33_4_8_1_1_U1389                                                                |     |        | xi8_6                | sparsemux | compactencoding_dontcare | 0       |
|      mul_8s_4ns_12_1_1_U1415                                                                   |     |        | mul_ln280_12         | mul       | auto                     | 0       |
|      mac_muladd_12s_8s_32s_32_4_1_U1543                                                        | 1   |        | mul_ln280_13         | mul       | dsp_slice                | 3       |
|      mac_muladd_12s_8s_32s_32_4_1_U1543                                                        | 1   |        | sext_ln280_21        | sext      | dsp_slice                | 3       |
|      mac_muladd_8s_8s_32s_32_4_1_U1511                                                         | 1   |        | mul_ln281_6          | mul       | dsp_slice                | 3       |
|      mac_muladd_8s_8s_32s_32_4_1_U1511                                                         | 1   |        | sext_ln281_20        | sext      | dsp_slice                | 3       |
|      mul_8s_4ns_12_1_1_U1416                                                                   |     |        | mul_ln282_12         | mul       | auto                     | 0       |
|      mac_muladd_12s_8s_32s_32_4_1_U1544                                                        | 1   |        | mul_ln282_13         | mul       | dsp_slice                | 3       |
|      mac_muladd_12s_8s_32s_32_4_1_U1544                                                        | 1   |        | sext_ln282_14        | sext      | dsp_slice                | 3       |
|      mac_muladd_8s_8s_32s_32_4_1_U1512                                                         | 1   |        | mul_ln283_6          | mul       | dsp_slice                | 3       |
|      mac_muladd_8s_8s_32s_32_4_1_U1512                                                         | 1   |        | sext_ln283_13        | sext      | dsp_slice                | 3       |
|      mul_8s_4ns_12_1_1_U1417                                                                   |     |        | mul_ln284_12         | mul       | auto                     | 0       |
|      mac_muladd_12s_8s_32s_32_4_1_U1545                                                        | 1   |        | mul_ln284_13         | mul       | dsp_slice                | 3       |
|      mac_muladd_12s_8s_32s_32_4_1_U1545                                                        | 1   |        | sext_ln284_14        | sext      | dsp_slice                | 3       |
|      mac_muladd_8s_8s_32s_32_4_1_U1513                                                         | 1   |        | mul_ln285_6          | mul       | dsp_slice                | 3       |
|      mac_muladd_8s_8s_32s_32_4_1_U1513                                                         | 1   |        | sext_ln285_13        | sext      | dsp_slice                | 3       |
|      mul_8s_4ns_12_1_1_U1418                                                                   |     |        | mul_ln286_12         | mul       | auto                     | 0       |
|      mac_muladd_12s_8s_32s_32_4_1_U1546                                                        | 1   |        | mul_ln286_13         | mul       | dsp_slice                | 3       |
|      mac_muladd_12s_8s_32s_32_4_1_U1546                                                        | 1   |        | sext_ln286_14        | sext      | dsp_slice                | 3       |
|      mac_muladd_8s_8s_32s_32_4_1_U1514                                                         | 1   |        | mul_ln287_6          | mul       | dsp_slice                | 3       |
|      mac_muladd_8s_8s_32s_32_4_1_U1514                                                         | 1   |        | sext_ln287_13        | sext      | dsp_slice                | 3       |
|      sparsemux_33_4_8_1_1_U1390                                                                |     |        | xi8_7                | sparsemux | compactencoding_dontcare | 0       |
|      mul_8s_4ns_12_1_1_U1419                                                                   |     |        | mul_ln280_14         | mul       | auto                     | 0       |
|      sparsemux_17_3_8_1_1_U1375                                                                |     |        | tmp_82               | sparsemux | compactencoding_dontcare | 0       |
|      mac_muladd_12s_8s_32s_32_4_1_U1547                                                        | 1   |        | mul_ln280_15         | mul       | dsp_slice                | 3       |
|      mac_muladd_12s_8s_32s_32_4_1_U1547                                                        | 1   |        | sext_ln280_25        | sext      | dsp_slice                | 3       |
|      sparsemux_17_3_8_1_1_U1376                                                                |     |        | tmp_83               | sparsemux | compactencoding_dontcare | 0       |
|      mac_muladd_8s_8s_32s_32_4_1_U1515                                                         | 1   |        | mul_ln281_7          | mul       | dsp_slice                | 3       |
|      mac_muladd_8s_8s_32s_32_4_1_U1515                                                         | 1   |        | sext_ln281_23        | sext      | dsp_slice                | 3       |
|      mul_8s_4ns_12_1_1_U1420                                                                   |     |        | mul_ln282_14         | mul       | auto                     | 0       |
|      sparsemux_17_3_8_1_1_U1377                                                                |     |        | tmp_84               | sparsemux | compactencoding_dontcare | 0       |
|      mac_muladd_12s_8s_32s_32_4_1_U1548                                                        | 1   |        | mul_ln282_15         | mul       | dsp_slice                | 3       |
|      mac_muladd_12s_8s_32s_32_4_1_U1548                                                        | 1   |        | sext_ln282_17        | sext      | dsp_slice                | 3       |
|      sparsemux_17_3_8_1_1_U1378                                                                |     |        | tmp_85               | sparsemux | compactencoding_dontcare | 0       |
|      mac_muladd_8s_8s_32s_32_4_1_U1516                                                         | 1   |        | mul_ln283_7          | mul       | dsp_slice                | 3       |
|      mac_muladd_8s_8s_32s_32_4_1_U1516                                                         | 1   |        | sext_ln283_15        | sext      | dsp_slice                | 3       |
|      mul_8s_4ns_12_1_1_U1421                                                                   |     |        | mul_ln284_14         | mul       | auto                     | 0       |
|      sparsemux_17_3_8_1_1_U1379                                                                |     |        | tmp_86               | sparsemux | compactencoding_dontcare | 0       |
|      mac_muladd_12s_8s_32s_32_4_1_U1549                                                        | 1   |        | mul_ln284_15         | mul       | dsp_slice                | 3       |
|      mac_muladd_12s_8s_32s_32_4_1_U1549                                                        | 1   |        | sext_ln284_17        | sext      | dsp_slice                | 3       |
|      sparsemux_17_3_8_1_1_U1380                                                                |     |        | tmp_87               | sparsemux | compactencoding_dontcare | 0       |
|      mac_muladd_8s_8s_32s_32_4_1_U1517                                                         | 1   |        | mul_ln285_7          | mul       | dsp_slice                | 3       |
|      mac_muladd_8s_8s_32s_32_4_1_U1517                                                         | 1   |        | sext_ln285_15        | sext      | dsp_slice                | 3       |
|      mul_8s_4ns_12_1_1_U1422                                                                   |     |        | mul_ln286_14         | mul       | auto                     | 0       |
|      sparsemux_17_3_8_1_1_U1381                                                                |     |        | tmp_88               | sparsemux | compactencoding_dontcare | 0       |
|      mac_muladd_12s_8s_32s_32_4_1_U1550                                                        | 1   |        | mul_ln286_15         | mul       | dsp_slice                | 3       |
|      mac_muladd_12s_8s_32s_32_4_1_U1550                                                        | 1   |        | sext_ln286_17        | sext      | dsp_slice                | 3       |
|      sparsemux_17_3_8_1_1_U1382                                                                |     |        | tmp_89               | sparsemux | compactencoding_dontcare | 0       |
|      mac_muladd_8s_8s_32s_32_4_1_U1518                                                         | 1   |        | mul_ln287_7          | mul       | dsp_slice                | 3       |
|      mac_muladd_8s_8s_32s_32_4_1_U1518                                                         | 1   |        | sext_ln287_15        | sext      | dsp_slice                | 3       |
|      sparsemux_9_2_32_1_1_U1456                                                                |     |        | tmp_90               | sparsemux | compactencoding_dontcare | 0       |
|      mac_muladd_12s_8s_32s_32_4_1_U1523                                                        | 1   |        | acc_w0_33            | add       | dsp_slice                | 3       |
|      sparsemux_9_2_32_1_1_U1457                                                                |     |        | tmp_91               | sparsemux | compactencoding_dontcare | 0       |
|      mac_muladd_12s_8s_32s_32_4_1_U1527                                                        | 1   |        | acc_w0_34            | add       | dsp_slice                | 3       |
|      sparsemux_9_2_32_1_1_U1458                                                                |     |        | tmp_92               | sparsemux | compactencoding_dontcare | 0       |
|      mac_muladd_12s_8s_32s_32_4_1_U1531                                                        | 1   |        | acc_w0_35            | add       | dsp_slice                | 3       |
|      sparsemux_9_2_32_1_1_U1459                                                                |     |        | tmp_93               | sparsemux | compactencoding_dontcare | 0       |
|      mac_muladd_12s_8s_32s_32_4_1_U1535                                                        | 1   |        | acc_w0_36            | add       | dsp_slice                | 3       |
|      sparsemux_9_2_32_1_1_U1460                                                                |     |        | tmp_94               | sparsemux | compactencoding_dontcare | 0       |
|      mac_muladd_12s_8s_32s_32_4_1_U1539                                                        | 1   |        | acc_w0_37            | add       | dsp_slice                | 3       |
|      sparsemux_9_2_32_1_1_U1461                                                                |     |        | tmp_95               | sparsemux | compactencoding_dontcare | 0       |
|      mac_muladd_12s_8s_32s_32_4_1_U1543                                                        | 1   |        | acc_w0_38            | add       | dsp_slice                | 3       |
|      sparsemux_9_2_32_1_1_U1462                                                                |     |        | tmp_96               | sparsemux | compactencoding_dontcare | 0       |
|      mac_muladd_12s_8s_32s_32_4_1_U1547                                                        | 1   |        | acc_w0_39            | add       | dsp_slice                | 3       |
|      sparsemux_9_2_32_1_1_U1423                                                                |     |        | tmp_97               | sparsemux | compactencoding_dontcare | 0       |
|      mac_muladd_8s_8s_32s_32_4_1_U1487                                                         | 1   |        | acc_m0_32            | add       | dsp_slice                | 3       |
|      sparsemux_9_2_32_1_1_U1424                                                                |     |        | tmp_98               | sparsemux | compactencoding_dontcare | 0       |
|      mac_muladd_8s_8s_32s_32_4_1_U1491                                                         | 1   |        | acc_m0_33            | add       | dsp_slice                | 3       |
|      sparsemux_9_2_32_1_1_U1425                                                                |     |        | tmp_99               | sparsemux | compactencoding_dontcare | 0       |
|      mac_muladd_8s_8s_32s_32_4_1_U1495                                                         | 1   |        | acc_m0_34            | add       | dsp_slice                | 3       |
|      sparsemux_9_2_32_1_1_U1426                                                                |     |        | tmp_100              | sparsemux | compactencoding_dontcare | 0       |
|      mac_muladd_8s_8s_32s_32_4_1_U1499                                                         | 1   |        | acc_m0_35            | add       | dsp_slice                | 3       |
|      sparsemux_9_2_32_1_1_U1427                                                                |     |        | tmp_101              | sparsemux | compactencoding_dontcare | 0       |
|      mac_muladd_8s_8s_32s_32_4_1_U1503                                                         | 1   |        | acc_m0_36            | add       | dsp_slice                | 3       |
|      sparsemux_9_2_32_1_1_U1428                                                                |     |        | tmp_102              | sparsemux | compactencoding_dontcare | 0       |
|      mac_muladd_8s_8s_32s_32_4_1_U1507                                                         | 1   |        | acc_m0_37            | add       | dsp_slice                | 3       |
|      sparsemux_9_2_32_1_1_U1429                                                                |     |        | tmp_103              | sparsemux | compactencoding_dontcare | 0       |
|      mac_muladd_8s_8s_32s_32_4_1_U1511                                                         | 1   |        | acc_m0_38            | add       | dsp_slice                | 3       |
|      sparsemux_9_2_32_1_1_U1430                                                                |     |        | tmp_104              | sparsemux | compactencoding_dontcare | 0       |
|      mac_muladd_8s_8s_32s_32_4_1_U1515                                                         | 1   |        | acc_m0_39            | add       | dsp_slice                | 3       |
|      sparsemux_9_2_32_1_1_U1463                                                                |     |        | tmp_105              | sparsemux | compactencoding_dontcare | 0       |
|      mac_muladd_12s_8s_32s_32_4_1_U1520                                                        | 1   |        | acc_w1_32            | add       | dsp_slice                | 3       |
|      sparsemux_9_2_32_1_1_U1464                                                                |     |        | tmp_106              | sparsemux | compactencoding_dontcare | 0       |
|      mac_muladd_12s_8s_32s_32_4_1_U1524                                                        | 1   |        | acc_w1_33            | add       | dsp_slice                | 3       |
|      sparsemux_9_2_32_1_1_U1465                                                                |     |        | tmp_107              | sparsemux | compactencoding_dontcare | 0       |
|      mac_muladd_12s_8s_32s_32_4_1_U1528                                                        | 1   |        | acc_w1_34            | add       | dsp_slice                | 3       |
|      sparsemux_9_2_32_1_1_U1466                                                                |     |        | tmp_108              | sparsemux | compactencoding_dontcare | 0       |
|      mac_muladd_12s_8s_32s_32_4_1_U1532                                                        | 1   |        | acc_w1_35            | add       | dsp_slice                | 3       |
|      sparsemux_9_2_32_1_1_U1467                                                                |     |        | tmp_109              | sparsemux | compactencoding_dontcare | 0       |
|      mac_muladd_12s_8s_32s_32_4_1_U1536                                                        | 1   |        | acc_w1_36            | add       | dsp_slice                | 3       |
|      sparsemux_9_2_32_1_1_U1468                                                                |     |        | tmp_110              | sparsemux | compactencoding_dontcare | 0       |
|      mac_muladd_12s_8s_32s_32_4_1_U1540                                                        | 1   |        | acc_w1_37            | add       | dsp_slice                | 3       |
|      sparsemux_9_2_32_1_1_U1469                                                                |     |        | tmp_111              | sparsemux | compactencoding_dontcare | 0       |
|      mac_muladd_12s_8s_32s_32_4_1_U1544                                                        | 1   |        | acc_w1_38            | add       | dsp_slice                | 3       |
|      sparsemux_9_2_32_1_1_U1470                                                                |     |        | tmp_112              | sparsemux | compactencoding_dontcare | 0       |
|      mac_muladd_12s_8s_32s_32_4_1_U1548                                                        | 1   |        | acc_w1_39            | add       | dsp_slice                | 3       |
|      sparsemux_9_2_32_1_1_U1431                                                                |     |        | tmp_113              | sparsemux | compactencoding_dontcare | 0       |
|      mac_muladd_8s_8s_32s_32_4_1_U1488                                                         | 1   |        | acc_m1_32            | add       | dsp_slice                | 3       |
|      sparsemux_9_2_32_1_1_U1432                                                                |     |        | tmp_114              | sparsemux | compactencoding_dontcare | 0       |
|      mac_muladd_8s_8s_32s_32_4_1_U1492                                                         | 1   |        | acc_m1_33            | add       | dsp_slice                | 3       |
|      sparsemux_9_2_32_1_1_U1433                                                                |     |        | tmp_115              | sparsemux | compactencoding_dontcare | 0       |
|      mac_muladd_8s_8s_32s_32_4_1_U1496                                                         | 1   |        | acc_m1_34            | add       | dsp_slice                | 3       |
|      sparsemux_9_2_32_1_1_U1434                                                                |     |        | tmp_116              | sparsemux | compactencoding_dontcare | 0       |
|      mac_muladd_8s_8s_32s_32_4_1_U1500                                                         | 1   |        | acc_m1_35            | add       | dsp_slice                | 3       |
|      sparsemux_9_2_32_1_1_U1435                                                                |     |        | tmp_117              | sparsemux | compactencoding_dontcare | 0       |
|      mac_muladd_8s_8s_32s_32_4_1_U1504                                                         | 1   |        | acc_m1_36            | add       | dsp_slice                | 3       |
|      sparsemux_9_2_32_1_1_U1436                                                                |     |        | tmp_118              | sparsemux | compactencoding_dontcare | 0       |
|      mac_muladd_8s_8s_32s_32_4_1_U1508                                                         | 1   |        | acc_m1_37            | add       | dsp_slice                | 3       |
|      sparsemux_9_2_32_1_1_U1437                                                                |     |        | tmp_119              | sparsemux | compactencoding_dontcare | 0       |
|      mac_muladd_8s_8s_32s_32_4_1_U1512                                                         | 1   |        | acc_m1_38            | add       | dsp_slice                | 3       |
|      sparsemux_9_2_32_1_1_U1438                                                                |     |        | tmp_120              | sparsemux | compactencoding_dontcare | 0       |
|      mac_muladd_8s_8s_32s_32_4_1_U1516                                                         | 1   |        | acc_m1_39            | add       | dsp_slice                | 3       |
|      sparsemux_9_2_32_1_1_U1471                                                                |     |        | tmp_121              | sparsemux | compactencoding_dontcare | 0       |
|      mac_muladd_12s_8s_32s_32_4_1_U1521                                                        | 1   |        | acc_w2_32            | add       | dsp_slice                | 3       |
|      sparsemux_9_2_32_1_1_U1472                                                                |     |        | tmp_122              | sparsemux | compactencoding_dontcare | 0       |
|      mac_muladd_12s_8s_32s_32_4_1_U1525                                                        | 1   |        | acc_w2_33            | add       | dsp_slice                | 3       |
|      sparsemux_9_2_32_1_1_U1473                                                                |     |        | tmp_123              | sparsemux | compactencoding_dontcare | 0       |
|      mac_muladd_12s_8s_32s_32_4_1_U1529                                                        | 1   |        | acc_w2_34            | add       | dsp_slice                | 3       |
|      sparsemux_9_2_32_1_1_U1474                                                                |     |        | tmp_124              | sparsemux | compactencoding_dontcare | 0       |
|      mac_muladd_12s_8s_32s_32_4_1_U1533                                                        | 1   |        | acc_w2_35            | add       | dsp_slice                | 3       |
|      sparsemux_9_2_32_1_1_U1475                                                                |     |        | tmp_125              | sparsemux | compactencoding_dontcare | 0       |
|      mac_muladd_12s_8s_32s_32_4_1_U1537                                                        | 1   |        | acc_w2_36            | add       | dsp_slice                | 3       |
|      sparsemux_9_2_32_1_1_U1476                                                                |     |        | tmp_126              | sparsemux | compactencoding_dontcare | 0       |
|      mac_muladd_12s_8s_32s_32_4_1_U1541                                                        | 1   |        | acc_w2_37            | add       | dsp_slice                | 3       |
|      sparsemux_9_2_32_1_1_U1477                                                                |     |        | tmp_127              | sparsemux | compactencoding_dontcare | 0       |
|      mac_muladd_12s_8s_32s_32_4_1_U1545                                                        | 1   |        | acc_w2_38            | add       | dsp_slice                | 3       |
|      sparsemux_9_2_32_1_1_U1478                                                                |     |        | tmp_128              | sparsemux | compactencoding_dontcare | 0       |
|      mac_muladd_12s_8s_32s_32_4_1_U1549                                                        | 1   |        | acc_w2_39            | add       | dsp_slice                | 3       |
|      sparsemux_9_2_32_1_1_U1439                                                                |     |        | tmp_129              | sparsemux | compactencoding_dontcare | 0       |
|      mac_muladd_8s_8s_32s_32_4_1_U1489                                                         | 1   |        | acc_m2_32            | add       | dsp_slice                | 3       |
|      sparsemux_9_2_32_1_1_U1440                                                                |     |        | tmp_130              | sparsemux | compactencoding_dontcare | 0       |
|      mac_muladd_8s_8s_32s_32_4_1_U1493                                                         | 1   |        | acc_m2_33            | add       | dsp_slice                | 3       |
|      sparsemux_9_2_32_1_1_U1441                                                                |     |        | tmp_131              | sparsemux | compactencoding_dontcare | 0       |
|      mac_muladd_8s_8s_32s_32_4_1_U1497                                                         | 1   |        | acc_m2_34            | add       | dsp_slice                | 3       |
|      sparsemux_9_2_32_1_1_U1442                                                                |     |        | tmp_132              | sparsemux | compactencoding_dontcare | 0       |
|      mac_muladd_8s_8s_32s_32_4_1_U1501                                                         | 1   |        | acc_m2_35            | add       | dsp_slice                | 3       |
|      sparsemux_9_2_32_1_1_U1443                                                                |     |        | tmp_133              | sparsemux | compactencoding_dontcare | 0       |
|      mac_muladd_8s_8s_32s_32_4_1_U1505                                                         | 1   |        | acc_m2_36            | add       | dsp_slice                | 3       |
|      sparsemux_9_2_32_1_1_U1444                                                                |     |        | tmp_134              | sparsemux | compactencoding_dontcare | 0       |
|      mac_muladd_8s_8s_32s_32_4_1_U1509                                                         | 1   |        | acc_m2_37            | add       | dsp_slice                | 3       |
|      sparsemux_9_2_32_1_1_U1445                                                                |     |        | tmp_135              | sparsemux | compactencoding_dontcare | 0       |
|      mac_muladd_8s_8s_32s_32_4_1_U1513                                                         | 1   |        | acc_m2_38            | add       | dsp_slice                | 3       |
|      sparsemux_9_2_32_1_1_U1446                                                                |     |        | tmp_136              | sparsemux | compactencoding_dontcare | 0       |
|      mac_muladd_8s_8s_32s_32_4_1_U1517                                                         | 1   |        | acc_m2_39            | add       | dsp_slice                | 3       |
|      sparsemux_9_2_32_1_1_U1479                                                                |     |        | tmp_137              | sparsemux | compactencoding_dontcare | 0       |
|      mac_muladd_12s_8s_32s_32_4_1_U1522                                                        | 1   |        | acc_w3_32            | add       | dsp_slice                | 3       |
|      sparsemux_9_2_32_1_1_U1480                                                                |     |        | tmp_138              | sparsemux | compactencoding_dontcare | 0       |
|      mac_muladd_12s_8s_32s_32_4_1_U1526                                                        | 1   |        | acc_w3_33            | add       | dsp_slice                | 3       |
|      sparsemux_9_2_32_1_1_U1481                                                                |     |        | tmp_139              | sparsemux | compactencoding_dontcare | 0       |
|      mac_muladd_12s_8s_32s_32_4_1_U1530                                                        | 1   |        | acc_w3_34            | add       | dsp_slice                | 3       |
|      sparsemux_9_2_32_1_1_U1482                                                                |     |        | tmp_140              | sparsemux | compactencoding_dontcare | 0       |
|      mac_muladd_12s_8s_32s_32_4_1_U1534                                                        | 1   |        | acc_w3_35            | add       | dsp_slice                | 3       |
|      sparsemux_9_2_32_1_1_U1483                                                                |     |        | tmp_141              | sparsemux | compactencoding_dontcare | 0       |
|      mac_muladd_12s_8s_32s_32_4_1_U1538                                                        | 1   |        | acc_w3_36            | add       | dsp_slice                | 3       |
|      sparsemux_9_2_32_1_1_U1484                                                                |     |        | tmp_142              | sparsemux | compactencoding_dontcare | 0       |
|      mac_muladd_12s_8s_32s_32_4_1_U1542                                                        | 1   |        | acc_w3_37            | add       | dsp_slice                | 3       |
|      sparsemux_9_2_32_1_1_U1485                                                                |     |        | tmp_143              | sparsemux | compactencoding_dontcare | 0       |
|      mac_muladd_12s_8s_32s_32_4_1_U1546                                                        | 1   |        | acc_w3_38            | add       | dsp_slice                | 3       |
|      sparsemux_9_2_32_1_1_U1486                                                                |     |        | tmp_144              | sparsemux | compactencoding_dontcare | 0       |
|      mac_muladd_12s_8s_32s_32_4_1_U1550                                                        | 1   |        | acc_w3_39            | add       | dsp_slice                | 3       |
|      sparsemux_9_2_32_1_1_U1447                                                                |     |        | tmp_145              | sparsemux | compactencoding_dontcare | 0       |
|      mac_muladd_8s_8s_32s_32_4_1_U1490                                                         | 1   |        | acc_m3_32            | add       | dsp_slice                | 3       |
|      sparsemux_9_2_32_1_1_U1448                                                                |     |        | tmp_146              | sparsemux | compactencoding_dontcare | 0       |
|      mac_muladd_8s_8s_32s_32_4_1_U1494                                                         | 1   |        | acc_m3_33            | add       | dsp_slice                | 3       |
|      sparsemux_9_2_32_1_1_U1449                                                                |     |        | tmp_147              | sparsemux | compactencoding_dontcare | 0       |
|      mac_muladd_8s_8s_32s_32_4_1_U1498                                                         | 1   |        | acc_m3_34            | add       | dsp_slice                | 3       |
|      sparsemux_9_2_32_1_1_U1450                                                                |     |        | tmp_148              | sparsemux | compactencoding_dontcare | 0       |
|      mac_muladd_8s_8s_32s_32_4_1_U1502                                                         | 1   |        | acc_m3_35            | add       | dsp_slice                | 3       |
|      sparsemux_9_2_32_1_1_U1451                                                                |     |        | tmp_149              | sparsemux | compactencoding_dontcare | 0       |
|      mac_muladd_8s_8s_32s_32_4_1_U1506                                                         | 1   |        | acc_m3_36            | add       | dsp_slice                | 3       |
|      sparsemux_9_2_32_1_1_U1452                                                                |     |        | tmp_150              | sparsemux | compactencoding_dontcare | 0       |
|      mac_muladd_8s_8s_32s_32_4_1_U1510                                                         | 1   |        | acc_m3_37            | add       | dsp_slice                | 3       |
|      sparsemux_9_2_32_1_1_U1453                                                                |     |        | tmp_151              | sparsemux | compactencoding_dontcare | 0       |
|      mac_muladd_8s_8s_32s_32_4_1_U1514                                                         | 1   |        | acc_m3_38            | add       | dsp_slice                | 3       |
|      sparsemux_9_2_32_1_1_U1454                                                                |     |        | tmp_152              | sparsemux | compactencoding_dontcare | 0       |
|      mac_muladd_8s_8s_32s_32_4_1_U1518                                                         | 1   |        | acc_m3_39            | add       | dsp_slice                | 3       |
|    + mac_blocks_wv_k4_urm_Pipeline_REDUCE (grp_mac_blocks_wv_k4_urm_Pipeline_REDUCE_fu_7056)   | 48  |        |                      |           |                          |         |
|      icmp_ln292_fu_2420_p2                                                                     |     |        | icmp_ln292           | seteq     | auto                     | 0       |
|      add_ln292_fu_2426_p2                                                                      |     |        | add_ln292            | add       | fabric                   | 0       |
|      sparsemux_17_3_32_1_1_U2473                                                               |     |        | sw0                  | sparsemux | compactencoding_dontcare | 0       |
|      sparsemux_17_3_32_1_1_U2474                                                               |     |        | sm0                  | sparsemux | compactencoding_dontcare | 0       |
|      sparsemux_17_3_32_1_1_U2475                                                               |     |        | sw1                  | sparsemux | compactencoding_dontcare | 0       |
|      sparsemux_17_3_32_1_1_U2476                                                               |     |        | sm1                  | sparsemux | compactencoding_dontcare | 0       |
|      sparsemux_17_3_32_1_1_U2477                                                               |     |        | sw2                  | sparsemux | compactencoding_dontcare | 0       |
|      sparsemux_17_3_32_1_1_U2478                                                               |     |        | sm2                  | sparsemux | compactencoding_dontcare | 0       |
|      sparsemux_17_3_32_1_1_U2479                                                               |     |        | sw3                  | sparsemux | compactencoding_dontcare | 0       |
|      sparsemux_17_3_32_1_1_U2480                                                               |     |        | sm3                  | sparsemux | compactencoding_dontcare | 0       |
|      sparsemux_17_3_32_1_1_U2481                                                               |     |        | tmp                  | sparsemux | compactencoding_dontcare | 0       |
|      sparsemux_17_3_32_1_1_U2482                                                               |     |        | tmp_8                | sparsemux | compactencoding_dontcare | 0       |
|      sparsemux_17_3_32_1_1_U2483                                                               |     |        | tmp_9                | sparsemux | compactencoding_dontcare | 0       |
|      sparsemux_17_3_32_1_1_U2484                                                               |     |        | tmp_s                | sparsemux | compactencoding_dontcare | 0       |
|      sparsemux_17_3_32_1_1_U2485                                                               |     |        | tmp_1                | sparsemux | compactencoding_dontcare | 0       |
|      sparsemux_17_3_32_1_1_U2486                                                               |     |        | tmp_2                | sparsemux | compactencoding_dontcare | 0       |
|      sparsemux_17_3_32_1_1_U2487                                                               |     |        | tmp_3                | sparsemux | compactencoding_dontcare | 0       |
|      sparsemux_17_3_32_1_1_U2488                                                               |     |        | tmp_4                | sparsemux | compactencoding_dontcare | 0       |
|      sparsemux_17_3_32_1_1_U2489                                                               |     |        | tmp_5                | sparsemux | compactencoding_dontcare | 0       |
|      sparsemux_17_3_32_1_1_U2490                                                               |     |        | tmp_6                | sparsemux | compactencoding_dontcare | 0       |
|      sparsemux_17_3_32_1_1_U2491                                                               |     |        | tmp_7                | sparsemux | compactencoding_dontcare | 0       |
|      sparsemux_17_3_32_1_1_U2492                                                               |     |        | tmp_10               | sparsemux | compactencoding_dontcare | 0       |
|      sparsemux_17_3_32_1_1_U2493                                                               |     |        | tmp_11               | sparsemux | compactencoding_dontcare | 0       |
|      sparsemux_17_3_32_1_1_U2494                                                               |     |        | tmp_12               | sparsemux | compactencoding_dontcare | 0       |
|      sparsemux_17_3_32_1_1_U2495                                                               |     |        | tmp_13               | sparsemux | compactencoding_dontcare | 0       |
|      sparsemux_17_3_32_1_1_U2496                                                               |     |        | tmp_14               | sparsemux | compactencoding_dontcare | 0       |
|      sparsemux_17_3_32_1_1_U2497                                                               |     |        | tmp_15               | sparsemux | compactencoding_dontcare | 0       |
|      add_ln297_1_fu_3454_p2                                                                    |     |        | add_ln297_1          | add       | fabric                   | 0       |
|      sparsemux_17_3_32_1_1_U2498                                                               |     |        | tmp_16               | sparsemux | compactencoding_dontcare | 0       |
|      add_ln297_4_fu_3512_p2                                                                    |     |        | add_ln297_4          | add       | fabric                   | 0       |
|      sparsemux_17_3_32_1_1_U2499                                                               |     |        | tmp_17               | sparsemux | compactencoding_dontcare | 0       |
|      add_ln298_1_fu_3570_p2                                                                    |     |        | add_ln298_1          | add       | fabric                   | 0       |
|      sparsemux_17_3_32_1_1_U2500                                                               |     |        | tmp_18               | sparsemux | compactencoding_dontcare | 0       |
|      add_ln298_4_fu_3628_p2                                                                    |     |        | add_ln298_4          | add       | fabric                   | 0       |
|      sparsemux_17_3_32_1_1_U2501                                                               |     |        | tmp_19               | sparsemux | compactencoding_dontcare | 0       |
|      add_ln299_1_fu_3686_p2                                                                    |     |        | add_ln299_1          | add       | fabric                   | 0       |
|      sparsemux_17_3_32_1_1_U2502                                                               |     |        | tmp_20               | sparsemux | compactencoding_dontcare | 0       |
|      add_ln299_4_fu_3744_p2                                                                    |     |        | add_ln299_4          | add       | fabric                   | 0       |
|      sparsemux_17_3_32_1_1_U2503                                                               |     |        | tmp_21               | sparsemux | compactencoding_dontcare | 0       |
|      add_ln300_1_fu_3802_p2                                                                    |     |        | add_ln300_1          | add       | fabric                   | 0       |
|      sparsemux_17_3_32_1_1_U2504                                                               |     |        | tmp_22               | sparsemux | compactencoding_dontcare | 0       |
|      add_ln300_4_fu_3860_p2                                                                    |     |        | add_ln300_4          | add       | fabric                   | 0       |
|      fpext_32ns_64_2_no_dsp_1_U2457                                                            |     |        | pf                   | fpext     | auto                     | 1       |
|      sub_ln302_fu_4115_p2                                                                      |     |        | sub_ln302            | sub       | fabric                   | 0       |
|      select_ln302_fu_4121_p3                                                                   |     |        | select_ln302         | select    | auto_sel                 | 0       |
|      icmp_ln302_fu_4128_p2                                                                     |     |        | icmp_ln302           | seteq     | auto                     | 0       |
|      sub_ln302_1_fu_4133_p2                                                                    |     |        | sub_ln302_1          | sub       | fabric                   | 0       |
|      icmp_ln302_1_fu_4143_p2                                                                   |     |        | icmp_ln302_1         | setgt     | auto                     | 0       |
|      add_ln302_fu_4149_p2                                                                      |     |        | add_ln302            | add       | fabric                   | 0       |
|      sub_ln302_2_fu_4155_p2                                                                    |     |        | sub_ln302_2          | sub       | fabric                   | 0       |
|      select_ln302_1_fu_4161_p3                                                                 |     |        | select_ln302_1       | select    | auto_sel                 | 0       |
|      icmp_ln302_2_fu_4169_p2                                                                   |     |        | icmp_ln302_2         | seteq     | auto                     | 0       |
|      icmp_ln302_3_fu_4856_p2                                                                   |     |        | icmp_ln302_3         | setlt     | auto                     | 0       |
|      select_ln302_8_fu_4861_p3                                                                 |     |        | select_ln302_8       | select    | auto_sel                 | 0       |
|      ashr_ln302_fu_4871_p2                                                                     |     |        | ashr_ln302           | ashr      | auto_pipe                | 0       |
|      storemerge4_i_fu_4934_p6                                                                  |     |        | select_ln302_2       | select    | auto_sel                 | 0       |
|      icmp_ln302_4_fu_4189_p2                                                                   |     |        | icmp_ln302_4         | seteq     | auto                     | 0       |
|      shl_ln302_fu_4888_p2                                                                      |     |        | shl_ln302            | shl       | auto_pipe                | 0       |
|      storemerge4_i_fu_4934_p8                                                                  |     |        | select_ln302_3       | select    | auto_sel                 | 0       |
|      xor_ln302_fu_4900_p2                                                                      |     |        | xor_ln302            | xor       | auto                     | 0       |
|      and_ln302_fu_4905_p2                                                                      |     |        | and_ln302            | and       | auto                     | 0       |
|      or_ln302_fu_4910_p2                                                                       |     |        | or_ln302             | or        | auto                     | 0       |
|      xor_ln302_1_fu_4914_p2                                                                    |     |        | xor_ln302_1          | xor       | auto                     | 0       |
|      and_ln302_1_fu_4920_p2                                                                    |     |        | and_ln302_1          | and       | auto                     | 0       |
|      sparsemux_9_3_32_1_0_U2505                                                                |     |        | storemerge4_i        | sparsemux | onehotencoding_realdef   | 0       |
|      mul_50s_32s_80_2_1_U2465                                                                  | 6   |        | mul_ln302            | mul       | auto                     | 1       |
|      fpext_32ns_64_2_no_dsp_1_U2458                                                            |     |        | pf_1                 | fpext     | auto                     | 1       |
|      sub_ln302_3_fu_4209_p2                                                                    |     |        | sub_ln302_3          | sub       | fabric                   | 0       |
|      select_ln302_4_fu_4215_p3                                                                 |     |        | select_ln302_4       | select    | auto_sel                 | 0       |
|      icmp_ln302_5_fu_4222_p2                                                                   |     |        | icmp_ln302_5         | seteq     | auto                     | 0       |
|      sub_ln302_4_fu_4227_p2                                                                    |     |        | sub_ln302_4          | sub       | fabric                   | 0       |
|      icmp_ln302_6_fu_4237_p2                                                                   |     |        | icmp_ln302_6         | setgt     | auto                     | 0       |
|      add_ln302_1_fu_4243_p2                                                                    |     |        | add_ln302_1          | add       | fabric                   | 0       |
|      sub_ln302_5_fu_4249_p2                                                                    |     |        | sub_ln302_5          | sub       | fabric                   | 0       |
|      select_ln302_5_fu_4255_p3                                                                 |     |        | select_ln302_5       | select    | auto_sel                 | 0       |
|      icmp_ln302_7_fu_4263_p2                                                                   |     |        | icmp_ln302_7         | seteq     | auto                     | 0       |
|      icmp_ln302_8_fu_4960_p2                                                                   |     |        | icmp_ln302_8         | setlt     | auto                     | 0       |
|      select_ln302_9_fu_4965_p3                                                                 |     |        | select_ln302_9       | select    | auto_sel                 | 0       |
|      ashr_ln302_1_fu_4975_p2                                                                   |     |        | ashr_ln302_1         | ashr      | auto_pipe                | 0       |
|      storemerge4_i1_fu_5038_p6                                                                 |     |        | select_ln302_6       | select    | auto_sel                 | 0       |
|      icmp_ln302_9_fu_4283_p2                                                                   |     |        | icmp_ln302_9         | seteq     | auto                     | 0       |
|      shl_ln302_2_fu_4992_p2                                                                    |     |        | shl_ln302_2          | shl       | auto_pipe                | 0       |
|      storemerge4_i1_fu_5038_p8                                                                 |     |        | select_ln302_7       | select    | auto_sel                 | 0       |
|      xor_ln302_2_fu_5004_p2                                                                    |     |        | xor_ln302_2          | xor       | auto                     | 0       |
|      and_ln302_2_fu_5009_p2                                                                    |     |        | and_ln302_2          | and       | auto                     | 0       |
|      or_ln302_1_fu_5014_p2                                                                     |     |        | or_ln302_1           | or        | auto                     | 0       |
|      xor_ln302_3_fu_5018_p2                                                                    |     |        | xor_ln302_3          | xor       | auto                     | 0       |
|      and_ln302_3_fu_5024_p2                                                                    |     |        | and_ln302_3          | and       | auto                     | 0       |
|      sparsemux_9_3_32_1_0_U2506                                                                |     |        | storemerge4_i1       | sparsemux | onehotencoding_realdef   | 0       |
|      mul_50s_32s_80_2_1_U2466                                                                  | 6   |        | mul_ln302_1          | mul       | auto                     | 1       |
|      fpext_32ns_64_2_no_dsp_1_U2459                                                            |     |        | pf_2                 | fpext     | auto                     | 1       |
|      sub_ln303_fu_4303_p2                                                                      |     |        | sub_ln303            | sub       | fabric                   | 0       |
|      select_ln303_fu_4309_p3                                                                   |     |        | select_ln303         | select    | auto_sel                 | 0       |
|      icmp_ln303_fu_4316_p2                                                                     |     |        | icmp_ln303           | seteq     | auto                     | 0       |
|      sub_ln303_1_fu_4321_p2                                                                    |     |        | sub_ln303_1          | sub       | fabric                   | 0       |
|      icmp_ln303_1_fu_4331_p2                                                                   |     |        | icmp_ln303_1         | setgt     | auto                     | 0       |
|      add_ln303_fu_4337_p2                                                                      |     |        | add_ln303            | add       | fabric                   | 0       |
|      sub_ln303_2_fu_4343_p2                                                                    |     |        | sub_ln303_2          | sub       | fabric                   | 0       |
|      select_ln303_1_fu_4349_p3                                                                 |     |        | select_ln303_1       | select    | auto_sel                 | 0       |
|      icmp_ln303_2_fu_4357_p2                                                                   |     |        | icmp_ln303_2         | seteq     | auto                     | 0       |
|      icmp_ln303_3_fu_5064_p2                                                                   |     |        | icmp_ln303_3         | setlt     | auto                     | 0       |
|      select_ln303_8_fu_5069_p3                                                                 |     |        | select_ln303_8       | select    | auto_sel                 | 0       |
|      ashr_ln303_fu_5079_p2                                                                     |     |        | ashr_ln303           | ashr      | auto_pipe                | 0       |
|      storemerge4_i2_fu_5142_p6                                                                 |     |        | select_ln303_2       | select    | auto_sel                 | 0       |
|      icmp_ln303_4_fu_4377_p2                                                                   |     |        | icmp_ln303_4         | seteq     | auto                     | 0       |
|      shl_ln303_fu_5096_p2                                                                      |     |        | shl_ln303            | shl       | auto_pipe                | 0       |
|      storemerge4_i2_fu_5142_p8                                                                 |     |        | select_ln303_3       | select    | auto_sel                 | 0       |
|      xor_ln303_fu_5108_p2                                                                      |     |        | xor_ln303            | xor       | auto                     | 0       |
|      and_ln303_fu_5113_p2                                                                      |     |        | and_ln303            | and       | auto                     | 0       |
|      or_ln303_fu_5118_p2                                                                       |     |        | or_ln303             | or        | auto                     | 0       |
|      xor_ln303_1_fu_5122_p2                                                                    |     |        | xor_ln303_1          | xor       | auto                     | 0       |
|      and_ln303_1_fu_5128_p2                                                                    |     |        | and_ln303_1          | and       | auto                     | 0       |
|      sparsemux_9_3_32_1_0_U2507                                                                |     |        | storemerge4_i2       | sparsemux | onehotencoding_realdef   | 0       |
|      mul_50s_32s_80_2_1_U2467                                                                  | 6   |        | mul_ln303            | mul       | auto                     | 1       |
|      fpext_32ns_64_2_no_dsp_1_U2460                                                            |     |        | pf_3                 | fpext     | auto                     | 1       |
|      sub_ln303_3_fu_4397_p2                                                                    |     |        | sub_ln303_3          | sub       | fabric                   | 0       |
|      select_ln303_4_fu_4403_p3                                                                 |     |        | select_ln303_4       | select    | auto_sel                 | 0       |
|      icmp_ln303_5_fu_4410_p2                                                                   |     |        | icmp_ln303_5         | seteq     | auto                     | 0       |
|      sub_ln303_4_fu_4415_p2                                                                    |     |        | sub_ln303_4          | sub       | fabric                   | 0       |
|      icmp_ln303_6_fu_4425_p2                                                                   |     |        | icmp_ln303_6         | setgt     | auto                     | 0       |
|      add_ln303_1_fu_4431_p2                                                                    |     |        | add_ln303_1          | add       | fabric                   | 0       |
|      sub_ln303_5_fu_4437_p2                                                                    |     |        | sub_ln303_5          | sub       | fabric                   | 0       |
|      select_ln303_5_fu_4443_p3                                                                 |     |        | select_ln303_5       | select    | auto_sel                 | 0       |
|      icmp_ln303_7_fu_4451_p2                                                                   |     |        | icmp_ln303_7         | seteq     | auto                     | 0       |
|      icmp_ln303_8_fu_5168_p2                                                                   |     |        | icmp_ln303_8         | setlt     | auto                     | 0       |
|      select_ln303_9_fu_5173_p3                                                                 |     |        | select_ln303_9       | select    | auto_sel                 | 0       |
|      ashr_ln303_1_fu_5183_p2                                                                   |     |        | ashr_ln303_1         | ashr      | auto_pipe                | 0       |
|      storemerge4_i3_fu_5246_p6                                                                 |     |        | select_ln303_6       | select    | auto_sel                 | 0       |
|      icmp_ln303_9_fu_4471_p2                                                                   |     |        | icmp_ln303_9         | seteq     | auto                     | 0       |
|      shl_ln303_2_fu_5200_p2                                                                    |     |        | shl_ln303_2          | shl       | auto_pipe                | 0       |
|      storemerge4_i3_fu_5246_p8                                                                 |     |        | select_ln303_7       | select    | auto_sel                 | 0       |
|      xor_ln303_2_fu_5212_p2                                                                    |     |        | xor_ln303_2          | xor       | auto                     | 0       |
|      and_ln303_2_fu_5217_p2                                                                    |     |        | and_ln303_2          | and       | auto                     | 0       |
|      or_ln303_1_fu_5222_p2                                                                     |     |        | or_ln303_1           | or        | auto                     | 0       |
|      xor_ln303_3_fu_5226_p2                                                                    |     |        | xor_ln303_3          | xor       | auto                     | 0       |
|      and_ln303_3_fu_5232_p2                                                                    |     |        | and_ln303_3          | and       | auto                     | 0       |
|      sparsemux_9_3_32_1_0_U2508                                                                |     |        | storemerge4_i3       | sparsemux | onehotencoding_realdef   | 0       |
|      mul_50s_32s_80_2_1_U2468                                                                  | 6   |        | mul_ln303_1          | mul       | auto                     | 1       |
|      fpext_32ns_64_2_no_dsp_1_U2461                                                            |     |        | pf_4                 | fpext     | auto                     | 1       |
|      sub_ln304_fu_4491_p2                                                                      |     |        | sub_ln304            | sub       | fabric                   | 0       |
|      select_ln304_fu_4497_p3                                                                   |     |        | select_ln304         | select    | auto_sel                 | 0       |
|      icmp_ln304_fu_4504_p2                                                                     |     |        | icmp_ln304           | seteq     | auto                     | 0       |
|      sub_ln304_1_fu_4509_p2                                                                    |     |        | sub_ln304_1          | sub       | fabric                   | 0       |
|      icmp_ln304_1_fu_4519_p2                                                                   |     |        | icmp_ln304_1         | setgt     | auto                     | 0       |
|      add_ln304_fu_4525_p2                                                                      |     |        | add_ln304            | add       | fabric                   | 0       |
|      sub_ln304_2_fu_4531_p2                                                                    |     |        | sub_ln304_2          | sub       | fabric                   | 0       |
|      select_ln304_1_fu_4537_p3                                                                 |     |        | select_ln304_1       | select    | auto_sel                 | 0       |
|      icmp_ln304_2_fu_4545_p2                                                                   |     |        | icmp_ln304_2         | seteq     | auto                     | 0       |
|      icmp_ln304_3_fu_5272_p2                                                                   |     |        | icmp_ln304_3         | setlt     | auto                     | 0       |
|      select_ln304_8_fu_5277_p3                                                                 |     |        | select_ln304_8       | select    | auto_sel                 | 0       |
|      ashr_ln304_fu_5287_p2                                                                     |     |        | ashr_ln304           | ashr      | auto_pipe                | 0       |
|      storemerge4_i4_fu_5350_p6                                                                 |     |        | select_ln304_2       | select    | auto_sel                 | 0       |
|      icmp_ln304_4_fu_4565_p2                                                                   |     |        | icmp_ln304_4         | seteq     | auto                     | 0       |
|      shl_ln304_fu_5304_p2                                                                      |     |        | shl_ln304            | shl       | auto_pipe                | 0       |
|      storemerge4_i4_fu_5350_p8                                                                 |     |        | select_ln304_3       | select    | auto_sel                 | 0       |
|      xor_ln304_fu_5316_p2                                                                      |     |        | xor_ln304            | xor       | auto                     | 0       |
|      and_ln304_fu_5321_p2                                                                      |     |        | and_ln304            | and       | auto                     | 0       |
|      or_ln304_fu_5326_p2                                                                       |     |        | or_ln304             | or        | auto                     | 0       |
|      xor_ln304_1_fu_5330_p2                                                                    |     |        | xor_ln304_1          | xor       | auto                     | 0       |
|      and_ln304_1_fu_5336_p2                                                                    |     |        | and_ln304_1          | and       | auto                     | 0       |
|      sparsemux_9_3_32_1_0_U2509                                                                |     |        | storemerge4_i4       | sparsemux | onehotencoding_realdef   | 0       |
|      mul_50s_32s_80_2_1_U2469                                                                  | 6   |        | mul_ln304            | mul       | auto                     | 1       |
|      fpext_32ns_64_2_no_dsp_1_U2462                                                            |     |        | pf_5                 | fpext     | auto                     | 1       |
|      sub_ln304_3_fu_4585_p2                                                                    |     |        | sub_ln304_3          | sub       | fabric                   | 0       |
|      select_ln304_4_fu_4591_p3                                                                 |     |        | select_ln304_4       | select    | auto_sel                 | 0       |
|      icmp_ln304_5_fu_4598_p2                                                                   |     |        | icmp_ln304_5         | seteq     | auto                     | 0       |
|      sub_ln304_4_fu_4603_p2                                                                    |     |        | sub_ln304_4          | sub       | fabric                   | 0       |
|      icmp_ln304_6_fu_4613_p2                                                                   |     |        | icmp_ln304_6         | setgt     | auto                     | 0       |
|      add_ln304_1_fu_4619_p2                                                                    |     |        | add_ln304_1          | add       | fabric                   | 0       |
|      sub_ln304_5_fu_4625_p2                                                                    |     |        | sub_ln304_5          | sub       | fabric                   | 0       |
|      select_ln304_5_fu_4631_p3                                                                 |     |        | select_ln304_5       | select    | auto_sel                 | 0       |
|      icmp_ln304_7_fu_4639_p2                                                                   |     |        | icmp_ln304_7         | seteq     | auto                     | 0       |
|      icmp_ln304_8_fu_5376_p2                                                                   |     |        | icmp_ln304_8         | setlt     | auto                     | 0       |
|      select_ln304_9_fu_5381_p3                                                                 |     |        | select_ln304_9       | select    | auto_sel                 | 0       |
|      ashr_ln304_1_fu_5391_p2                                                                   |     |        | ashr_ln304_1         | ashr      | auto_pipe                | 0       |
|      storemerge4_i5_fu_5454_p6                                                                 |     |        | select_ln304_6       | select    | auto_sel                 | 0       |
|      icmp_ln304_9_fu_4659_p2                                                                   |     |        | icmp_ln304_9         | seteq     | auto                     | 0       |
|      shl_ln304_2_fu_5408_p2                                                                    |     |        | shl_ln304_2          | shl       | auto_pipe                | 0       |
|      storemerge4_i5_fu_5454_p8                                                                 |     |        | select_ln304_7       | select    | auto_sel                 | 0       |
|      xor_ln304_2_fu_5420_p2                                                                    |     |        | xor_ln304_2          | xor       | auto                     | 0       |
|      and_ln304_2_fu_5425_p2                                                                    |     |        | and_ln304_2          | and       | auto                     | 0       |
|      or_ln304_1_fu_5430_p2                                                                     |     |        | or_ln304_1           | or        | auto                     | 0       |
|      xor_ln304_3_fu_5434_p2                                                                    |     |        | xor_ln304_3          | xor       | auto                     | 0       |
|      and_ln304_3_fu_5440_p2                                                                    |     |        | and_ln304_3          | and       | auto                     | 0       |
|      sparsemux_9_3_32_1_0_U2510                                                                |     |        | storemerge4_i5       | sparsemux | onehotencoding_realdef   | 0       |
|      mul_50s_32s_80_2_1_U2470                                                                  | 6   |        | mul_ln304_1          | mul       | auto                     | 1       |
|      fpext_32ns_64_2_no_dsp_1_U2463                                                            |     |        | pf_6                 | fpext     | auto                     | 1       |
|      sub_ln305_fu_4679_p2                                                                      |     |        | sub_ln305            | sub       | fabric                   | 0       |
|      select_ln305_fu_4685_p3                                                                   |     |        | select_ln305         | select    | auto_sel                 | 0       |
|      icmp_ln305_fu_4692_p2                                                                     |     |        | icmp_ln305           | seteq     | auto                     | 0       |
|      sub_ln305_1_fu_4697_p2                                                                    |     |        | sub_ln305_1          | sub       | fabric                   | 0       |
|      icmp_ln305_1_fu_4707_p2                                                                   |     |        | icmp_ln305_1         | setgt     | auto                     | 0       |
|      add_ln305_fu_4713_p2                                                                      |     |        | add_ln305            | add       | fabric                   | 0       |
|      sub_ln305_2_fu_4719_p2                                                                    |     |        | sub_ln305_2          | sub       | fabric                   | 0       |
|      select_ln305_1_fu_4725_p3                                                                 |     |        | select_ln305_1       | select    | auto_sel                 | 0       |
|      icmp_ln305_2_fu_4733_p2                                                                   |     |        | icmp_ln305_2         | seteq     | auto                     | 0       |
|      icmp_ln305_3_fu_5480_p2                                                                   |     |        | icmp_ln305_3         | setlt     | auto                     | 0       |
|      select_ln305_8_fu_5485_p3                                                                 |     |        | select_ln305_8       | select    | auto_sel                 | 0       |
|      ashr_ln305_fu_5495_p2                                                                     |     |        | ashr_ln305           | ashr      | auto_pipe                | 0       |
|      storemerge4_i6_fu_5558_p6                                                                 |     |        | select_ln305_2       | select    | auto_sel                 | 0       |
|      icmp_ln305_4_fu_4753_p2                                                                   |     |        | icmp_ln305_4         | seteq     | auto                     | 0       |
|      shl_ln305_fu_5512_p2                                                                      |     |        | shl_ln305            | shl       | auto_pipe                | 0       |
|      storemerge4_i6_fu_5558_p8                                                                 |     |        | select_ln305_3       | select    | auto_sel                 | 0       |
|      xor_ln305_fu_5524_p2                                                                      |     |        | xor_ln305            | xor       | auto                     | 0       |
|      and_ln305_fu_5529_p2                                                                      |     |        | and_ln305            | and       | auto                     | 0       |
|      or_ln305_fu_5534_p2                                                                       |     |        | or_ln305             | or        | auto                     | 0       |
|      xor_ln305_1_fu_5538_p2                                                                    |     |        | xor_ln305_1          | xor       | auto                     | 0       |
|      and_ln305_1_fu_5544_p2                                                                    |     |        | and_ln305_1          | and       | auto                     | 0       |
|      sparsemux_9_3_32_1_0_U2511                                                                |     |        | storemerge4_i6       | sparsemux | onehotencoding_realdef   | 0       |
|      mul_50s_32s_80_2_1_U2471                                                                  | 6   |        | mul_ln305            | mul       | auto                     | 1       |
|      fpext_32ns_64_2_no_dsp_1_U2464                                                            |     |        | pf_7                 | fpext     | auto                     | 1       |
|      sub_ln305_3_fu_4773_p2                                                                    |     |        | sub_ln305_3          | sub       | fabric                   | 0       |
|      select_ln305_4_fu_4779_p3                                                                 |     |        | select_ln305_4       | select    | auto_sel                 | 0       |
|      icmp_ln305_5_fu_4786_p2                                                                   |     |        | icmp_ln305_5         | seteq     | auto                     | 0       |
|      sub_ln305_4_fu_4791_p2                                                                    |     |        | sub_ln305_4          | sub       | fabric                   | 0       |
|      icmp_ln305_6_fu_4801_p2                                                                   |     |        | icmp_ln305_6         | setgt     | auto                     | 0       |
|      add_ln305_1_fu_4807_p2                                                                    |     |        | add_ln305_1          | add       | fabric                   | 0       |
|      sub_ln305_5_fu_4813_p2                                                                    |     |        | sub_ln305_5          | sub       | fabric                   | 0       |
|      select_ln305_5_fu_4819_p3                                                                 |     |        | select_ln305_5       | select    | auto_sel                 | 0       |
|      icmp_ln305_7_fu_4827_p2                                                                   |     |        | icmp_ln305_7         | seteq     | auto                     | 0       |
|      icmp_ln305_8_fu_5584_p2                                                                   |     |        | icmp_ln305_8         | setlt     | auto                     | 0       |
|      select_ln305_9_fu_5589_p3                                                                 |     |        | select_ln305_9       | select    | auto_sel                 | 0       |
|      ashr_ln305_1_fu_5599_p2                                                                   |     |        | ashr_ln305_1         | ashr      | auto_pipe                | 0       |
|      storemerge4_i7_fu_5662_p6                                                                 |     |        | select_ln305_6       | select    | auto_sel                 | 0       |
|      icmp_ln305_9_fu_4847_p2                                                                   |     |        | icmp_ln305_9         | seteq     | auto                     | 0       |
|      shl_ln305_2_fu_5616_p2                                                                    |     |        | shl_ln305_2          | shl       | auto_pipe                | 0       |
|      storemerge4_i7_fu_5662_p8                                                                 |     |        | select_ln305_7       | select    | auto_sel                 | 0       |
|      xor_ln305_2_fu_5628_p2                                                                    |     |        | xor_ln305_2          | xor       | auto                     | 0       |
|      and_ln305_2_fu_5633_p2                                                                    |     |        | and_ln305_2          | and       | auto                     | 0       |
|      or_ln305_1_fu_5638_p2                                                                     |     |        | or_ln305_1           | or        | auto                     | 0       |
|      xor_ln305_3_fu_5642_p2                                                                    |     |        | xor_ln305_3          | xor       | auto                     | 0       |
|      and_ln305_3_fu_5648_p2                                                                    |     |        | and_ln305_3          | and       | auto                     | 0       |
|      sparsemux_9_3_32_1_0_U2512                                                                |     |        | storemerge4_i7       | sparsemux | onehotencoding_realdef   | 0       |
|      mul_50s_32s_80_2_1_U2472                                                                  | 6   |        | mul_ln305_1          | mul       | auto                     | 1       |
|  + compute_gate                                                                                | 22  |        |                      |           |                          |         |
|    fmul_32ns_32ns_32_5_max_dsp_1_U3793                                                         |     |        | icmp_ln575           | setne     | auto                     | 0       |
|    icmp_ln575_1_fu_177_p2                                                                      |     |        | icmp_ln575_1         | seteq     | auto                     | 0       |
|    or_ln575_fu_183_p2                                                                          |     |        | or_ln575             | or        | auto                     | 0       |
|    sitofp_32s_32_6_no_dsp_1_U3799                                                              |     |        | tmp_5                | fcmp      | auto                     | 1       |
|    fmul_32ns_32ns_32_5_max_dsp_1_U3795                                                         |     |        | and_ln575            | and       | auto                     | 0       |
|    sitofp_32s_32_6_no_dsp_1_U3798                                                              |     |        | max_abs              | select    | auto_sel                 | 0       |
|    fmul_32ns_32ns_32_5_max_dsp_1_U3794                                                         |     |        | icmp_ln575_2         | setne     | auto                     | 0       |
|    icmp_ln575_3_fu_245_p2                                                                      |     |        | icmp_ln575_3         | seteq     | auto                     | 0       |
|    or_ln575_1_fu_251_p2                                                                        |     |        | or_ln575_1           | or        | auto                     | 0       |
|    icmp_ln575_4_fu_257_p2                                                                      |     |        | icmp_ln575_4         | setne     | auto                     | 0       |
|    icmp_ln575_5_fu_263_p2                                                                      |     |        | icmp_ln575_5         | seteq     | auto                     | 0       |
|    or_ln575_2_fu_269_p2                                                                        |     |        | or_ln575_2           | or        | auto                     | 0       |
|    and_ln575_1_fu_275_p2                                                                       |     |        | and_ln575_1          | and       | auto                     | 0       |
|    fcmp_32ns_32ns_1_2_no_dsp_1_U3791                                                           |     |        | tmp_8                | fcmp      | auto                     | 1       |
|    and_ln575_2_fu_281_p2                                                                       |     |        | and_ln575_2          | and       | auto                     | 0       |
|    max_abs_1_fu_286_p3                                                                         |     |        | max_abs_1            | select    | auto_sel                 | 0       |
|    icmp_ln575_6_fu_330_p2                                                                      |     |        | icmp_ln575_6         | setne     | auto                     | 0       |
|    icmp_ln575_7_fu_336_p2                                                                      |     |        | icmp_ln575_7         | seteq     | auto                     | 0       |
|    or_ln575_3_fu_342_p2                                                                        |     |        | or_ln575_3           | or        | auto                     | 0       |
|    icmp_ln575_8_fu_348_p2                                                                      |     |        | icmp_ln575_8         | setne     | auto                     | 0       |
|    icmp_ln575_9_fu_354_p2                                                                      |     |        | icmp_ln575_9         | seteq     | auto                     | 0       |
|    or_ln575_4_fu_360_p2                                                                        |     |        | or_ln575_4           | or        | auto                     | 0       |
|    and_ln575_3_fu_366_p2                                                                       |     |        | and_ln575_3          | and       | auto                     | 0       |
|    fcmp_32ns_32ns_1_2_no_dsp_1_U3791                                                           |     |        | tmp_11               | fcmp      | auto                     | 1       |
|    and_ln575_4_fu_372_p2                                                                       |     |        | and_ln575_4          | and       | auto                     | 0       |
|    max_abs_2_fu_377_p3                                                                         |     |        | max_abs_2            | select    | auto_sel                 | 0       |
|    fmul_32ns_32ns_32_5_max_dsp_1_U3796                                                         |     |        | icmp_ln575_10        | setne     | auto                     | 0       |
|    fmul_32ns_32ns_32_5_max_dsp_1_U3797                                                         |     |        | icmp_ln575_11        | seteq     | auto                     | 0       |
|    or_ln575_5_fu_433_p2                                                                        |     |        | or_ln575_5           | or        | auto                     | 0       |
|    fcmp_32ns_32ns_1_2_no_dsp_1_U3791                                                           |     |        | icmp_ln575_12        | setne     | auto                     | 0       |
|    icmp_ln575_13_fu_445_p2                                                                     |     |        | icmp_ln575_13        | seteq     | auto                     | 0       |
|    or_ln575_6_fu_451_p2                                                                        |     |        | or_ln575_6           | or        | auto                     | 0       |
|    and_ln575_5_fu_457_p2                                                                       |     |        | and_ln575_5          | and       | auto                     | 0       |
|    fcmp_32ns_32ns_1_2_no_dsp_1_U3791                                                           |     |        | tmp_14               | fcmp      | auto                     | 1       |
|    fcmp_32ns_32ns_1_2_no_dsp_1_U3791                                                           |     |        | and_ln575_6          | and       | auto                     | 0       |
|    max_abs_3_fu_468_p3                                                                         |     |        | max_abs_3            | select    | auto_sel                 | 0       |
|    icmp_ln575_14_fu_512_p2                                                                     |     |        | icmp_ln575_14        | setne     | auto                     | 0       |
|    icmp_ln575_15_fu_518_p2                                                                     |     |        | icmp_ln575_15        | seteq     | auto                     | 0       |
|    or_ln575_7_fu_524_p2                                                                        |     |        | or_ln575_7           | or        | auto                     | 0       |
|    icmp_ln575_16_fu_530_p2                                                                     |     |        | icmp_ln575_16        | setne     | auto                     | 0       |
|    icmp_ln575_17_fu_536_p2                                                                     |     |        | icmp_ln575_17        | seteq     | auto                     | 0       |
|    or_ln575_8_fu_542_p2                                                                        |     |        | or_ln575_8           | or        | auto                     | 0       |
|    and_ln575_7_fu_548_p2                                                                       |     |        | and_ln575_7          | and       | auto                     | 0       |
|    fcmp_32ns_32ns_1_2_no_dsp_1_U3791                                                           |     |        | tmp_17               | fcmp      | auto                     | 1       |
|    and_ln575_8_fu_554_p2                                                                       |     |        | and_ln575_8          | and       | auto                     | 0       |
|    max_abs_4_fu_559_p3                                                                         |     |        | max_abs_4            | select    | auto_sel                 | 0       |
|    icmp_ln575_18_fu_603_p2                                                                     |     |        | icmp_ln575_18        | setne     | auto                     | 0       |
|    icmp_ln575_19_fu_609_p2                                                                     |     |        | icmp_ln575_19        | seteq     | auto                     | 0       |
|    or_ln575_9_fu_615_p2                                                                        |     |        | or_ln575_9           | or        | auto                     | 0       |
|    icmp_ln575_20_fu_621_p2                                                                     |     |        | icmp_ln575_20        | setne     | auto                     | 0       |
|    icmp_ln575_21_fu_627_p2                                                                     |     |        | icmp_ln575_21        | seteq     | auto                     | 0       |
|    or_ln575_10_fu_633_p2                                                                       |     |        | or_ln575_10          | or        | auto                     | 0       |
|    and_ln575_9_fu_639_p2                                                                       |     |        | and_ln575_9          | and       | auto                     | 0       |
|    fcmp_32ns_32ns_1_2_no_dsp_1_U3791                                                           |     |        | tmp_20               | fcmp      | auto                     | 1       |
|    and_ln575_10_fu_645_p2                                                                      |     |        | and_ln575_10         | and       | auto                     | 0       |
|    max_abs_5_fu_650_p3                                                                         |     |        | max_abs_5            | select    | auto_sel                 | 0       |
|    icmp_ln575_22_fu_694_p2                                                                     |     |        | icmp_ln575_22        | setne     | auto                     | 0       |
|    icmp_ln575_23_fu_700_p2                                                                     |     |        | icmp_ln575_23        | seteq     | auto                     | 0       |
|    or_ln575_11_fu_706_p2                                                                       |     |        | or_ln575_11          | or        | auto                     | 0       |
|    icmp_ln575_24_fu_712_p2                                                                     |     |        | icmp_ln575_24        | setne     | auto                     | 0       |
|    icmp_ln575_25_fu_718_p2                                                                     |     |        | icmp_ln575_25        | seteq     | auto                     | 0       |
|    or_ln575_12_fu_724_p2                                                                       |     |        | or_ln575_12          | or        | auto                     | 0       |
|    and_ln575_11_fu_730_p2                                                                      |     |        | and_ln575_11         | and       | auto                     | 0       |
|    fcmp_32ns_32ns_1_2_no_dsp_1_U3791                                                           |     |        | tmp_23               | fcmp      | auto                     | 1       |
|    and_ln575_12_fu_736_p2                                                                      |     |        | and_ln575_12         | and       | auto                     | 0       |
|    max_abs_6_fu_741_p3                                                                         |     |        | max_abs_6            | select    | auto_sel                 | 0       |
|    icmp_ln575_26_fu_785_p2                                                                     |     |        | icmp_ln575_26        | setne     | auto                     | 0       |
|    icmp_ln575_27_fu_791_p2                                                                     |     |        | icmp_ln575_27        | seteq     | auto                     | 0       |
|    or_ln575_13_fu_797_p2                                                                       |     |        | or_ln575_13          | or        | auto                     | 0       |
|    icmp_ln575_28_fu_803_p2                                                                     |     |        | icmp_ln575_28        | setne     | auto                     | 0       |
|    icmp_ln575_29_fu_809_p2                                                                     |     |        | icmp_ln575_29        | seteq     | auto                     | 0       |
|    or_ln575_14_fu_815_p2                                                                       |     |        | or_ln575_14          | or        | auto                     | 0       |
|    and_ln575_13_fu_821_p2                                                                      |     |        | and_ln575_13         | and       | auto                     | 0       |
|    fcmp_32ns_32ns_1_2_no_dsp_1_U3791                                                           |     |        | tmp_26               | fcmp      | auto                     | 1       |
|    and_ln575_14_fu_827_p2                                                                      |     |        | and_ln575_14         | and       | auto                     | 0       |
|    max_abs_7_fu_832_p3                                                                         |     |        | max_abs_7            | select    | auto_sel                 | 0       |
|    icmp_ln577_fu_855_p2                                                                        |     |        | icmp_ln577           | setne     | auto                     | 0       |
|    icmp_ln577_1_fu_861_p2                                                                      |     |        | icmp_ln577_1         | seteq     | auto                     | 0       |
|    or_ln577_fu_867_p2                                                                          |     |        | or_ln577             | or        | auto                     | 0       |
|    fcmp_32ns_32ns_1_2_no_dsp_1_U3791                                                           |     |        | tmp_28               | fcmp      | auto                     | 1       |
|    and_ln577_fu_871_p2                                                                         |     |        | and_ln577            | and       | auto                     | 0       |
|    fdiv_32ns_32ns_32_16_no_dsp_1_U3790                                                         |     |        | div                  | fdiv      | fabric                   | 15      |
|    gs_fu_876_p3                                                                                |     |        | gs                   | select    | auto_sel                 | 0       |
|    fdiv_32ns_32ns_32_16_no_dsp_1_U3790                                                         |     |        | inv_gs               | fdiv      | fabric                   | 15      |
|   + compute_gate_Pipeline_GATE_PASS1                                                           | 0   |        |                      |           |                          |         |
|     icmp_ln559_fu_358_p2                                                                       |     |        | icmp_ln559           | seteq     | auto                     | 0       |
|     add_ln559_fu_364_p2                                                                        |     |        | add_ln559            | add       | fabric                   | 0       |
|     add_ln317_fu_433_p2                                                                        |     |        | add_ln317            | add       | fabric                   | 0       |
|     sub_ln18_fu_447_p2                                                                         |     |        | sub_ln18             | sub       | fabric                   | 0       |
|     select_ln18_fu_457_p3                                                                      |     |        | select_ln18          | select    | auto_sel                 | 0       |
|     lshr_ln18_fu_473_p2                                                                        |     |        | lshr_ln18            | lshr      | auto_pipe                | 0       |
|     shl_ln18_fu_479_p2                                                                         |     |        | shl_ln18             | shl       | auto_pipe                | 0       |
|     val_fu_505_p3                                                                              |     |        | val                  | select    | auto_sel                 | 0       |
|     result_7_fu_513_p2                                                                         |     |        | result_7             | sub       | fabric                   | 0       |
|     result_fu_518_p3                                                                           |     |        | result               | select    | auto_sel                 | 0       |
|     idx_3_fu_536_p3                                                                            |     |        | idx_3                | select    | auto_sel                 | 0       |
|     icmp_ln566_fu_558_p2                                                                       |     |        | icmp_ln566           | setne     | auto                     | 0       |
|     idx_4_fu_564_p3                                                                            |     |        | idx_4                | select    | auto_sel                 | 0       |
|     icmp_ln568_fu_593_p2                                                                       |     |        | icmp_ln568           | setne     | auto                     | 0       |
|     icmp_ln568_1_fu_599_p2                                                                     |     |        | icmp_ln568_1         | seteq     | auto                     | 0       |
|     or_ln568_fu_605_p2                                                                         |     |        | or_ln568             | or        | auto                     | 0       |
|     and_ln568_fu_611_p2                                                                        |     |        | and_ln568            | and       | auto                     | 0       |
|     xor_ln568_fu_624_p2                                                                        |     |        | xor_ln568            | xor       | auto                     | 0       |
|     abs_g_fu_646_p3                                                                            |     |        | abs_g                | select    | auto_sel                 | 0       |
|     sparsemux_17_3_32_1_1_U3755                                                                |     |        | tmp                  | sparsemux | compactencoding_dontcare | 0       |
|     icmp_ln569_1_fu_762_p2                                                                     |     |        | icmp_ln569_1         | setne     | auto                     | 0       |
|     icmp_ln569_2_fu_768_p2                                                                     |     |        | icmp_ln569_2         | seteq     | auto                     | 0       |
|     or_ln569_fu_774_p2                                                                         |     |        | or_ln569             | or        | auto                     | 0       |
|     icmp_ln569_3_fu_733_p2                                                                     |     |        | icmp_ln569_3         | setne     | auto                     | 0       |
|     icmp_ln569_4_fu_739_p2                                                                     |     |        | icmp_ln569_4         | seteq     | auto                     | 0       |
|     or_ln569_1_fu_780_p2                                                                       |     |        | or_ln569_1           | or        | auto                     | 0       |
|     fcmp_32ns_32ns_1_2_no_dsp_1_U3754                                                          |     |        | tmp_33               | fcmp      | auto                     | 1       |
|     and_ln569_fu_784_p2                                                                        |     |        | and_ln569            | and       | auto                     | 0       |
|     and_ln569_1_fu_790_p2                                                                      |     |        | and_ln569_1          | and       | auto                     | 0       |
|   + compute_gate_Pipeline_GATE_PASS2                                                           | 5   |        |                      |           |                          |         |
|     icmp_ln581_fu_364_p2                                                                       |     |        | icmp_ln581           | seteq     | auto                     | 0       |
|     add_ln581_fu_370_p2                                                                        |     |        | add_ln581            | add       | fabric                   | 0       |
|     add_ln317_fu_477_p2                                                                        |     |        | add_ln317            | add       | fabric                   | 0       |
|     sub_ln18_fu_491_p2                                                                         |     |        | sub_ln18             | sub       | fabric                   | 0       |
|     select_ln18_fu_501_p3                                                                      |     |        | select_ln18          | select    | auto_sel                 | 0       |
|     lshr_ln18_fu_517_p2                                                                        |     |        | lshr_ln18            | lshr      | auto_pipe                | 0       |
|     shl_ln18_fu_523_p2                                                                         |     |        | shl_ln18             | shl       | auto_pipe                | 0       |
|     val_fu_549_p3                                                                              |     |        | val                  | select    | auto_sel                 | 0       |
|     result_2_fu_557_p2                                                                         |     |        | result_2             | sub       | fabric                   | 0       |
|     result_fu_562_p3                                                                           |     |        | result               | select    | auto_sel                 | 0       |
|     idx_1_fu_580_p3                                                                            |     |        | idx_1                | select    | auto_sel                 | 0       |
|     icmp_ln588_fu_602_p2                                                                       |     |        | icmp_ln588           | setne     | auto                     | 0       |
|     idx_2_fu_608_p3                                                                            |     |        | idx_2                | select    | auto_sel                 | 0       |
|     fmul_32ns_32ns_32_5_max_dsp_1_U3774                                                        | 3   |        | fq                   | fmul      | maxdsp                   | 4       |
|     icmp_ln591_fu_637_p2                                                                       |     |        | icmp_ln591           | setne     | auto                     | 0       |
|     icmp_ln591_1_fu_643_p2                                                                     |     |        | icmp_ln591_1         | seteq     | auto                     | 0       |
|     or_ln591_fu_649_p2                                                                         |     |        | or_ln591             | or        | auto                     | 0       |
|     and_ln591_fu_653_p2                                                                        |     |        | and_ln591            | and       | auto                     | 0       |
|     grp_fu_314_p1                                                                              |     |        | select_ln591         | select    | auto_sel                 | 0       |
|     fadd_32ns_32ns_32_10_full_dsp_1_U3768                                                      | 2   |        | dc_1                 | fadd      | fulldsp                  | 9       |
|     add_ln317_1_fu_708_p2                                                                      |     |        | add_ln317_1          | add       | fabric                   | 0       |
|     sub_ln18_1_fu_722_p2                                                                       |     |        | sub_ln18_1           | sub       | fabric                   | 0       |
|     select_ln18_2_fu_732_p3                                                                    |     |        | select_ln18_2        | select    | auto_sel                 | 0       |
|     lshr_ln18_1_fu_748_p2                                                                      |     |        | lshr_ln18_1          | lshr      | auto_pipe                | 0       |
|     shl_ln18_1_fu_754_p2                                                                       |     |        | shl_ln18_1           | shl       | auto_pipe                | 0       |
|     val_16_fu_780_p3                                                                           |     |        | val_16               | select    | auto_sel                 | 0       |
|     result_5_fu_788_p2                                                                         |     |        | result_5             | sub       | fabric                   | 0       |
|     result_6_fu_793_p3                                                                         |     |        | result_6             | select    | auto_sel                 | 0       |
|     icmp_ln592_fu_809_p2                                                                       |     |        | icmp_ln592           | setgt     | auto                     | 0       |
|     iq_1_fu_815_p3                                                                             |     |        | iq_1                 | select    | auto_sel                 | 0       |
|     icmp_ln593_fu_821_p2                                                                       |     |        | icmp_ln593           | setlt     | auto                     | 0       |
|     select_ln594_fu_831_p3                                                                     |     |        | select_ln594         | select    | auto_sel                 | 0       |
|  + compute_output                                                                              | 124 |        |                      |           |                          |         |
|    icmp_ln619_fu_14088_p2                                                                      |     |        | icmp_ln619           | seteq     | auto                     | 0       |
|    add_ln650_fu_23371_p2                                                                       |     |        | add_ln650            | add       | fabric                   | 0       |
|   + load_4_rows_down_urm                                                                       | 0   |        |                      |           |                          |         |
|     base_fu_9339_p2                                                                            |     |        | base                 | add       | fabric                   | 0       |
|    + load_4_rows_down_urm_Pipeline_HDR_ALL_DOWN                                                | 0   |        |                      |           |                          |         |
|      icmp_ln162_fu_22334_p2                                                                    |     |        | icmp_ln162           | seteq     | auto                     | 0       |
|      b_6_fu_22340_p2                                                                           |     |        | b_6                  | add       | fabric                   | 0       |
|      add_ln162_fu_22399_p2                                                                     |     |        | add_ln162            | add       | fabric                   | 0       |
|      empty_fu_22417_p2                                                                         |     |        | empty                | add       | fabric                   | 0       |
|     + fp16_to_fp32 (grp_fp16_to_fp32_fu_20944)                                                 | 0   |        |                      |           |                          |         |
|       or_ln59_fu_118_p2                                                                        |     |        | or_ln59              | or        | auto                     | 0       |
|       icmp_ln59_fu_142_p2                                                                      |     |        | icmp_ln59            | seteq     | auto                     | 0       |
|       add_ln71_fu_499_p2                                                                       |     |        | add_ln71             | add       | fabric                   | 0       |
|       m_1_fu_168_p3                                                                            |     |        | m_1                  | select    | auto_sel                 | 0       |
|       e_fu_176_p3                                                                              |     |        | e                    | select    | auto_sel                 | 0       |
|       e_1_fu_198_p3                                                                            |     |        | e_1                  | select    | auto_sel                 | 0       |
|       m_3_fu_206_p3                                                                            |     |        | m_3                  | select    | auto_sel                 | 0       |
|       e_2_fu_214_p3                                                                            |     |        | e_2                  | select    | auto_sel                 | 0       |
|       e_3_fu_236_p2                                                                            |     |        | e_3                  | add       | fabric                   | 0       |
|       m_5_fu_242_p3                                                                            |     |        | m_5                  | select    | auto_sel                 | 0       |
|       e_4_fu_250_p3                                                                            |     |        | e_4                  | select    | auto_sel                 | 0       |
|       e_5_fu_272_p2                                                                            |     |        | e_5                  | add       | fabric                   | 0       |
|       m_7_fu_278_p3                                                                            |     |        | m_7                  | select    | auto_sel                 | 0       |
|       e_6_fu_286_p3                                                                            |     |        | e_6                  | select    | auto_sel                 | 0       |
|       e_7_fu_307_p2                                                                            |     |        | e_7                  | add       | fabric                   | 0       |
|       m_9_fu_312_p3                                                                            |     |        | m_9                  | select    | auto_sel                 | 0       |
|       e_8_fu_318_p3                                                                            |     |        | e_8                  | select    | auto_sel                 | 0       |
|       e_9_fu_332_p2                                                                            |     |        | e_9                  | add       | fabric                   | 0       |
|       m_11_fu_351_p3                                                                           |     |        | m_11                 | select    | auto_sel                 | 0       |
|       e_10_fu_338_p3                                                                           |     |        | e_10                 | select    | auto_sel                 | 0       |
|       e_11_fu_371_p2                                                                           |     |        | e_11                 | add       | fabric                   | 0       |
|       m_13_fu_376_p3                                                                           |     |        | m_13                 | select    | auto_sel                 | 0       |
|       e_12_fu_384_p3                                                                           |     |        | e_12                 | select    | auto_sel                 | 0       |
|       e_13_fu_405_p2                                                                           |     |        | e_13                 | add       | fabric                   | 0       |
|       m_15_fu_411_p3                                                                           |     |        | m_15                 | select    | auto_sel                 | 0       |
|       e_14_fu_419_p3                                                                           |     |        | e_14                 | select    | auto_sel                 | 0       |
|       e_15_fu_525_p2                                                                           |     |        | e_15                 | add       | fabric                   | 0       |
|       m_17_fu_441_p3                                                                           |     |        | m_17                 | select    | auto_sel                 | 0       |
|       e_16_fu_530_p3                                                                           |     |        | e_16                 | select    | auto_sel                 | 0       |
|       e_17_fu_536_p2                                                                           |     |        | e_17                 | add       | fabric                   | 0       |
|       select_ln65_fu_473_p3                                                                    |     |        | select_ln65          | select    | auto_sel                 | 0       |
|       select_ln62_fu_542_p3                                                                    |     |        | select_ln62          | select    | auto_sel                 | 0       |
|       icmp_ln61_fu_575_p2                                                                      |     |        | icmp_ln61            | seteq     | auto                     | 0       |
|       xor_ln59_fu_580_p2                                                                       |     |        | xor_ln59             | xor       | auto                     | 0       |
|       and_ln61_fu_585_p2                                                                       |     |        | and_ln61             | and       | auto                     | 0       |
|       icmp_ln61_1_fu_591_p2                                                                    |     |        | icmp_ln61_1          | seteq     | auto                     | 0       |
|       and_ln61_1_fu_596_p2                                                                     |     |        | and_ln61_1           | and       | auto                     | 0       |
|       sparsemux_9_3_32_1_0_U259                                                                |     |        | f32_4                | sparsemux | onehotencoding_realdef   | 0       |
|    + load_4_rows_down_urm_Pipeline_NIB_ALL_DOWN                                                | 0   |        |                      |           |                          |         |
|      icmp_ln188_fu_198_p2                                                                      |     |        | icmp_ln188           | seteq     | auto                     | 0       |
|      i_4_fu_204_p2                                                                             |     |        | i_4                  | add       | fabric                   | 0       |
|      add_ln192_3_fu_258_p2                                                                     |     |        | add_ln192_3          | add       | fabric                   | 0       |
|      add_ln192_2_fu_274_p2                                                                     |     |        | add_ln192_2          | add       | fabric                   | 0       |
|      add_ln196_fu_302_p2                                                                       |     |        | add_ln196            | add       | fabric                   | 0       |
|   + mac_blocks_down_q4k_k4_urm                                                                 | 124 |        |                      |           |                          |         |
|     icmp_ln334_fu_22571_p2                                                                     |     |        | icmp_ln334           | seteq     | auto                     | 0       |
|     add_ln334_fu_22577_p2                                                                      |     |        | add_ln334            | add       | fabric                   | 0       |
|     icmp_ln409_fu_22642_p2                                                                     |     |        | icmp_ln409           | seteq     | auto                     | 0       |
|     sub_ln409_fu_22656_p2                                                                      |     |        | sub_ln409            | sub       | fabric                   | 0       |
|     tmp_s_fu_22670_p1                                                                          |     |        | select_ln409         | select    | auto_sel                 | 0       |
|     ctlz_56_56_1_1_U11833                                                                      |     |        | tmp_s                | ctlz      | auto                     | 0       |
|     sub_ln409_1_fu_22686_p2                                                                    |     |        | sub_ln409_1          | sub       | fabric                   | 0       |
|     add_ln409_fu_23985_p2                                                                      |     |        | add_ln409            | add       | fabric                   | 0       |
|     icmp_ln409_1_fu_24005_p2                                                                   |     |        | icmp_ln409_1         | setgt     | auto                     | 0       |
|     sub_ln409_4_fu_24011_p2                                                                    |     |        | sub_ln409_4          | sub       | fabric                   | 0       |
|     lshr_ln409_2_fu_24020_p2                                                                   |     |        | lshr_ln409_2         | lshr      | auto_pipe                | 0       |
|     and_ln409_fu_24026_p2                                                                      |     |        | and_ln409            | and       | auto                     | 0       |
|     icmp_ln409_2_fu_24031_p2                                                                   |     |        | icmp_ln409_2         | setne     | auto                     | 0       |
|     phi_ln409_fu_24037_p2                                                                      |     |        | phi_ln409            | and       | auto                     | 0       |
|     xor_ln409_fu_24051_p2                                                                      |     |        | xor_ln409            | xor       | auto                     | 0       |
|     bitselect_1ns_56ns_6ns_1_1_1_U11837                                                        |     |        | tmp_83               | bitselect | auto                     | 0       |
|     phi_ln409_1_fu_24064_p2                                                                    |     |        | phi_ln409_1          | and       | auto                     | 0       |
|     or_ln409_fu_24070_p2                                                                       |     |        | or_ln409             | or        | auto                     | 0       |
|     icmp_ln409_3_fu_24076_p2                                                                   |     |        | icmp_ln409_3         | setgt     | auto                     | 0       |
|     add_ln409_1_fu_24082_p2                                                                    |     |        | add_ln409_1          | add       | fabric                   | 0       |
|     lshr_ln409_fu_24095_p2                                                                     |     |        | lshr_ln409           | lshr      | auto_pipe                | 0       |
|     sub_ln409_2_fu_24100_p2                                                                    |     |        | sub_ln409_2          | sub       | fabric                   | 0       |
|     shl_ln409_fu_24113_p2                                                                      |     |        | shl_ln409            | shl       | auto_pipe                | 0       |
|     cond49_i_i226_in_fu_24526_p3                                                               |     |        | cond49_i_i226_in     | select    | auto_sel                 | 0       |
|     add_ln409_2_fu_24538_p2                                                                    |     |        | add_ln409_2          | add       | fabric                   | 0       |
|     select_ln409_1_fu_24566_p3                                                                 |     |        | select_ln409_1       | select    | auto_sel                 | 0       |
|     sub_ln409_3_fu_24574_p2                                                                    |     |        | sub_ln409_3          | sub       | fabric                   | 0       |
|     add_ln409_3_fu_24583_p2                                                                    |     |        | add_ln409_3          | add       | fabric                   | 0       |
|     retval_0_i_i238_fu_24616_p3                                                                |     |        | retval_0_i_i238      | select    | auto_sel                 | 0       |
|     fmul_32ns_32ns_32_5_max_dsp_1_U11829                                                       | 3   |        | result0_write_assign | fmul      | maxdsp                   | 4       |
|     icmp_ln410_fu_22692_p2                                                                     |     |        | icmp_ln410           | seteq     | auto                     | 0       |
|     sub_ln410_fu_22706_p2                                                                      |     |        | sub_ln410            | sub       | fabric                   | 0       |
|     tmp_583_fu_22720_p1                                                                        |     |        | select_ln410         | select    | auto_sel                 | 0       |
|     ctlz_56_56_1_1_U11834                                                                      |     |        | tmp_583              | ctlz      | auto                     | 0       |
|     sub_ln410_1_fu_22736_p2                                                                    |     |        | sub_ln410_1          | sub       | fabric                   | 0       |
|     add_ln410_fu_24121_p2                                                                      |     |        | add_ln410            | add       | fabric                   | 0       |
|     icmp_ln410_1_fu_24141_p2                                                                   |     |        | icmp_ln410_1         | setgt     | auto                     | 0       |
|     sub_ln410_4_fu_24147_p2                                                                    |     |        | sub_ln410_4          | sub       | fabric                   | 0       |
|     lshr_ln410_2_fu_24156_p2                                                                   |     |        | lshr_ln410_2         | lshr      | auto_pipe                | 0       |
|     and_ln410_fu_24162_p2                                                                      |     |        | and_ln410            | and       | auto                     | 0       |
|     icmp_ln410_2_fu_24167_p2                                                                   |     |        | icmp_ln410_2         | setne     | auto                     | 0       |
|     phi_ln410_fu_24173_p2                                                                      |     |        | phi_ln410            | and       | auto                     | 0       |
|     xor_ln410_fu_24187_p2                                                                      |     |        | xor_ln410            | xor       | auto                     | 0       |
|     bitselect_1ns_56ns_6ns_1_1_1_U11838                                                        |     |        | tmp_88               | bitselect | auto                     | 0       |
|     phi_ln410_1_fu_24200_p2                                                                    |     |        | phi_ln410_1          | and       | auto                     | 0       |
|     or_ln410_fu_24206_p2                                                                       |     |        | or_ln410             | or        | auto                     | 0       |
|     icmp_ln410_3_fu_24212_p2                                                                   |     |        | icmp_ln410_3         | setgt     | auto                     | 0       |
|     add_ln410_1_fu_24218_p2                                                                    |     |        | add_ln410_1          | add       | fabric                   | 0       |
|     lshr_ln410_fu_24231_p2                                                                     |     |        | lshr_ln410           | lshr      | auto_pipe                | 0       |
|     sub_ln410_2_fu_24236_p2                                                                    |     |        | sub_ln410_2          | sub       | fabric                   | 0       |
|     shl_ln410_fu_24249_p2                                                                      |     |        | shl_ln410            | shl       | auto_pipe                | 0       |
|     cond49_i_i158_in_fu_24623_p3                                                               |     |        | cond49_i_i158_in     | select    | auto_sel                 | 0       |
|     add_ln410_2_fu_24635_p2                                                                    |     |        | add_ln410_2          | add       | fabric                   | 0       |
|     select_ln410_1_fu_24663_p3                                                                 |     |        | select_ln410_1       | select    | auto_sel                 | 0       |
|     sub_ln410_3_fu_24671_p2                                                                    |     |        | sub_ln410_3          | sub       | fabric                   | 0       |
|     add_ln410_3_fu_24680_p2                                                                    |     |        | add_ln410_3          | add       | fabric                   | 0       |
|     retval_0_i_i170_fu_24713_p3                                                                |     |        | retval_0_i_i170      | select    | auto_sel                 | 0       |
|     fmul_32ns_32ns_32_5_max_dsp_1_U11830                                                       | 3   |        | result1_write_assign | fmul      | maxdsp                   | 4       |
|     icmp_ln411_fu_22742_p2                                                                     |     |        | icmp_ln411           | seteq     | auto                     | 0       |
|     sub_ln411_fu_22756_p2                                                                      |     |        | sub_ln411            | sub       | fabric                   | 0       |
|     tmp_585_fu_22770_p1                                                                        |     |        | select_ln411         | select    | auto_sel                 | 0       |
|     ctlz_56_56_1_1_U11835                                                                      |     |        | tmp_585              | ctlz      | auto                     | 0       |
|     sub_ln411_1_fu_22786_p2                                                                    |     |        | sub_ln411_1          | sub       | fabric                   | 0       |
|     add_ln411_fu_24257_p2                                                                      |     |        | add_ln411            | add       | fabric                   | 0       |
|     icmp_ln411_1_fu_24277_p2                                                                   |     |        | icmp_ln411_1         | setgt     | auto                     | 0       |
|     sub_ln411_4_fu_24283_p2                                                                    |     |        | sub_ln411_4          | sub       | fabric                   | 0       |
|     lshr_ln411_2_fu_24292_p2                                                                   |     |        | lshr_ln411_2         | lshr      | auto_pipe                | 0       |
|     and_ln411_fu_24298_p2                                                                      |     |        | and_ln411            | and       | auto                     | 0       |
|     icmp_ln411_2_fu_24303_p2                                                                   |     |        | icmp_ln411_2         | setne     | auto                     | 0       |
|     phi_ln411_fu_24309_p2                                                                      |     |        | phi_ln411            | and       | auto                     | 0       |
|     xor_ln411_fu_24323_p2                                                                      |     |        | xor_ln411            | xor       | auto                     | 0       |
|     bitselect_1ns_56ns_6ns_1_1_1_U11839                                                        |     |        | tmp_93               | bitselect | auto                     | 0       |
|     phi_ln411_1_fu_24336_p2                                                                    |     |        | phi_ln411_1          | and       | auto                     | 0       |
|     or_ln411_fu_24342_p2                                                                       |     |        | or_ln411             | or        | auto                     | 0       |
|     icmp_ln411_3_fu_24348_p2                                                                   |     |        | icmp_ln411_3         | setgt     | auto                     | 0       |
|     add_ln411_1_fu_24354_p2                                                                    |     |        | add_ln411_1          | add       | fabric                   | 0       |
|     lshr_ln411_fu_24367_p2                                                                     |     |        | lshr_ln411           | lshr      | auto_pipe                | 0       |
|     sub_ln411_2_fu_24372_p2                                                                    |     |        | sub_ln411_2          | sub       | fabric                   | 0       |
|     shl_ln411_fu_24385_p2                                                                      |     |        | shl_ln411            | shl       | auto_pipe                | 0       |
|     cond49_i_i90_in_fu_24720_p3                                                                |     |        | cond49_i_i90_in      | select    | auto_sel                 | 0       |
|     add_ln411_2_fu_24732_p2                                                                    |     |        | add_ln411_2          | add       | fabric                   | 0       |
|     select_ln411_1_fu_24760_p3                                                                 |     |        | select_ln411_1       | select    | auto_sel                 | 0       |
|     sub_ln411_3_fu_24768_p2                                                                    |     |        | sub_ln411_3          | sub       | fabric                   | 0       |
|     add_ln411_3_fu_24777_p2                                                                    |     |        | add_ln411_3          | add       | fabric                   | 0       |
|     retval_0_i_i102_fu_24810_p3                                                                |     |        | retval_0_i_i102      | select    | auto_sel                 | 0       |
|     fmul_32ns_32ns_32_5_max_dsp_1_U11831                                                       | 3   |        | result2_write_assign | fmul      | maxdsp                   | 4       |
|     icmp_ln412_fu_22792_p2                                                                     |     |        | icmp_ln412           | seteq     | auto                     | 0       |
|     sub_ln412_fu_22806_p2                                                                      |     |        | sub_ln412            | sub       | fabric                   | 0       |
|     tmp_587_fu_22820_p1                                                                        |     |        | select_ln412         | select    | auto_sel                 | 0       |
|     ctlz_56_56_1_1_U11836                                                                      |     |        | tmp_587              | ctlz      | auto                     | 0       |
|     sub_ln412_1_fu_22836_p2                                                                    |     |        | sub_ln412_1          | sub       | fabric                   | 0       |
|     add_ln412_fu_24393_p2                                                                      |     |        | add_ln412            | add       | fabric                   | 0       |
|     icmp_ln412_1_fu_24413_p2                                                                   |     |        | icmp_ln412_1         | setgt     | auto                     | 0       |
|     sub_ln412_4_fu_24419_p2                                                                    |     |        | sub_ln412_4          | sub       | fabric                   | 0       |
|     lshr_ln412_2_fu_24428_p2                                                                   |     |        | lshr_ln412_2         | lshr      | auto_pipe                | 0       |
|     and_ln412_fu_24434_p2                                                                      |     |        | and_ln412            | and       | auto                     | 0       |
|     icmp_ln412_2_fu_24439_p2                                                                   |     |        | icmp_ln412_2         | setne     | auto                     | 0       |
|     phi_ln412_fu_24445_p2                                                                      |     |        | phi_ln412            | and       | auto                     | 0       |
|     xor_ln412_fu_24459_p2                                                                      |     |        | xor_ln412            | xor       | auto                     | 0       |
|     bitselect_1ns_56ns_6ns_1_1_1_U11840                                                        |     |        | tmp_98               | bitselect | auto                     | 0       |
|     phi_ln412_1_fu_24472_p2                                                                    |     |        | phi_ln412_1          | and       | auto                     | 0       |
|     or_ln412_fu_24478_p2                                                                       |     |        | or_ln412             | or        | auto                     | 0       |
|     icmp_ln412_3_fu_24484_p2                                                                   |     |        | icmp_ln412_3         | setgt     | auto                     | 0       |
|     add_ln412_1_fu_24490_p2                                                                    |     |        | add_ln412_1          | add       | fabric                   | 0       |
|     lshr_ln412_fu_24503_p2                                                                     |     |        | lshr_ln412           | lshr      | auto_pipe                | 0       |
|     sub_ln412_2_fu_24508_p2                                                                    |     |        | sub_ln412_2          | sub       | fabric                   | 0       |
|     shl_ln412_fu_24521_p2                                                                      |     |        | shl_ln412            | shl       | auto_pipe                | 0       |
|     cond49_i_i_in_fu_24817_p3                                                                  |     |        | cond49_i_i_in        | select    | auto_sel                 | 0       |
|     add_ln412_2_fu_24829_p2                                                                    |     |        | add_ln412_2          | add       | fabric                   | 0       |
|     select_ln412_1_fu_24857_p3                                                                 |     |        | select_ln412_1       | select    | auto_sel                 | 0       |
|     sub_ln412_3_fu_24865_p2                                                                    |     |        | sub_ln412_3          | sub       | fabric                   | 0       |
|     add_ln412_3_fu_24874_p2                                                                    |     |        | add_ln412_3          | add       | fabric                   | 0       |
|     retval_0_i_i_fu_24907_p3                                                                   |     |        | retval_0_i_i         | select    | auto_sel                 | 0       |
|     fmul_32ns_32ns_32_5_max_dsp_1_U11832                                                       | 3   |        | result3_write_assign | fmul      | maxdsp                   | 4       |
|    + mac_blocks_down_q4k_k4_urm_Pipeline_MAC_GRP                                               | 64  |        |                      |           |                          |         |
|      icmp_ln359_fu_21360_p2                                                                    |     |        | icmp_ln359           | seteq     | auto                     | 0       |
|      add_ln359_fu_21366_p2                                                                     |     |        | add_ln359            | add       | fabric                   | 0       |
|      add_ln375_fu_21384_p2                                                                     |     |        | add_ln375            | add       | fabric                   | 0       |
|      mul_8s_4ns_12_1_1_U8759                                                                   |     |        | mul_ln381            | mul       | auto                     | 0       |
|      sparsemux_17_3_8_1_1_U8439                                                                |     |        | tmp_s                | sparsemux | compactencoding_dontcare | 0       |
|      sparsemux_17_3_8_1_1_U8440                                                                |     |        | tmp_199              | sparsemux | compactencoding_dontcare | 0       |
|      sparsemux_17_3_8_1_1_U8441                                                                |     |        | tmp_200              | sparsemux | compactencoding_dontcare | 0       |
|      sparsemux_17_3_8_1_1_U8442                                                                |     |        | tmp_201              | sparsemux | compactencoding_dontcare | 0       |
|      sparsemux_9_2_8_1_1_U8443                                                                 |     |        | tmp_202              | sparsemux | compactencoding_dontcare | 0       |
|      mac_muladd_12s_8s_32s_32_4_1_U8887                                                        | 1   |        | mul_ln381_1          | mul       | dsp_slice                | 3       |
|      mac_muladd_12s_8s_32s_32_4_1_U8887                                                        | 1   |        | sext_ln381_3         | sext      | dsp_slice                | 3       |
|      sparsemux_9_2_32_1_1_U8823                                                                |     |        | tmp_203              | sparsemux | compactencoding_dontcare | 0       |
|      mac_muladd_12s_8s_32s_32_4_1_U8887                                                        | 1   |        | acc_w0_71            | add       | dsp_slice                | 3       |
|      mul_8s_4ns_12_1_1_U8760                                                                   |     |        | mul_ln383            | mul       | auto                     | 0       |
|      mul_8s_4ns_12_1_1_U8761                                                                   |     |        | mul_ln385            | mul       | auto                     | 0       |
|      mul_8s_4ns_12_1_1_U8762                                                                   |     |        | mul_ln387            | mul       | auto                     | 0       |
|      mul_8s_4ns_12_1_1_U8763                                                                   |     |        | mul_ln381_2          | mul       | auto                     | 0       |
|      mul_8s_4ns_12_1_1_U8764                                                                   |     |        | mul_ln383_1          | mul       | auto                     | 0       |
|      mul_8s_4ns_12_1_1_U8765                                                                   |     |        | mul_ln385_1          | mul       | auto                     | 0       |
|      mul_8s_4ns_12_1_1_U8766                                                                   |     |        | mul_ln387_1          | mul       | auto                     | 0       |
|      mul_8s_4ns_12_1_1_U8767                                                                   |     |        | mul_ln381_3          | mul       | auto                     | 0       |
|      mul_8s_4ns_12_1_1_U8768                                                                   |     |        | mul_ln383_2          | mul       | auto                     | 0       |
|      mul_8s_4ns_12_1_1_U8769                                                                   |     |        | mul_ln385_2          | mul       | auto                     | 0       |
|      mul_8s_4ns_12_1_1_U8770                                                                   |     |        | mul_ln387_2          | mul       | auto                     | 0       |
|      mul_8s_4ns_12_1_1_U8771                                                                   |     |        | mul_ln381_4          | mul       | auto                     | 0       |
|      mul_8s_4ns_12_1_1_U8772                                                                   |     |        | mul_ln383_3          | mul       | auto                     | 0       |
|      mul_8s_4ns_12_1_1_U8773                                                                   |     |        | mul_ln385_3          | mul       | auto                     | 0       |
|      mul_8s_4ns_12_1_1_U8774                                                                   |     |        | mul_ln387_3          | mul       | auto                     | 0       |
|      mul_8s_4ns_12_1_1_U8775                                                                   |     |        | mul_ln381_5          | mul       | auto                     | 0       |
|      mul_8s_4ns_12_1_1_U8776                                                                   |     |        | mul_ln383_4          | mul       | auto                     | 0       |
|      mul_8s_4ns_12_1_1_U8777                                                                   |     |        | mul_ln385_4          | mul       | auto                     | 0       |
|      mul_8s_4ns_12_1_1_U8778                                                                   |     |        | mul_ln387_4          | mul       | auto                     | 0       |
|      mul_8s_4ns_12_1_1_U8779                                                                   |     |        | mul_ln381_6          | mul       | auto                     | 0       |
|      mul_8s_4ns_12_1_1_U8780                                                                   |     |        | mul_ln383_5          | mul       | auto                     | 0       |
|      mul_8s_4ns_12_1_1_U8781                                                                   |     |        | mul_ln385_5          | mul       | auto                     | 0       |
|      mul_8s_4ns_12_1_1_U8782                                                                   |     |        | mul_ln387_5          | mul       | auto                     | 0       |
|      mul_8s_4ns_12_1_1_U8783                                                                   |     |        | mul_ln381_7          | mul       | auto                     | 0       |
|      mul_8s_4ns_12_1_1_U8784                                                                   |     |        | mul_ln383_6          | mul       | auto                     | 0       |
|      mul_8s_4ns_12_1_1_U8785                                                                   |     |        | mul_ln385_6          | mul       | auto                     | 0       |
|      mul_8s_4ns_12_1_1_U8786                                                                   |     |        | mul_ln387_6          | mul       | auto                     | 0       |
|      mul_8s_4ns_12_1_1_U8787                                                                   |     |        | mul_ln381_8          | mul       | auto                     | 0       |
|      sparsemux_17_3_8_1_1_U8444                                                                |     |        | tmp_204              | sparsemux | compactencoding_dontcare | 0       |
|      sparsemux_17_3_8_1_1_U8445                                                                |     |        | tmp_205              | sparsemux | compactencoding_dontcare | 0       |
|      sparsemux_17_3_8_1_1_U8446                                                                |     |        | tmp_206              | sparsemux | compactencoding_dontcare | 0       |
|      sparsemux_17_3_8_1_1_U8447                                                                |     |        | tmp_207              | sparsemux | compactencoding_dontcare | 0       |
|      sparsemux_9_2_8_1_1_U8448                                                                 |     |        | tmp_208              | sparsemux | compactencoding_dontcare | 0       |
|      mac_muladd_12s_8s_32s_32_4_1_U8888                                                        | 1   |        | mul_ln381_9          | mul       | dsp_slice                | 3       |
|      mac_muladd_12s_8s_32s_32_4_1_U8888                                                        | 1   |        | sext_ln381_12        | sext      | dsp_slice                | 3       |
|      sparsemux_17_3_8_1_1_U8449                                                                |     |        | tmp_209              | sparsemux | compactencoding_dontcare | 0       |
|      sparsemux_17_3_8_1_1_U8450                                                                |     |        | tmp_210              | sparsemux | compactencoding_dontcare | 0       |
|      sparsemux_17_3_8_1_1_U8451                                                                |     |        | tmp_211              | sparsemux | compactencoding_dontcare | 0       |
|      sparsemux_17_3_8_1_1_U8452                                                                |     |        | tmp_212              | sparsemux | compactencoding_dontcare | 0       |
|      sparsemux_9_2_8_1_1_U8453                                                                 |     |        | tmp_213              | sparsemux | compactencoding_dontcare | 0       |
|      mac_muladd_12s_8s_32s_32_4_1_U8889                                                        | 1   |        | mul_ln381_10         | mul       | dsp_slice                | 3       |
|      mac_muladd_12s_8s_32s_32_4_1_U8889                                                        | 1   |        | sext_ln381_14        | sext      | dsp_slice                | 3       |
|      sparsemux_17_3_8_1_1_U8454                                                                |     |        | tmp_214              | sparsemux | compactencoding_dontcare | 0       |
|      sparsemux_17_3_8_1_1_U8455                                                                |     |        | tmp_215              | sparsemux | compactencoding_dontcare | 0       |
|      sparsemux_17_3_8_1_1_U8456                                                                |     |        | tmp_216              | sparsemux | compactencoding_dontcare | 0       |
|      sparsemux_17_3_8_1_1_U8457                                                                |     |        | tmp_217              | sparsemux | compactencoding_dontcare | 0       |
|      sparsemux_9_2_8_1_1_U8458                                                                 |     |        | tmp_218              | sparsemux | compactencoding_dontcare | 0       |
|      mac_muladd_12s_8s_32s_32_4_1_U8890                                                        | 1   |        | mul_ln381_11         | mul       | dsp_slice                | 3       |
|      mac_muladd_12s_8s_32s_32_4_1_U8890                                                        | 1   |        | sext_ln381_16        | sext      | dsp_slice                | 3       |
|      sparsemux_17_3_8_1_1_U8459                                                                |     |        | tmp_219              | sparsemux | compactencoding_dontcare | 0       |
|      sparsemux_17_3_8_1_1_U8460                                                                |     |        | tmp_220              | sparsemux | compactencoding_dontcare | 0       |
|      sparsemux_17_3_8_1_1_U8461                                                                |     |        | tmp_221              | sparsemux | compactencoding_dontcare | 0       |
|      sparsemux_17_3_8_1_1_U8462                                                                |     |        | tmp_222              | sparsemux | compactencoding_dontcare | 0       |
|      sparsemux_9_2_8_1_1_U8463                                                                 |     |        | tmp_223              | sparsemux | compactencoding_dontcare | 0       |
|      mac_muladd_12s_8s_32s_32_4_1_U8891                                                        | 1   |        | mul_ln381_12         | mul       | dsp_slice                | 3       |
|      mac_muladd_12s_8s_32s_32_4_1_U8891                                                        | 1   |        | sext_ln381_18        | sext      | dsp_slice                | 3       |
|      sparsemux_17_3_8_1_1_U8464                                                                |     |        | tmp_224              | sparsemux | compactencoding_dontcare | 0       |
|      sparsemux_17_3_8_1_1_U8465                                                                |     |        | tmp_225              | sparsemux | compactencoding_dontcare | 0       |
|      sparsemux_17_3_8_1_1_U8466                                                                |     |        | tmp_226              | sparsemux | compactencoding_dontcare | 0       |
|      sparsemux_17_3_8_1_1_U8467                                                                |     |        | tmp_227              | sparsemux | compactencoding_dontcare | 0       |
|      sparsemux_9_2_8_1_1_U8468                                                                 |     |        | tmp_228              | sparsemux | compactencoding_dontcare | 0       |
|      mac_muladd_12s_8s_32s_32_4_1_U8892                                                        | 1   |        | mul_ln381_13         | mul       | dsp_slice                | 3       |
|      mac_muladd_12s_8s_32s_32_4_1_U8892                                                        | 1   |        | sext_ln381_20        | sext      | dsp_slice                | 3       |
|      sparsemux_17_3_8_1_1_U8469                                                                |     |        | tmp_229              | sparsemux | compactencoding_dontcare | 0       |
|      sparsemux_17_3_8_1_1_U8470                                                                |     |        | tmp_230              | sparsemux | compactencoding_dontcare | 0       |
|      sparsemux_17_3_8_1_1_U8471                                                                |     |        | tmp_231              | sparsemux | compactencoding_dontcare | 0       |
|      sparsemux_17_3_8_1_1_U8472                                                                |     |        | tmp_232              | sparsemux | compactencoding_dontcare | 0       |
|      sparsemux_9_2_8_1_1_U8473                                                                 |     |        | tmp_233              | sparsemux | compactencoding_dontcare | 0       |
|      mac_muladd_12s_8s_32s_32_4_1_U8893                                                        | 1   |        | mul_ln381_14         | mul       | dsp_slice                | 3       |
|      mac_muladd_12s_8s_32s_32_4_1_U8893                                                        | 1   |        | sext_ln381_22        | sext      | dsp_slice                | 3       |
|      sparsemux_17_3_8_1_1_U8474                                                                |     |        | tmp_234              | sparsemux | compactencoding_dontcare | 0       |
|      sparsemux_17_3_8_1_1_U8475                                                                |     |        | tmp_235              | sparsemux | compactencoding_dontcare | 0       |
|      sparsemux_17_3_8_1_1_U8476                                                                |     |        | tmp_236              | sparsemux | compactencoding_dontcare | 0       |
|      sparsemux_17_3_8_1_1_U8477                                                                |     |        | tmp_237              | sparsemux | compactencoding_dontcare | 0       |
|      sparsemux_9_2_8_1_1_U8478                                                                 |     |        | tmp_238              | sparsemux | compactencoding_dontcare | 0       |
|      mac_muladd_12s_8s_32s_32_4_1_U8894                                                        | 1   |        | mul_ln381_15         | mul       | dsp_slice                | 3       |
|      mac_muladd_12s_8s_32s_32_4_1_U8894                                                        | 1   |        | sext_ln381_25        | sext      | dsp_slice                | 3       |
|      sparsemux_17_3_8_1_1_U8479                                                                |     |        | tmp_239              | sparsemux | compactencoding_dontcare | 0       |
|      sparsemux_17_3_8_1_1_U8480                                                                |     |        | tmp_240              | sparsemux | compactencoding_dontcare | 0       |
|      sparsemux_17_3_8_1_1_U8481                                                                |     |        | tmp_241              | sparsemux | compactencoding_dontcare | 0       |
|      sparsemux_17_3_8_1_1_U8482                                                                |     |        | tmp_242              | sparsemux | compactencoding_dontcare | 0       |
|      sparsemux_9_2_8_1_1_U8483                                                                 |     |        | tmp_243              | sparsemux | compactencoding_dontcare | 0       |
|      mac_muladd_8s_8s_32s_32_4_1_U8855                                                         | 1   |        | mul_ln382            | mul       | dsp_slice                | 3       |
|      mac_muladd_8s_8s_32s_32_4_1_U8855                                                         | 1   |        | sext_ln382_8         | sext      | dsp_slice                | 3       |
|      sparsemux_17_3_8_1_1_U8484                                                                |     |        | tmp_244              | sparsemux | compactencoding_dontcare | 0       |
|      sparsemux_17_3_8_1_1_U8485                                                                |     |        | tmp_245              | sparsemux | compactencoding_dontcare | 0       |
|      sparsemux_17_3_8_1_1_U8486                                                                |     |        | tmp_246              | sparsemux | compactencoding_dontcare | 0       |
|      sparsemux_17_3_8_1_1_U8487                                                                |     |        | tmp_247              | sparsemux | compactencoding_dontcare | 0       |
|      sparsemux_9_2_8_1_1_U8488                                                                 |     |        | tmp_248              | sparsemux | compactencoding_dontcare | 0       |
|      mac_muladd_8s_8s_32s_32_4_1_U8856                                                         | 1   |        | mul_ln382_1          | mul       | dsp_slice                | 3       |
|      mac_muladd_8s_8s_32s_32_4_1_U8856                                                         | 1   |        | sext_ln382_10        | sext      | dsp_slice                | 3       |
|      sparsemux_17_3_8_1_1_U8489                                                                |     |        | tmp_249              | sparsemux | compactencoding_dontcare | 0       |
|      sparsemux_17_3_8_1_1_U8490                                                                |     |        | tmp_250              | sparsemux | compactencoding_dontcare | 0       |
|      sparsemux_17_3_8_1_1_U8491                                                                |     |        | tmp_251              | sparsemux | compactencoding_dontcare | 0       |
|      sparsemux_17_3_8_1_1_U8492                                                                |     |        | tmp_252              | sparsemux | compactencoding_dontcare | 0       |
|      sparsemux_9_2_8_1_1_U8493                                                                 |     |        | tmp_253              | sparsemux | compactencoding_dontcare | 0       |
|      mac_muladd_8s_8s_32s_32_4_1_U8857                                                         | 1   |        | mul_ln382_2          | mul       | dsp_slice                | 3       |
|      mac_muladd_8s_8s_32s_32_4_1_U8857                                                         | 1   |        | sext_ln382_12        | sext      | dsp_slice                | 3       |
|      sparsemux_17_3_8_1_1_U8494                                                                |     |        | tmp_254              | sparsemux | compactencoding_dontcare | 0       |
|      sparsemux_17_3_8_1_1_U8495                                                                |     |        | tmp_255              | sparsemux | compactencoding_dontcare | 0       |
|      sparsemux_17_3_8_1_1_U8496                                                                |     |        | tmp_256              | sparsemux | compactencoding_dontcare | 0       |
|      sparsemux_17_3_8_1_1_U8497                                                                |     |        | tmp_257              | sparsemux | compactencoding_dontcare | 0       |
|      sparsemux_9_2_8_1_1_U8498                                                                 |     |        | tmp_258              | sparsemux | compactencoding_dontcare | 0       |
|      mac_muladd_8s_8s_32s_32_4_1_U8858                                                         | 1   |        | mul_ln382_3          | mul       | dsp_slice                | 3       |
|      mac_muladd_8s_8s_32s_32_4_1_U8858                                                         | 1   |        | sext_ln382_14        | sext      | dsp_slice                | 3       |
|      sparsemux_17_3_8_1_1_U8499                                                                |     |        | tmp_259              | sparsemux | compactencoding_dontcare | 0       |
|      sparsemux_17_3_8_1_1_U8500                                                                |     |        | tmp_260              | sparsemux | compactencoding_dontcare | 0       |
|      sparsemux_17_3_8_1_1_U8501                                                                |     |        | tmp_261              | sparsemux | compactencoding_dontcare | 0       |
|      sparsemux_17_3_8_1_1_U8502                                                                |     |        | tmp_262              | sparsemux | compactencoding_dontcare | 0       |
|      sparsemux_9_2_8_1_1_U8503                                                                 |     |        | tmp_263              | sparsemux | compactencoding_dontcare | 0       |
|      mac_muladd_8s_8s_32s_32_4_1_U8859                                                         | 1   |        | mul_ln382_4          | mul       | dsp_slice                | 3       |
|      mac_muladd_8s_8s_32s_32_4_1_U8859                                                         | 1   |        | sext_ln382_16        | sext      | dsp_slice                | 3       |
|      sparsemux_17_3_8_1_1_U8504                                                                |     |        | tmp_264              | sparsemux | compactencoding_dontcare | 0       |
|      sparsemux_17_3_8_1_1_U8505                                                                |     |        | tmp_265              | sparsemux | compactencoding_dontcare | 0       |
|      sparsemux_17_3_8_1_1_U8506                                                                |     |        | tmp_266              | sparsemux | compactencoding_dontcare | 0       |
|      sparsemux_17_3_8_1_1_U8507                                                                |     |        | tmp_267              | sparsemux | compactencoding_dontcare | 0       |
|      sparsemux_9_2_8_1_1_U8508                                                                 |     |        | tmp_268              | sparsemux | compactencoding_dontcare | 0       |
|      mac_muladd_8s_8s_32s_32_4_1_U8860                                                         | 1   |        | mul_ln382_5          | mul       | dsp_slice                | 3       |
|      mac_muladd_8s_8s_32s_32_4_1_U8860                                                         | 1   |        | sext_ln382_18        | sext      | dsp_slice                | 3       |
|      sparsemux_17_3_8_1_1_U8509                                                                |     |        | tmp_269              | sparsemux | compactencoding_dontcare | 0       |
|      sparsemux_17_3_8_1_1_U8510                                                                |     |        | tmp_270              | sparsemux | compactencoding_dontcare | 0       |
|      sparsemux_17_3_8_1_1_U8511                                                                |     |        | tmp_271              | sparsemux | compactencoding_dontcare | 0       |
|      sparsemux_17_3_8_1_1_U8512                                                                |     |        | tmp_272              | sparsemux | compactencoding_dontcare | 0       |
|      sparsemux_9_2_8_1_1_U8513                                                                 |     |        | tmp_273              | sparsemux | compactencoding_dontcare | 0       |
|      mac_muladd_8s_8s_32s_32_4_1_U8861                                                         | 1   |        | mul_ln382_6          | mul       | dsp_slice                | 3       |
|      mac_muladd_8s_8s_32s_32_4_1_U8861                                                         | 1   |        | sext_ln382_20        | sext      | dsp_slice                | 3       |
|      sparsemux_17_3_8_1_1_U8514                                                                |     |        | tmp_274              | sparsemux | compactencoding_dontcare | 0       |
|      sparsemux_17_3_8_1_1_U8515                                                                |     |        | tmp_275              | sparsemux | compactencoding_dontcare | 0       |
|      sparsemux_17_3_8_1_1_U8516                                                                |     |        | tmp_276              | sparsemux | compactencoding_dontcare | 0       |
|      sparsemux_17_3_8_1_1_U8517                                                                |     |        | tmp_277              | sparsemux | compactencoding_dontcare | 0       |
|      sparsemux_9_2_8_1_1_U8518                                                                 |     |        | tmp_278              | sparsemux | compactencoding_dontcare | 0       |
|      mac_muladd_8s_8s_32s_32_4_1_U8862                                                         | 1   |        | mul_ln382_7          | mul       | dsp_slice                | 3       |
|      mac_muladd_8s_8s_32s_32_4_1_U8862                                                         | 1   |        | sext_ln382_23        | sext      | dsp_slice                | 3       |
|      mul_8s_4ns_12_1_1_U8788                                                                   |     |        | mul_ln383_7          | mul       | auto                     | 0       |
|      sparsemux_17_3_8_1_1_U8519                                                                |     |        | tmp_279              | sparsemux | compactencoding_dontcare | 0       |
|      sparsemux_17_3_8_1_1_U8520                                                                |     |        | tmp_280              | sparsemux | compactencoding_dontcare | 0       |
|      sparsemux_17_3_8_1_1_U8521                                                                |     |        | tmp_281              | sparsemux | compactencoding_dontcare | 0       |
|      sparsemux_17_3_8_1_1_U8522                                                                |     |        | tmp_282              | sparsemux | compactencoding_dontcare | 0       |
|      sparsemux_9_2_8_1_1_U8523                                                                 |     |        | tmp_283              | sparsemux | compactencoding_dontcare | 0       |
|      mac_muladd_12s_8s_32s_32_4_1_U8895                                                        | 1   |        | mul_ln383_8          | mul       | dsp_slice                | 3       |
|      mac_muladd_12s_8s_32s_32_4_1_U8895                                                        | 1   |        | sext_ln383_1         | sext      | dsp_slice                | 3       |
|      sparsemux_17_3_8_1_1_U8524                                                                |     |        | tmp_284              | sparsemux | compactencoding_dontcare | 0       |
|      sparsemux_17_3_8_1_1_U8525                                                                |     |        | tmp_285              | sparsemux | compactencoding_dontcare | 0       |
|      sparsemux_17_3_8_1_1_U8526                                                                |     |        | tmp_286              | sparsemux | compactencoding_dontcare | 0       |
|      sparsemux_17_3_8_1_1_U8527                                                                |     |        | tmp_287              | sparsemux | compactencoding_dontcare | 0       |
|      sparsemux_9_2_8_1_1_U8528                                                                 |     |        | tmp_288              | sparsemux | compactencoding_dontcare | 0       |
|      mac_muladd_12s_8s_32s_32_4_1_U8896                                                        | 1   |        | mul_ln383_9          | mul       | dsp_slice                | 3       |
|      mac_muladd_12s_8s_32s_32_4_1_U8896                                                        | 1   |        | sext_ln383_3         | sext      | dsp_slice                | 3       |
|      sparsemux_17_3_8_1_1_U8529                                                                |     |        | tmp_289              | sparsemux | compactencoding_dontcare | 0       |
|      sparsemux_17_3_8_1_1_U8530                                                                |     |        | tmp_290              | sparsemux | compactencoding_dontcare | 0       |
|      sparsemux_17_3_8_1_1_U8531                                                                |     |        | tmp_291              | sparsemux | compactencoding_dontcare | 0       |
|      sparsemux_17_3_8_1_1_U8532                                                                |     |        | tmp_292              | sparsemux | compactencoding_dontcare | 0       |
|      sparsemux_9_2_8_1_1_U8533                                                                 |     |        | tmp_293              | sparsemux | compactencoding_dontcare | 0       |
|      mac_muladd_12s_8s_32s_32_4_1_U8897                                                        | 1   |        | mul_ln383_10         | mul       | dsp_slice                | 3       |
|      mac_muladd_12s_8s_32s_32_4_1_U8897                                                        | 1   |        | sext_ln383_5         | sext      | dsp_slice                | 3       |
|      sparsemux_17_3_8_1_1_U8534                                                                |     |        | tmp_294              | sparsemux | compactencoding_dontcare | 0       |
|      sparsemux_17_3_8_1_1_U8535                                                                |     |        | tmp_295              | sparsemux | compactencoding_dontcare | 0       |
|      sparsemux_17_3_8_1_1_U8536                                                                |     |        | tmp_296              | sparsemux | compactencoding_dontcare | 0       |
|      sparsemux_17_3_8_1_1_U8537                                                                |     |        | tmp_297              | sparsemux | compactencoding_dontcare | 0       |
|      sparsemux_9_2_8_1_1_U8538                                                                 |     |        | tmp_298              | sparsemux | compactencoding_dontcare | 0       |
|      mac_muladd_12s_8s_32s_32_4_1_U8898                                                        | 1   |        | mul_ln383_11         | mul       | dsp_slice                | 3       |
|      mac_muladd_12s_8s_32s_32_4_1_U8898                                                        | 1   |        | sext_ln383_7         | sext      | dsp_slice                | 3       |
|      sparsemux_17_3_8_1_1_U8539                                                                |     |        | tmp_299              | sparsemux | compactencoding_dontcare | 0       |
|      sparsemux_17_3_8_1_1_U8540                                                                |     |        | tmp_300              | sparsemux | compactencoding_dontcare | 0       |
|      sparsemux_17_3_8_1_1_U8541                                                                |     |        | tmp_301              | sparsemux | compactencoding_dontcare | 0       |
|      sparsemux_17_3_8_1_1_U8542                                                                |     |        | tmp_302              | sparsemux | compactencoding_dontcare | 0       |
|      sparsemux_9_2_8_1_1_U8543                                                                 |     |        | tmp_303              | sparsemux | compactencoding_dontcare | 0       |
|      mac_muladd_12s_8s_32s_32_4_1_U8899                                                        | 1   |        | mul_ln383_12         | mul       | dsp_slice                | 3       |
|      mac_muladd_12s_8s_32s_32_4_1_U8899                                                        | 1   |        | sext_ln383_9         | sext      | dsp_slice                | 3       |
|      sparsemux_17_3_8_1_1_U8544                                                                |     |        | tmp_304              | sparsemux | compactencoding_dontcare | 0       |
|      sparsemux_17_3_8_1_1_U8545                                                                |     |        | tmp_305              | sparsemux | compactencoding_dontcare | 0       |
|      sparsemux_17_3_8_1_1_U8546                                                                |     |        | tmp_306              | sparsemux | compactencoding_dontcare | 0       |
|      sparsemux_17_3_8_1_1_U8547                                                                |     |        | tmp_307              | sparsemux | compactencoding_dontcare | 0       |
|      sparsemux_9_2_8_1_1_U8548                                                                 |     |        | tmp_308              | sparsemux | compactencoding_dontcare | 0       |
|      mac_muladd_12s_8s_32s_32_4_1_U8900                                                        | 1   |        | mul_ln383_13         | mul       | dsp_slice                | 3       |
|      mac_muladd_12s_8s_32s_32_4_1_U8900                                                        | 1   |        | sext_ln383_11        | sext      | dsp_slice                | 3       |
|      sparsemux_17_3_8_1_1_U8549                                                                |     |        | tmp_309              | sparsemux | compactencoding_dontcare | 0       |
|      sparsemux_17_3_8_1_1_U8550                                                                |     |        | tmp_310              | sparsemux | compactencoding_dontcare | 0       |
|      sparsemux_17_3_8_1_1_U8551                                                                |     |        | tmp_311              | sparsemux | compactencoding_dontcare | 0       |
|      sparsemux_17_3_8_1_1_U8552                                                                |     |        | tmp_312              | sparsemux | compactencoding_dontcare | 0       |
|      sparsemux_9_2_8_1_1_U8553                                                                 |     |        | tmp_313              | sparsemux | compactencoding_dontcare | 0       |
|      mac_muladd_12s_8s_32s_32_4_1_U8901                                                        | 1   |        | mul_ln383_14         | mul       | dsp_slice                | 3       |
|      mac_muladd_12s_8s_32s_32_4_1_U8901                                                        | 1   |        | sext_ln383_13        | sext      | dsp_slice                | 3       |
|      sparsemux_17_3_8_1_1_U8554                                                                |     |        | tmp_314              | sparsemux | compactencoding_dontcare | 0       |
|      sparsemux_17_3_8_1_1_U8555                                                                |     |        | tmp_315              | sparsemux | compactencoding_dontcare | 0       |
|      sparsemux_17_3_8_1_1_U8556                                                                |     |        | tmp_316              | sparsemux | compactencoding_dontcare | 0       |
|      sparsemux_17_3_8_1_1_U8557                                                                |     |        | tmp_317              | sparsemux | compactencoding_dontcare | 0       |
|      sparsemux_9_2_8_1_1_U8558                                                                 |     |        | tmp_318              | sparsemux | compactencoding_dontcare | 0       |
|      mac_muladd_12s_8s_32s_32_4_1_U8902                                                        | 1   |        | mul_ln383_15         | mul       | dsp_slice                | 3       |
|      mac_muladd_12s_8s_32s_32_4_1_U8902                                                        | 1   |        | sext_ln383_16        | sext      | dsp_slice                | 3       |
|      sparsemux_17_3_8_1_1_U8559                                                                |     |        | tmp_319              | sparsemux | compactencoding_dontcare | 0       |
|      sparsemux_17_3_8_1_1_U8560                                                                |     |        | tmp_320              | sparsemux | compactencoding_dontcare | 0       |
|      sparsemux_17_3_8_1_1_U8561                                                                |     |        | tmp_321              | sparsemux | compactencoding_dontcare | 0       |
|      sparsemux_17_3_8_1_1_U8562                                                                |     |        | tmp_322              | sparsemux | compactencoding_dontcare | 0       |
|      sparsemux_9_2_8_1_1_U8563                                                                 |     |        | tmp_323              | sparsemux | compactencoding_dontcare | 0       |
|      mac_muladd_8s_8s_32s_32_4_1_U8863                                                         | 1   |        | mul_ln384            | mul       | dsp_slice                | 3       |
|      mac_muladd_8s_8s_32s_32_4_1_U8863                                                         | 1   |        | sext_ln384_1         | sext      | dsp_slice                | 3       |
|      sparsemux_17_3_8_1_1_U8564                                                                |     |        | tmp_324              | sparsemux | compactencoding_dontcare | 0       |
|      sparsemux_17_3_8_1_1_U8565                                                                |     |        | tmp_325              | sparsemux | compactencoding_dontcare | 0       |
|      sparsemux_17_3_8_1_1_U8566                                                                |     |        | tmp_326              | sparsemux | compactencoding_dontcare | 0       |
|      sparsemux_17_3_8_1_1_U8567                                                                |     |        | tmp_327              | sparsemux | compactencoding_dontcare | 0       |
|      sparsemux_9_2_8_1_1_U8568                                                                 |     |        | tmp_328              | sparsemux | compactencoding_dontcare | 0       |
|      mac_muladd_8s_8s_32s_32_4_1_U8864                                                         | 1   |        | mul_ln384_1          | mul       | dsp_slice                | 3       |
|      mac_muladd_8s_8s_32s_32_4_1_U8864                                                         | 1   |        | sext_ln384_3         | sext      | dsp_slice                | 3       |
|      sparsemux_17_3_8_1_1_U8569                                                                |     |        | tmp_329              | sparsemux | compactencoding_dontcare | 0       |
|      sparsemux_17_3_8_1_1_U8570                                                                |     |        | tmp_330              | sparsemux | compactencoding_dontcare | 0       |
|      sparsemux_17_3_8_1_1_U8571                                                                |     |        | tmp_331              | sparsemux | compactencoding_dontcare | 0       |
|      sparsemux_17_3_8_1_1_U8572                                                                |     |        | tmp_332              | sparsemux | compactencoding_dontcare | 0       |
|      sparsemux_9_2_8_1_1_U8573                                                                 |     |        | tmp_333              | sparsemux | compactencoding_dontcare | 0       |
|      mac_muladd_8s_8s_32s_32_4_1_U8865                                                         | 1   |        | mul_ln384_2          | mul       | dsp_slice                | 3       |
|      mac_muladd_8s_8s_32s_32_4_1_U8865                                                         | 1   |        | sext_ln384_5         | sext      | dsp_slice                | 3       |
|      sparsemux_17_3_8_1_1_U8574                                                                |     |        | tmp_334              | sparsemux | compactencoding_dontcare | 0       |
|      sparsemux_17_3_8_1_1_U8575                                                                |     |        | tmp_335              | sparsemux | compactencoding_dontcare | 0       |
|      sparsemux_17_3_8_1_1_U8576                                                                |     |        | tmp_336              | sparsemux | compactencoding_dontcare | 0       |
|      sparsemux_17_3_8_1_1_U8577                                                                |     |        | tmp_337              | sparsemux | compactencoding_dontcare | 0       |
|      sparsemux_9_2_8_1_1_U8578                                                                 |     |        | tmp_338              | sparsemux | compactencoding_dontcare | 0       |
|      mac_muladd_8s_8s_32s_32_4_1_U8866                                                         | 1   |        | mul_ln384_3          | mul       | dsp_slice                | 3       |
|      mac_muladd_8s_8s_32s_32_4_1_U8866                                                         | 1   |        | sext_ln384_7         | sext      | dsp_slice                | 3       |
|      sparsemux_17_3_8_1_1_U8579                                                                |     |        | tmp_339              | sparsemux | compactencoding_dontcare | 0       |
|      sparsemux_17_3_8_1_1_U8580                                                                |     |        | tmp_340              | sparsemux | compactencoding_dontcare | 0       |
|      sparsemux_17_3_8_1_1_U8581                                                                |     |        | tmp_341              | sparsemux | compactencoding_dontcare | 0       |
|      sparsemux_17_3_8_1_1_U8582                                                                |     |        | tmp_342              | sparsemux | compactencoding_dontcare | 0       |
|      sparsemux_9_2_8_1_1_U8583                                                                 |     |        | tmp_343              | sparsemux | compactencoding_dontcare | 0       |
|      mac_muladd_8s_8s_32s_32_4_1_U8867                                                         | 1   |        | mul_ln384_4          | mul       | dsp_slice                | 3       |
|      mac_muladd_8s_8s_32s_32_4_1_U8867                                                         | 1   |        | sext_ln384_9         | sext      | dsp_slice                | 3       |
|      sparsemux_17_3_8_1_1_U8584                                                                |     |        | tmp_344              | sparsemux | compactencoding_dontcare | 0       |
|      sparsemux_17_3_8_1_1_U8585                                                                |     |        | tmp_345              | sparsemux | compactencoding_dontcare | 0       |
|      sparsemux_17_3_8_1_1_U8586                                                                |     |        | tmp_346              | sparsemux | compactencoding_dontcare | 0       |
|      sparsemux_17_3_8_1_1_U8587                                                                |     |        | tmp_347              | sparsemux | compactencoding_dontcare | 0       |
|      sparsemux_9_2_8_1_1_U8588                                                                 |     |        | tmp_348              | sparsemux | compactencoding_dontcare | 0       |
|      mac_muladd_8s_8s_32s_32_4_1_U8868                                                         | 1   |        | mul_ln384_5          | mul       | dsp_slice                | 3       |
|      mac_muladd_8s_8s_32s_32_4_1_U8868                                                         | 1   |        | sext_ln384_11        | sext      | dsp_slice                | 3       |
|      sparsemux_17_3_8_1_1_U8589                                                                |     |        | tmp_349              | sparsemux | compactencoding_dontcare | 0       |
|      sparsemux_17_3_8_1_1_U8590                                                                |     |        | tmp_350              | sparsemux | compactencoding_dontcare | 0       |
|      sparsemux_17_3_8_1_1_U8591                                                                |     |        | tmp_351              | sparsemux | compactencoding_dontcare | 0       |
|      sparsemux_17_3_8_1_1_U8592                                                                |     |        | tmp_352              | sparsemux | compactencoding_dontcare | 0       |
|      sparsemux_9_2_8_1_1_U8593                                                                 |     |        | tmp_353              | sparsemux | compactencoding_dontcare | 0       |
|      mac_muladd_8s_8s_32s_32_4_1_U8869                                                         | 1   |        | mul_ln384_6          | mul       | dsp_slice                | 3       |
|      mac_muladd_8s_8s_32s_32_4_1_U8869                                                         | 1   |        | sext_ln384_13        | sext      | dsp_slice                | 3       |
|      sparsemux_17_3_8_1_1_U8594                                                                |     |        | tmp_354              | sparsemux | compactencoding_dontcare | 0       |
|      sparsemux_17_3_8_1_1_U8595                                                                |     |        | tmp_355              | sparsemux | compactencoding_dontcare | 0       |
|      sparsemux_17_3_8_1_1_U8596                                                                |     |        | tmp_356              | sparsemux | compactencoding_dontcare | 0       |
|      sparsemux_17_3_8_1_1_U8597                                                                |     |        | tmp_357              | sparsemux | compactencoding_dontcare | 0       |
|      sparsemux_9_2_8_1_1_U8598                                                                 |     |        | tmp_358              | sparsemux | compactencoding_dontcare | 0       |
|      mac_muladd_8s_8s_32s_32_4_1_U8870                                                         | 1   |        | mul_ln384_7          | mul       | dsp_slice                | 3       |
|      mac_muladd_8s_8s_32s_32_4_1_U8870                                                         | 1   |        | sext_ln384_15        | sext      | dsp_slice                | 3       |
|      mul_8s_4ns_12_1_1_U8789                                                                   |     |        | mul_ln385_7          | mul       | auto                     | 0       |
|      sparsemux_17_3_8_1_1_U8599                                                                |     |        | tmp_359              | sparsemux | compactencoding_dontcare | 0       |
|      sparsemux_17_3_8_1_1_U8600                                                                |     |        | tmp_360              | sparsemux | compactencoding_dontcare | 0       |
|      sparsemux_17_3_8_1_1_U8601                                                                |     |        | tmp_361              | sparsemux | compactencoding_dontcare | 0       |
|      sparsemux_17_3_8_1_1_U8602                                                                |     |        | tmp_362              | sparsemux | compactencoding_dontcare | 0       |
|      sparsemux_9_2_8_1_1_U8603                                                                 |     |        | tmp_363              | sparsemux | compactencoding_dontcare | 0       |
|      mac_muladd_12s_8s_32s_32_4_1_U8903                                                        | 1   |        | mul_ln385_8          | mul       | dsp_slice                | 3       |
|      mac_muladd_12s_8s_32s_32_4_1_U8903                                                        | 1   |        | sext_ln385_8         | sext      | dsp_slice                | 3       |
|      sparsemux_17_3_8_1_1_U8604                                                                |     |        | tmp_364              | sparsemux | compactencoding_dontcare | 0       |
|      sparsemux_17_3_8_1_1_U8605                                                                |     |        | tmp_365              | sparsemux | compactencoding_dontcare | 0       |
|      sparsemux_17_3_8_1_1_U8606                                                                |     |        | tmp_366              | sparsemux | compactencoding_dontcare | 0       |
|      sparsemux_17_3_8_1_1_U8607                                                                |     |        | tmp_367              | sparsemux | compactencoding_dontcare | 0       |
|      sparsemux_9_2_8_1_1_U8608                                                                 |     |        | tmp_368              | sparsemux | compactencoding_dontcare | 0       |
|      mac_muladd_12s_8s_32s_32_4_1_U8904                                                        | 1   |        | mul_ln385_9          | mul       | dsp_slice                | 3       |
|      mac_muladd_12s_8s_32s_32_4_1_U8904                                                        | 1   |        | sext_ln385_10        | sext      | dsp_slice                | 3       |
|      sparsemux_17_3_8_1_1_U8609                                                                |     |        | tmp_369              | sparsemux | compactencoding_dontcare | 0       |
|      sparsemux_17_3_8_1_1_U8610                                                                |     |        | tmp_370              | sparsemux | compactencoding_dontcare | 0       |
|      sparsemux_17_3_8_1_1_U8611                                                                |     |        | tmp_371              | sparsemux | compactencoding_dontcare | 0       |
|      sparsemux_17_3_8_1_1_U8612                                                                |     |        | tmp_372              | sparsemux | compactencoding_dontcare | 0       |
|      sparsemux_9_2_8_1_1_U8613                                                                 |     |        | tmp_373              | sparsemux | compactencoding_dontcare | 0       |
|      mac_muladd_12s_8s_32s_32_4_1_U8905                                                        | 1   |        | mul_ln385_10         | mul       | dsp_slice                | 3       |
|      mac_muladd_12s_8s_32s_32_4_1_U8905                                                        | 1   |        | sext_ln385_12        | sext      | dsp_slice                | 3       |
|      sparsemux_17_3_8_1_1_U8614                                                                |     |        | tmp_374              | sparsemux | compactencoding_dontcare | 0       |
|      sparsemux_17_3_8_1_1_U8615                                                                |     |        | tmp_375              | sparsemux | compactencoding_dontcare | 0       |
|      sparsemux_17_3_8_1_1_U8616                                                                |     |        | tmp_376              | sparsemux | compactencoding_dontcare | 0       |
|      sparsemux_17_3_8_1_1_U8617                                                                |     |        | tmp_377              | sparsemux | compactencoding_dontcare | 0       |
|      sparsemux_9_2_8_1_1_U8618                                                                 |     |        | tmp_378              | sparsemux | compactencoding_dontcare | 0       |
|      mac_muladd_12s_8s_32s_32_4_1_U8906                                                        | 1   |        | mul_ln385_11         | mul       | dsp_slice                | 3       |
|      mac_muladd_12s_8s_32s_32_4_1_U8906                                                        | 1   |        | sext_ln385_14        | sext      | dsp_slice                | 3       |
|      sparsemux_17_3_8_1_1_U8619                                                                |     |        | tmp_379              | sparsemux | compactencoding_dontcare | 0       |
|      sparsemux_17_3_8_1_1_U8620                                                                |     |        | tmp_380              | sparsemux | compactencoding_dontcare | 0       |
|      sparsemux_17_3_8_1_1_U8621                                                                |     |        | tmp_381              | sparsemux | compactencoding_dontcare | 0       |
|      sparsemux_17_3_8_1_1_U8622                                                                |     |        | tmp_382              | sparsemux | compactencoding_dontcare | 0       |
|      sparsemux_9_2_8_1_1_U8623                                                                 |     |        | tmp_383              | sparsemux | compactencoding_dontcare | 0       |
|      mac_muladd_12s_8s_32s_32_4_1_U8907                                                        | 1   |        | mul_ln385_12         | mul       | dsp_slice                | 3       |
|      mac_muladd_12s_8s_32s_32_4_1_U8907                                                        | 1   |        | sext_ln385_16        | sext      | dsp_slice                | 3       |
|      sparsemux_17_3_8_1_1_U8624                                                                |     |        | tmp_384              | sparsemux | compactencoding_dontcare | 0       |
|      sparsemux_17_3_8_1_1_U8625                                                                |     |        | tmp_385              | sparsemux | compactencoding_dontcare | 0       |
|      sparsemux_17_3_8_1_1_U8626                                                                |     |        | tmp_386              | sparsemux | compactencoding_dontcare | 0       |
|      sparsemux_17_3_8_1_1_U8627                                                                |     |        | tmp_387              | sparsemux | compactencoding_dontcare | 0       |
|      sparsemux_9_2_8_1_1_U8628                                                                 |     |        | tmp_388              | sparsemux | compactencoding_dontcare | 0       |
|      mac_muladd_12s_8s_32s_32_4_1_U8908                                                        | 1   |        | mul_ln385_13         | mul       | dsp_slice                | 3       |
|      mac_muladd_12s_8s_32s_32_4_1_U8908                                                        | 1   |        | sext_ln385_18        | sext      | dsp_slice                | 3       |
|      sparsemux_17_3_8_1_1_U8629                                                                |     |        | tmp_389              | sparsemux | compactencoding_dontcare | 0       |
|      sparsemux_17_3_8_1_1_U8630                                                                |     |        | tmp_390              | sparsemux | compactencoding_dontcare | 0       |
|      sparsemux_17_3_8_1_1_U8631                                                                |     |        | tmp_391              | sparsemux | compactencoding_dontcare | 0       |
|      sparsemux_17_3_8_1_1_U8632                                                                |     |        | tmp_392              | sparsemux | compactencoding_dontcare | 0       |
|      sparsemux_9_2_8_1_1_U8633                                                                 |     |        | tmp_393              | sparsemux | compactencoding_dontcare | 0       |
|      mac_muladd_12s_8s_32s_32_4_1_U8909                                                        | 1   |        | mul_ln385_14         | mul       | dsp_slice                | 3       |
|      mac_muladd_12s_8s_32s_32_4_1_U8909                                                        | 1   |        | sext_ln385_20        | sext      | dsp_slice                | 3       |
|      sparsemux_17_3_8_1_1_U8634                                                                |     |        | tmp_394              | sparsemux | compactencoding_dontcare | 0       |
|      sparsemux_17_3_8_1_1_U8635                                                                |     |        | tmp_395              | sparsemux | compactencoding_dontcare | 0       |
|      sparsemux_17_3_8_1_1_U8636                                                                |     |        | tmp_396              | sparsemux | compactencoding_dontcare | 0       |
|      sparsemux_17_3_8_1_1_U8637                                                                |     |        | tmp_397              | sparsemux | compactencoding_dontcare | 0       |
|      sparsemux_9_2_8_1_1_U8638                                                                 |     |        | tmp_398              | sparsemux | compactencoding_dontcare | 0       |
|      mac_muladd_12s_8s_32s_32_4_1_U8910                                                        | 1   |        | mul_ln385_15         | mul       | dsp_slice                | 3       |
|      mac_muladd_12s_8s_32s_32_4_1_U8910                                                        | 1   |        | sext_ln385_23        | sext      | dsp_slice                | 3       |
|      sparsemux_17_3_8_1_1_U8639                                                                |     |        | tmp_399              | sparsemux | compactencoding_dontcare | 0       |
|      sparsemux_17_3_8_1_1_U8640                                                                |     |        | tmp_400              | sparsemux | compactencoding_dontcare | 0       |
|      sparsemux_17_3_8_1_1_U8641                                                                |     |        | tmp_401              | sparsemux | compactencoding_dontcare | 0       |
|      sparsemux_17_3_8_1_1_U8642                                                                |     |        | tmp_402              | sparsemux | compactencoding_dontcare | 0       |
|      sparsemux_9_2_8_1_1_U8643                                                                 |     |        | tmp_403              | sparsemux | compactencoding_dontcare | 0       |
|      mac_muladd_8s_8s_32s_32_4_1_U8871                                                         | 1   |        | mul_ln386            | mul       | dsp_slice                | 3       |
|      mac_muladd_8s_8s_32s_32_4_1_U8871                                                         | 1   |        | sext_ln386_1         | sext      | dsp_slice                | 3       |
|      sparsemux_17_3_8_1_1_U8644                                                                |     |        | tmp_404              | sparsemux | compactencoding_dontcare | 0       |
|      sparsemux_17_3_8_1_1_U8645                                                                |     |        | tmp_405              | sparsemux | compactencoding_dontcare | 0       |
|      sparsemux_17_3_8_1_1_U8646                                                                |     |        | tmp_406              | sparsemux | compactencoding_dontcare | 0       |
|      sparsemux_17_3_8_1_1_U8647                                                                |     |        | tmp_407              | sparsemux | compactencoding_dontcare | 0       |
|      sparsemux_9_2_8_1_1_U8648                                                                 |     |        | tmp_408              | sparsemux | compactencoding_dontcare | 0       |
|      mac_muladd_8s_8s_32s_32_4_1_U8872                                                         | 1   |        | mul_ln386_1          | mul       | dsp_slice                | 3       |
|      mac_muladd_8s_8s_32s_32_4_1_U8872                                                         | 1   |        | sext_ln386_3         | sext      | dsp_slice                | 3       |
|      sparsemux_17_3_8_1_1_U8649                                                                |     |        | tmp_409              | sparsemux | compactencoding_dontcare | 0       |
|      sparsemux_17_3_8_1_1_U8650                                                                |     |        | tmp_410              | sparsemux | compactencoding_dontcare | 0       |
|      sparsemux_17_3_8_1_1_U8651                                                                |     |        | tmp_411              | sparsemux | compactencoding_dontcare | 0       |
|      sparsemux_17_3_8_1_1_U8652                                                                |     |        | tmp_412              | sparsemux | compactencoding_dontcare | 0       |
|      sparsemux_9_2_8_1_1_U8653                                                                 |     |        | tmp_413              | sparsemux | compactencoding_dontcare | 0       |
|      mac_muladd_8s_8s_32s_32_4_1_U8873                                                         | 1   |        | mul_ln386_2          | mul       | dsp_slice                | 3       |
|      mac_muladd_8s_8s_32s_32_4_1_U8873                                                         | 1   |        | sext_ln386_5         | sext      | dsp_slice                | 3       |
|      sparsemux_17_3_8_1_1_U8654                                                                |     |        | tmp_414              | sparsemux | compactencoding_dontcare | 0       |
|      sparsemux_17_3_8_1_1_U8655                                                                |     |        | tmp_415              | sparsemux | compactencoding_dontcare | 0       |
|      sparsemux_17_3_8_1_1_U8656                                                                |     |        | tmp_416              | sparsemux | compactencoding_dontcare | 0       |
|      sparsemux_17_3_8_1_1_U8657                                                                |     |        | tmp_417              | sparsemux | compactencoding_dontcare | 0       |
|      sparsemux_9_2_8_1_1_U8658                                                                 |     |        | tmp_418              | sparsemux | compactencoding_dontcare | 0       |
|      mac_muladd_8s_8s_32s_32_4_1_U8874                                                         | 1   |        | mul_ln386_3          | mul       | dsp_slice                | 3       |
|      mac_muladd_8s_8s_32s_32_4_1_U8874                                                         | 1   |        | sext_ln386_7         | sext      | dsp_slice                | 3       |
|      sparsemux_17_3_8_1_1_U8659                                                                |     |        | tmp_419              | sparsemux | compactencoding_dontcare | 0       |
|      sparsemux_17_3_8_1_1_U8660                                                                |     |        | tmp_420              | sparsemux | compactencoding_dontcare | 0       |
|      sparsemux_17_3_8_1_1_U8661                                                                |     |        | tmp_421              | sparsemux | compactencoding_dontcare | 0       |
|      sparsemux_17_3_8_1_1_U8662                                                                |     |        | tmp_422              | sparsemux | compactencoding_dontcare | 0       |
|      sparsemux_9_2_8_1_1_U8663                                                                 |     |        | tmp_423              | sparsemux | compactencoding_dontcare | 0       |
|      mac_muladd_8s_8s_32s_32_4_1_U8875                                                         | 1   |        | mul_ln386_4          | mul       | dsp_slice                | 3       |
|      mac_muladd_8s_8s_32s_32_4_1_U8875                                                         | 1   |        | sext_ln386_9         | sext      | dsp_slice                | 3       |
|      sparsemux_17_3_8_1_1_U8664                                                                |     |        | tmp_424              | sparsemux | compactencoding_dontcare | 0       |
|      sparsemux_17_3_8_1_1_U8665                                                                |     |        | tmp_425              | sparsemux | compactencoding_dontcare | 0       |
|      sparsemux_17_3_8_1_1_U8666                                                                |     |        | tmp_426              | sparsemux | compactencoding_dontcare | 0       |
|      sparsemux_17_3_8_1_1_U8667                                                                |     |        | tmp_427              | sparsemux | compactencoding_dontcare | 0       |
|      sparsemux_9_2_8_1_1_U8668                                                                 |     |        | tmp_428              | sparsemux | compactencoding_dontcare | 0       |
|      mac_muladd_8s_8s_32s_32_4_1_U8876                                                         | 1   |        | mul_ln386_5          | mul       | dsp_slice                | 3       |
|      mac_muladd_8s_8s_32s_32_4_1_U8876                                                         | 1   |        | sext_ln386_11        | sext      | dsp_slice                | 3       |
|      sparsemux_17_3_8_1_1_U8669                                                                |     |        | tmp_429              | sparsemux | compactencoding_dontcare | 0       |
|      sparsemux_17_3_8_1_1_U8670                                                                |     |        | tmp_430              | sparsemux | compactencoding_dontcare | 0       |
|      sparsemux_17_3_8_1_1_U8671                                                                |     |        | tmp_431              | sparsemux | compactencoding_dontcare | 0       |
|      sparsemux_17_3_8_1_1_U8672                                                                |     |        | tmp_432              | sparsemux | compactencoding_dontcare | 0       |
|      sparsemux_9_2_8_1_1_U8673                                                                 |     |        | tmp_433              | sparsemux | compactencoding_dontcare | 0       |
|      mac_muladd_8s_8s_32s_32_4_1_U8877                                                         | 1   |        | mul_ln386_6          | mul       | dsp_slice                | 3       |
|      mac_muladd_8s_8s_32s_32_4_1_U8877                                                         | 1   |        | sext_ln386_13        | sext      | dsp_slice                | 3       |
|      sparsemux_17_3_8_1_1_U8674                                                                |     |        | tmp_434              | sparsemux | compactencoding_dontcare | 0       |
|      sparsemux_17_3_8_1_1_U8675                                                                |     |        | tmp_435              | sparsemux | compactencoding_dontcare | 0       |
|      sparsemux_17_3_8_1_1_U8676                                                                |     |        | tmp_436              | sparsemux | compactencoding_dontcare | 0       |
|      sparsemux_17_3_8_1_1_U8677                                                                |     |        | tmp_437              | sparsemux | compactencoding_dontcare | 0       |
|      sparsemux_9_2_8_1_1_U8678                                                                 |     |        | tmp_438              | sparsemux | compactencoding_dontcare | 0       |
|      mac_muladd_8s_8s_32s_32_4_1_U8878                                                         | 1   |        | mul_ln386_7          | mul       | dsp_slice                | 3       |
|      mac_muladd_8s_8s_32s_32_4_1_U8878                                                         | 1   |        | sext_ln386_15        | sext      | dsp_slice                | 3       |
|      mul_8s_4ns_12_1_1_U8790                                                                   |     |        | mul_ln387_7          | mul       | auto                     | 0       |
|      sparsemux_17_3_8_1_1_U8679                                                                |     |        | tmp_439              | sparsemux | compactencoding_dontcare | 0       |
|      sparsemux_17_3_8_1_1_U8680                                                                |     |        | tmp_440              | sparsemux | compactencoding_dontcare | 0       |
|      sparsemux_17_3_8_1_1_U8681                                                                |     |        | tmp_441              | sparsemux | compactencoding_dontcare | 0       |
|      sparsemux_17_3_8_1_1_U8682                                                                |     |        | tmp_442              | sparsemux | compactencoding_dontcare | 0       |
|      sparsemux_9_2_8_1_1_U8683                                                                 |     |        | tmp_443              | sparsemux | compactencoding_dontcare | 0       |
|      mac_muladd_12s_8s_32s_32_4_1_U8911                                                        | 1   |        | mul_ln387_8          | mul       | dsp_slice                | 3       |
|      mac_muladd_12s_8s_32s_32_4_1_U8911                                                        | 1   |        | sext_ln387_8         | sext      | dsp_slice                | 3       |
|      sparsemux_17_3_8_1_1_U8684                                                                |     |        | tmp_444              | sparsemux | compactencoding_dontcare | 0       |
|      sparsemux_17_3_8_1_1_U8685                                                                |     |        | tmp_445              | sparsemux | compactencoding_dontcare | 0       |
|      sparsemux_17_3_8_1_1_U8686                                                                |     |        | tmp_446              | sparsemux | compactencoding_dontcare | 0       |
|      sparsemux_17_3_8_1_1_U8687                                                                |     |        | tmp_447              | sparsemux | compactencoding_dontcare | 0       |
|      sparsemux_9_2_8_1_1_U8688                                                                 |     |        | tmp_448              | sparsemux | compactencoding_dontcare | 0       |
|      mac_muladd_12s_8s_32s_32_4_1_U8912                                                        | 1   |        | mul_ln387_9          | mul       | dsp_slice                | 3       |
|      mac_muladd_12s_8s_32s_32_4_1_U8912                                                        | 1   |        | sext_ln387_10        | sext      | dsp_slice                | 3       |
|      sparsemux_17_3_8_1_1_U8689                                                                |     |        | tmp_449              | sparsemux | compactencoding_dontcare | 0       |
|      sparsemux_17_3_8_1_1_U8690                                                                |     |        | tmp_450              | sparsemux | compactencoding_dontcare | 0       |
|      sparsemux_17_3_8_1_1_U8691                                                                |     |        | tmp_451              | sparsemux | compactencoding_dontcare | 0       |
|      sparsemux_17_3_8_1_1_U8692                                                                |     |        | tmp_452              | sparsemux | compactencoding_dontcare | 0       |
|      sparsemux_9_2_8_1_1_U8693                                                                 |     |        | tmp_453              | sparsemux | compactencoding_dontcare | 0       |
|      mac_muladd_12s_8s_32s_32_4_1_U8913                                                        | 1   |        | mul_ln387_10         | mul       | dsp_slice                | 3       |
|      mac_muladd_12s_8s_32s_32_4_1_U8913                                                        | 1   |        | sext_ln387_12        | sext      | dsp_slice                | 3       |
|      sparsemux_17_3_8_1_1_U8694                                                                |     |        | tmp_454              | sparsemux | compactencoding_dontcare | 0       |
|      sparsemux_17_3_8_1_1_U8695                                                                |     |        | tmp_455              | sparsemux | compactencoding_dontcare | 0       |
|      sparsemux_17_3_8_1_1_U8696                                                                |     |        | tmp_456              | sparsemux | compactencoding_dontcare | 0       |
|      sparsemux_17_3_8_1_1_U8697                                                                |     |        | tmp_457              | sparsemux | compactencoding_dontcare | 0       |
|      sparsemux_9_2_8_1_1_U8698                                                                 |     |        | tmp_458              | sparsemux | compactencoding_dontcare | 0       |
|      mac_muladd_12s_8s_32s_32_4_1_U8914                                                        | 1   |        | mul_ln387_11         | mul       | dsp_slice                | 3       |
|      mac_muladd_12s_8s_32s_32_4_1_U8914                                                        | 1   |        | sext_ln387_14        | sext      | dsp_slice                | 3       |
|      sparsemux_17_3_8_1_1_U8699                                                                |     |        | tmp_459              | sparsemux | compactencoding_dontcare | 0       |
|      sparsemux_17_3_8_1_1_U8700                                                                |     |        | tmp_460              | sparsemux | compactencoding_dontcare | 0       |
|      sparsemux_17_3_8_1_1_U8701                                                                |     |        | tmp_461              | sparsemux | compactencoding_dontcare | 0       |
|      sparsemux_17_3_8_1_1_U8702                                                                |     |        | tmp_462              | sparsemux | compactencoding_dontcare | 0       |
|      sparsemux_9_2_8_1_1_U8703                                                                 |     |        | tmp_463              | sparsemux | compactencoding_dontcare | 0       |
|      mac_muladd_12s_8s_32s_32_4_1_U8915                                                        | 1   |        | mul_ln387_12         | mul       | dsp_slice                | 3       |
|      mac_muladd_12s_8s_32s_32_4_1_U8915                                                        | 1   |        | sext_ln387_16        | sext      | dsp_slice                | 3       |
|      sparsemux_17_3_8_1_1_U8704                                                                |     |        | tmp_464              | sparsemux | compactencoding_dontcare | 0       |
|      sparsemux_17_3_8_1_1_U8705                                                                |     |        | tmp_465              | sparsemux | compactencoding_dontcare | 0       |
|      sparsemux_17_3_8_1_1_U8706                                                                |     |        | tmp_466              | sparsemux | compactencoding_dontcare | 0       |
|      sparsemux_17_3_8_1_1_U8707                                                                |     |        | tmp_467              | sparsemux | compactencoding_dontcare | 0       |
|      sparsemux_9_2_8_1_1_U8708                                                                 |     |        | tmp_468              | sparsemux | compactencoding_dontcare | 0       |
|      mac_muladd_12s_8s_32s_32_4_1_U8916                                                        | 1   |        | mul_ln387_13         | mul       | dsp_slice                | 3       |
|      mac_muladd_12s_8s_32s_32_4_1_U8916                                                        | 1   |        | sext_ln387_18        | sext      | dsp_slice                | 3       |
|      sparsemux_17_3_8_1_1_U8709                                                                |     |        | tmp_469              | sparsemux | compactencoding_dontcare | 0       |
|      sparsemux_17_3_8_1_1_U8710                                                                |     |        | tmp_470              | sparsemux | compactencoding_dontcare | 0       |
|      sparsemux_17_3_8_1_1_U8711                                                                |     |        | tmp_471              | sparsemux | compactencoding_dontcare | 0       |
|      sparsemux_17_3_8_1_1_U8712                                                                |     |        | tmp_472              | sparsemux | compactencoding_dontcare | 0       |
|      sparsemux_9_2_8_1_1_U8713                                                                 |     |        | tmp_473              | sparsemux | compactencoding_dontcare | 0       |
|      mac_muladd_12s_8s_32s_32_4_1_U8917                                                        | 1   |        | mul_ln387_14         | mul       | dsp_slice                | 3       |
|      mac_muladd_12s_8s_32s_32_4_1_U8917                                                        | 1   |        | sext_ln387_20        | sext      | dsp_slice                | 3       |
|      sparsemux_17_3_8_1_1_U8714                                                                |     |        | tmp_474              | sparsemux | compactencoding_dontcare | 0       |
|      sparsemux_17_3_8_1_1_U8715                                                                |     |        | tmp_475              | sparsemux | compactencoding_dontcare | 0       |
|      sparsemux_17_3_8_1_1_U8716                                                                |     |        | tmp_476              | sparsemux | compactencoding_dontcare | 0       |
|      sparsemux_17_3_8_1_1_U8717                                                                |     |        | tmp_477              | sparsemux | compactencoding_dontcare | 0       |
|      sparsemux_9_2_8_1_1_U8718                                                                 |     |        | tmp_478              | sparsemux | compactencoding_dontcare | 0       |
|      mac_muladd_12s_8s_32s_32_4_1_U8918                                                        | 1   |        | mul_ln387_15         | mul       | dsp_slice                | 3       |
|      mac_muladd_12s_8s_32s_32_4_1_U8918                                                        | 1   |        | sext_ln387_23        | sext      | dsp_slice                | 3       |
|      sparsemux_17_3_8_1_1_U8719                                                                |     |        | tmp_479              | sparsemux | compactencoding_dontcare | 0       |
|      sparsemux_17_3_8_1_1_U8720                                                                |     |        | tmp_480              | sparsemux | compactencoding_dontcare | 0       |
|      sparsemux_17_3_8_1_1_U8721                                                                |     |        | tmp_481              | sparsemux | compactencoding_dontcare | 0       |
|      sparsemux_17_3_8_1_1_U8722                                                                |     |        | tmp_482              | sparsemux | compactencoding_dontcare | 0       |
|      sparsemux_9_2_8_1_1_U8723                                                                 |     |        | tmp_483              | sparsemux | compactencoding_dontcare | 0       |
|      mac_muladd_8s_8s_32s_32_4_1_U8879                                                         | 1   |        | mul_ln388            | mul       | dsp_slice                | 3       |
|      mac_muladd_8s_8s_32s_32_4_1_U8879                                                         | 1   |        | sext_ln388_1         | sext      | dsp_slice                | 3       |
|      sparsemux_17_3_8_1_1_U8724                                                                |     |        | tmp_484              | sparsemux | compactencoding_dontcare | 0       |
|      sparsemux_17_3_8_1_1_U8725                                                                |     |        | tmp_485              | sparsemux | compactencoding_dontcare | 0       |
|      sparsemux_17_3_8_1_1_U8726                                                                |     |        | tmp_486              | sparsemux | compactencoding_dontcare | 0       |
|      sparsemux_17_3_8_1_1_U8727                                                                |     |        | tmp_487              | sparsemux | compactencoding_dontcare | 0       |
|      sparsemux_9_2_8_1_1_U8728                                                                 |     |        | tmp_488              | sparsemux | compactencoding_dontcare | 0       |
|      mac_muladd_8s_8s_32s_32_4_1_U8880                                                         | 1   |        | mul_ln388_1          | mul       | dsp_slice                | 3       |
|      mac_muladd_8s_8s_32s_32_4_1_U8880                                                         | 1   |        | sext_ln388_3         | sext      | dsp_slice                | 3       |
|      sparsemux_17_3_8_1_1_U8729                                                                |     |        | tmp_489              | sparsemux | compactencoding_dontcare | 0       |
|      sparsemux_17_3_8_1_1_U8730                                                                |     |        | tmp_490              | sparsemux | compactencoding_dontcare | 0       |
|      sparsemux_17_3_8_1_1_U8731                                                                |     |        | tmp_491              | sparsemux | compactencoding_dontcare | 0       |
|      sparsemux_17_3_8_1_1_U8732                                                                |     |        | tmp_492              | sparsemux | compactencoding_dontcare | 0       |
|      sparsemux_9_2_8_1_1_U8733                                                                 |     |        | tmp_493              | sparsemux | compactencoding_dontcare | 0       |
|      mac_muladd_8s_8s_32s_32_4_1_U8881                                                         | 1   |        | mul_ln388_2          | mul       | dsp_slice                | 3       |
|      mac_muladd_8s_8s_32s_32_4_1_U8881                                                         | 1   |        | sext_ln388_5         | sext      | dsp_slice                | 3       |
|      sparsemux_17_3_8_1_1_U8734                                                                |     |        | tmp_494              | sparsemux | compactencoding_dontcare | 0       |
|      sparsemux_17_3_8_1_1_U8735                                                                |     |        | tmp_495              | sparsemux | compactencoding_dontcare | 0       |
|      sparsemux_17_3_8_1_1_U8736                                                                |     |        | tmp_496              | sparsemux | compactencoding_dontcare | 0       |
|      sparsemux_17_3_8_1_1_U8737                                                                |     |        | tmp_497              | sparsemux | compactencoding_dontcare | 0       |
|      sparsemux_9_2_8_1_1_U8738                                                                 |     |        | tmp_498              | sparsemux | compactencoding_dontcare | 0       |
|      mac_muladd_8s_8s_32s_32_4_1_U8882                                                         | 1   |        | mul_ln388_3          | mul       | dsp_slice                | 3       |
|      mac_muladd_8s_8s_32s_32_4_1_U8882                                                         | 1   |        | sext_ln388_7         | sext      | dsp_slice                | 3       |
|      sparsemux_17_3_8_1_1_U8739                                                                |     |        | tmp_499              | sparsemux | compactencoding_dontcare | 0       |
|      sparsemux_17_3_8_1_1_U8740                                                                |     |        | tmp_500              | sparsemux | compactencoding_dontcare | 0       |
|      sparsemux_17_3_8_1_1_U8741                                                                |     |        | tmp_501              | sparsemux | compactencoding_dontcare | 0       |
|      sparsemux_17_3_8_1_1_U8742                                                                |     |        | tmp_502              | sparsemux | compactencoding_dontcare | 0       |
|      sparsemux_9_2_8_1_1_U8743                                                                 |     |        | tmp_503              | sparsemux | compactencoding_dontcare | 0       |
|      mac_muladd_8s_8s_32s_32_4_1_U8883                                                         | 1   |        | mul_ln388_4          | mul       | dsp_slice                | 3       |
|      mac_muladd_8s_8s_32s_32_4_1_U8883                                                         | 1   |        | sext_ln388_9         | sext      | dsp_slice                | 3       |
|      sparsemux_17_3_8_1_1_U8744                                                                |     |        | tmp_504              | sparsemux | compactencoding_dontcare | 0       |
|      sparsemux_17_3_8_1_1_U8745                                                                |     |        | tmp_505              | sparsemux | compactencoding_dontcare | 0       |
|      sparsemux_17_3_8_1_1_U8746                                                                |     |        | tmp_506              | sparsemux | compactencoding_dontcare | 0       |
|      sparsemux_17_3_8_1_1_U8747                                                                |     |        | tmp_507              | sparsemux | compactencoding_dontcare | 0       |
|      sparsemux_9_2_8_1_1_U8748                                                                 |     |        | tmp_508              | sparsemux | compactencoding_dontcare | 0       |
|      mac_muladd_8s_8s_32s_32_4_1_U8884                                                         | 1   |        | mul_ln388_5          | mul       | dsp_slice                | 3       |
|      mac_muladd_8s_8s_32s_32_4_1_U8884                                                         | 1   |        | sext_ln388_11        | sext      | dsp_slice                | 3       |
|      sparsemux_17_3_8_1_1_U8749                                                                |     |        | tmp_509              | sparsemux | compactencoding_dontcare | 0       |
|      sparsemux_17_3_8_1_1_U8750                                                                |     |        | tmp_510              | sparsemux | compactencoding_dontcare | 0       |
|      sparsemux_17_3_8_1_1_U8751                                                                |     |        | tmp_511              | sparsemux | compactencoding_dontcare | 0       |
|      sparsemux_17_3_8_1_1_U8752                                                                |     |        | tmp_512              | sparsemux | compactencoding_dontcare | 0       |
|      sparsemux_9_2_8_1_1_U8753                                                                 |     |        | tmp_513              | sparsemux | compactencoding_dontcare | 0       |
|      mac_muladd_8s_8s_32s_32_4_1_U8885                                                         | 1   |        | mul_ln388_6          | mul       | dsp_slice                | 3       |
|      mac_muladd_8s_8s_32s_32_4_1_U8885                                                         | 1   |        | sext_ln388_13        | sext      | dsp_slice                | 3       |
|      sparsemux_17_3_8_1_1_U8754                                                                |     |        | tmp_514              | sparsemux | compactencoding_dontcare | 0       |
|      sparsemux_17_3_8_1_1_U8755                                                                |     |        | tmp_515              | sparsemux | compactencoding_dontcare | 0       |
|      sparsemux_17_3_8_1_1_U8756                                                                |     |        | tmp_516              | sparsemux | compactencoding_dontcare | 0       |
|      sparsemux_17_3_8_1_1_U8757                                                                |     |        | tmp_517              | sparsemux | compactencoding_dontcare | 0       |
|      sparsemux_9_2_8_1_1_U8758                                                                 |     |        | tmp_518              | sparsemux | compactencoding_dontcare | 0       |
|      mac_muladd_8s_8s_32s_32_4_1_U8886                                                         | 1   |        | mul_ln388_7          | mul       | dsp_slice                | 3       |
|      mac_muladd_8s_8s_32s_32_4_1_U8886                                                         | 1   |        | sext_ln388_15        | sext      | dsp_slice                | 3       |
|      sparsemux_9_2_32_1_1_U8824                                                                |     |        | tmp_519              | sparsemux | compactencoding_dontcare | 0       |
|      mac_muladd_12s_8s_32s_32_4_1_U8888                                                        | 1   |        | acc_w0_72            | add       | dsp_slice                | 3       |
|      sparsemux_9_2_32_1_1_U8825                                                                |     |        | tmp_520              | sparsemux | compactencoding_dontcare | 0       |
|      mac_muladd_12s_8s_32s_32_4_1_U8889                                                        | 1   |        | acc_w0_73            | add       | dsp_slice                | 3       |
|      sparsemux_9_2_32_1_1_U8826                                                                |     |        | tmp_521              | sparsemux | compactencoding_dontcare | 0       |
|      mac_muladd_12s_8s_32s_32_4_1_U8890                                                        | 1   |        | acc_w0_74            | add       | dsp_slice                | 3       |
|      sparsemux_9_2_32_1_1_U8827                                                                |     |        | tmp_522              | sparsemux | compactencoding_dontcare | 0       |
|      mac_muladd_12s_8s_32s_32_4_1_U8891                                                        | 1   |        | acc_w0_75            | add       | dsp_slice                | 3       |
|      sparsemux_9_2_32_1_1_U8828                                                                |     |        | tmp_523              | sparsemux | compactencoding_dontcare | 0       |
|      mac_muladd_12s_8s_32s_32_4_1_U8892                                                        | 1   |        | acc_w0_76            | add       | dsp_slice                | 3       |
|      sparsemux_9_2_32_1_1_U8829                                                                |     |        | tmp_524              | sparsemux | compactencoding_dontcare | 0       |
|      mac_muladd_12s_8s_32s_32_4_1_U8893                                                        | 1   |        | acc_w0_77            | add       | dsp_slice                | 3       |
|      sparsemux_9_2_32_1_1_U8830                                                                |     |        | tmp_525              | sparsemux | compactencoding_dontcare | 0       |
|      mac_muladd_12s_8s_32s_32_4_1_U8894                                                        | 1   |        | acc_w0_78            | add       | dsp_slice                | 3       |
|      sparsemux_9_2_32_1_1_U8791                                                                |     |        | tmp_526              | sparsemux | compactencoding_dontcare | 0       |
|      mac_muladd_8s_8s_32s_32_4_1_U8855                                                         | 1   |        | acc_m0_71            | add       | dsp_slice                | 3       |
|      sparsemux_9_2_32_1_1_U8792                                                                |     |        | tmp_527              | sparsemux | compactencoding_dontcare | 0       |
|      mac_muladd_8s_8s_32s_32_4_1_U8856                                                         | 1   |        | acc_m0_72            | add       | dsp_slice                | 3       |
|      sparsemux_9_2_32_1_1_U8793                                                                |     |        | tmp_528              | sparsemux | compactencoding_dontcare | 0       |
|      mac_muladd_8s_8s_32s_32_4_1_U8857                                                         | 1   |        | acc_m0_73            | add       | dsp_slice                | 3       |
|      sparsemux_9_2_32_1_1_U8794                                                                |     |        | tmp_529              | sparsemux | compactencoding_dontcare | 0       |
|      mac_muladd_8s_8s_32s_32_4_1_U8858                                                         | 1   |        | acc_m0_74            | add       | dsp_slice                | 3       |
|      sparsemux_9_2_32_1_1_U8795                                                                |     |        | tmp_530              | sparsemux | compactencoding_dontcare | 0       |
|      mac_muladd_8s_8s_32s_32_4_1_U8859                                                         | 1   |        | acc_m0_75            | add       | dsp_slice                | 3       |
|      sparsemux_9_2_32_1_1_U8796                                                                |     |        | tmp_531              | sparsemux | compactencoding_dontcare | 0       |
|      mac_muladd_8s_8s_32s_32_4_1_U8860                                                         | 1   |        | acc_m0_76            | add       | dsp_slice                | 3       |
|      sparsemux_9_2_32_1_1_U8797                                                                |     |        | tmp_532              | sparsemux | compactencoding_dontcare | 0       |
|      mac_muladd_8s_8s_32s_32_4_1_U8861                                                         | 1   |        | acc_m0_77            | add       | dsp_slice                | 3       |
|      sparsemux_9_2_32_1_1_U8798                                                                |     |        | tmp_533              | sparsemux | compactencoding_dontcare | 0       |
|      mac_muladd_8s_8s_32s_32_4_1_U8862                                                         | 1   |        | acc_m0_78            | add       | dsp_slice                | 3       |
|      sparsemux_9_2_32_1_1_U8831                                                                |     |        | tmp_534              | sparsemux | compactencoding_dontcare | 0       |
|      mac_muladd_12s_8s_32s_32_4_1_U8895                                                        | 1   |        | acc_w1_71            | add       | dsp_slice                | 3       |
|      sparsemux_9_2_32_1_1_U8832                                                                |     |        | tmp_535              | sparsemux | compactencoding_dontcare | 0       |
|      mac_muladd_12s_8s_32s_32_4_1_U8896                                                        | 1   |        | acc_w1_72            | add       | dsp_slice                | 3       |
|      sparsemux_9_2_32_1_1_U8833                                                                |     |        | tmp_536              | sparsemux | compactencoding_dontcare | 0       |
|      mac_muladd_12s_8s_32s_32_4_1_U8897                                                        | 1   |        | acc_w1_73            | add       | dsp_slice                | 3       |
|      sparsemux_9_2_32_1_1_U8834                                                                |     |        | tmp_537              | sparsemux | compactencoding_dontcare | 0       |
|      mac_muladd_12s_8s_32s_32_4_1_U8898                                                        | 1   |        | acc_w1_74            | add       | dsp_slice                | 3       |
|      sparsemux_9_2_32_1_1_U8835                                                                |     |        | tmp_538              | sparsemux | compactencoding_dontcare | 0       |
|      mac_muladd_12s_8s_32s_32_4_1_U8899                                                        | 1   |        | acc_w1_75            | add       | dsp_slice                | 3       |
|      sparsemux_9_2_32_1_1_U8836                                                                |     |        | tmp_539              | sparsemux | compactencoding_dontcare | 0       |
|      mac_muladd_12s_8s_32s_32_4_1_U8900                                                        | 1   |        | acc_w1_76            | add       | dsp_slice                | 3       |
|      sparsemux_9_2_32_1_1_U8837                                                                |     |        | tmp_540              | sparsemux | compactencoding_dontcare | 0       |
|      mac_muladd_12s_8s_32s_32_4_1_U8901                                                        | 1   |        | acc_w1_77            | add       | dsp_slice                | 3       |
|      sparsemux_9_2_32_1_1_U8838                                                                |     |        | tmp_541              | sparsemux | compactencoding_dontcare | 0       |
|      mac_muladd_12s_8s_32s_32_4_1_U8902                                                        | 1   |        | acc_w1_78            | add       | dsp_slice                | 3       |
|      sparsemux_9_2_32_1_1_U8799                                                                |     |        | tmp_542              | sparsemux | compactencoding_dontcare | 0       |
|      mac_muladd_8s_8s_32s_32_4_1_U8863                                                         | 1   |        | acc_m1_71            | add       | dsp_slice                | 3       |
|      sparsemux_9_2_32_1_1_U8800                                                                |     |        | tmp_543              | sparsemux | compactencoding_dontcare | 0       |
|      mac_muladd_8s_8s_32s_32_4_1_U8864                                                         | 1   |        | acc_m1_72            | add       | dsp_slice                | 3       |
|      sparsemux_9_2_32_1_1_U8801                                                                |     |        | tmp_544              | sparsemux | compactencoding_dontcare | 0       |
|      mac_muladd_8s_8s_32s_32_4_1_U8865                                                         | 1   |        | acc_m1_73            | add       | dsp_slice                | 3       |
|      sparsemux_9_2_32_1_1_U8802                                                                |     |        | tmp_545              | sparsemux | compactencoding_dontcare | 0       |
|      mac_muladd_8s_8s_32s_32_4_1_U8866                                                         | 1   |        | acc_m1_74            | add       | dsp_slice                | 3       |
|      sparsemux_9_2_32_1_1_U8803                                                                |     |        | tmp_546              | sparsemux | compactencoding_dontcare | 0       |
|      mac_muladd_8s_8s_32s_32_4_1_U8867                                                         | 1   |        | acc_m1_75            | add       | dsp_slice                | 3       |
|      sparsemux_9_2_32_1_1_U8804                                                                |     |        | tmp_547              | sparsemux | compactencoding_dontcare | 0       |
|      mac_muladd_8s_8s_32s_32_4_1_U8868                                                         | 1   |        | acc_m1_76            | add       | dsp_slice                | 3       |
|      sparsemux_9_2_32_1_1_U8805                                                                |     |        | tmp_548              | sparsemux | compactencoding_dontcare | 0       |
|      mac_muladd_8s_8s_32s_32_4_1_U8869                                                         | 1   |        | acc_m1_77            | add       | dsp_slice                | 3       |
|      sparsemux_9_2_32_1_1_U8806                                                                |     |        | tmp_549              | sparsemux | compactencoding_dontcare | 0       |
|      mac_muladd_8s_8s_32s_32_4_1_U8870                                                         | 1   |        | acc_m1_78            | add       | dsp_slice                | 3       |
|      sparsemux_9_2_32_1_1_U8839                                                                |     |        | tmp_550              | sparsemux | compactencoding_dontcare | 0       |
|      mac_muladd_12s_8s_32s_32_4_1_U8903                                                        | 1   |        | acc_w2_71            | add       | dsp_slice                | 3       |
|      sparsemux_9_2_32_1_1_U8840                                                                |     |        | tmp_551              | sparsemux | compactencoding_dontcare | 0       |
|      mac_muladd_12s_8s_32s_32_4_1_U8904                                                        | 1   |        | acc_w2_72            | add       | dsp_slice                | 3       |
|      sparsemux_9_2_32_1_1_U8841                                                                |     |        | tmp_552              | sparsemux | compactencoding_dontcare | 0       |
|      mac_muladd_12s_8s_32s_32_4_1_U8905                                                        | 1   |        | acc_w2_73            | add       | dsp_slice                | 3       |
|      sparsemux_9_2_32_1_1_U8842                                                                |     |        | tmp_553              | sparsemux | compactencoding_dontcare | 0       |
|      mac_muladd_12s_8s_32s_32_4_1_U8906                                                        | 1   |        | acc_w2_74            | add       | dsp_slice                | 3       |
|      sparsemux_9_2_32_1_1_U8843                                                                |     |        | tmp_554              | sparsemux | compactencoding_dontcare | 0       |
|      mac_muladd_12s_8s_32s_32_4_1_U8907                                                        | 1   |        | acc_w2_75            | add       | dsp_slice                | 3       |
|      sparsemux_9_2_32_1_1_U8844                                                                |     |        | tmp_555              | sparsemux | compactencoding_dontcare | 0       |
|      mac_muladd_12s_8s_32s_32_4_1_U8908                                                        | 1   |        | acc_w2_76            | add       | dsp_slice                | 3       |
|      sparsemux_9_2_32_1_1_U8845                                                                |     |        | tmp_556              | sparsemux | compactencoding_dontcare | 0       |
|      mac_muladd_12s_8s_32s_32_4_1_U8909                                                        | 1   |        | acc_w2_77            | add       | dsp_slice                | 3       |
|      sparsemux_9_2_32_1_1_U8846                                                                |     |        | tmp_557              | sparsemux | compactencoding_dontcare | 0       |
|      mac_muladd_12s_8s_32s_32_4_1_U8910                                                        | 1   |        | acc_w2_78            | add       | dsp_slice                | 3       |
|      sparsemux_9_2_32_1_1_U8807                                                                |     |        | tmp_558              | sparsemux | compactencoding_dontcare | 0       |
|      mac_muladd_8s_8s_32s_32_4_1_U8871                                                         | 1   |        | acc_m2_71            | add       | dsp_slice                | 3       |
|      sparsemux_9_2_32_1_1_U8808                                                                |     |        | tmp_559              | sparsemux | compactencoding_dontcare | 0       |
|      mac_muladd_8s_8s_32s_32_4_1_U8872                                                         | 1   |        | acc_m2_72            | add       | dsp_slice                | 3       |
|      sparsemux_9_2_32_1_1_U8809                                                                |     |        | tmp_560              | sparsemux | compactencoding_dontcare | 0       |
|      mac_muladd_8s_8s_32s_32_4_1_U8873                                                         | 1   |        | acc_m2_73            | add       | dsp_slice                | 3       |
|      sparsemux_9_2_32_1_1_U8810                                                                |     |        | tmp_561              | sparsemux | compactencoding_dontcare | 0       |
|      mac_muladd_8s_8s_32s_32_4_1_U8874                                                         | 1   |        | acc_m2_74            | add       | dsp_slice                | 3       |
|      sparsemux_9_2_32_1_1_U8811                                                                |     |        | tmp_562              | sparsemux | compactencoding_dontcare | 0       |
|      mac_muladd_8s_8s_32s_32_4_1_U8875                                                         | 1   |        | acc_m2_75            | add       | dsp_slice                | 3       |
|      sparsemux_9_2_32_1_1_U8812                                                                |     |        | tmp_563              | sparsemux | compactencoding_dontcare | 0       |
|      mac_muladd_8s_8s_32s_32_4_1_U8876                                                         | 1   |        | acc_m2_76            | add       | dsp_slice                | 3       |
|      sparsemux_9_2_32_1_1_U8813                                                                |     |        | tmp_564              | sparsemux | compactencoding_dontcare | 0       |
|      mac_muladd_8s_8s_32s_32_4_1_U8877                                                         | 1   |        | acc_m2_77            | add       | dsp_slice                | 3       |
|      sparsemux_9_2_32_1_1_U8814                                                                |     |        | tmp_565              | sparsemux | compactencoding_dontcare | 0       |
|      mac_muladd_8s_8s_32s_32_4_1_U8878                                                         | 1   |        | acc_m2_78            | add       | dsp_slice                | 3       |
|      sparsemux_9_2_32_1_1_U8847                                                                |     |        | tmp_566              | sparsemux | compactencoding_dontcare | 0       |
|      mac_muladd_12s_8s_32s_32_4_1_U8911                                                        | 1   |        | acc_w3_71            | add       | dsp_slice                | 3       |
|      sparsemux_9_2_32_1_1_U8848                                                                |     |        | tmp_567              | sparsemux | compactencoding_dontcare | 0       |
|      mac_muladd_12s_8s_32s_32_4_1_U8912                                                        | 1   |        | acc_w3_72            | add       | dsp_slice                | 3       |
|      sparsemux_9_2_32_1_1_U8849                                                                |     |        | tmp_568              | sparsemux | compactencoding_dontcare | 0       |
|      mac_muladd_12s_8s_32s_32_4_1_U8913                                                        | 1   |        | acc_w3_73            | add       | dsp_slice                | 3       |
|      sparsemux_9_2_32_1_1_U8850                                                                |     |        | tmp_569              | sparsemux | compactencoding_dontcare | 0       |
|      mac_muladd_12s_8s_32s_32_4_1_U8914                                                        | 1   |        | acc_w3_74            | add       | dsp_slice                | 3       |
|      sparsemux_9_2_32_1_1_U8851                                                                |     |        | tmp_570              | sparsemux | compactencoding_dontcare | 0       |
|      mac_muladd_12s_8s_32s_32_4_1_U8915                                                        | 1   |        | acc_w3_75            | add       | dsp_slice                | 3       |
|      sparsemux_9_2_32_1_1_U8852                                                                |     |        | tmp_571              | sparsemux | compactencoding_dontcare | 0       |
|      mac_muladd_12s_8s_32s_32_4_1_U8916                                                        | 1   |        | acc_w3_76            | add       | dsp_slice                | 3       |
|      sparsemux_9_2_32_1_1_U8853                                                                |     |        | tmp_572              | sparsemux | compactencoding_dontcare | 0       |
|      mac_muladd_12s_8s_32s_32_4_1_U8917                                                        | 1   |        | acc_w3_77            | add       | dsp_slice                | 3       |
|      sparsemux_9_2_32_1_1_U8854                                                                |     |        | tmp_573              | sparsemux | compactencoding_dontcare | 0       |
|      mac_muladd_12s_8s_32s_32_4_1_U8918                                                        | 1   |        | acc_w3_78            | add       | dsp_slice                | 3       |
|      sparsemux_9_2_32_1_1_U8815                                                                |     |        | tmp_574              | sparsemux | compactencoding_dontcare | 0       |
|      mac_muladd_8s_8s_32s_32_4_1_U8879                                                         | 1   |        | acc_m3_71            | add       | dsp_slice                | 3       |
|      sparsemux_9_2_32_1_1_U8816                                                                |     |        | tmp_575              | sparsemux | compactencoding_dontcare | 0       |
|      mac_muladd_8s_8s_32s_32_4_1_U8880                                                         | 1   |        | acc_m3_72            | add       | dsp_slice                | 3       |
|      sparsemux_9_2_32_1_1_U8817                                                                |     |        | tmp_576              | sparsemux | compactencoding_dontcare | 0       |
|      mac_muladd_8s_8s_32s_32_4_1_U8881                                                         | 1   |        | acc_m3_73            | add       | dsp_slice                | 3       |
|      sparsemux_9_2_32_1_1_U8818                                                                |     |        | tmp_577              | sparsemux | compactencoding_dontcare | 0       |
|      mac_muladd_8s_8s_32s_32_4_1_U8882                                                         | 1   |        | acc_m3_74            | add       | dsp_slice                | 3       |
|      sparsemux_9_2_32_1_1_U8819                                                                |     |        | tmp_578              | sparsemux | compactencoding_dontcare | 0       |
|      mac_muladd_8s_8s_32s_32_4_1_U8883                                                         | 1   |        | acc_m3_75            | add       | dsp_slice                | 3       |
|      sparsemux_9_2_32_1_1_U8820                                                                |     |        | tmp_579              | sparsemux | compactencoding_dontcare | 0       |
|      mac_muladd_8s_8s_32s_32_4_1_U8884                                                         | 1   |        | acc_m3_76            | add       | dsp_slice                | 3       |
|      sparsemux_9_2_32_1_1_U8821                                                                |     |        | tmp_580              | sparsemux | compactencoding_dontcare | 0       |
|      mac_muladd_8s_8s_32s_32_4_1_U8885                                                         | 1   |        | acc_m3_77            | add       | dsp_slice                | 3       |
|      sparsemux_9_2_32_1_1_U8822                                                                |     |        | tmp_581              | sparsemux | compactencoding_dontcare | 0       |
|      mac_muladd_8s_8s_32s_32_4_1_U8886                                                         | 1   |        | acc_m3_78            | add       | dsp_slice                | 3       |
|    + mac_blocks_down_q4k_k4_urm_Pipeline_REDUCE_GRP                                            | 48  |        |                      |           |                          |         |
|      icmp_ln392_fu_4520_p2                                                                     |     |        | icmp_ln392           | seteq     | auto                     | 0       |
|      add_ln392_fu_4526_p2                                                                      |     |        | add_ln392            | add       | fabric                   | 0       |
|      add_ln393_fu_4540_p2                                                                      |     |        | add_ln393            | add       | fabric                   | 0       |
|      sparsemux_17_3_32_1_1_U11254                                                              |     |        | sw0                  | sparsemux | compactencoding_dontcare | 0       |
|      sparsemux_17_3_32_1_1_U11255                                                              |     |        | sm0                  | sparsemux | compactencoding_dontcare | 0       |
|      sparsemux_17_3_32_1_1_U11256                                                              |     |        | sw1                  | sparsemux | compactencoding_dontcare | 0       |
|      sparsemux_17_3_32_1_1_U11257                                                              |     |        | sm1                  | sparsemux | compactencoding_dontcare | 0       |
|      sparsemux_17_3_32_1_1_U11258                                                              |     |        | sw2                  | sparsemux | compactencoding_dontcare | 0       |
|      sparsemux_17_3_32_1_1_U11259                                                              |     |        | sm2                  | sparsemux | compactencoding_dontcare | 0       |
|      sparsemux_17_3_32_1_1_U11260                                                              |     |        | sw3                  | sparsemux | compactencoding_dontcare | 0       |
|      sparsemux_17_3_32_1_1_U11261                                                              |     |        | sm3                  | sparsemux | compactencoding_dontcare | 0       |
|      sparsemux_17_3_32_1_1_U11262                                                              |     |        | tmp_s                | sparsemux | compactencoding_dontcare | 0       |
|      sparsemux_17_3_32_1_1_U11263                                                              |     |        | tmp_160              | sparsemux | compactencoding_dontcare | 0       |
|      sparsemux_17_3_32_1_1_U11264                                                              |     |        | tmp_161              | sparsemux | compactencoding_dontcare | 0       |
|      sparsemux_17_3_32_1_1_U11265                                                              |     |        | tmp_162              | sparsemux | compactencoding_dontcare | 0       |
|      sparsemux_17_3_32_1_1_U11266                                                              |     |        | tmp_163              | sparsemux | compactencoding_dontcare | 0       |
|      sparsemux_17_3_32_1_1_U11267                                                              |     |        | tmp_164              | sparsemux | compactencoding_dontcare | 0       |
|      sparsemux_17_3_32_1_1_U11268                                                              |     |        | tmp_165              | sparsemux | compactencoding_dontcare | 0       |
|      sparsemux_17_3_32_1_1_U11269                                                              |     |        | tmp_166              | sparsemux | compactencoding_dontcare | 0       |
|      sparsemux_17_3_32_1_1_U11270                                                              |     |        | tmp_167              | sparsemux | compactencoding_dontcare | 0       |
|      sparsemux_17_3_32_1_1_U11271                                                              |     |        | tmp_168              | sparsemux | compactencoding_dontcare | 0       |
|      sparsemux_17_3_32_1_1_U11272                                                              |     |        | tmp_169              | sparsemux | compactencoding_dontcare | 0       |
|      sparsemux_17_3_32_1_1_U11273                                                              |     |        | tmp_170              | sparsemux | compactencoding_dontcare | 0       |
|      sparsemux_17_3_32_1_1_U11274                                                              |     |        | tmp_171              | sparsemux | compactencoding_dontcare | 0       |
|      sparsemux_17_3_32_1_1_U11275                                                              |     |        | tmp_172              | sparsemux | compactencoding_dontcare | 0       |
|      sparsemux_17_3_32_1_1_U11276                                                              |     |        | tmp_173              | sparsemux | compactencoding_dontcare | 0       |
|      sparsemux_17_3_32_1_1_U11277                                                              |     |        | tmp_174              | sparsemux | compactencoding_dontcare | 0       |
|      sparsemux_17_3_32_1_1_U11278                                                              |     |        | tmp_175              | sparsemux | compactencoding_dontcare | 0       |
|      add_ln398_1_fu_5552_p2                                                                    |     |        | add_ln398_1          | add       | fabric                   | 0       |
|      sparsemux_17_3_32_1_1_U11279                                                              |     |        | tmp_176              | sparsemux | compactencoding_dontcare | 0       |
|      add_ln398_4_fu_5610_p2                                                                    |     |        | add_ln398_4          | add       | fabric                   | 0       |
|      sparsemux_17_3_32_1_1_U11280                                                              |     |        | tmp_177              | sparsemux | compactencoding_dontcare | 0       |
|      add_ln399_1_fu_5668_p2                                                                    |     |        | add_ln399_1          | add       | fabric                   | 0       |
|      sparsemux_17_3_32_1_1_U11281                                                              |     |        | tmp_178              | sparsemux | compactencoding_dontcare | 0       |
|      add_ln399_4_fu_5726_p2                                                                    |     |        | add_ln399_4          | add       | fabric                   | 0       |
|      sparsemux_17_3_32_1_1_U11282                                                              |     |        | tmp_179              | sparsemux | compactencoding_dontcare | 0       |
|      add_ln400_1_fu_5784_p2                                                                    |     |        | add_ln400_1          | add       | fabric                   | 0       |
|      sparsemux_17_3_32_1_1_U11283                                                              |     |        | tmp_180              | sparsemux | compactencoding_dontcare | 0       |
|      add_ln400_4_fu_5842_p2                                                                    |     |        | add_ln400_4          | add       | fabric                   | 0       |
|      sparsemux_17_3_32_1_1_U11284                                                              |     |        | tmp_181              | sparsemux | compactencoding_dontcare | 0       |
|      add_ln401_1_fu_5900_p2                                                                    |     |        | add_ln401_1          | add       | fabric                   | 0       |
|      sparsemux_17_3_32_1_1_U11285                                                              |     |        | tmp_182              | sparsemux | compactencoding_dontcare | 0       |
|      add_ln401_4_fu_5958_p2                                                                    |     |        | add_ln401_4          | add       | fabric                   | 0       |
|      sparsemux_65_5_32_1_1_U11286                                                              |     |        | tmp_183              | sparsemux | compactencoding_dontcare | 0       |
|      fpext_32ns_64_2_no_dsp_1_U11238                                                           |     |        | pf                   | fpext     | auto                     | 1       |
|      sub_ln403_fu_7301_p2                                                                      |     |        | sub_ln403            | sub       | fabric                   | 0       |
|      select_ln403_fu_7307_p3                                                                   |     |        | select_ln403         | select    | auto_sel                 | 0       |
|      icmp_ln403_fu_7314_p2                                                                     |     |        | icmp_ln403           | seteq     | auto                     | 0       |
|      sub_ln403_1_fu_7319_p2                                                                    |     |        | sub_ln403_1          | sub       | fabric                   | 0       |
|      icmp_ln403_1_fu_7329_p2                                                                   |     |        | icmp_ln403_1         | setgt     | auto                     | 0       |
|      add_ln403_fu_7335_p2                                                                      |     |        | add_ln403            | add       | fabric                   | 0       |
|      sub_ln403_2_fu_7341_p2                                                                    |     |        | sub_ln403_2          | sub       | fabric                   | 0       |
|      select_ln403_1_fu_7347_p3                                                                 |     |        | select_ln403_1       | select    | auto_sel                 | 0       |
|      icmp_ln403_2_fu_7355_p2                                                                   |     |        | icmp_ln403_2         | seteq     | auto                     | 0       |
|      icmp_ln403_3_fu_8042_p2                                                                   |     |        | icmp_ln403_3         | setlt     | auto                     | 0       |
|      select_ln403_8_fu_8047_p3                                                                 |     |        | select_ln403_8       | select    | auto_sel                 | 0       |
|      ashr_ln403_fu_8057_p2                                                                     |     |        | ashr_ln403           | ashr      | auto_pipe                | 0       |
|      storemerge4_i_fu_8120_p6                                                                  |     |        | select_ln403_2       | select    | auto_sel                 | 0       |
|      icmp_ln403_4_fu_7375_p2                                                                   |     |        | icmp_ln403_4         | seteq     | auto                     | 0       |
|      shl_ln403_fu_8074_p2                                                                      |     |        | shl_ln403            | shl       | auto_pipe                | 0       |
|      storemerge4_i_fu_8120_p8                                                                  |     |        | select_ln403_3       | select    | auto_sel                 | 0       |
|      xor_ln403_fu_8086_p2                                                                      |     |        | xor_ln403            | xor       | auto                     | 0       |
|      and_ln403_fu_8091_p2                                                                      |     |        | and_ln403            | and       | auto                     | 0       |
|      or_ln403_fu_8096_p2                                                                       |     |        | or_ln403             | or        | auto                     | 0       |
|      xor_ln403_1_fu_8100_p2                                                                    |     |        | xor_ln403_1          | xor       | auto                     | 0       |
|      and_ln403_1_fu_8106_p2                                                                    |     |        | and_ln403_1          | and       | auto                     | 0       |
|      sparsemux_9_3_32_1_0_U11294                                                               |     |        | storemerge4_i        | sparsemux | onehotencoding_realdef   | 0       |
|      mul_50s_32s_82_2_1_U11246                                                                 | 6   |        | mul_ln403            | mul       | auto                     | 1       |
|      sparsemux_65_5_32_1_1_U11287                                                              |     |        | tmp_185              | sparsemux | compactencoding_dontcare | 0       |
|      fpext_32ns_64_2_no_dsp_1_U11239                                                           |     |        | pf_8                 | fpext     | auto                     | 1       |
|      sub_ln403_3_fu_7395_p2                                                                    |     |        | sub_ln403_3          | sub       | fabric                   | 0       |
|      select_ln403_4_fu_7401_p3                                                                 |     |        | select_ln403_4       | select    | auto_sel                 | 0       |
|      icmp_ln403_5_fu_7408_p2                                                                   |     |        | icmp_ln403_5         | seteq     | auto                     | 0       |
|      sub_ln403_4_fu_7413_p2                                                                    |     |        | sub_ln403_4          | sub       | fabric                   | 0       |
|      icmp_ln403_6_fu_7423_p2                                                                   |     |        | icmp_ln403_6         | setgt     | auto                     | 0       |
|      add_ln403_1_fu_7429_p2                                                                    |     |        | add_ln403_1          | add       | fabric                   | 0       |
|      sub_ln403_5_fu_7435_p2                                                                    |     |        | sub_ln403_5          | sub       | fabric                   | 0       |
|      select_ln403_5_fu_7441_p3                                                                 |     |        | select_ln403_5       | select    | auto_sel                 | 0       |
|      icmp_ln403_7_fu_7449_p2                                                                   |     |        | icmp_ln403_7         | seteq     | auto                     | 0       |
|      icmp_ln403_8_fu_8146_p2                                                                   |     |        | icmp_ln403_8         | setlt     | auto                     | 0       |
|      select_ln403_9_fu_8151_p3                                                                 |     |        | select_ln403_9       | select    | auto_sel                 | 0       |
|      ashr_ln403_1_fu_8161_p2                                                                   |     |        | ashr_ln403_1         | ashr      | auto_pipe                | 0       |
|      storemerge4_i8_fu_8224_p6                                                                 |     |        | select_ln403_6       | select    | auto_sel                 | 0       |
|      icmp_ln403_9_fu_7469_p2                                                                   |     |        | icmp_ln403_9         | seteq     | auto                     | 0       |
|      shl_ln403_2_fu_8178_p2                                                                    |     |        | shl_ln403_2          | shl       | auto_pipe                | 0       |
|      storemerge4_i8_fu_8224_p8                                                                 |     |        | select_ln403_7       | select    | auto_sel                 | 0       |
|      xor_ln403_2_fu_8190_p2                                                                    |     |        | xor_ln403_2          | xor       | auto                     | 0       |
|      and_ln403_2_fu_8195_p2                                                                    |     |        | and_ln403_2          | and       | auto                     | 0       |
|      or_ln403_1_fu_8200_p2                                                                     |     |        | or_ln403_1           | or        | auto                     | 0       |
|      xor_ln403_3_fu_8204_p2                                                                    |     |        | xor_ln403_3          | xor       | auto                     | 0       |
|      and_ln403_3_fu_8210_p2                                                                    |     |        | and_ln403_3          | and       | auto                     | 0       |
|      sparsemux_9_3_32_1_0_U11295                                                               |     |        | storemerge4_i8       | sparsemux | onehotencoding_realdef   | 0       |
|      mul_50s_32s_82_2_1_U11247                                                                 | 6   |        | mul_ln403_1          | mul       | auto                     | 1       |
|      sub_ln403_6_fu_9025_p2                                                                    |     |        | sub_ln403_6          | sub       | fabric                   | 0       |
|      add_ln403_2_fu_9047_p2                                                                    |     |        | add_ln403_2          | add       | fabric                   | 0       |
|      sparsemux_65_5_32_1_1_U11288                                                              |     |        | tmp_187              | sparsemux | compactencoding_dontcare | 0       |
|      fpext_32ns_64_2_no_dsp_1_U11240                                                           |     |        | pf_9                 | fpext     | auto                     | 1       |
|      sub_ln404_fu_7489_p2                                                                      |     |        | sub_ln404            | sub       | fabric                   | 0       |
|      select_ln404_fu_7495_p3                                                                   |     |        | select_ln404         | select    | auto_sel                 | 0       |
|      icmp_ln404_fu_7502_p2                                                                     |     |        | icmp_ln404           | seteq     | auto                     | 0       |
|      sub_ln404_1_fu_7507_p2                                                                    |     |        | sub_ln404_1          | sub       | fabric                   | 0       |
|      icmp_ln404_1_fu_7517_p2                                                                   |     |        | icmp_ln404_1         | setgt     | auto                     | 0       |
|      add_ln404_fu_7523_p2                                                                      |     |        | add_ln404            | add       | fabric                   | 0       |
|      sub_ln404_2_fu_7529_p2                                                                    |     |        | sub_ln404_2          | sub       | fabric                   | 0       |
|      select_ln404_1_fu_7535_p3                                                                 |     |        | select_ln404_1       | select    | auto_sel                 | 0       |
|      icmp_ln404_2_fu_7543_p2                                                                   |     |        | icmp_ln404_2         | seteq     | auto                     | 0       |
|      icmp_ln404_3_fu_8250_p2                                                                   |     |        | icmp_ln404_3         | setlt     | auto                     | 0       |
|      select_ln404_8_fu_8255_p3                                                                 |     |        | select_ln404_8       | select    | auto_sel                 | 0       |
|      ashr_ln404_fu_8265_p2                                                                     |     |        | ashr_ln404           | ashr      | auto_pipe                | 0       |
|      storemerge4_i9_fu_8328_p6                                                                 |     |        | select_ln404_2       | select    | auto_sel                 | 0       |
|      icmp_ln404_4_fu_7563_p2                                                                   |     |        | icmp_ln404_4         | seteq     | auto                     | 0       |
|      shl_ln404_fu_8282_p2                                                                      |     |        | shl_ln404            | shl       | auto_pipe                | 0       |
|      storemerge4_i9_fu_8328_p8                                                                 |     |        | select_ln404_3       | select    | auto_sel                 | 0       |
|      xor_ln404_fu_8294_p2                                                                      |     |        | xor_ln404            | xor       | auto                     | 0       |
|      and_ln404_fu_8299_p2                                                                      |     |        | and_ln404            | and       | auto                     | 0       |
|      or_ln404_fu_8304_p2                                                                       |     |        | or_ln404             | or        | auto                     | 0       |
|      xor_ln404_1_fu_8308_p2                                                                    |     |        | xor_ln404_1          | xor       | auto                     | 0       |
|      and_ln404_1_fu_8314_p2                                                                    |     |        | and_ln404_1          | and       | auto                     | 0       |
|      sparsemux_9_3_32_1_0_U11296                                                               |     |        | storemerge4_i9       | sparsemux | onehotencoding_realdef   | 0       |
|      mul_50s_32s_82_2_1_U11248                                                                 | 6   |        | mul_ln404            | mul       | auto                     | 1       |
|      sparsemux_65_5_32_1_1_U11289                                                              |     |        | tmp_189              | sparsemux | compactencoding_dontcare | 0       |
|      fpext_32ns_64_2_no_dsp_1_U11241                                                           |     |        | pf_10                | fpext     | auto                     | 1       |
|      sub_ln404_3_fu_7583_p2                                                                    |     |        | sub_ln404_3          | sub       | fabric                   | 0       |
|      select_ln404_4_fu_7589_p3                                                                 |     |        | select_ln404_4       | select    | auto_sel                 | 0       |
|      icmp_ln404_5_fu_7596_p2                                                                   |     |        | icmp_ln404_5         | seteq     | auto                     | 0       |
|      sub_ln404_4_fu_7601_p2                                                                    |     |        | sub_ln404_4          | sub       | fabric                   | 0       |
|      icmp_ln404_6_fu_7611_p2                                                                   |     |        | icmp_ln404_6         | setgt     | auto                     | 0       |
|      add_ln404_1_fu_7617_p2                                                                    |     |        | add_ln404_1          | add       | fabric                   | 0       |
|      sub_ln404_5_fu_7623_p2                                                                    |     |        | sub_ln404_5          | sub       | fabric                   | 0       |
|      select_ln404_5_fu_7629_p3                                                                 |     |        | select_ln404_5       | select    | auto_sel                 | 0       |
|      icmp_ln404_7_fu_7637_p2                                                                   |     |        | icmp_ln404_7         | seteq     | auto                     | 0       |
|      icmp_ln404_8_fu_8354_p2                                                                   |     |        | icmp_ln404_8         | setlt     | auto                     | 0       |
|      select_ln404_9_fu_8359_p3                                                                 |     |        | select_ln404_9       | select    | auto_sel                 | 0       |
|      ashr_ln404_1_fu_8369_p2                                                                   |     |        | ashr_ln404_1         | ashr      | auto_pipe                | 0       |
|      storemerge4_i1_fu_8432_p6                                                                 |     |        | select_ln404_6       | select    | auto_sel                 | 0       |
|      icmp_ln404_9_fu_7657_p2                                                                   |     |        | icmp_ln404_9         | seteq     | auto                     | 0       |
|      shl_ln404_2_fu_8386_p2                                                                    |     |        | shl_ln404_2          | shl       | auto_pipe                | 0       |
|      storemerge4_i1_fu_8432_p8                                                                 |     |        | select_ln404_7       | select    | auto_sel                 | 0       |
|      xor_ln404_2_fu_8398_p2                                                                    |     |        | xor_ln404_2          | xor       | auto                     | 0       |
|      and_ln404_2_fu_8403_p2                                                                    |     |        | and_ln404_2          | and       | auto                     | 0       |
|      or_ln404_1_fu_8408_p2                                                                     |     |        | or_ln404_1           | or        | auto                     | 0       |
|      xor_ln404_3_fu_8412_p2                                                                    |     |        | xor_ln404_3          | xor       | auto                     | 0       |
|      and_ln404_3_fu_8418_p2                                                                    |     |        | and_ln404_3          | and       | auto                     | 0       |
|      sparsemux_9_3_32_1_0_U11297                                                               |     |        | storemerge4_i1       | sparsemux | onehotencoding_realdef   | 0       |
|      mul_50s_32s_82_2_1_U11249                                                                 | 6   |        | mul_ln404_1          | mul       | auto                     | 1       |
|      sub_ln404_6_fu_9077_p2                                                                    |     |        | sub_ln404_6          | sub       | fabric                   | 0       |
|      add_ln404_2_fu_9099_p2                                                                    |     |        | add_ln404_2          | add       | fabric                   | 0       |
|      sparsemux_65_5_32_1_1_U11290                                                              |     |        | tmp_191              | sparsemux | compactencoding_dontcare | 0       |
|      fpext_32ns_64_2_no_dsp_1_U11242                                                           |     |        | pf_11                | fpext     | auto                     | 1       |
|      sub_ln405_fu_7677_p2                                                                      |     |        | sub_ln405            | sub       | fabric                   | 0       |
|      select_ln405_fu_7683_p3                                                                   |     |        | select_ln405         | select    | auto_sel                 | 0       |
|      icmp_ln405_fu_7690_p2                                                                     |     |        | icmp_ln405           | seteq     | auto                     | 0       |
|      sub_ln405_1_fu_7695_p2                                                                    |     |        | sub_ln405_1          | sub       | fabric                   | 0       |
|      icmp_ln405_1_fu_7705_p2                                                                   |     |        | icmp_ln405_1         | setgt     | auto                     | 0       |
|      add_ln405_fu_7711_p2                                                                      |     |        | add_ln405            | add       | fabric                   | 0       |
|      sub_ln405_2_fu_7717_p2                                                                    |     |        | sub_ln405_2          | sub       | fabric                   | 0       |
|      select_ln405_1_fu_7723_p3                                                                 |     |        | select_ln405_1       | select    | auto_sel                 | 0       |
|      icmp_ln405_2_fu_7731_p2                                                                   |     |        | icmp_ln405_2         | seteq     | auto                     | 0       |
|      icmp_ln405_3_fu_8458_p2                                                                   |     |        | icmp_ln405_3         | setlt     | auto                     | 0       |
|      select_ln405_8_fu_8463_p3                                                                 |     |        | select_ln405_8       | select    | auto_sel                 | 0       |
|      ashr_ln405_fu_8473_p2                                                                     |     |        | ashr_ln405           | ashr      | auto_pipe                | 0       |
|      storemerge4_i2_fu_8536_p6                                                                 |     |        | select_ln405_2       | select    | auto_sel                 | 0       |
|      icmp_ln405_4_fu_7751_p2                                                                   |     |        | icmp_ln405_4         | seteq     | auto                     | 0       |
|      shl_ln405_fu_8490_p2                                                                      |     |        | shl_ln405            | shl       | auto_pipe                | 0       |
|      storemerge4_i2_fu_8536_p8                                                                 |     |        | select_ln405_3       | select    | auto_sel                 | 0       |
|      xor_ln405_fu_8502_p2                                                                      |     |        | xor_ln405            | xor       | auto                     | 0       |
|      and_ln405_fu_8507_p2                                                                      |     |        | and_ln405            | and       | auto                     | 0       |
|      or_ln405_fu_8512_p2                                                                       |     |        | or_ln405             | or        | auto                     | 0       |
|      xor_ln405_1_fu_8516_p2                                                                    |     |        | xor_ln405_1          | xor       | auto                     | 0       |
|      and_ln405_1_fu_8522_p2                                                                    |     |        | and_ln405_1          | and       | auto                     | 0       |
|      sparsemux_9_3_32_1_0_U11298                                                               |     |        | storemerge4_i2       | sparsemux | onehotencoding_realdef   | 0       |
|      mul_50s_32s_82_2_1_U11250                                                                 | 6   |        | mul_ln405            | mul       | auto                     | 1       |
|      sparsemux_65_5_32_1_1_U11291                                                              |     |        | tmp_193              | sparsemux | compactencoding_dontcare | 0       |
|      fpext_32ns_64_2_no_dsp_1_U11243                                                           |     |        | pf_12                | fpext     | auto                     | 1       |
|      sub_ln405_3_fu_7771_p2                                                                    |     |        | sub_ln405_3          | sub       | fabric                   | 0       |
|      select_ln405_4_fu_7777_p3                                                                 |     |        | select_ln405_4       | select    | auto_sel                 | 0       |
|      icmp_ln405_5_fu_7784_p2                                                                   |     |        | icmp_ln405_5         | seteq     | auto                     | 0       |
|      sub_ln405_4_fu_7789_p2                                                                    |     |        | sub_ln405_4          | sub       | fabric                   | 0       |
|      icmp_ln405_6_fu_7799_p2                                                                   |     |        | icmp_ln405_6         | setgt     | auto                     | 0       |
|      add_ln405_1_fu_7805_p2                                                                    |     |        | add_ln405_1          | add       | fabric                   | 0       |
|      sub_ln405_5_fu_7811_p2                                                                    |     |        | sub_ln405_5          | sub       | fabric                   | 0       |
|      select_ln405_5_fu_7817_p3                                                                 |     |        | select_ln405_5       | select    | auto_sel                 | 0       |
|      icmp_ln405_7_fu_7825_p2                                                                   |     |        | icmp_ln405_7         | seteq     | auto                     | 0       |
|      icmp_ln405_8_fu_8562_p2                                                                   |     |        | icmp_ln405_8         | setlt     | auto                     | 0       |
|      select_ln405_9_fu_8567_p3                                                                 |     |        | select_ln405_9       | select    | auto_sel                 | 0       |
|      ashr_ln405_1_fu_8577_p2                                                                   |     |        | ashr_ln405_1         | ashr      | auto_pipe                | 0       |
|      storemerge4_i3_fu_8640_p6                                                                 |     |        | select_ln405_6       | select    | auto_sel                 | 0       |
|      icmp_ln405_9_fu_7845_p2                                                                   |     |        | icmp_ln405_9         | seteq     | auto                     | 0       |
|      shl_ln405_2_fu_8594_p2                                                                    |     |        | shl_ln405_2          | shl       | auto_pipe                | 0       |
|      storemerge4_i3_fu_8640_p8                                                                 |     |        | select_ln405_7       | select    | auto_sel                 | 0       |
|      xor_ln405_2_fu_8606_p2                                                                    |     |        | xor_ln405_2          | xor       | auto                     | 0       |
|      and_ln405_2_fu_8611_p2                                                                    |     |        | and_ln405_2          | and       | auto                     | 0       |
|      or_ln405_1_fu_8616_p2                                                                     |     |        | or_ln405_1           | or        | auto                     | 0       |
|      xor_ln405_3_fu_8620_p2                                                                    |     |        | xor_ln405_3          | xor       | auto                     | 0       |
|      and_ln405_3_fu_8626_p2                                                                    |     |        | and_ln405_3          | and       | auto                     | 0       |
|      sparsemux_9_3_32_1_0_U11299                                                               |     |        | storemerge4_i3       | sparsemux | onehotencoding_realdef   | 0       |
|      mul_50s_32s_82_2_1_U11251                                                                 | 6   |        | mul_ln405_1          | mul       | auto                     | 1       |
|      sub_ln405_6_fu_9129_p2                                                                    |     |        | sub_ln405_6          | sub       | fabric                   | 0       |
|      add_ln405_2_fu_9151_p2                                                                    |     |        | add_ln405_2          | add       | fabric                   | 0       |
|      sparsemux_65_5_32_1_1_U11292                                                              |     |        | tmp_195              | sparsemux | compactencoding_dontcare | 0       |
|      fpext_32ns_64_2_no_dsp_1_U11244                                                           |     |        | pf_13                | fpext     | auto                     | 1       |
|      sub_ln406_fu_7865_p2                                                                      |     |        | sub_ln406            | sub       | fabric                   | 0       |
|      select_ln406_fu_7871_p3                                                                   |     |        | select_ln406         | select    | auto_sel                 | 0       |
|      icmp_ln406_fu_7878_p2                                                                     |     |        | icmp_ln406           | seteq     | auto                     | 0       |
|      sub_ln406_1_fu_7883_p2                                                                    |     |        | sub_ln406_1          | sub       | fabric                   | 0       |
|      icmp_ln406_1_fu_7893_p2                                                                   |     |        | icmp_ln406_1         | setgt     | auto                     | 0       |
|      add_ln406_fu_7899_p2                                                                      |     |        | add_ln406            | add       | fabric                   | 0       |
|      sub_ln406_2_fu_7905_p2                                                                    |     |        | sub_ln406_2          | sub       | fabric                   | 0       |
|      select_ln406_1_fu_7911_p3                                                                 |     |        | select_ln406_1       | select    | auto_sel                 | 0       |
|      icmp_ln406_2_fu_7919_p2                                                                   |     |        | icmp_ln406_2         | seteq     | auto                     | 0       |
|      icmp_ln406_3_fu_8666_p2                                                                   |     |        | icmp_ln406_3         | setlt     | auto                     | 0       |
|      select_ln406_8_fu_8671_p3                                                                 |     |        | select_ln406_8       | select    | auto_sel                 | 0       |
|      ashr_ln406_fu_8681_p2                                                                     |     |        | ashr_ln406           | ashr      | auto_pipe                | 0       |
|      storemerge4_i4_fu_8744_p6                                                                 |     |        | select_ln406_2       | select    | auto_sel                 | 0       |
|      icmp_ln406_4_fu_7939_p2                                                                   |     |        | icmp_ln406_4         | seteq     | auto                     | 0       |
|      shl_ln406_fu_8698_p2                                                                      |     |        | shl_ln406            | shl       | auto_pipe                | 0       |
|      storemerge4_i4_fu_8744_p8                                                                 |     |        | select_ln406_3       | select    | auto_sel                 | 0       |
|      xor_ln406_fu_8710_p2                                                                      |     |        | xor_ln406            | xor       | auto                     | 0       |
|      and_ln406_fu_8715_p2                                                                      |     |        | and_ln406            | and       | auto                     | 0       |
|      or_ln406_fu_8720_p2                                                                       |     |        | or_ln406             | or        | auto                     | 0       |
|      xor_ln406_1_fu_8724_p2                                                                    |     |        | xor_ln406_1          | xor       | auto                     | 0       |
|      and_ln406_1_fu_8730_p2                                                                    |     |        | and_ln406_1          | and       | auto                     | 0       |
|      sparsemux_9_3_32_1_0_U11300                                                               |     |        | storemerge4_i4       | sparsemux | onehotencoding_realdef   | 0       |
|      mul_50s_32s_82_2_1_U11252                                                                 | 6   |        | mul_ln406            | mul       | auto                     | 1       |
|      sparsemux_65_5_32_1_1_U11293                                                              |     |        | tmp_197              | sparsemux | compactencoding_dontcare | 0       |
|      fpext_32ns_64_2_no_dsp_1_U11245                                                           |     |        | pf_14                | fpext     | auto                     | 1       |
|      sub_ln406_3_fu_7959_p2                                                                    |     |        | sub_ln406_3          | sub       | fabric                   | 0       |
|      select_ln406_4_fu_7965_p3                                                                 |     |        | select_ln406_4       | select    | auto_sel                 | 0       |
|      icmp_ln406_5_fu_7972_p2                                                                   |     |        | icmp_ln406_5         | seteq     | auto                     | 0       |
|      sub_ln406_4_fu_7977_p2                                                                    |     |        | sub_ln406_4          | sub       | fabric                   | 0       |
|      icmp_ln406_6_fu_7987_p2                                                                   |     |        | icmp_ln406_6         | setgt     | auto                     | 0       |
|      add_ln406_1_fu_7993_p2                                                                    |     |        | add_ln406_1          | add       | fabric                   | 0       |
|      sub_ln406_5_fu_7999_p2                                                                    |     |        | sub_ln406_5          | sub       | fabric                   | 0       |
|      select_ln406_5_fu_8005_p3                                                                 |     |        | select_ln406_5       | select    | auto_sel                 | 0       |
|      icmp_ln406_7_fu_8013_p2                                                                   |     |        | icmp_ln406_7         | seteq     | auto                     | 0       |
|      icmp_ln406_8_fu_8770_p2                                                                   |     |        | icmp_ln406_8         | setlt     | auto                     | 0       |
|      select_ln406_9_fu_8775_p3                                                                 |     |        | select_ln406_9       | select    | auto_sel                 | 0       |
|      ashr_ln406_1_fu_8785_p2                                                                   |     |        | ashr_ln406_1         | ashr      | auto_pipe                | 0       |
|      storemerge4_i5_fu_8848_p6                                                                 |     |        | select_ln406_6       | select    | auto_sel                 | 0       |
|      icmp_ln406_9_fu_8033_p2                                                                   |     |        | icmp_ln406_9         | seteq     | auto                     | 0       |
|      shl_ln406_2_fu_8802_p2                                                                    |     |        | shl_ln406_2          | shl       | auto_pipe                | 0       |
|      storemerge4_i5_fu_8848_p8                                                                 |     |        | select_ln406_7       | select    | auto_sel                 | 0       |
|      xor_ln406_2_fu_8814_p2                                                                    |     |        | xor_ln406_2          | xor       | auto                     | 0       |
|      and_ln406_2_fu_8819_p2                                                                    |     |        | and_ln406_2          | and       | auto                     | 0       |
|      or_ln406_1_fu_8824_p2                                                                     |     |        | or_ln406_1           | or        | auto                     | 0       |
|      xor_ln406_3_fu_8828_p2                                                                    |     |        | xor_ln406_3          | xor       | auto                     | 0       |
|      and_ln406_3_fu_8834_p2                                                                    |     |        | and_ln406_3          | and       | auto                     | 0       |
|      sparsemux_9_3_32_1_0_U11301                                                               |     |        | storemerge4_i5       | sparsemux | onehotencoding_realdef   | 0       |
|      mul_50s_32s_82_2_1_U11253                                                                 | 6   |        | mul_ln406_1          | mul       | auto                     | 1       |
|      sub_ln406_6_fu_9181_p2                                                                    |     |        | sub_ln406_6          | sub       | fabric                   | 0       |
|      add_ln406_2_fu_9203_p2                                                                    |     |        | add_ln406_2          | add       | fabric                   | 0       |
|   + compute_output_Pipeline_1                                                                  | 0   |        |                      |           |                          |         |
|     exitcond2_i_fu_101_p2                                                                      |     |        | exitcond2_i          | seteq     | auto                     | 0       |
|     empty_fu_107_p2                                                                            |     |        | empty                | add       | fabric                   | 0       |
+------------------------------------------------------------------------------------------------+-----+--------+----------------------+-----------+--------------------------+---------+


================================================================
== Storage Report
================================================================
+--------------------+----------------+------------+------+------+--------+---------------+--------+---------+------------------+
| Name               | Usage          | Type       | BRAM | URAM | Pragma | Variable      | Impl   | Latency | Bitwidth, Depth, |
|                    |                |            |      |      |        |               |        |         | Banks            |
+--------------------+----------------+------------+------+------+--------+---------------+--------+---------+------------------+
| + swiglu           |                |            | 110  | 8    |        |               |        |         |                  |
|   CTRL_s_axi_U     | interface      | s_axilite  |      |      |        |               |        |         |                  |
|   gmem_V_m_axi_U   | interface      | m_axi      | 8    |      |        |               |        |         |                  |
|   gmem_W_m_axi_U   | interface      | m_axi      | 8    |      |        |               |        |         |                  |
|   gmem_Wd_m_axi_U  | interface      | m_axi      | 8    |      |        |               |        |         |                  |
|   gmem_out_m_axi_U | interface      | m_axi      | 2    |      |        |               |        |         |                  |
|   gmem_x_m_axi_U   | interface      | m_axi      | 8    |      |        |               |        |         |                  |
|   x_local_1_U      | ram_1p channel | pipo       |      |      |        | x_local_1     | lutram | 1       | 8, 16, 2         |
|   x_local_1_1_U    | ram_1p channel | pipo       |      |      |        | x_local_1_1   | lutram | 1       | 8, 16, 2         |
|   x_local_1_2_U    | ram_1p channel | pipo       |      |      |        | x_local_1_2   | lutram | 1       | 8, 16, 2         |
|   x_local_1_3_U    | ram_1p channel | pipo       |      |      |        | x_local_1_3   | lutram | 1       | 8, 16, 2         |
|   x_local_1_4_U    | ram_1p channel | pipo       |      |      |        | x_local_1_4   | lutram | 1       | 8, 16, 2         |
|   x_local_1_5_U    | ram_1p channel | pipo       |      |      |        | x_local_1_5   | lutram | 1       | 8, 16, 2         |
|   x_local_1_6_U    | ram_1p channel | pipo       |      |      |        | x_local_1_6   | lutram | 1       | 8, 16, 2         |
|   x_local_1_7_U    | ram_1p channel | pipo       |      |      |        | x_local_1_7   | lutram | 1       | 8, 16, 2         |
|   x_local_1_8_U    | ram_1p channel | pipo       |      |      |        | x_local_1_8   | lutram | 1       | 8, 16, 2         |
|   x_local_1_9_U    | ram_1p channel | pipo       |      |      |        | x_local_1_9   | lutram | 1       | 8, 16, 2         |
|   x_local_1_10_U   | ram_1p channel | pipo       |      |      |        | x_local_1_10  | lutram | 1       | 8, 16, 2         |
|   x_local_1_11_U   | ram_1p channel | pipo       |      |      |        | x_local_1_11  | lutram | 1       | 8, 16, 2         |
|   x_local_1_12_U   | ram_1p channel | pipo       |      |      |        | x_local_1_12  | lutram | 1       | 8, 16, 2         |
|   x_local_1_13_U   | ram_1p channel | pipo       |      |      |        | x_local_1_13  | lutram | 1       | 8, 16, 2         |
|   x_local_1_14_U   | ram_1p channel | pipo       |      |      |        | x_local_1_14  | lutram | 1       | 8, 16, 2         |
|   x_local_1_15_U   | ram_1p channel | pipo       |      |      |        | x_local_1_15  | lutram | 1       | 8, 16, 2         |
|   x_local_1_16_U   | ram_1p channel | pipo       |      |      |        | x_local_1_16  | lutram | 1       | 8, 16, 2         |
|   x_local_1_17_U   | ram_1p channel | pipo       |      |      |        | x_local_1_17  | lutram | 1       | 8, 16, 2         |
|   x_local_1_18_U   | ram_1p channel | pipo       |      |      |        | x_local_1_18  | lutram | 1       | 8, 16, 2         |
|   x_local_1_19_U   | ram_1p channel | pipo       |      |      |        | x_local_1_19  | lutram | 1       | 8, 16, 2         |
|   x_local_1_20_U   | ram_1p channel | pipo       |      |      |        | x_local_1_20  | lutram | 1       | 8, 16, 2         |
|   x_local_1_21_U   | ram_1p channel | pipo       |      |      |        | x_local_1_21  | lutram | 1       | 8, 16, 2         |
|   x_local_1_22_U   | ram_1p channel | pipo       |      |      |        | x_local_1_22  | lutram | 1       | 8, 16, 2         |
|   x_local_1_23_U   | ram_1p channel | pipo       |      |      |        | x_local_1_23  | lutram | 1       | 8, 16, 2         |
|   x_local_1_24_U   | ram_1p channel | pipo       |      |      |        | x_local_1_24  | lutram | 1       | 8, 16, 2         |
|   x_local_1_25_U   | ram_1p channel | pipo       |      |      |        | x_local_1_25  | lutram | 1       | 8, 16, 2         |
|   x_local_1_26_U   | ram_1p channel | pipo       |      |      |        | x_local_1_26  | lutram | 1       | 8, 16, 2         |
|   x_local_1_27_U   | ram_1p channel | pipo       |      |      |        | x_local_1_27  | lutram | 1       | 8, 16, 2         |
|   x_local_1_28_U   | ram_1p channel | pipo       |      |      |        | x_local_1_28  | lutram | 1       | 8, 16, 2         |
|   x_local_1_29_U   | ram_1p channel | pipo       |      |      |        | x_local_1_29  | lutram | 1       | 8, 16, 2         |
|   x_local_1_30_U   | ram_1p channel | pipo       |      |      |        | x_local_1_30  | lutram | 1       | 8, 16, 2         |
|   x_local_1_31_U   | ram_1p channel | pipo       |      |      |        | x_local_1_31  | lutram | 1       | 8, 16, 2         |
|   x_local_1_32_U   | ram_1p channel | pipo       |      |      |        | x_local_1_32  | lutram | 1       | 8, 16, 2         |
|   x_local_1_33_U   | ram_1p channel | pipo       |      |      |        | x_local_1_33  | lutram | 1       | 8, 16, 2         |
|   x_local_1_34_U   | ram_1p channel | pipo       |      |      |        | x_local_1_34  | lutram | 1       | 8, 16, 2         |
|   x_local_1_35_U   | ram_1p channel | pipo       |      |      |        | x_local_1_35  | lutram | 1       | 8, 16, 2         |
|   x_local_1_36_U   | ram_1p channel | pipo       |      |      |        | x_local_1_36  | lutram | 1       | 8, 16, 2         |
|   x_local_1_37_U   | ram_1p channel | pipo       |      |      |        | x_local_1_37  | lutram | 1       | 8, 16, 2         |
|   x_local_1_38_U   | ram_1p channel | pipo       |      |      |        | x_local_1_38  | lutram | 1       | 8, 16, 2         |
|   x_local_1_39_U   | ram_1p channel | pipo       |      |      |        | x_local_1_39  | lutram | 1       | 8, 16, 2         |
|   x_local_1_40_U   | ram_1p channel | pipo       |      |      |        | x_local_1_40  | lutram | 1       | 8, 16, 2         |
|   x_local_1_41_U   | ram_1p channel | pipo       |      |      |        | x_local_1_41  | lutram | 1       | 8, 16, 2         |
|   x_local_1_42_U   | ram_1p channel | pipo       |      |      |        | x_local_1_42  | lutram | 1       | 8, 16, 2         |
|   x_local_1_43_U   | ram_1p channel | pipo       |      |      |        | x_local_1_43  | lutram | 1       | 8, 16, 2         |
|   x_local_1_44_U   | ram_1p channel | pipo       |      |      |        | x_local_1_44  | lutram | 1       | 8, 16, 2         |
|   x_local_1_45_U   | ram_1p channel | pipo       |      |      |        | x_local_1_45  | lutram | 1       | 8, 16, 2         |
|   x_local_1_46_U   | ram_1p channel | pipo       |      |      |        | x_local_1_46  | lutram | 1       | 8, 16, 2         |
|   x_local_1_47_U   | ram_1p channel | pipo       |      |      |        | x_local_1_47  | lutram | 1       | 8, 16, 2         |
|   x_local_1_48_U   | ram_1p channel | pipo       |      |      |        | x_local_1_48  | lutram | 1       | 8, 16, 2         |
|   x_local_1_49_U   | ram_1p channel | pipo       |      |      |        | x_local_1_49  | lutram | 1       | 8, 16, 2         |
|   x_local_1_50_U   | ram_1p channel | pipo       |      |      |        | x_local_1_50  | lutram | 1       | 8, 16, 2         |
|   x_local_1_51_U   | ram_1p channel | pipo       |      |      |        | x_local_1_51  | lutram | 1       | 8, 16, 2         |
|   x_local_1_52_U   | ram_1p channel | pipo       |      |      |        | x_local_1_52  | lutram | 1       | 8, 16, 2         |
|   x_local_1_53_U   | ram_1p channel | pipo       |      |      |        | x_local_1_53  | lutram | 1       | 8, 16, 2         |
|   x_local_1_54_U   | ram_1p channel | pipo       |      |      |        | x_local_1_54  | lutram | 1       | 8, 16, 2         |
|   x_local_1_55_U   | ram_1p channel | pipo       |      |      |        | x_local_1_55  | lutram | 1       | 8, 16, 2         |
|   x_local_1_56_U   | ram_1p channel | pipo       |      |      |        | x_local_1_56  | lutram | 1       | 8, 16, 2         |
|   x_local_1_57_U   | ram_1p channel | pipo       |      |      |        | x_local_1_57  | lutram | 1       | 8, 16, 2         |
|   x_local_1_58_U   | ram_1p channel | pipo       |      |      |        | x_local_1_58  | lutram | 1       | 8, 16, 2         |
|   x_local_1_59_U   | ram_1p channel | pipo       |      |      |        | x_local_1_59  | lutram | 1       | 8, 16, 2         |
|   x_local_1_60_U   | ram_1p channel | pipo       |      |      |        | x_local_1_60  | lutram | 1       | 8, 16, 2         |
|   x_local_1_61_U   | ram_1p channel | pipo       |      |      |        | x_local_1_61  | lutram | 1       | 8, 16, 2         |
|   x_local_1_62_U   | ram_1p channel | pipo       |      |      |        | x_local_1_62  | lutram | 1       | 8, 16, 2         |
|   x_local_1_63_U   | ram_1p channel | pipo       |      |      |        | x_local_1_63  | lutram | 1       | 8, 16, 2         |
|   x_local_1_64_U   | ram_1p channel | pipo       |      |      |        | x_local_1_64  | lutram | 1       | 8, 16, 2         |
|   x_local_1_65_U   | ram_1p channel | pipo       |      |      |        | x_local_1_65  | lutram | 1       | 8, 16, 2         |
|   x_local_1_66_U   | ram_1p channel | pipo       |      |      |        | x_local_1_66  | lutram | 1       | 8, 16, 2         |
|   x_local_1_67_U   | ram_1p channel | pipo       |      |      |        | x_local_1_67  | lutram | 1       | 8, 16, 2         |
|   x_local_1_68_U   | ram_1p channel | pipo       |      |      |        | x_local_1_68  | lutram | 1       | 8, 16, 2         |
|   x_local_1_69_U   | ram_1p channel | pipo       |      |      |        | x_local_1_69  | lutram | 1       | 8, 16, 2         |
|   x_local_1_70_U   | ram_1p channel | pipo       |      |      |        | x_local_1_70  | lutram | 1       | 8, 16, 2         |
|   x_local_1_71_U   | ram_1p channel | pipo       |      |      |        | x_local_1_71  | lutram | 1       | 8, 16, 2         |
|   x_local_1_72_U   | ram_1p channel | pipo       |      |      |        | x_local_1_72  | lutram | 1       | 8, 16, 2         |
|   x_local_1_73_U   | ram_1p channel | pipo       |      |      |        | x_local_1_73  | lutram | 1       | 8, 16, 2         |
|   x_local_1_74_U   | ram_1p channel | pipo       |      |      |        | x_local_1_74  | lutram | 1       | 8, 16, 2         |
|   x_local_1_75_U   | ram_1p channel | pipo       |      |      |        | x_local_1_75  | lutram | 1       | 8, 16, 2         |
|   x_local_1_76_U   | ram_1p channel | pipo       |      |      |        | x_local_1_76  | lutram | 1       | 8, 16, 2         |
|   x_local_1_77_U   | ram_1p channel | pipo       |      |      |        | x_local_1_77  | lutram | 1       | 8, 16, 2         |
|   x_local_1_78_U   | ram_1p channel | pipo       |      |      |        | x_local_1_78  | lutram | 1       | 8, 16, 2         |
|   x_local_1_79_U   | ram_1p channel | pipo       |      |      |        | x_local_1_79  | lutram | 1       | 8, 16, 2         |
|   x_local_1_80_U   | ram_1p channel | pipo       |      |      |        | x_local_1_80  | lutram | 1       | 8, 16, 2         |
|   x_local_1_81_U   | ram_1p channel | pipo       |      |      |        | x_local_1_81  | lutram | 1       | 8, 16, 2         |
|   x_local_1_82_U   | ram_1p channel | pipo       |      |      |        | x_local_1_82  | lutram | 1       | 8, 16, 2         |
|   x_local_1_83_U   | ram_1p channel | pipo       |      |      |        | x_local_1_83  | lutram | 1       | 8, 16, 2         |
|   x_local_1_84_U   | ram_1p channel | pipo       |      |      |        | x_local_1_84  | lutram | 1       | 8, 16, 2         |
|   x_local_1_85_U   | ram_1p channel | pipo       |      |      |        | x_local_1_85  | lutram | 1       | 8, 16, 2         |
|   x_local_1_86_U   | ram_1p channel | pipo       |      |      |        | x_local_1_86  | lutram | 1       | 8, 16, 2         |
|   x_local_1_87_U   | ram_1p channel | pipo       |      |      |        | x_local_1_87  | lutram | 1       | 8, 16, 2         |
|   x_local_1_88_U   | ram_1p channel | pipo       |      |      |        | x_local_1_88  | lutram | 1       | 8, 16, 2         |
|   x_local_1_89_U   | ram_1p channel | pipo       |      |      |        | x_local_1_89  | lutram | 1       | 8, 16, 2         |
|   x_local_1_90_U   | ram_1p channel | pipo       |      |      |        | x_local_1_90  | lutram | 1       | 8, 16, 2         |
|   x_local_1_91_U   | ram_1p channel | pipo       |      |      |        | x_local_1_91  | lutram | 1       | 8, 16, 2         |
|   x_local_1_92_U   | ram_1p channel | pipo       |      |      |        | x_local_1_92  | lutram | 1       | 8, 16, 2         |
|   x_local_1_93_U   | ram_1p channel | pipo       |      |      |        | x_local_1_93  | lutram | 1       | 8, 16, 2         |
|   x_local_1_94_U   | ram_1p channel | pipo       |      |      |        | x_local_1_94  | lutram | 1       | 8, 16, 2         |
|   x_local_1_95_U   | ram_1p channel | pipo       |      |      |        | x_local_1_95  | lutram | 1       | 8, 16, 2         |
|   x_local_1_96_U   | ram_1p channel | pipo       |      |      |        | x_local_1_96  | lutram | 1       | 8, 16, 2         |
|   x_local_1_97_U   | ram_1p channel | pipo       |      |      |        | x_local_1_97  | lutram | 1       | 8, 16, 2         |
|   x_local_1_98_U   | ram_1p channel | pipo       |      |      |        | x_local_1_98  | lutram | 1       | 8, 16, 2         |
|   x_local_1_99_U   | ram_1p channel | pipo       |      |      |        | x_local_1_99  | lutram | 1       | 8, 16, 2         |
|   x_local_1_100_U  | ram_1p channel | pipo       |      |      |        | x_local_1_100 | lutram | 1       | 8, 16, 2         |
|   x_local_1_101_U  | ram_1p channel | pipo       |      |      |        | x_local_1_101 | lutram | 1       | 8, 16, 2         |
|   x_local_1_102_U  | ram_1p channel | pipo       |      |      |        | x_local_1_102 | lutram | 1       | 8, 16, 2         |
|   x_local_1_103_U  | ram_1p channel | pipo       |      |      |        | x_local_1_103 | lutram | 1       | 8, 16, 2         |
|   x_local_1_104_U  | ram_1p channel | pipo       |      |      |        | x_local_1_104 | lutram | 1       | 8, 16, 2         |
|   x_local_1_105_U  | ram_1p channel | pipo       |      |      |        | x_local_1_105 | lutram | 1       | 8, 16, 2         |
|   x_local_1_106_U  | ram_1p channel | pipo       |      |      |        | x_local_1_106 | lutram | 1       | 8, 16, 2         |
|   x_local_1_107_U  | ram_1p channel | pipo       |      |      |        | x_local_1_107 | lutram | 1       | 8, 16, 2         |
|   x_local_1_108_U  | ram_1p channel | pipo       |      |      |        | x_local_1_108 | lutram | 1       | 8, 16, 2         |
|   x_local_1_109_U  | ram_1p channel | pipo       |      |      |        | x_local_1_109 | lutram | 1       | 8, 16, 2         |
|   x_local_1_110_U  | ram_1p channel | pipo       |      |      |        | x_local_1_110 | lutram | 1       | 8, 16, 2         |
|   x_local_1_111_U  | ram_1p channel | pipo       |      |      |        | x_local_1_111 | lutram | 1       | 8, 16, 2         |
|   x_local_1_112_U  | ram_1p channel | pipo       |      |      |        | x_local_1_112 | lutram | 1       | 8, 16, 2         |
|   x_local_1_113_U  | ram_1p channel | pipo       |      |      |        | x_local_1_113 | lutram | 1       | 8, 16, 2         |
|   x_local_1_114_U  | ram_1p channel | pipo       |      |      |        | x_local_1_114 | lutram | 1       | 8, 16, 2         |
|   x_local_1_115_U  | ram_1p channel | pipo       |      |      |        | x_local_1_115 | lutram | 1       | 8, 16, 2         |
|   x_local_1_116_U  | ram_1p channel | pipo       |      |      |        | x_local_1_116 | lutram | 1       | 8, 16, 2         |
|   x_local_1_117_U  | ram_1p channel | pipo       |      |      |        | x_local_1_117 | lutram | 1       | 8, 16, 2         |
|   x_local_1_118_U  | ram_1p channel | pipo       |      |      |        | x_local_1_118 | lutram | 1       | 8, 16, 2         |
|   x_local_1_119_U  | ram_1p channel | pipo       |      |      |        | x_local_1_119 | lutram | 1       | 8, 16, 2         |
|   x_local_1_120_U  | ram_1p channel | pipo       |      |      |        | x_local_1_120 | lutram | 1       | 8, 16, 2         |
|   x_local_1_121_U  | ram_1p channel | pipo       |      |      |        | x_local_1_121 | lutram | 1       | 8, 16, 2         |
|   x_local_1_122_U  | ram_1p channel | pipo       |      |      |        | x_local_1_122 | lutram | 1       | 8, 16, 2         |
|   x_local_1_123_U  | ram_1p channel | pipo       |      |      |        | x_local_1_123 | lutram | 1       | 8, 16, 2         |
|   x_local_1_124_U  | ram_1p channel | pipo       |      |      |        | x_local_1_124 | lutram | 1       | 8, 16, 2         |
|   x_local_1_125_U  | ram_1p channel | pipo       |      |      |        | x_local_1_125 | lutram | 1       | 8, 16, 2         |
|   x_local_1_126_U  | ram_1p channel | pipo       |      |      |        | x_local_1_126 | lutram | 1       | 8, 16, 2         |
|   x_local_1_127_U  | ram_1p channel | pipo       |      |      |        | x_local_1_127 | lutram | 1       | 8, 16, 2         |
|   x_local_2_U      | ram_1p channel | pipo       |      |      |        | x_local_2     | lutram | 1       | 8, 16, 2         |
|   x_local_2_1_U    | ram_1p channel | pipo       |      |      |        | x_local_2_1   | lutram | 1       | 8, 16, 2         |
|   x_local_2_2_U    | ram_1p channel | pipo       |      |      |        | x_local_2_2   | lutram | 1       | 8, 16, 2         |
|   x_local_2_3_U    | ram_1p channel | pipo       |      |      |        | x_local_2_3   | lutram | 1       | 8, 16, 2         |
|   x_local_2_4_U    | ram_1p channel | pipo       |      |      |        | x_local_2_4   | lutram | 1       | 8, 16, 2         |
|   x_local_2_5_U    | ram_1p channel | pipo       |      |      |        | x_local_2_5   | lutram | 1       | 8, 16, 2         |
|   x_local_2_6_U    | ram_1p channel | pipo       |      |      |        | x_local_2_6   | lutram | 1       | 8, 16, 2         |
|   x_local_2_7_U    | ram_1p channel | pipo       |      |      |        | x_local_2_7   | lutram | 1       | 8, 16, 2         |
|   x_local_2_8_U    | ram_1p channel | pipo       |      |      |        | x_local_2_8   | lutram | 1       | 8, 16, 2         |
|   x_local_2_9_U    | ram_1p channel | pipo       |      |      |        | x_local_2_9   | lutram | 1       | 8, 16, 2         |
|   x_local_2_10_U   | ram_1p channel | pipo       |      |      |        | x_local_2_10  | lutram | 1       | 8, 16, 2         |
|   x_local_2_11_U   | ram_1p channel | pipo       |      |      |        | x_local_2_11  | lutram | 1       | 8, 16, 2         |
|   x_local_2_12_U   | ram_1p channel | pipo       |      |      |        | x_local_2_12  | lutram | 1       | 8, 16, 2         |
|   x_local_2_13_U   | ram_1p channel | pipo       |      |      |        | x_local_2_13  | lutram | 1       | 8, 16, 2         |
|   x_local_2_14_U   | ram_1p channel | pipo       |      |      |        | x_local_2_14  | lutram | 1       | 8, 16, 2         |
|   x_local_2_15_U   | ram_1p channel | pipo       |      |      |        | x_local_2_15  | lutram | 1       | 8, 16, 2         |
|   x_local_2_16_U   | ram_1p channel | pipo       |      |      |        | x_local_2_16  | lutram | 1       | 8, 16, 2         |
|   x_local_2_17_U   | ram_1p channel | pipo       |      |      |        | x_local_2_17  | lutram | 1       | 8, 16, 2         |
|   x_local_2_18_U   | ram_1p channel | pipo       |      |      |        | x_local_2_18  | lutram | 1       | 8, 16, 2         |
|   x_local_2_19_U   | ram_1p channel | pipo       |      |      |        | x_local_2_19  | lutram | 1       | 8, 16, 2         |
|   x_local_2_20_U   | ram_1p channel | pipo       |      |      |        | x_local_2_20  | lutram | 1       | 8, 16, 2         |
|   x_local_2_21_U   | ram_1p channel | pipo       |      |      |        | x_local_2_21  | lutram | 1       | 8, 16, 2         |
|   x_local_2_22_U   | ram_1p channel | pipo       |      |      |        | x_local_2_22  | lutram | 1       | 8, 16, 2         |
|   x_local_2_23_U   | ram_1p channel | pipo       |      |      |        | x_local_2_23  | lutram | 1       | 8, 16, 2         |
|   x_local_2_24_U   | ram_1p channel | pipo       |      |      |        | x_local_2_24  | lutram | 1       | 8, 16, 2         |
|   x_local_2_25_U   | ram_1p channel | pipo       |      |      |        | x_local_2_25  | lutram | 1       | 8, 16, 2         |
|   x_local_2_26_U   | ram_1p channel | pipo       |      |      |        | x_local_2_26  | lutram | 1       | 8, 16, 2         |
|   x_local_2_27_U   | ram_1p channel | pipo       |      |      |        | x_local_2_27  | lutram | 1       | 8, 16, 2         |
|   x_local_2_28_U   | ram_1p channel | pipo       |      |      |        | x_local_2_28  | lutram | 1       | 8, 16, 2         |
|   x_local_2_29_U   | ram_1p channel | pipo       |      |      |        | x_local_2_29  | lutram | 1       | 8, 16, 2         |
|   x_local_2_30_U   | ram_1p channel | pipo       |      |      |        | x_local_2_30  | lutram | 1       | 8, 16, 2         |
|   x_local_2_31_U   | ram_1p channel | pipo       |      |      |        | x_local_2_31  | lutram | 1       | 8, 16, 2         |
|   x_local_2_32_U   | ram_1p channel | pipo       |      |      |        | x_local_2_32  | lutram | 1       | 8, 16, 2         |
|   x_local_2_33_U   | ram_1p channel | pipo       |      |      |        | x_local_2_33  | lutram | 1       | 8, 16, 2         |
|   x_local_2_34_U   | ram_1p channel | pipo       |      |      |        | x_local_2_34  | lutram | 1       | 8, 16, 2         |
|   x_local_2_35_U   | ram_1p channel | pipo       |      |      |        | x_local_2_35  | lutram | 1       | 8, 16, 2         |
|   x_local_2_36_U   | ram_1p channel | pipo       |      |      |        | x_local_2_36  | lutram | 1       | 8, 16, 2         |
|   x_local_2_37_U   | ram_1p channel | pipo       |      |      |        | x_local_2_37  | lutram | 1       | 8, 16, 2         |
|   x_local_2_38_U   | ram_1p channel | pipo       |      |      |        | x_local_2_38  | lutram | 1       | 8, 16, 2         |
|   x_local_2_39_U   | ram_1p channel | pipo       |      |      |        | x_local_2_39  | lutram | 1       | 8, 16, 2         |
|   x_local_2_40_U   | ram_1p channel | pipo       |      |      |        | x_local_2_40  | lutram | 1       | 8, 16, 2         |
|   x_local_2_41_U   | ram_1p channel | pipo       |      |      |        | x_local_2_41  | lutram | 1       | 8, 16, 2         |
|   x_local_2_42_U   | ram_1p channel | pipo       |      |      |        | x_local_2_42  | lutram | 1       | 8, 16, 2         |
|   x_local_2_43_U   | ram_1p channel | pipo       |      |      |        | x_local_2_43  | lutram | 1       | 8, 16, 2         |
|   x_local_2_44_U   | ram_1p channel | pipo       |      |      |        | x_local_2_44  | lutram | 1       | 8, 16, 2         |
|   x_local_2_45_U   | ram_1p channel | pipo       |      |      |        | x_local_2_45  | lutram | 1       | 8, 16, 2         |
|   x_local_2_46_U   | ram_1p channel | pipo       |      |      |        | x_local_2_46  | lutram | 1       | 8, 16, 2         |
|   x_local_2_47_U   | ram_1p channel | pipo       |      |      |        | x_local_2_47  | lutram | 1       | 8, 16, 2         |
|   x_local_2_48_U   | ram_1p channel | pipo       |      |      |        | x_local_2_48  | lutram | 1       | 8, 16, 2         |
|   x_local_2_49_U   | ram_1p channel | pipo       |      |      |        | x_local_2_49  | lutram | 1       | 8, 16, 2         |
|   x_local_2_50_U   | ram_1p channel | pipo       |      |      |        | x_local_2_50  | lutram | 1       | 8, 16, 2         |
|   x_local_2_51_U   | ram_1p channel | pipo       |      |      |        | x_local_2_51  | lutram | 1       | 8, 16, 2         |
|   x_local_2_52_U   | ram_1p channel | pipo       |      |      |        | x_local_2_52  | lutram | 1       | 8, 16, 2         |
|   x_local_2_53_U   | ram_1p channel | pipo       |      |      |        | x_local_2_53  | lutram | 1       | 8, 16, 2         |
|   x_local_2_54_U   | ram_1p channel | pipo       |      |      |        | x_local_2_54  | lutram | 1       | 8, 16, 2         |
|   x_local_2_55_U   | ram_1p channel | pipo       |      |      |        | x_local_2_55  | lutram | 1       | 8, 16, 2         |
|   x_local_2_56_U   | ram_1p channel | pipo       |      |      |        | x_local_2_56  | lutram | 1       | 8, 16, 2         |
|   x_local_2_57_U   | ram_1p channel | pipo       |      |      |        | x_local_2_57  | lutram | 1       | 8, 16, 2         |
|   x_local_2_58_U   | ram_1p channel | pipo       |      |      |        | x_local_2_58  | lutram | 1       | 8, 16, 2         |
|   x_local_2_59_U   | ram_1p channel | pipo       |      |      |        | x_local_2_59  | lutram | 1       | 8, 16, 2         |
|   x_local_2_60_U   | ram_1p channel | pipo       |      |      |        | x_local_2_60  | lutram | 1       | 8, 16, 2         |
|   x_local_2_61_U   | ram_1p channel | pipo       |      |      |        | x_local_2_61  | lutram | 1       | 8, 16, 2         |
|   x_local_2_62_U   | ram_1p channel | pipo       |      |      |        | x_local_2_62  | lutram | 1       | 8, 16, 2         |
|   x_local_2_63_U   | ram_1p channel | pipo       |      |      |        | x_local_2_63  | lutram | 1       | 8, 16, 2         |
|   x_local_2_64_U   | ram_1p channel | pipo       |      |      |        | x_local_2_64  | lutram | 1       | 8, 16, 2         |
|   x_local_2_65_U   | ram_1p channel | pipo       |      |      |        | x_local_2_65  | lutram | 1       | 8, 16, 2         |
|   x_local_2_66_U   | ram_1p channel | pipo       |      |      |        | x_local_2_66  | lutram | 1       | 8, 16, 2         |
|   x_local_2_67_U   | ram_1p channel | pipo       |      |      |        | x_local_2_67  | lutram | 1       | 8, 16, 2         |
|   x_local_2_68_U   | ram_1p channel | pipo       |      |      |        | x_local_2_68  | lutram | 1       | 8, 16, 2         |
|   x_local_2_69_U   | ram_1p channel | pipo       |      |      |        | x_local_2_69  | lutram | 1       | 8, 16, 2         |
|   x_local_2_70_U   | ram_1p channel | pipo       |      |      |        | x_local_2_70  | lutram | 1       | 8, 16, 2         |
|   x_local_2_71_U   | ram_1p channel | pipo       |      |      |        | x_local_2_71  | lutram | 1       | 8, 16, 2         |
|   x_local_2_72_U   | ram_1p channel | pipo       |      |      |        | x_local_2_72  | lutram | 1       | 8, 16, 2         |
|   x_local_2_73_U   | ram_1p channel | pipo       |      |      |        | x_local_2_73  | lutram | 1       | 8, 16, 2         |
|   x_local_2_74_U   | ram_1p channel | pipo       |      |      |        | x_local_2_74  | lutram | 1       | 8, 16, 2         |
|   x_local_2_75_U   | ram_1p channel | pipo       |      |      |        | x_local_2_75  | lutram | 1       | 8, 16, 2         |
|   x_local_2_76_U   | ram_1p channel | pipo       |      |      |        | x_local_2_76  | lutram | 1       | 8, 16, 2         |
|   x_local_2_77_U   | ram_1p channel | pipo       |      |      |        | x_local_2_77  | lutram | 1       | 8, 16, 2         |
|   x_local_2_78_U   | ram_1p channel | pipo       |      |      |        | x_local_2_78  | lutram | 1       | 8, 16, 2         |
|   x_local_2_79_U   | ram_1p channel | pipo       |      |      |        | x_local_2_79  | lutram | 1       | 8, 16, 2         |
|   x_local_2_80_U   | ram_1p channel | pipo       |      |      |        | x_local_2_80  | lutram | 1       | 8, 16, 2         |
|   x_local_2_81_U   | ram_1p channel | pipo       |      |      |        | x_local_2_81  | lutram | 1       | 8, 16, 2         |
|   x_local_2_82_U   | ram_1p channel | pipo       |      |      |        | x_local_2_82  | lutram | 1       | 8, 16, 2         |
|   x_local_2_83_U   | ram_1p channel | pipo       |      |      |        | x_local_2_83  | lutram | 1       | 8, 16, 2         |
|   x_local_2_84_U   | ram_1p channel | pipo       |      |      |        | x_local_2_84  | lutram | 1       | 8, 16, 2         |
|   x_local_2_85_U   | ram_1p channel | pipo       |      |      |        | x_local_2_85  | lutram | 1       | 8, 16, 2         |
|   x_local_2_86_U   | ram_1p channel | pipo       |      |      |        | x_local_2_86  | lutram | 1       | 8, 16, 2         |
|   x_local_2_87_U   | ram_1p channel | pipo       |      |      |        | x_local_2_87  | lutram | 1       | 8, 16, 2         |
|   x_local_2_88_U   | ram_1p channel | pipo       |      |      |        | x_local_2_88  | lutram | 1       | 8, 16, 2         |
|   x_local_2_89_U   | ram_1p channel | pipo       |      |      |        | x_local_2_89  | lutram | 1       | 8, 16, 2         |
|   x_local_2_90_U   | ram_1p channel | pipo       |      |      |        | x_local_2_90  | lutram | 1       | 8, 16, 2         |
|   x_local_2_91_U   | ram_1p channel | pipo       |      |      |        | x_local_2_91  | lutram | 1       | 8, 16, 2         |
|   x_local_2_92_U   | ram_1p channel | pipo       |      |      |        | x_local_2_92  | lutram | 1       | 8, 16, 2         |
|   x_local_2_93_U   | ram_1p channel | pipo       |      |      |        | x_local_2_93  | lutram | 1       | 8, 16, 2         |
|   x_local_2_94_U   | ram_1p channel | pipo       |      |      |        | x_local_2_94  | lutram | 1       | 8, 16, 2         |
|   x_local_2_95_U   | ram_1p channel | pipo       |      |      |        | x_local_2_95  | lutram | 1       | 8, 16, 2         |
|   x_local_2_96_U   | ram_1p channel | pipo       |      |      |        | x_local_2_96  | lutram | 1       | 8, 16, 2         |
|   x_local_2_97_U   | ram_1p channel | pipo       |      |      |        | x_local_2_97  | lutram | 1       | 8, 16, 2         |
|   x_local_2_98_U   | ram_1p channel | pipo       |      |      |        | x_local_2_98  | lutram | 1       | 8, 16, 2         |
|   x_local_2_99_U   | ram_1p channel | pipo       |      |      |        | x_local_2_99  | lutram | 1       | 8, 16, 2         |
|   x_local_2_100_U  | ram_1p channel | pipo       |      |      |        | x_local_2_100 | lutram | 1       | 8, 16, 2         |
|   x_local_2_101_U  | ram_1p channel | pipo       |      |      |        | x_local_2_101 | lutram | 1       | 8, 16, 2         |
|   x_local_2_102_U  | ram_1p channel | pipo       |      |      |        | x_local_2_102 | lutram | 1       | 8, 16, 2         |
|   x_local_2_103_U  | ram_1p channel | pipo       |      |      |        | x_local_2_103 | lutram | 1       | 8, 16, 2         |
|   x_local_2_104_U  | ram_1p channel | pipo       |      |      |        | x_local_2_104 | lutram | 1       | 8, 16, 2         |
|   x_local_2_105_U  | ram_1p channel | pipo       |      |      |        | x_local_2_105 | lutram | 1       | 8, 16, 2         |
|   x_local_2_106_U  | ram_1p channel | pipo       |      |      |        | x_local_2_106 | lutram | 1       | 8, 16, 2         |
|   x_local_2_107_U  | ram_1p channel | pipo       |      |      |        | x_local_2_107 | lutram | 1       | 8, 16, 2         |
|   x_local_2_108_U  | ram_1p channel | pipo       |      |      |        | x_local_2_108 | lutram | 1       | 8, 16, 2         |
|   x_local_2_109_U  | ram_1p channel | pipo       |      |      |        | x_local_2_109 | lutram | 1       | 8, 16, 2         |
|   x_local_2_110_U  | ram_1p channel | pipo       |      |      |        | x_local_2_110 | lutram | 1       | 8, 16, 2         |
|   x_local_2_111_U  | ram_1p channel | pipo       |      |      |        | x_local_2_111 | lutram | 1       | 8, 16, 2         |
|   x_local_2_112_U  | ram_1p channel | pipo       |      |      |        | x_local_2_112 | lutram | 1       | 8, 16, 2         |
|   x_local_2_113_U  | ram_1p channel | pipo       |      |      |        | x_local_2_113 | lutram | 1       | 8, 16, 2         |
|   x_local_2_114_U  | ram_1p channel | pipo       |      |      |        | x_local_2_114 | lutram | 1       | 8, 16, 2         |
|   x_local_2_115_U  | ram_1p channel | pipo       |      |      |        | x_local_2_115 | lutram | 1       | 8, 16, 2         |
|   x_local_2_116_U  | ram_1p channel | pipo       |      |      |        | x_local_2_116 | lutram | 1       | 8, 16, 2         |
|   x_local_2_117_U  | ram_1p channel | pipo       |      |      |        | x_local_2_117 | lutram | 1       | 8, 16, 2         |
|   x_local_2_118_U  | ram_1p channel | pipo       |      |      |        | x_local_2_118 | lutram | 1       | 8, 16, 2         |
|   x_local_2_119_U  | ram_1p channel | pipo       |      |      |        | x_local_2_119 | lutram | 1       | 8, 16, 2         |
|   x_local_2_120_U  | ram_1p channel | pipo       |      |      |        | x_local_2_120 | lutram | 1       | 8, 16, 2         |
|   x_local_2_121_U  | ram_1p channel | pipo       |      |      |        | x_local_2_121 | lutram | 1       | 8, 16, 2         |
|   x_local_2_122_U  | ram_1p channel | pipo       |      |      |        | x_local_2_122 | lutram | 1       | 8, 16, 2         |
|   x_local_2_123_U  | ram_1p channel | pipo       |      |      |        | x_local_2_123 | lutram | 1       | 8, 16, 2         |
|   x_local_2_124_U  | ram_1p channel | pipo       |      |      |        | x_local_2_124 | lutram | 1       | 8, 16, 2         |
|   x_local_2_125_U  | ram_1p channel | pipo       |      |      |        | x_local_2_125 | lutram | 1       | 8, 16, 2         |
|   x_local_2_126_U  | ram_1p channel | pipo       |      |      |        | x_local_2_126 | lutram | 1       | 8, 16, 2         |
|   x_local_2_127_U  | ram_1p channel | pipo       |      |      |        | x_local_2_127 | lutram | 1       | 8, 16, 2         |
|   X1_cache_U       | ram_2p channel | pipo       | 8    |      |        | X1_cache      | bram   | 1       | 8, 8192, 2       |
|   X2_cache_U       | ram_2p channel | pipo       | 8    |      |        | X2_cache      | bram   | 1       | 8, 8192, 2       |
|   gate_cache_U     | ram_1p channel | pipo       |      | 1    |        | gate_cache    | uram   | 1       | 8, 1024, 2       |
|   gate_cache_1_U   | ram_1p channel | pipo       |      | 1    |        | gate_cache_1  | uram   | 1       | 8, 1024, 2       |
|   gate_cache_2_U   | ram_1p channel | pipo       |      | 1    |        | gate_cache_2  | uram   | 1       | 8, 1024, 2       |
|   gate_cache_3_U   | ram_1p channel | pipo       |      | 1    |        | gate_cache_3  | uram   | 1       | 8, 1024, 2       |
|   gate_cache_4_U   | ram_1p channel | pipo       |      | 1    |        | gate_cache_4  | uram   | 1       | 8, 1024, 2       |
|   gate_cache_5_U   | ram_1p channel | pipo       |      | 1    |        | gate_cache_5  | uram   | 1       | 8, 1024, 2       |
|   gate_cache_6_U   | ram_1p channel | pipo       |      | 1    |        | gate_cache_6  | uram   | 1       | 8, 1024, 2       |
|   gate_cache_7_U   | ram_1p channel | pipo       |      | 1    |        | gate_cache_7  | uram   | 1       | 8, 1024, 2       |
|   gate_scale_U     | fifo channel   | task level |      |      |        | gate_scale    | srl    | 0       | 32, 2, 1         |
|  + compute_X1      |                |            | 16   | 0    |        |               |        |         |                  |
|    nib_r0_U        | ram_1p array   |            | 4    |      | yes    | nib_r0        | bram   | 1       | 128, 64, 1       |
|    nib_r1_U        | ram_1p array   |            | 4    |      | yes    | nib_r1        | bram   | 1       | 128, 64, 1       |
|    nib_r2_U        | ram_1p array   |            | 4    |      | yes    | nib_r2        | bram   | 1       | 128, 64, 1       |
|    nib_r3_U        | ram_1p array   |            | 4    |      | yes    | nib_r3        | bram   | 1       | 128, 64, 1       |
|    d0_U            | ram_1p array   |            |      |      |        | d0            | auto   | 1       | 32, 8, 1         |
|    dmin0_U         | ram_1p array   |            |      |      |        | dmin0         | auto   | 1       | 32, 8, 1         |
|    d1_U            | ram_1p array   |            |      |      |        | d1            | auto   | 1       | 32, 8, 1         |
|    dmin1_U         | ram_1p array   |            |      |      |        | dmin1         | auto   | 1       | 32, 8, 1         |
|    d2_U            | ram_1p array   |            |      |      |        | d2            | auto   | 1       | 32, 8, 1         |
|    dmin2_U         | ram_1p array   |            |      |      |        | dmin2         | auto   | 1       | 32, 8, 1         |
|    d3_U            | ram_1p array   |            |      |      |        | d3            | auto   | 1       | 32, 8, 1         |
|    dmin3_U         | ram_1p array   |            |      |      |        | dmin3         | auto   | 1       | 32, 8, 1         |
|  + compute_X2      |                |            | 16   | 0    |        |               |        |         |                  |
|    nib_r0_U        | ram_1p array   |            | 4    |      | yes    | nib_r0        | bram   | 1       | 128, 64, 1       |
|    nib_r1_U        | ram_1p array   |            | 4    |      | yes    | nib_r1        | bram   | 1       | 128, 64, 1       |
|    nib_r2_U        | ram_1p array   |            | 4    |      | yes    | nib_r2        | bram   | 1       | 128, 64, 1       |
|    nib_r3_U        | ram_1p array   |            | 4    |      | yes    | nib_r3        | bram   | 1       | 128, 64, 1       |
|    d0_U            | ram_1p array   |            |      |      |        | d0            | auto   | 1       | 32, 8, 1         |
|    dmin0_U         | ram_1p array   |            |      |      |        | dmin0         | auto   | 1       | 32, 8, 1         |
|    d1_U            | ram_1p array   |            |      |      |        | d1            | auto   | 1       | 32, 8, 1         |
|    dmin1_U         | ram_1p array   |            |      |      |        | dmin1         | auto   | 1       | 32, 8, 1         |
|    d2_U            | ram_1p array   |            |      |      |        | d2            | auto   | 1       | 32, 8, 1         |
|    dmin2_U         | ram_1p array   |            |      |      |        | dmin2         | auto   | 1       | 32, 8, 1         |
|    d3_U            | ram_1p array   |            |      |      |        | d3            | auto   | 1       | 32, 8, 1         |
|    dmin3_U         | ram_1p array   |            |      |      |        | dmin3         | auto   | 1       | 32, 8, 1         |
|  + compute_gate    |                |            | 8    | 0    |        |               |        |         |                  |
|    sigmoid_lut_U   | rom_1p         |            | 8    |      | pragma | sigmoid_lut   | bram   | 1       | 32, 4096, 1      |
|  + compute_output  |                |            | 20   | 0    |        |               |        |         |                  |
|    out_local_U     | ram_1p array   |            | 4    |      | yes    | out_local     | bram   | 1       | 32, 2048, 1      |
|    nib_r0_U        | ram_1p array   |            | 4    |      | yes    | nib_r0        | bram   | 1       | 128, 256, 1      |
|    nib_r1_U        | ram_1p array   |            | 4    |      | yes    | nib_r1        | bram   | 1       | 128, 256, 1      |
|    nib_r2_U        | ram_1p array   |            | 4    |      | yes    | nib_r2        | bram   | 1       | 128, 256, 1      |
|    nib_r3_U        | ram_1p array   |            | 4    |      | yes    | nib_r3        | bram   | 1       | 128, 256, 1      |
+--------------------+----------------+------------+------+------+--------+---------------+--------+---------+------------------+


================================================================
== Pragma Report
================================================================
* Ignored Pragmas
+---------+-----------------+----------------------------------------------+---------------------------------+
| Type    | Options         | Location                                     | Messages                        |
+---------+-----------------+----------------------------------------------+---------------------------------+
| BIND_OP | op=mul impl=dsp | swiglu.cpp:226 in mac_blocks_wv_k4_urm       | missing argument for 'variable' |
| BIND_OP | op=mul impl=dsp | swiglu.cpp:329 in mac_blocks_down_q4k_k4_urm | missing argument for 'variable' |
| BIND_OP | op=mul impl=dsp | swiglu.cpp:553 in compute_gate               | missing argument for 'variable' |
+---------+-----------------+----------------------------------------------+---------------------------------+

* Inferred Pragmas
+-----------------+--------------------------------------------------+-----------------------------------------------+-------------------------+
| Type            | Options                                          | Location                                      | Inferred From           |
+-----------------+--------------------------------------------------+-----------------------------------------------+-------------------------+
| ARRAY_PARTITION | dim=1 type=complete variable=mn60                | variable mn60 in compute_x1 swiglu.cpp:440    | pipeline swiglu.cpp:100 |
| ARRAY_PARTITION | dim=1 type=complete variable=mn61                | variable mn61 in compute_x1 swiglu.cpp:441    | pipeline swiglu.cpp:100 |
| ARRAY_PARTITION | dim=1 type=complete variable=mn62                | variable mn62 in compute_x1 swiglu.cpp:442    | pipeline swiglu.cpp:100 |
| ARRAY_PARTITION | dim=1 type=complete variable=mn63                | variable mn63 in compute_x1 swiglu.cpp:443    | pipeline swiglu.cpp:100 |
| ARRAY_PARTITION | dim=1 type=complete variable=mn60                | variable mn60 in compute_x2 swiglu.cpp:503    | pipeline swiglu.cpp:100 |
| ARRAY_PARTITION | dim=1 type=complete variable=mn61                | variable mn61 in compute_x2 swiglu.cpp:504    | pipeline swiglu.cpp:100 |
| ARRAY_PARTITION | dim=1 type=complete variable=mn62                | variable mn62 in compute_x2 swiglu.cpp:505    | pipeline swiglu.cpp:100 |
| ARRAY_PARTITION | dim=1 type=complete variable=mn63                | variable mn63 in compute_x2 swiglu.cpp:506    | pipeline swiglu.cpp:100 |
| ARRAY_PARTITION | dim=1 type=cyclic factor=16 variable=x_local_1_0 | variable x_local_1_0 in swiglu swiglu.cpp:723 | pipeline swiglu.cpp:681 |
| ARRAY_PARTITION | dim=1 type=cyclic factor=16 variable=x_local_2_0 | variable x_local_2_0 in swiglu swiglu.cpp:727 | pipeline swiglu.cpp:681 |
+-----------------+--------------------------------------------------+-----------------------------------------------+-------------------------+

* Valid Pragma Syntax
+-----------------+------------------------------------------------------------------------------------------------------------------------------------------------------+------------------------------------------------------+
| Type            | Options                                                                                                                                              | Location                                             |
+-----------------+------------------------------------------------------------------------------------------------------------------------------------------------------+------------------------------------------------------+
| INLINE          | off                                                                                                                                                  | swiglu.cpp:54 in fp16_to_fp32                        |
| UNROLL          |                                                                                                                                                      | swiglu.cpp:64 in fp16_to_fp32                        |
| INLINE          |                                                                                                                                                      | swiglu.cpp:78 in get_byte                            |
| INLINE          | off                                                                                                                                                  | swiglu.cpp:95 in load_4_rows_wv_urm                  |
| PIPELINE        | ii=1                                                                                                                                                 | swiglu.cpp:100 in load_4_rows_wv_urm                 |
| PIPELINE        | ii=1                                                                                                                                                 | swiglu.cpp:138 in load_4_rows_wv_urm                 |
| INLINE          | off                                                                                                                                                  | swiglu.cpp:158 in load_4_rows_down_urm               |
| PIPELINE        | ii=1                                                                                                                                                 | swiglu.cpp:163 in load_4_rows_down_urm               |
| PIPELINE        | ii=1                                                                                                                                                 | swiglu.cpp:189 in load_4_rows_down_urm               |
| INLINE          | off                                                                                                                                                  | swiglu.cpp:225 in mac_blocks_wv_k4_urm               |
| ARRAY_PARTITION | variable=x dim=1 complete                                                                                                                            | swiglu.cpp:227 in mac_blocks_wv_k4_urm, x            |
| ARRAY_PARTITION | variable=acc_w0 dim=0 complete                                                                                                                       | swiglu.cpp:233 in mac_blocks_wv_k4_urm, acc_w0       |
| ARRAY_PARTITION | variable=acc_m0 dim=0 complete                                                                                                                       | swiglu.cpp:234 in mac_blocks_wv_k4_urm, acc_m0       |
| ARRAY_PARTITION | variable=acc_w1 dim=0 complete                                                                                                                       | swiglu.cpp:235 in mac_blocks_wv_k4_urm, acc_w1       |
| ARRAY_PARTITION | variable=acc_m1 dim=0 complete                                                                                                                       | swiglu.cpp:236 in mac_blocks_wv_k4_urm, acc_m1       |
| ARRAY_PARTITION | variable=acc_w2 dim=0 complete                                                                                                                       | swiglu.cpp:237 in mac_blocks_wv_k4_urm, acc_w2       |
| ARRAY_PARTITION | variable=acc_m2 dim=0 complete                                                                                                                       | swiglu.cpp:238 in mac_blocks_wv_k4_urm, acc_m2       |
| ARRAY_PARTITION | variable=acc_w3 dim=0 complete                                                                                                                       | swiglu.cpp:239 in mac_blocks_wv_k4_urm, acc_w3       |
| ARRAY_PARTITION | variable=acc_m3 dim=0 complete                                                                                                                       | swiglu.cpp:240 in mac_blocks_wv_k4_urm, acc_m3       |
| UNROLL          |                                                                                                                                                      | swiglu.cpp:243 in mac_blocks_wv_k4_urm               |
| UNROLL          |                                                                                                                                                      | swiglu.cpp:245 in mac_blocks_wv_k4_urm               |
| PIPELINE        | ii=1                                                                                                                                                 | swiglu.cpp:254 in mac_blocks_wv_k4_urm               |
| UNROLL          |                                                                                                                                                      | swiglu.cpp:273 in mac_blocks_wv_k4_urm               |
| UNROLL          |                                                                                                                                                      | swiglu.cpp:296 in mac_blocks_wv_k4_urm               |
| INLINE          | off                                                                                                                                                  | swiglu.cpp:328 in mac_blocks_down_q4k_k4_urm         |
| ARRAY_PARTITION | variable=gate dim=1 complete                                                                                                                         | swiglu.cpp:330 in mac_blocks_down_q4k_k4_urm, gate   |
| ARRAY_PARTITION | variable=acc_w0 dim=0 complete                                                                                                                       | swiglu.cpp:339 in mac_blocks_down_q4k_k4_urm, acc_w0 |
| ARRAY_PARTITION | variable=acc_m0 dim=0 complete                                                                                                                       | swiglu.cpp:340 in mac_blocks_down_q4k_k4_urm, acc_m0 |
| ARRAY_PARTITION | variable=acc_w1 dim=0 complete                                                                                                                       | swiglu.cpp:341 in mac_blocks_down_q4k_k4_urm, acc_w1 |
| ARRAY_PARTITION | variable=acc_m1 dim=0 complete                                                                                                                       | swiglu.cpp:342 in mac_blocks_down_q4k_k4_urm, acc_m1 |
| ARRAY_PARTITION | variable=acc_w2 dim=0 complete                                                                                                                       | swiglu.cpp:343 in mac_blocks_down_q4k_k4_urm, acc_w2 |
| ARRAY_PARTITION | variable=acc_m2 dim=0 complete                                                                                                                       | swiglu.cpp:344 in mac_blocks_down_q4k_k4_urm, acc_m2 |
| ARRAY_PARTITION | variable=acc_w3 dim=0 complete                                                                                                                       | swiglu.cpp:345 in mac_blocks_down_q4k_k4_urm, acc_w3 |
| ARRAY_PARTITION | variable=acc_m3 dim=0 complete                                                                                                                       | swiglu.cpp:346 in mac_blocks_down_q4k_k4_urm, acc_m3 |
| UNROLL          |                                                                                                                                                      | swiglu.cpp:349 in mac_blocks_down_q4k_k4_urm         |
| UNROLL          |                                                                                                                                                      | swiglu.cpp:351 in mac_blocks_down_q4k_k4_urm         |
| PIPELINE        | ii=1                                                                                                                                                 | swiglu.cpp:360 in mac_blocks_down_q4k_k4_urm         |
| UNROLL          |                                                                                                                                                      | swiglu.cpp:373 in mac_blocks_down_q4k_k4_urm         |
| UNROLL          |                                                                                                                                                      | swiglu.cpp:397 in mac_blocks_down_q4k_k4_urm         |
| INLINE          | off                                                                                                                                                  | swiglu.cpp:425 in compute_x1                         |
| ARRAY_PARTITION | variable=x_local_1 dim=2 complete                                                                                                                    | swiglu.cpp:426 in compute_x1, x_local_1              |
| BIND_STORAGE    | variable=nib_r0 type=ram_1p impl=bram                                                                                                                | swiglu.cpp:431 in compute_x1, nib_r0                 |
| BIND_STORAGE    | variable=nib_r1 type=ram_1p impl=bram                                                                                                                | swiglu.cpp:432 in compute_x1, nib_r1                 |
| BIND_STORAGE    | variable=nib_r2 type=ram_1p impl=bram                                                                                                                | swiglu.cpp:433 in compute_x1, nib_r2                 |
| BIND_STORAGE    | variable=nib_r3 type=ram_1p impl=bram                                                                                                                | swiglu.cpp:434 in compute_x1, nib_r3                 |
| INLINE          | off                                                                                                                                                  | swiglu.cpp:488 in compute_x2                         |
| ARRAY_PARTITION | variable=x_local_2 dim=2 complete                                                                                                                    | swiglu.cpp:489 in compute_x2, x_local_2              |
| BIND_STORAGE    | variable=nib_r0 type=ram_1p impl=bram                                                                                                                | swiglu.cpp:494 in compute_x2, nib_r0                 |
| BIND_STORAGE    | variable=nib_r1 type=ram_1p impl=bram                                                                                                                | swiglu.cpp:495 in compute_x2, nib_r1                 |
| BIND_STORAGE    | variable=nib_r2 type=ram_1p impl=bram                                                                                                                | swiglu.cpp:496 in compute_x2, nib_r2                 |
| BIND_STORAGE    | variable=nib_r3 type=ram_1p impl=bram                                                                                                                | swiglu.cpp:497 in compute_x2, nib_r3                 |
| INLINE          | off                                                                                                                                                  | swiglu.cpp:552 in compute_gate                       |
| UNROLL          |                                                                                                                                                      | swiglu.cpp:555 in compute_gate                       |
| ARRAY_PARTITION | variable=pmax complete                                                                                                                               | swiglu.cpp:557 in compute_gate, pmax                 |
| PIPELINE        | ii=1                                                                                                                                                 | swiglu.cpp:560 in compute_gate                       |
| UNROLL          |                                                                                                                                                      | swiglu.cpp:574 in compute_gate                       |
| PIPELINE        | ii=1                                                                                                                                                 | swiglu.cpp:582 in compute_gate                       |
| INLINE          | off                                                                                                                                                  | swiglu.cpp:613 in compute_output                     |
| ARRAY_PARTITION | variable=gate_cache dim=2 cyclic factor=8                                                                                                            | swiglu.cpp:614 in compute_output, gate_cache         |
| BIND_STORAGE    | variable=out_local type=ram_1p impl=bram                                                                                                             | swiglu.cpp:621 in compute_output, out_local          |
| BIND_STORAGE    | variable=nib_r0 type=ram_1p impl=bram                                                                                                                | swiglu.cpp:625 in compute_output, nib_r0             |
| BIND_STORAGE    | variable=nib_r1 type=ram_1p impl=bram                                                                                                                | swiglu.cpp:626 in compute_output, nib_r1             |
| BIND_STORAGE    | variable=nib_r2 type=ram_1p impl=bram                                                                                                                | swiglu.cpp:627 in compute_output, nib_r2             |
| BIND_STORAGE    | variable=nib_r3 type=ram_1p impl=bram                                                                                                                | swiglu.cpp:628 in compute_output, nib_r3             |
| ARRAY_PARTITION | variable=d0 complete                                                                                                                                 | swiglu.cpp:633 in compute_output, d0                 |
| ARRAY_PARTITION | variable=dmin0 complete                                                                                                                              | swiglu.cpp:634 in compute_output, dmin0              |
| ARRAY_PARTITION | variable=d1 complete                                                                                                                                 | swiglu.cpp:635 in compute_output, d1                 |
| ARRAY_PARTITION | variable=dmin1 complete                                                                                                                              | swiglu.cpp:636 in compute_output, dmin1              |
| ARRAY_PARTITION | variable=d2 complete                                                                                                                                 | swiglu.cpp:637 in compute_output, d2                 |
| ARRAY_PARTITION | variable=dmin2 complete                                                                                                                              | swiglu.cpp:638 in compute_output, dmin2              |
| ARRAY_PARTITION | variable=d3 complete                                                                                                                                 | swiglu.cpp:639 in compute_output, d3                 |
| ARRAY_PARTITION | variable=dmin3 complete                                                                                                                              | swiglu.cpp:640 in compute_output, dmin3              |
| ARRAY_PARTITION | variable=sc60 dim=0 complete                                                                                                                         | swiglu.cpp:641 in compute_output, sc60               |
| ARRAY_PARTITION | variable=mn60 dim=0 complete                                                                                                                         | swiglu.cpp:642 in compute_output, mn60               |
| ARRAY_PARTITION | variable=sc61 dim=0 complete                                                                                                                         | swiglu.cpp:643 in compute_output, sc61               |
| ARRAY_PARTITION | variable=mn61 dim=0 complete                                                                                                                         | swiglu.cpp:644 in compute_output, mn61               |
| ARRAY_PARTITION | variable=sc62 dim=0 complete                                                                                                                         | swiglu.cpp:645 in compute_output, sc62               |
| ARRAY_PARTITION | variable=mn62 dim=0 complete                                                                                                                         | swiglu.cpp:646 in compute_output, mn62               |
| ARRAY_PARTITION | variable=sc63 dim=0 complete                                                                                                                         | swiglu.cpp:647 in compute_output, sc63               |
| ARRAY_PARTITION | variable=mn63 dim=0 complete                                                                                                                         | swiglu.cpp:648 in compute_output, mn63               |
| INLINE          | off                                                                                                                                                  | swiglu.cpp:675 in load_x_local                       |
| ARRAY_PARTITION | variable=x_local_1 dim=2 complete                                                                                                                    | swiglu.cpp:676 in load_x_local, x_local_1            |
| ARRAY_PARTITION | variable=x_local_2 dim=2 complete                                                                                                                    | swiglu.cpp:677 in load_x_local, x_local_2            |
| PIPELINE        | ii=1                                                                                                                                                 | swiglu.cpp:681 in load_x_local                       |
| UNROLL          |                                                                                                                                                      | swiglu.cpp:684 in load_x_local                       |
| INTERFACE       | mode=m_axi port=W bundle=gmem_W offset=slave depth=10485760 max_read_burst_length=128 latency=64 num_read_outstanding=1 max_widen_bitwidth=128       | swiglu.cpp:708 in swiglu, W                          |
| INTERFACE       | mode=m_axi port=V bundle=gmem_V offset=slave depth=10485760 max_read_burst_length=128 latency=64 num_read_outstanding=1 max_widen_bitwidth=128       | swiglu.cpp:709 in swiglu, V                          |
| INTERFACE       | mode=m_axi port=W_down bundle=gmem_Wd offset=slave depth=10485760 max_read_burst_length=256 latency=64 num_read_outstanding=1 max_widen_bitwidth=128 | swiglu.cpp:710 in swiglu, W_down                     |
| INTERFACE       | mode=m_axi port=x_batch bundle=gmem_x offset=slave depth=8192 max_read_burst_length=128 latency=64 num_read_outstanding=1 max_widen_bitwidth=128     | swiglu.cpp:711 in swiglu, x_batch                    |
| INTERFACE       | mode=m_axi port=out_batch bundle=gmem_out offset=slave depth=8192 max_write_burst_length=256 latency=64 num_write_outstanding=1                      | swiglu.cpp:712 in swiglu, out_batch                  |
| INTERFACE       | mode=s_axilite port=W bundle=CTRL                                                                                                                    | swiglu.cpp:714 in swiglu, W                          |
| INTERFACE       | mode=s_axilite port=V bundle=CTRL                                                                                                                    | swiglu.cpp:715 in swiglu, V                          |
| INTERFACE       | mode=s_axilite port=W_down bundle=CTRL                                                                                                               | swiglu.cpp:716 in swiglu, W_down                     |
| INTERFACE       | mode=s_axilite port=x_batch bundle=CTRL                                                                                                              | swiglu.cpp:717 in swiglu, x_batch                    |
| INTERFACE       | mode=s_axilite port=out_batch bundle=CTRL                                                                                                            | swiglu.cpp:718 in swiglu, out_batch                  |
| INTERFACE       | mode=s_axilite port=down_quant_mode bundle=CTRL                                                                                                      | swiglu.cpp:719 in swiglu, down_quant_mode            |
| INTERFACE       | mode=s_axilite port=x_scale bundle=CTRL                                                                                                              | swiglu.cpp:720 in swiglu, x_scale                    |
| INTERFACE       | mode=s_axilite port=return bundle=CTRL                                                                                                               | swiglu.cpp:721 in swiglu, return                     |
| BIND_STORAGE    | variable=x_local_1 type=ram_1p impl=lutram                                                                                                           | swiglu.cpp:724 in swiglu, x_local_1                  |
| ARRAY_PARTITION | variable=x_local_1 dim=2 complete                                                                                                                    | swiglu.cpp:725 in swiglu, x_local_1                  |
| BIND_STORAGE    | variable=x_local_2 type=ram_1p impl=lutram                                                                                                           | swiglu.cpp:728 in swiglu, x_local_2                  |
| ARRAY_PARTITION | variable=x_local_2 dim=2 complete                                                                                                                    | swiglu.cpp:729 in swiglu, x_local_2                  |
| BIND_STORAGE    | variable=X1_cache type=ram_2p impl=bram                                                                                                              | swiglu.cpp:733 in swiglu, X1_cache                   |
| BIND_STORAGE    | variable=X2_cache type=ram_2p impl=bram                                                                                                              | swiglu.cpp:734 in swiglu, X2_cache                   |
| BIND_STORAGE    | variable=gate_cache type=ram_1p impl=uram                                                                                                            | swiglu.cpp:737 in swiglu, gate_cache                 |
| ARRAY_PARTITION | variable=gate_cache dim=2 cyclic factor=8                                                                                                            | swiglu.cpp:738 in swiglu, gate_cache                 |
| BIND_STORAGE    | variable=sigmoid_lut type=rom_1p impl=bram                                                                                                           | swiglu.cpp:742 in swiglu, sigmoid_lut                |
| DATAFLOW        |                                                                                                                                                      | swiglu.cpp:748 in swiglu                             |
+-----------------+------------------------------------------------------------------------------------------------------------------------------------------------------+------------------------------------------------------+


