

================================================================
== Synthesis Summary Report of 'swiglu'
================================================================
+ General Information: 
    * Date:           Thu May 28 09:20:33 2026
    * Version:        2025.1 (Build 6135595 on May 21 2025)
    * Project:        swiglu
    * Solution:       hls (Vivado IP Flow Target)
    * Product family: zynquplus
    * Target device:  xck26-sfvc784-2LV-c
    

+ Performance & Resource Estimates: 
    
    PS: '+' for module; 'o' for loop; '*' for dataflow
    +-------------------------------------------------------+---------+-------+---------+-----------+----------+---------+------+----------+----------+-----------+--------------+---------------+----------+
    |                        Modules                        |  Issue  |       |       Latency       | Iteration|         | Trip |          |          |           |              |               |          |
    |                        & Loops                        |   Type  | Slack | (cycles)|    (ns)   |  Latency | Interval| Count| Pipelined|   BRAM   |    DSP    |      FF      |      LUT      |   URAM   |
    +-------------------------------------------------------+---------+-------+---------+-----------+----------+---------+------+----------+----------+-----------+--------------+---------------+----------+
    |+ swiglu*                                              |   Timing|  -0.81|  4312070|  1.436e+07|         -|  2672642|     -|  dataflow|  94 (32%)|  350 (28%)|  122820 (52%)|  120214 (102%)|  24 (37%)|
    | + load_x_local                                        |   Timing|  -0.00|      202|    672.660|         -|      128|     -|    rewind|         -|          -|     484 (~0%)|      172 (~0%)|         -|
    |  o LOAD_X_VEC                                         |        -|   2.43|      200|    666.000|        74|        1|   128|       yes|         -|          -|             -|              -|         -|
    | + compute_X1                                          |   Timing|  -0.81|  2672641|  8.900e+06|         -|  2672641|     -|        no|   16 (5%)|   116 (9%)|   28549 (12%)|    32324 (27%)|         -|
    |  o COMPUTE_X1                                         |        -|   2.43|  2672640|  8.900e+06|      1305|        -|  2048|        no|         -|          -|             -|              -|         -|
    |   + load_row_wv_urm                                   |   Timing|  -0.00|      237|    789.210|         -|      237|     -|        no|         -|          -|    2042 (~0%)|      3168 (2%)|         -|
    |    + load_row_wv_urm_Pipeline_LOAD_HDR_WV             |   Timing|  -0.00|       24|     79.920|         -|       18|     -|    rewind|         -|          -|     578 (~0%)|      733 (~0%)|         -|
    |     o LOAD_HDR_WV                                     |       II|   2.43|       22|     73.260|         9|        2|     8|       yes|         -|          -|             -|              -|         -|
    |      + fp16_to_fp32                                   |        -|   0.10|        4|     13.320|         -|        1|     -|       yes|         -|          -|     389 (~0%)|      515 (~0%)|         -|
    |    + load_row_wv_urm_Pipeline_LOAD_NIB_WV             |   Timing|  -0.00|       67|    223.110|         -|       65|     -|    rewind|         -|          -|     155 (~0%)|       78 (~0%)|         -|
    |     o LOAD_NIB_WV                                     |        -|   2.43|       65|    216.450|         3|        1|    64|       yes|         -|          -|             -|              -|         -|
    |   + mac_blocks_wv_k4_urm                              |   Timing|  -0.81|      317|  1.056e+03|         -|      317|     -|        no|         -|    96 (7%)|    18845 (8%)|    23654 (20%)|         -|
    |    + mac_blocks_wv_k4_urm_Pipeline_MAC_ALL            |        -|   0.27|      263|    875.790|         -|      257|     -|    rewind|         -|    64 (5%)|    11485 (4%)|     11703 (9%)|         -|
    |     o MAC_ALL                                         |        -|   2.43|      261|    869.130|         7|        1|   256|       yes|         -|          -|             -|              -|         -|
    |    + mac_blocks_wv_k4_urm_Pipeline_REDUCE             |   Timing|  -0.81|       40|    133.200|         -|        9|     -|    rewind|         -|    20 (1%)|     5631 (2%)|      6994 (5%)|         -|
    |     o REDUCE                                          |        -|   2.43|       38|    126.540|        32|        1|     8|       yes|         -|          -|             -|              -|         -|
    | + compute_X2                                          |   Timing|  -0.81|  2672641|  8.900e+06|         -|  2672641|     -|        no|   16 (5%)|   116 (9%)|   28549 (12%)|    32324 (27%)|         -|
    |  o COMPUTE_X2                                         |        -|   2.43|  2672640|  8.900e+06|      1305|        -|  2048|        no|         -|          -|             -|              -|         -|
    |   + load_row_wv_urm                                   |   Timing|  -0.00|      237|    789.210|         -|      237|     -|        no|         -|          -|    2042 (~0%)|      3168 (2%)|         -|
    |    + load_row_wv_urm_Pipeline_LOAD_HDR_WV             |   Timing|  -0.00|       24|     79.920|         -|       18|     -|    rewind|         -|          -|     578 (~0%)|      733 (~0%)|         -|
    |     o LOAD_HDR_WV                                     |       II|   2.43|       22|     73.260|         9|        2|     8|       yes|         -|          -|             -|              -|         -|
    |      + fp16_to_fp32                                   |        -|   0.10|        4|     13.320|         -|        1|     -|       yes|         -|          -|     389 (~0%)|      515 (~0%)|         -|
    |    + load_row_wv_urm_Pipeline_LOAD_NIB_WV             |   Timing|  -0.00|       67|    223.110|         -|       65|     -|    rewind|         -|          -|     155 (~0%)|       78 (~0%)|         -|
    |     o LOAD_NIB_WV                                     |        -|   2.43|       65|    216.450|         3|        1|    64|       yes|         -|          -|             -|              -|         -|
    |   + mac_blocks_wv_k4_urm                              |   Timing|  -0.81|      317|  1.056e+03|         -|      317|     -|        no|         -|    96 (7%)|    18845 (8%)|    23654 (20%)|         -|
    |    + mac_blocks_wv_k4_urm_Pipeline_MAC_ALL            |        -|   0.27|      263|    875.790|         -|      257|     -|    rewind|         -|    64 (5%)|    11485 (4%)|     11703 (9%)|         -|
    |     o MAC_ALL                                         |        -|   2.43|      261|    869.130|         7|        1|   256|       yes|         -|          -|             -|              -|         -|
    |    + mac_blocks_wv_k4_urm_Pipeline_REDUCE             |   Timing|  -0.81|       40|    133.200|         -|        9|     -|    rewind|         -|    20 (1%)|     5631 (2%)|      6994 (5%)|         -|
    |     o REDUCE                                          |        -|   2.43|       38|    126.540|        32|        1|     8|       yes|         -|          -|             -|              -|         -|
    | + compute_gate                                        |   Timing|  -0.81|    16622|  5.535e+04|         -|    16622|     -|        no|    8 (2%)|    22 (1%)|     4929 (2%)|      6548 (5%)|         -|
    |  + compute_gate_Pipeline_GATE_PASS1                   |   Timing|  -0.81|     8254|  2.749e+04|         -|     8193|     -|    rewind|         -|          -|    1405 (~0%)|      1412 (1%)|         -|
    |   o GATE_PASS1                                        |        -|   2.43|     8252|  2.748e+04|        62|        1|  8192|       yes|         -|          -|             -|              -|         -|
    |  + compute_gate_Pipeline_GATE_PASS2                   |   Timing|  -0.81|     8273|  2.755e+04|         -|     8193|     -|    rewind|         -|    5 (~0%)|    1740 (~0%)|      2139 (1%)|         -|
    |   o GATE_PASS2                                        |        -|   2.43|     8271|  2.754e+04|        81|        1|  8192|       yes|         -|          -|             -|              -|         -|
    | + compute_output                                      |   Timing|  -0.81|  1622602|  5.403e+06|         -|  1622602|     -|        no|    4 (1%)|    96 (7%)|   51889 (22%)|    42838 (36%)|  16 (25%)|
    |  + compute_output_Pipeline_1                          |   Timing|  -0.00|     2051|  6.830e+03|         -|     2049|     -|    rewind|         -|          -|      49 (~0%)|       88 (~0%)|         -|
    |   o Loop 1                                            |        -|   2.43|     2049|  6.823e+03|         3|        1|  2048|       yes|         -|          -|             -|              -|         -|
    |  o DOWN_Q4K                                           |        -|   2.43|  1620480|  5.396e+06|      3165|        -|   512|        no|         -|          -|             -|              -|         -|
    |   + load_row_down_urm                                 |   Timing|  -0.00|      477|  1.588e+03|         -|      477|     -|        no|         -|          -|     7264 (3%)|      7207 (6%)|         -|
    |    + load_row_down_urm_Pipeline_LOAD_HDR_DOWN         |   Timing|  -0.00|       72|    239.760|         -|       66|     -|    rewind|         -|          -|     676 (~0%)|      736 (~0%)|         -|
    |     o LOAD_HDR_DOWN                                   |       II|   2.43|       70|    233.100|         9|        2|    32|       yes|         -|          -|             -|              -|         -|
    |      + fp16_to_fp32                                   |        -|   0.10|        4|     13.320|         -|        1|     -|       yes|         -|          -|     389 (~0%)|      515 (~0%)|         -|
    |    + load_row_down_urm_Pipeline_LOAD_NIB_DOWN         |   Timing|  -0.00|      259|    862.470|         -|      257|     -|    rewind|         -|          -|     161 (~0%)|       82 (~0%)|         -|
    |     o LOAD_NIB_DOWN                                   |        -|   2.43|      257|    855.810|         3|        1|   256|       yes|         -|          -|             -|              -|         -|
    |   + mac_blocks_down_q4k_k4_urm                        |   Timing|  -0.81|     1243|  4.139e+03|         -|     1243|     -|        no|         -|    96 (7%)|    19500 (8%)|    34142 (29%)|         -|
    |    o DOWN_GROUPS                                      |        -|   2.43|     1232|  4.103e+03|       308|        -|     4|        no|         -|          -|             -|              -|         -|
    |     + mac_blocks_down_q4k_k4_urm_Pipeline_MAC_GRP     |        -|   0.20|      264|    879.120|         -|      257|     -|    rewind|         -|    64 (5%)|    11748 (5%)|    20736 (17%)|         -|
    |      o MAC_GRP                                        |        -|   2.43|      262|    872.460|         8|        1|   256|       yes|         -|          -|             -|              -|         -|
    |     + mac_blocks_down_q4k_k4_urm_Pipeline_REDUCE_GRP  |   Timing|  -0.81|       40|    133.200|         -|        9|     -|    rewind|         -|    20 (1%)|     5822 (2%)|      8382 (7%)|         -|
    |      o REDUCE_GRP                                     |        -|   2.43|       38|    126.540|        32|        1|     8|       yes|         -|          -|             -|              -|         -|
    +-------------------------------------------------------+---------+-------+---------+-----------+----------+---------+------+----------+----------+-----------+--------------+---------------+----------+


================================================================
== HW Interfaces
================================================================
* M_AXI
+----------------+------------+------------+---------------+---------+--------+----------+-----------+--------------+--------------+-------------+-------------+-------------------+
| Interface      | Read/Write | Data Width | Address Width | Latency | Offset | Register | Max Widen | Max Read     | Max Write    | Num Read    | Num Write   | Resource Estimate |
|                |            | (SW->HW)   |               |         |        |          | Bitwidth  | Burst Length | Burst Length | Outstanding | Outstanding |                   |
+----------------+------------+------------+---------------+---------+--------+----------+-----------+--------------+--------------+-------------+-------------+-------------------+
| m_axi_gmem_V   | READ_ONLY  | 8 -> 128   | 64            | 64      | slave  | 0        | 128       | 128          | 16           | 1           | 16          | BRAM=8            |
| m_axi_gmem_W   | READ_ONLY  | 8 -> 128   | 64            | 64      | slave  | 0        | 128       | 128          | 16           | 1           | 16          | BRAM=8            |
| m_axi_gmem_Wd  | READ_ONLY  | 8 -> 128   | 64            | 64      | slave  | 0        | 128       | 256          | 16           | 1           | 16          | BRAM=8            |
| m_axi_gmem_out | WRITE_ONLY | 32 -> 32   | 64            | 64      | slave  | 0        | 0         | 16           | 256          | 16          | 1           | BRAM=2            |
| m_axi_gmem_x   | READ_ONLY  | 8 -> 128   | 64            | 64      | slave  | 0        | 128       | 128          | 16           | 1           | 16          | BRAM=8            |
+----------------+------------+------------+---------------+---------+--------+----------+-----------+--------------+--------------+-------------+-------------+-------------------+

* S_AXILITE Interfaces
+------------+------------+---------------+--------+----------+
| Interface  | Data Width | Address Width | Offset | Register |
+------------+------------+---------------+--------+----------+
| s_axi_CTRL | 32         | 7             | 16     | 0        |
+------------+------------+---------------+--------+----------+

* S_AXILITE Registers
+------------+-----------------+--------+-------+--------+----------------------------------+----------------------------------------------------------------------+
| Interface  | Register        | Offset | Width | Access | Description                      | Bit Fields                                                           |
+------------+-----------------+--------+-------+--------+----------------------------------+----------------------------------------------------------------------+
| s_axi_CTRL | CTRL            | 0x00   | 32    | RW     | Control signals                  | 0=AP_START 1=AP_DONE 2=AP_IDLE 3=AP_READY 7=AUTO_RESTART 9=INTERRUPT |
| s_axi_CTRL | GIER            | 0x04   | 32    | RW     | Global Interrupt Enable Register | 0=Enable                                                             |
| s_axi_CTRL | IP_IER          | 0x08   | 32    | RW     | IP Interrupt Enable Register     | 0=CHAN0_INT_EN 1=CHAN1_INT_EN                                        |
| s_axi_CTRL | IP_ISR          | 0x0c   | 32    | RW     | IP Interrupt Status Register     | 0=CHAN0_INT_ST 1=CHAN1_INT_ST                                        |
| s_axi_CTRL | W_1             | 0x10   | 32    | W      | Data signal of W                 |                                                                      |
| s_axi_CTRL | W_2             | 0x14   | 32    | W      | Data signal of W                 |                                                                      |
| s_axi_CTRL | V_1             | 0x1c   | 32    | W      | Data signal of V                 |                                                                      |
| s_axi_CTRL | V_2             | 0x20   | 32    | W      | Data signal of V                 |                                                                      |
| s_axi_CTRL | W_down_1        | 0x28   | 32    | W      | Data signal of W_down            |                                                                      |
| s_axi_CTRL | W_down_2        | 0x2c   | 32    | W      | Data signal of W_down            |                                                                      |
| s_axi_CTRL | x_batch_1       | 0x34   | 32    | W      | Data signal of x_batch           |                                                                      |
| s_axi_CTRL | x_batch_2       | 0x38   | 32    | W      | Data signal of x_batch           |                                                                      |
| s_axi_CTRL | out_batch_1     | 0x40   | 32    | W      | Data signal of out_batch         |                                                                      |
| s_axi_CTRL | out_batch_2     | 0x44   | 32    | W      | Data signal of out_batch         |                                                                      |
| s_axi_CTRL | down_quant_mode | 0x4c   | 32    | W      | Data signal of down_quant_mode   |                                                                      |
| s_axi_CTRL | x_scale         | 0x54   | 32    | W      | Data signal of x_scale           |                                                                      |
+------------+-----------------+--------+-------+--------+----------------------------------+----------------------------------------------------------------------+

* TOP LEVEL CONTROL
+-----------+------------+-----------+
| Interface | Type       | Ports     |
+-----------+------------+-----------+
| ap_clk    | clock      | ap_clk    |
| ap_rst_n  | reset      | ap_rst_n  |
| interrupt | interrupt  | interrupt |
| ap_ctrl   | ap_ctrl_hs |           |
+-----------+------------+-----------+


================================================================
== SW I/O Information
================================================================
* Top Function Arguments
+-----------------+-----------+-----------------------+
| Argument        | Direction | Datatype              |
+-----------------+-----------+-----------------------+
| W               | in        | unsigned char const * |
| V               | in        | unsigned char const * |
| W_down          | in        | unsigned char const * |
| x_batch         | in        | signed char const *   |
| out_batch       | out       | float*                |
| down_quant_mode | in        | unsigned int          |
| x_scale         | in        | float                 |
+-----------------+-----------+-----------------------+

* SW-to-HW Mapping
+-----------------+----------------+-----------+----------+-------------------------------------------+
| Argument        | HW Interface   | HW Type   | HW Usage | HW Info                                   |
+-----------------+----------------+-----------+----------+-------------------------------------------+
| W               | m_axi_gmem_W   | interface |          | channel=0                                 |
| W               | s_axi_CTRL     | register  | offset   | name=W_1 offset=0x10 range=32             |
| W               | s_axi_CTRL     | register  | offset   | name=W_2 offset=0x14 range=32             |
| V               | m_axi_gmem_V   | interface |          | channel=0                                 |
| V               | s_axi_CTRL     | register  | offset   | name=V_1 offset=0x1c range=32             |
| V               | s_axi_CTRL     | register  | offset   | name=V_2 offset=0x20 range=32             |
| W_down          | m_axi_gmem_Wd  | interface |          | channel=0                                 |
| W_down          | s_axi_CTRL     | register  | offset   | name=W_down_1 offset=0x28 range=32        |
| W_down          | s_axi_CTRL     | register  | offset   | name=W_down_2 offset=0x2c range=32        |
| x_batch         | m_axi_gmem_x   | interface |          | channel=0                                 |
| x_batch         | s_axi_CTRL     | register  | offset   | name=x_batch_1 offset=0x34 range=32       |
| x_batch         | s_axi_CTRL     | register  | offset   | name=x_batch_2 offset=0x38 range=32       |
| out_batch       | m_axi_gmem_out | interface |          | channel=0                                 |
| out_batch       | s_axi_CTRL     | register  | offset   | name=out_batch_1 offset=0x40 range=32     |
| out_batch       | s_axi_CTRL     | register  | offset   | name=out_batch_2 offset=0x44 range=32     |
| down_quant_mode | s_axi_CTRL     | register  |          | name=down_quant_mode offset=0x4c range=32 |
| x_scale         | s_axi_CTRL     | register  |          | name=x_scale offset=0x54 range=32         |
+-----------------+----------------+-----------+----------+-------------------------------------------+


================================================================
== M_AXI Burst Information
================================================================
 Note: All burst requests might be further partitioned into multiple requests during RTL generation based on max_read_burst_length or max_write_burst_length settings.

* Inferred Burst Summary
+----------------+-----------+--------+-------+---------------+-------------------+
| HW Interface   | Direction | Length | Width | Loop          | Loop Location     |
+----------------+-----------+--------+-------+---------------+-------------------+
| m_axi_gmem_V   | read      | 16     | 128   | LOAD_HDR_WV   | swiglu.cpp:99:15  |
| m_axi_gmem_V   | read      | 64     | 128   | LOAD_NIB_WV   | swiglu.cpp:117:18 |
| m_axi_gmem_Wd  | read      | 64     | 128   | LOAD_HDR_DOWN | swiglu.cpp:138:17 |
| m_axi_gmem_Wd  | read      | 256    | 128   | LOAD_NIB_DOWN | swiglu.cpp:159:20 |
| m_axi_gmem_out | write     | 2048   | 32    | anonymous     | swiglu.cpp:682:9  |
| m_axi_gmem_x   | read      | 128    | 128   | LOAD_X_VEC    | swiglu.cpp:697:21 |
+----------------+-----------+--------+-------+---------------+-------------------+

* All M_AXI Variable Accesses
+---------------------+-----------+-------------------+-----------+--------------+--------+---------------+-------------------+------------+----------------------------------------------------------------------------------------------------------+
| HW Interface        | Variable  | Access Location   | Direction | Burst Status | Length | Loop          | Loop Location     | Resolution | Problem                                                                                                  |
+---------------------+-----------+-------------------+-----------+--------------+--------+---------------+-------------------+------------+----------------------------------------------------------------------------------------------------------+
| m_axi_gmem_V,gmem_W | W_wide    | swiglu.cpp:101:20 | read      | Widen Fail   |        | LOAD_HDR_WV   | swiglu.cpp:99:15  | 214-353    | Could not widen since type i128 size is greater than or equal to the max_widen_bitwidth threshold of 128 |
| m_axi_gmem_V,gmem_W | W_wide    | swiglu.cpp:101:20 | read      | Inferred     | 16     | LOAD_HDR_WV   | swiglu.cpp:99:15  |            |                                                                                                          |
| m_axi_gmem_V,gmem_W | W_wide    | swiglu.cpp:102:27 | read      | Widen Fail   |        | LOAD_HDR_WV   | swiglu.cpp:99:15  | 214-353    | Could not widen since type i128 size is greater than or equal to the max_widen_bitwidth threshold of 128 |
| m_axi_gmem_V,gmem_W | W_wide    | swiglu.cpp:102:27 | read      | Inferred     | 16     | LOAD_HDR_WV   | swiglu.cpp:99:15  |            |                                                                                                          |
| m_axi_gmem_V,gmem_W | W_wide    | swiglu.cpp:119:14 | read      | Widen Fail   |        | LOAD_NIB_WV   | swiglu.cpp:117:18 | 214-353    | Could not widen since type i128 size is greater than or equal to the max_widen_bitwidth threshold of 128 |
| m_axi_gmem_V,gmem_W | W_wide    | swiglu.cpp:119:14 | read      | Inferred     | 64     | LOAD_NIB_WV   | swiglu.cpp:117:18 |            |                                                                                                          |
| m_axi_gmem_Wd       | Wd_wide   | swiglu.cpp:140:20 | read      | Widen Fail   |        | LOAD_HDR_DOWN | swiglu.cpp:138:17 | 214-353    | Could not widen since type i128 size is greater than or equal to the max_widen_bitwidth threshold of 128 |
| m_axi_gmem_Wd       | Wd_wide   | swiglu.cpp:140:20 | read      | Inferred     | 64     | LOAD_HDR_DOWN | swiglu.cpp:138:17 |            |                                                                                                          |
| m_axi_gmem_Wd       | Wd_wide   | swiglu.cpp:141:27 | read      | Widen Fail   |        | LOAD_HDR_DOWN | swiglu.cpp:138:17 | 214-353    | Could not widen since type i128 size is greater than or equal to the max_widen_bitwidth threshold of 128 |
| m_axi_gmem_Wd       | Wd_wide   | swiglu.cpp:141:27 | read      | Inferred     | 64     | LOAD_HDR_DOWN | swiglu.cpp:138:17 |            |                                                                                                          |
| m_axi_gmem_Wd       | Wd_wide   | swiglu.cpp:161:21 | read      | Widen Fail   |        | LOAD_NIB_DOWN | swiglu.cpp:159:20 | 214-353    | Could not widen since type i128 size is greater than or equal to the max_widen_bitwidth threshold of 128 |
| m_axi_gmem_Wd       | Wd_wide   | swiglu.cpp:161:21 | read      | Inferred     | 256    | LOAD_NIB_DOWN | swiglu.cpp:159:20 |            |                                                                                                          |
| m_axi_gmem_out      | out_batch | swiglu.cpp:682:9  | write     | Widen Fail   |        | anonymous     | swiglu.cpp:682:9  | 214-353    | Could not widen since type float size is greater than or equal to the max_widen_bitwidth threshold of 0  |
| m_axi_gmem_out      | out_batch | swiglu.cpp:682:9  | write     | Inferred     | 2048   | anonymous     | swiglu.cpp:682:9  |            |                                                                                                          |
| m_axi_gmem_x        | x_batch   | swiglu.cpp:699:26 | read      | Widen Fail   |        | LOAD_X_VEC    | swiglu.cpp:697:21 | 214-353    | Could not widen since type i128 size is greater than or equal to the max_widen_bitwidth threshold of 128 |
| m_axi_gmem_x        | x_batch   | swiglu.cpp:699:26 | read      | Inferred     | 128    | LOAD_X_VEC    | swiglu.cpp:697:21 |            |                                                                                                          |
+---------------------+-----------+-------------------+-----------+--------------+--------+---------------+-------------------+------------+----------------------------------------------------------------------------------------------------------+

    * Resolution URL: docs.xilinx.com/access/sources/dita/topic?Doc_Version=2025.1%20English&url=ug1448-hls-guidance&resourceid=XXX-YYY.html (replace XXX-YYY with column value)

================================================================
== Bind Op Report
================================================================
+------------------------------------------------------------------------------------------------+-----+--------+----------------------+-----------+--------------------------+---------+
| Name                                                                                           | DSP | Pragma | Variable             | Op        | Impl                     | Latency |
+------------------------------------------------------------------------------------------------+-----+--------+----------------------+-----------+--------------------------+---------+
| + swiglu                                                                                       | 350 |        |                      |           |                          |         |
|  + load_x_local                                                                                | 0   |        |                      |           |                          |         |
|    first_iter_0_fu_3982_p2                                                                     |     |        | first_iter_0         | seteq     | auto                     | 0       |
|    i_fu_4002_p2                                                                                |     |        | i                    | add       | fabric                   | 0       |
|    icmp_ln697_fu_4026_p2                                                                       |     |        | icmp_ln697           | seteq     | auto                     | 0       |
|  + compute_X1                                                                                  | 116 |        |                      |           |                          |         |
|    fmul_32ns_32ns_32_7_max_dsp_1_U2678                                                         | 3   |        | fq0                  | fmul      | maxdsp                   | 6       |
|    icmp_ln451_fu_5689_p2                                                                       |     |        | icmp_ln451           | setne     | auto                     | 0       |
|    icmp_ln451_1_fu_5695_p2                                                                     |     |        | icmp_ln451_1         | seteq     | auto                     | 0       |
|    or_ln451_fu_5701_p2                                                                         |     |        | or_ln451             | or        | auto                     | 0       |
|    fcmp_32ns_32ns_1_3_no_dsp_1_U2682                                                           |     |        | tmp_41               | fcmp      | auto                     | 2       |
|    and_ln451_fu_5707_p2                                                                        |     |        | and_ln451            | and       | auto                     | 0       |
|    select_ln451_fu_5712_p3                                                                     |     |        | select_ln451         | select    | auto_sel                 | 0       |
|    fadd_32ns_32ns_32_11_full_dsp_1_U2674                                                       | 2   |        | dc                   | fadd      | fulldsp                  | 10      |
|    add_ln317_fu_5891_p2                                                                        |     |        | add_ln317            | add       | fabric                   | 0       |
|    sub_ln18_fu_5905_p2                                                                         |     |        | sub_ln18             | sub       | fabric                   | 0       |
|    select_ln18_fu_5915_p3                                                                      |     |        | select_ln18          | select    | auto_sel                 | 0       |
|    lshr_ln18_fu_6120_p2                                                                        |     |        | lshr_ln18            | lshr      | auto_pipe                | 0       |
|    shl_ln18_fu_6126_p2                                                                         |     |        | shl_ln18             | shl       | auto_pipe                | 0       |
|    val_fu_6152_p3                                                                              |     |        | val                  | select    | auto_sel                 | 0       |
|    result_23_fu_6336_p2                                                                        |     |        | result_23            | sub       | fabric                   | 0       |
|    result_32_fu_6341_p3                                                                        |     |        | result_32            | select    | auto_sel                 | 0       |
|    icmp_ln452_fu_6357_p2                                                                       |     |        | icmp_ln452           | setgt     | auto                     | 0       |
|    iq0_2_fu_6444_p3                                                                            |     |        | iq0_2                | select    | auto_sel                 | 0       |
|    icmp_ln452_1_fu_6450_p2                                                                     |     |        | icmp_ln452_1         | setlt     | auto                     | 0       |
|    select_ln453_fu_6460_p3                                                                     |     |        | select_ln453         | select    | auto_sel                 | 0       |
|    fmul_32ns_32ns_32_7_max_dsp_1_U2679                                                         | 3   |        | fq1                  | fmul      | maxdsp                   | 6       |
|    icmp_ln456_fu_5737_p2                                                                       |     |        | icmp_ln456           | setne     | auto                     | 0       |
|    icmp_ln456_1_fu_5743_p2                                                                     |     |        | icmp_ln456_1         | seteq     | auto                     | 0       |
|    or_ln456_fu_5749_p2                                                                         |     |        | or_ln456             | or        | auto                     | 0       |
|    fcmp_32ns_32ns_1_3_no_dsp_1_U2683                                                           |     |        | tmp_43               | fcmp      | auto                     | 2       |
|    and_ln456_fu_5755_p2                                                                        |     |        | and_ln456            | and       | auto                     | 0       |
|    select_ln456_fu_5760_p3                                                                     |     |        | select_ln456         | select    | auto_sel                 | 0       |
|    fadd_32ns_32ns_32_11_full_dsp_1_U2675                                                       | 2   |        | dc_5                 | fadd      | fulldsp                  | 10      |
|    add_ln317_5_fu_5950_p2                                                                      |     |        | add_ln317_5          | add       | fabric                   | 0       |
|    sub_ln18_5_fu_5964_p2                                                                       |     |        | sub_ln18_5           | sub       | fabric                   | 0       |
|    select_ln18_13_fu_5974_p3                                                                   |     |        | select_ln18_13       | select    | auto_sel                 | 0       |
|    lshr_ln18_5_fu_6179_p2                                                                      |     |        | lshr_ln18_5          | lshr      | auto_pipe                | 0       |
|    shl_ln18_5_fu_6185_p2                                                                       |     |        | shl_ln18_5           | shl       | auto_pipe                | 0       |
|    val_20_fu_6211_p3                                                                           |     |        | val_20               | select    | auto_sel                 | 0       |
|    result_26_fu_6363_p2                                                                        |     |        | result_26            | sub       | fabric                   | 0       |
|    result_33_fu_6368_p3                                                                        |     |        | result_33            | select    | auto_sel                 | 0       |
|    icmp_ln457_fu_6384_p2                                                                       |     |        | icmp_ln457           | setgt     | auto                     | 0       |
|    iq1_2_fu_6468_p3                                                                            |     |        | iq1_2                | select    | auto_sel                 | 0       |
|    icmp_ln457_1_fu_6474_p2                                                                     |     |        | icmp_ln457_1         | setlt     | auto                     | 0       |
|    select_ln458_fu_6484_p3                                                                     |     |        | select_ln458         | select    | auto_sel                 | 0       |
|    fmul_32ns_32ns_32_7_max_dsp_1_U2680                                                         | 3   |        | fq2                  | fmul      | maxdsp                   | 6       |
|    icmp_ln461_fu_5785_p2                                                                       |     |        | icmp_ln461           | setne     | auto                     | 0       |
|    icmp_ln461_1_fu_5791_p2                                                                     |     |        | icmp_ln461_1         | seteq     | auto                     | 0       |
|    or_ln461_fu_5797_p2                                                                         |     |        | or_ln461             | or        | auto                     | 0       |
|    fcmp_32ns_32ns_1_3_no_dsp_1_U2684                                                           |     |        | tmp_45               | fcmp      | auto                     | 2       |
|    and_ln461_fu_5803_p2                                                                        |     |        | and_ln461            | and       | auto                     | 0       |
|    select_ln461_fu_5808_p3                                                                     |     |        | select_ln461         | select    | auto_sel                 | 0       |
|    fadd_32ns_32ns_32_11_full_dsp_1_U2676                                                       | 2   |        | dc_6                 | fadd      | fulldsp                  | 10      |
|    add_ln317_6_fu_6009_p2                                                                      |     |        | add_ln317_6          | add       | fabric                   | 0       |
|    sub_ln18_6_fu_6023_p2                                                                       |     |        | sub_ln18_6           | sub       | fabric                   | 0       |
|    select_ln18_15_fu_6033_p3                                                                   |     |        | select_ln18_15       | select    | auto_sel                 | 0       |
|    lshr_ln18_6_fu_6238_p2                                                                      |     |        | lshr_ln18_6          | lshr      | auto_pipe                | 0       |
|    shl_ln18_6_fu_6244_p2                                                                       |     |        | shl_ln18_6           | shl       | auto_pipe                | 0       |
|    val_21_fu_6270_p3                                                                           |     |        | val_21               | select    | auto_sel                 | 0       |
|    result_29_fu_6390_p2                                                                        |     |        | result_29            | sub       | fabric                   | 0       |
|    result_34_fu_6395_p3                                                                        |     |        | result_34            | select    | auto_sel                 | 0       |
|    icmp_ln462_fu_6411_p2                                                                       |     |        | icmp_ln462           | setgt     | auto                     | 0       |
|    iq2_2_fu_6492_p3                                                                            |     |        | iq2_2                | select    | auto_sel                 | 0       |
|    icmp_ln462_1_fu_6498_p2                                                                     |     |        | icmp_ln462_1         | setlt     | auto                     | 0       |
|    select_ln463_fu_6508_p3                                                                     |     |        | select_ln463         | select    | auto_sel                 | 0       |
|    fmul_32ns_32ns_32_7_max_dsp_1_U2681                                                         | 3   |        | fq3                  | fmul      | maxdsp                   | 6       |
|    icmp_ln466_fu_5833_p2                                                                       |     |        | icmp_ln466           | setne     | auto                     | 0       |
|    icmp_ln466_1_fu_5839_p2                                                                     |     |        | icmp_ln466_1         | seteq     | auto                     | 0       |
|    or_ln466_fu_5845_p2                                                                         |     |        | or_ln466             | or        | auto                     | 0       |
|    fcmp_32ns_32ns_1_3_no_dsp_1_U2685                                                           |     |        | tmp_47               | fcmp      | auto                     | 2       |
|    and_ln466_fu_5851_p2                                                                        |     |        | and_ln466            | and       | auto                     | 0       |
|    select_ln466_fu_5856_p3                                                                     |     |        | select_ln466         | select    | auto_sel                 | 0       |
|    fadd_32ns_32ns_32_11_full_dsp_1_U2677                                                       | 2   |        | dc_7                 | fadd      | fulldsp                  | 10      |
|    add_ln317_7_fu_6068_p2                                                                      |     |        | add_ln317_7          | add       | fabric                   | 0       |
|    sub_ln18_7_fu_6082_p2                                                                       |     |        | sub_ln18_7           | sub       | fabric                   | 0       |
|    select_ln18_17_fu_6092_p3                                                                   |     |        | select_ln18_17       | select    | auto_sel                 | 0       |
|    lshr_ln18_7_fu_6297_p2                                                                      |     |        | lshr_ln18_7          | lshr      | auto_pipe                | 0       |
|    shl_ln18_7_fu_6303_p2                                                                       |     |        | shl_ln18_7           | shl       | auto_pipe                | 0       |
|    val_22_fu_6329_p3                                                                           |     |        | val_22               | select    | auto_sel                 | 0       |
|    result_30_fu_6417_p2                                                                        |     |        | result_30            | sub       | fabric                   | 0       |
|    result_fu_6422_p3                                                                           |     |        | result               | select    | auto_sel                 | 0       |
|    icmp_ln467_fu_6438_p2                                                                       |     |        | icmp_ln467           | setgt     | auto                     | 0       |
|    iq3_2_fu_6516_p3                                                                            |     |        | iq3_2                | select    | auto_sel                 | 0       |
|    icmp_ln467_1_fu_6522_p2                                                                     |     |        | icmp_ln467_1         | setlt     | auto                     | 0       |
|    select_ln468_fu_6532_p3                                                                     |     |        | select_ln468         | select    | auto_sel                 | 0       |
|    add_ln436_fu_5662_p2                                                                        |     |        | add_ln436            | add       | fabric                   | 0       |
|   + load_row_wv_urm (grp_load_row_wv_urm_fu_2553)                                              | 0   |        |                      |           |                          |         |
|     empty_fu_650_p2                                                                            |     |        | empty                | add       | fabric                   | 0       |
|     empty_67_fu_660_p2                                                                         |     |        | empty_67             | add       | fabric                   | 0       |
|     tmp1_fu_686_p2                                                                             |     |        | tmp1                 | add       | fabric                   | 0       |
|     empty_69_fu_695_p2                                                                         |     |        | empty_69             | add       | fabric                   | 0       |
|    + load_row_wv_urm_Pipeline_LOAD_HDR_WV (grp_load_row_wv_urm_Pipeline_LOAD_HDR_WV_fu_350)    | 0   |        |                      |           |                          |         |
|      icmp_ln99_fu_1402_p2                                                                      |     |        | icmp_ln99            | seteq     | auto                     | 0       |
|      add_ln99_fu_1430_p2                                                                       |     |        | add_ln99             | add       | fabric                   | 0       |
|     + fp16_to_fp32 (grp_fp16_to_fp32_fu_1287)                                                  | 0   |        |                      |           |                          |         |
|       or_ln59_fu_118_p2                                                                        |     |        | or_ln59              | or        | auto                     | 0       |
|       icmp_ln59_fu_142_p2                                                                      |     |        | icmp_ln59            | seteq     | auto                     | 0       |
|       add_ln71_fu_509_p2                                                                       |     |        | add_ln71             | add       | fabric                   | 0       |
|       m_1_fu_168_p3                                                                            |     |        | m_1                  | select    | auto_sel                 | 0       |
|       e_fu_176_p3                                                                              |     |        | e                    | select    | auto_sel                 | 0       |
|       e_18_fu_198_p3                                                                           |     |        | e_18                 | select    | auto_sel                 | 0       |
|       m_3_fu_206_p3                                                                            |     |        | m_3                  | select    | auto_sel                 | 0       |
|       e_19_fu_214_p3                                                                           |     |        | e_19                 | select    | auto_sel                 | 0       |
|       e_20_fu_230_p2                                                                           |     |        | e_20                 | add       | fabric                   | 0       |
|       m_5_fu_249_p3                                                                            |     |        | m_5                  | select    | auto_sel                 | 0       |
|       e_21_fu_236_p3                                                                           |     |        | e_21                 | select    | auto_sel                 | 0       |
|       e_22_fu_269_p2                                                                           |     |        | e_22                 | add       | fabric                   | 0       |
|       m_7_fu_274_p3                                                                            |     |        | m_7                  | select    | auto_sel                 | 0       |
|       e_23_fu_282_p3                                                                           |     |        | e_23                 | select    | auto_sel                 | 0       |
|       e_24_fu_297_p2                                                                           |     |        | e_24                 | add       | fabric                   | 0       |
|       m_9_fu_316_p3                                                                            |     |        | m_9                  | select    | auto_sel                 | 0       |
|       e_25_fu_303_p3                                                                           |     |        | e_25                 | select    | auto_sel                 | 0       |
|       e_26_fu_336_p2                                                                           |     |        | e_26                 | add       | fabric                   | 0       |
|       m_11_fu_341_p3                                                                           |     |        | m_11                 | select    | auto_sel                 | 0       |
|       e_27_fu_349_p3                                                                           |     |        | e_27                 | select    | auto_sel                 | 0       |
|       e_28_fu_364_p2                                                                           |     |        | e_28                 | add       | fabric                   | 0       |
|       m_13_fu_383_p3                                                                           |     |        | m_13                 | select    | auto_sel                 | 0       |
|       e_29_fu_370_p3                                                                           |     |        | e_29                 | select    | auto_sel                 | 0       |
|       e_30_fu_403_p2                                                                           |     |        | e_30                 | add       | fabric                   | 0       |
|       m_15_fu_408_p3                                                                           |     |        | m_15                 | select    | auto_sel                 | 0       |
|       e_31_fu_416_p3                                                                           |     |        | e_31                 | select    | auto_sel                 | 0       |
|       e_32_fu_437_p2                                                                           |     |        | e_32                 | add       | fabric                   | 0       |
|       m_17_fu_443_p3                                                                           |     |        | m_17                 | select    | auto_sel                 | 0       |
|       e_33_fu_451_p3                                                                           |     |        | e_33                 | select    | auto_sel                 | 0       |
|       e_34_fu_535_p2                                                                           |     |        | e_34                 | add       | fabric                   | 0       |
|       select_ln65_fu_483_p3                                                                    |     |        | select_ln65          | select    | auto_sel                 | 0       |
|       select_ln62_fu_540_p3                                                                    |     |        | select_ln62          | select    | auto_sel                 | 0       |
|       icmp_ln61_fu_572_p2                                                                      |     |        | icmp_ln61            | seteq     | auto                     | 0       |
|       xor_ln59_fu_577_p2                                                                       |     |        | xor_ln59             | xor       | auto                     | 0       |
|       and_ln61_fu_582_p2                                                                       |     |        | and_ln61             | and       | auto                     | 0       |
|       icmp_ln61_1_fu_588_p2                                                                    |     |        | icmp_ln61_1          | seteq     | auto                     | 0       |
|       and_ln61_1_fu_593_p2                                                                     |     |        | and_ln61_1           | and       | auto                     | 0       |
|       sparsemux_9_3_32_1_0_U259                                                                |     |        | f32_4                | sparsemux | onehotencoding_realdef   | 0       |
|    + load_row_wv_urm_Pipeline_LOAD_NIB_WV (grp_load_row_wv_urm_Pipeline_LOAD_NIB_WV_fu_617)    | 0   |        |                      |           |                          |         |
|      icmp_ln117_fu_100_p2                                                                      |     |        | icmp_ln117           | seteq     | auto                     | 0       |
|      add_ln117_fu_106_p2                                                                       |     |        | add_ln117            | add       | fabric                   | 0       |
|   + mac_blocks_wv_k4_urm (grp_mac_blocks_wv_k4_urm_fu_2692)                                    | 96  |        |                      |           |                          |         |
|     icmp_ln275_fu_8392_p2                                                                      |     |        | icmp_ln275           | seteq     | auto                     | 0       |
|     sub_ln275_fu_8406_p2                                                                       |     |        | sub_ln275            | sub       | fabric                   | 0       |
|     select_ln275_fu_8412_p3                                                                    |     |        | select_ln275         | select    | auto_sel                 | 0       |
|     ctlz_48_48_1_1_U2007                                                                       |     |        | tmp_s                | ctlz      | auto                     | 0       |
|     sub_ln275_1_fu_8519_p2                                                                     |     |        | sub_ln275_1          | sub       | fabric                   | 0       |
|     add_ln275_fu_8612_p2                                                                       |     |        | add_ln275            | add       | fabric                   | 0       |
|     icmp_ln275_1_fu_8627_p2                                                                    |     |        | icmp_ln275_1         | setgt     | auto                     | 0       |
|     sub_ln275_4_fu_8525_p2                                                                     |     |        | sub_ln275_4          | sub       | fabric                   | 0       |
|     lshr_ln275_2_fu_8636_p2                                                                    |     |        | lshr_ln275_2         | lshr      | auto_pipe                | 0       |
|     and_ln275_fu_8642_p2                                                                       |     |        | and_ln275            | and       | auto                     | 0       |
|     icmp_ln275_2_fu_8647_p2                                                                    |     |        | icmp_ln275_2         | setne     | auto                     | 0       |
|     phi_ln275_fu_8653_p2                                                                       |     |        | phi_ln275            | and       | auto                     | 0       |
|     xor_ln275_fu_8667_p2                                                                       |     |        | xor_ln275            | xor       | auto                     | 0       |
|     bitselect_1ns_48ns_6ns_1_1_1_U2011                                                         |     |        | tmp_32               | bitselect | auto                     | 0       |
|     phi_ln275_1_fu_8680_p2                                                                     |     |        | phi_ln275_1          | and       | auto                     | 0       |
|     or_ln275_fu_8686_p2                                                                        |     |        | or_ln275             | or        | auto                     | 0       |
|     icmp_ln275_3_fu_8692_p2                                                                    |     |        | icmp_ln275_3         | setgt     | auto                     | 0       |
|     add_ln275_1_fu_8698_p2                                                                     |     |        | add_ln275_1          | add       | fabric                   | 0       |
|     lshr_ln275_fu_8711_p2                                                                      |     |        | lshr_ln275           | lshr      | auto_pipe                | 0       |
|     sub_ln275_2_fu_8716_p2                                                                     |     |        | sub_ln275_2          | sub       | fabric                   | 0       |
|     shl_ln275_fu_8729_p2                                                                       |     |        | shl_ln275            | shl       | auto_pipe                | 0       |
|     cond49_i_i224_in_fu_9100_p3                                                                |     |        | cond49_i_i224_in     | select    | auto_sel                 | 0       |
|     add_ln275_2_fu_9112_p2                                                                     |     |        | add_ln275_2          | add       | fabric                   | 0       |
|     select_ln275_1_fu_9140_p3                                                                  |     |        | select_ln275_1       | select    | auto_sel                 | 0       |
|     sub_ln275_3_fu_9148_p2                                                                     |     |        | sub_ln275_3          | sub       | fabric                   | 0       |
|     add_ln275_3_fu_9157_p2                                                                     |     |        | add_ln275_3          | add       | fabric                   | 0       |
|     retval_0_i_i236_fu_9190_p3                                                                 |     |        | retval_0_i_i236      | select    | auto_sel                 | 0       |
|     fmul_32ns_32ns_32_7_max_dsp_1_U2003                                                        | 3   |        | result0_write_assign | fmul      | maxdsp                   | 6       |
|     icmp_ln276_fu_8420_p2                                                                      |     |        | icmp_ln276           | seteq     | auto                     | 0       |
|     sub_ln276_fu_8434_p2                                                                       |     |        | sub_ln276            | sub       | fabric                   | 0       |
|     select_ln276_fu_8440_p3                                                                    |     |        | select_ln276         | select    | auto_sel                 | 0       |
|     ctlz_48_48_1_1_U2008                                                                       |     |        | tmp_154              | ctlz      | auto                     | 0       |
|     sub_ln276_1_fu_8546_p2                                                                     |     |        | sub_ln276_1          | sub       | fabric                   | 0       |
|     add_ln276_fu_8734_p2                                                                       |     |        | add_ln276            | add       | fabric                   | 0       |
|     icmp_ln276_1_fu_8749_p2                                                                    |     |        | icmp_ln276_1         | setgt     | auto                     | 0       |
|     sub_ln276_4_fu_8552_p2                                                                     |     |        | sub_ln276_4          | sub       | fabric                   | 0       |
|     lshr_ln276_2_fu_8758_p2                                                                    |     |        | lshr_ln276_2         | lshr      | auto_pipe                | 0       |
|     and_ln276_fu_8764_p2                                                                       |     |        | and_ln276            | and       | auto                     | 0       |
|     icmp_ln276_2_fu_8769_p2                                                                    |     |        | icmp_ln276_2         | setne     | auto                     | 0       |
|     phi_ln276_fu_8775_p2                                                                       |     |        | phi_ln276            | and       | auto                     | 0       |
|     xor_ln276_fu_8789_p2                                                                       |     |        | xor_ln276            | xor       | auto                     | 0       |
|     bitselect_1ns_48ns_6ns_1_1_1_U2012                                                         |     |        | tmp_37               | bitselect | auto                     | 0       |
|     phi_ln276_1_fu_8802_p2                                                                     |     |        | phi_ln276_1          | and       | auto                     | 0       |
|     or_ln276_fu_8808_p2                                                                        |     |        | or_ln276             | or        | auto                     | 0       |
|     icmp_ln276_3_fu_8814_p2                                                                    |     |        | icmp_ln276_3         | setgt     | auto                     | 0       |
|     add_ln276_1_fu_8820_p2                                                                     |     |        | add_ln276_1          | add       | fabric                   | 0       |
|     lshr_ln276_fu_8833_p2                                                                      |     |        | lshr_ln276           | lshr      | auto_pipe                | 0       |
|     sub_ln276_2_fu_8838_p2                                                                     |     |        | sub_ln276_2          | sub       | fabric                   | 0       |
|     shl_ln276_fu_8851_p2                                                                       |     |        | shl_ln276            | shl       | auto_pipe                | 0       |
|     cond49_i_i156_in_fu_9197_p3                                                                |     |        | cond49_i_i156_in     | select    | auto_sel                 | 0       |
|     add_ln276_2_fu_9209_p2                                                                     |     |        | add_ln276_2          | add       | fabric                   | 0       |
|     select_ln276_1_fu_9237_p3                                                                  |     |        | select_ln276_1       | select    | auto_sel                 | 0       |
|     sub_ln276_3_fu_9245_p2                                                                     |     |        | sub_ln276_3          | sub       | fabric                   | 0       |
|     add_ln276_3_fu_9254_p2                                                                     |     |        | add_ln276_3          | add       | fabric                   | 0       |
|     retval_0_i_i168_fu_9287_p3                                                                 |     |        | retval_0_i_i168      | select    | auto_sel                 | 0       |
|     fmul_32ns_32ns_32_7_max_dsp_1_U2004                                                        | 3   |        | result1_write_assign | fmul      | maxdsp                   | 6       |
|     icmp_ln277_fu_8448_p2                                                                      |     |        | icmp_ln277           | seteq     | auto                     | 0       |
|     sub_ln277_fu_8462_p2                                                                       |     |        | sub_ln277            | sub       | fabric                   | 0       |
|     select_ln277_fu_8468_p3                                                                    |     |        | select_ln277         | select    | auto_sel                 | 0       |
|     ctlz_48_48_1_1_U2009                                                                       |     |        | tmp_156              | ctlz      | auto                     | 0       |
|     sub_ln277_1_fu_8573_p2                                                                     |     |        | sub_ln277_1          | sub       | fabric                   | 0       |
|     add_ln277_fu_8856_p2                                                                       |     |        | add_ln277            | add       | fabric                   | 0       |
|     icmp_ln277_1_fu_8871_p2                                                                    |     |        | icmp_ln277_1         | setgt     | auto                     | 0       |
|     sub_ln277_4_fu_8579_p2                                                                     |     |        | sub_ln277_4          | sub       | fabric                   | 0       |
|     lshr_ln277_2_fu_8880_p2                                                                    |     |        | lshr_ln277_2         | lshr      | auto_pipe                | 0       |
|     and_ln277_fu_8886_p2                                                                       |     |        | and_ln277            | and       | auto                     | 0       |
|     icmp_ln277_2_fu_8891_p2                                                                    |     |        | icmp_ln277_2         | setne     | auto                     | 0       |
|     phi_ln277_fu_8897_p2                                                                       |     |        | phi_ln277            | and       | auto                     | 0       |
|     xor_ln277_fu_8911_p2                                                                       |     |        | xor_ln277            | xor       | auto                     | 0       |
|     bitselect_1ns_48ns_6ns_1_1_1_U2013                                                         |     |        | tmp_42               | bitselect | auto                     | 0       |
|     phi_ln277_1_fu_8924_p2                                                                     |     |        | phi_ln277_1          | and       | auto                     | 0       |
|     or_ln277_fu_8930_p2                                                                        |     |        | or_ln277             | or        | auto                     | 0       |
|     icmp_ln277_3_fu_8936_p2                                                                    |     |        | icmp_ln277_3         | setgt     | auto                     | 0       |
|     add_ln277_1_fu_8942_p2                                                                     |     |        | add_ln277_1          | add       | fabric                   | 0       |
|     lshr_ln277_fu_8955_p2                                                                      |     |        | lshr_ln277           | lshr      | auto_pipe                | 0       |
|     sub_ln277_2_fu_8960_p2                                                                     |     |        | sub_ln277_2          | sub       | fabric                   | 0       |
|     shl_ln277_fu_8973_p2                                                                       |     |        | shl_ln277            | shl       | auto_pipe                | 0       |
|     cond49_i_i88_in_fu_9294_p3                                                                 |     |        | cond49_i_i88_in      | select    | auto_sel                 | 0       |
|     add_ln277_2_fu_9306_p2                                                                     |     |        | add_ln277_2          | add       | fabric                   | 0       |
|     select_ln277_1_fu_9334_p3                                                                  |     |        | select_ln277_1       | select    | auto_sel                 | 0       |
|     sub_ln277_3_fu_9342_p2                                                                     |     |        | sub_ln277_3          | sub       | fabric                   | 0       |
|     add_ln277_3_fu_9351_p2                                                                     |     |        | add_ln277_3          | add       | fabric                   | 0       |
|     retval_0_i_i100_fu_9384_p3                                                                 |     |        | retval_0_i_i100      | select    | auto_sel                 | 0       |
|     fmul_32ns_32ns_32_7_max_dsp_1_U2005                                                        | 3   |        | result2_write_assign | fmul      | maxdsp                   | 6       |
|     icmp_ln278_fu_8476_p2                                                                      |     |        | icmp_ln278           | seteq     | auto                     | 0       |
|     sub_ln278_fu_8490_p2                                                                       |     |        | sub_ln278            | sub       | fabric                   | 0       |
|     select_ln278_fu_8496_p3                                                                    |     |        | select_ln278         | select    | auto_sel                 | 0       |
|     ctlz_48_48_1_1_U2010                                                                       |     |        | tmp_158              | ctlz      | auto                     | 0       |
|     sub_ln278_1_fu_8600_p2                                                                     |     |        | sub_ln278_1          | sub       | fabric                   | 0       |
|     add_ln278_fu_8978_p2                                                                       |     |        | add_ln278            | add       | fabric                   | 0       |
|     icmp_ln278_1_fu_8993_p2                                                                    |     |        | icmp_ln278_1         | setgt     | auto                     | 0       |
|     sub_ln278_4_fu_8606_p2                                                                     |     |        | sub_ln278_4          | sub       | fabric                   | 0       |
|     lshr_ln278_2_fu_9002_p2                                                                    |     |        | lshr_ln278_2         | lshr      | auto_pipe                | 0       |
|     and_ln278_fu_9008_p2                                                                       |     |        | and_ln278            | and       | auto                     | 0       |
|     icmp_ln278_2_fu_9013_p2                                                                    |     |        | icmp_ln278_2         | setne     | auto                     | 0       |
|     phi_ln278_fu_9019_p2                                                                       |     |        | phi_ln278            | and       | auto                     | 0       |
|     xor_ln278_fu_9033_p2                                                                       |     |        | xor_ln278            | xor       | auto                     | 0       |
|     bitselect_1ns_48ns_6ns_1_1_1_U2014                                                         |     |        | tmp_47               | bitselect | auto                     | 0       |
|     phi_ln278_1_fu_9046_p2                                                                     |     |        | phi_ln278_1          | and       | auto                     | 0       |
|     or_ln278_fu_9052_p2                                                                        |     |        | or_ln278             | or        | auto                     | 0       |
|     icmp_ln278_3_fu_9058_p2                                                                    |     |        | icmp_ln278_3         | setgt     | auto                     | 0       |
|     add_ln278_1_fu_9064_p2                                                                     |     |        | add_ln278_1          | add       | fabric                   | 0       |
|     lshr_ln278_fu_9077_p2                                                                      |     |        | lshr_ln278           | lshr      | auto_pipe                | 0       |
|     sub_ln278_2_fu_9082_p2                                                                     |     |        | sub_ln278_2          | sub       | fabric                   | 0       |
|     shl_ln278_fu_9095_p2                                                                       |     |        | shl_ln278            | shl       | auto_pipe                | 0       |
|     cond49_i_i_in_fu_9391_p3                                                                   |     |        | cond49_i_i_in        | select    | auto_sel                 | 0       |
|     add_ln278_2_fu_9403_p2                                                                     |     |        | add_ln278_2          | add       | fabric                   | 0       |
|     select_ln278_1_fu_9431_p3                                                                  |     |        | select_ln278_1       | select    | auto_sel                 | 0       |
|     sub_ln278_3_fu_9439_p2                                                                     |     |        | sub_ln278_3          | sub       | fabric                   | 0       |
|     add_ln278_3_fu_9448_p2                                                                     |     |        | add_ln278_3          | add       | fabric                   | 0       |
|     retval_0_i_i_fu_9481_p3                                                                    |     |        | retval_0_i_i         | select    | auto_sel                 | 0       |
|     fmul_32ns_32ns_32_7_max_dsp_1_U2006                                                        | 3   |        | result3_write_assign | fmul      | maxdsp                   | 6       |
|    + mac_blocks_wv_k4_urm_Pipeline_MAC_ALL (grp_mac_blocks_wv_k4_urm_Pipeline_MAC_ALL_fu_5508) | 64  |        |                      |           |                          |         |
|      icmp_ln221_fu_10890_p2                                                                    |     |        | icmp_ln221           | seteq     | auto                     | 0       |
|      add_ln221_fu_10896_p2                                                                     |     |        | add_ln221            | add       | fabric                   | 0       |
|      sparsemux_33_4_8_1_1_U595                                                                 |     |        | xi8                  | sparsemux | compactencoding_dontcare | 0       |
|      mul_8s_4ns_12_1_1_U603                                                                    |     |        | mul_ln248            | mul       | auto                     | 0       |
|      sparsemux_17_3_8_1_1_U531                                                                 |     |        | tmp_26               | sparsemux | compactencoding_dontcare | 0       |
|      mac_muladd_12s_8s_32s_32_4_1_U731                                                         | 1   |        | mul_ln248_1          | mul       | dsp_slice                | 3       |
|      mac_muladd_12s_8s_32s_32_4_1_U731                                                         | 1   |        | sext_ln248_3         | sext      | dsp_slice                | 3       |
|      sparsemux_9_2_32_1_1_U667                                                                 |     |        | tmp_27               | sparsemux | compactencoding_dontcare | 0       |
|      mac_muladd_12s_8s_32s_32_4_1_U731                                                         | 1   |        | acc_w0_32            | add       | dsp_slice                | 3       |
|      sparsemux_17_3_8_1_1_U532                                                                 |     |        | tmp_28               | sparsemux | compactencoding_dontcare | 0       |
|      mac_muladd_8s_8s_32s_32_4_1_U699                                                          | 1   |        | mul_ln249            | mul       | dsp_slice                | 3       |
|      mac_muladd_8s_8s_32s_32_4_1_U699                                                          | 1   |        | sext_ln249_2         | sext      | dsp_slice                | 3       |
|      mul_8s_4ns_12_1_1_U604                                                                    |     |        | mul_ln250            | mul       | auto                     | 0       |
|      sparsemux_17_3_8_1_1_U533                                                                 |     |        | tmp_29               | sparsemux | compactencoding_dontcare | 0       |
|      mac_muladd_12s_8s_32s_32_4_1_U732                                                         | 1   |        | mul_ln250_1          | mul       | dsp_slice                | 3       |
|      mac_muladd_12s_8s_32s_32_4_1_U732                                                         | 1   |        | sext_ln250_2         | sext      | dsp_slice                | 3       |
|      sparsemux_17_3_8_1_1_U534                                                                 |     |        | tmp_30               | sparsemux | compactencoding_dontcare | 0       |
|      mac_muladd_8s_8s_32s_32_4_1_U700                                                          | 1   |        | mul_ln251            | mul       | dsp_slice                | 3       |
|      mac_muladd_8s_8s_32s_32_4_1_U700                                                          | 1   |        | sext_ln251_1         | sext      | dsp_slice                | 3       |
|      mul_8s_4ns_12_1_1_U605                                                                    |     |        | mul_ln252            | mul       | auto                     | 0       |
|      sparsemux_17_3_8_1_1_U535                                                                 |     |        | tmp_s                | sparsemux | compactencoding_dontcare | 0       |
|      mac_muladd_12s_8s_32s_32_4_1_U733                                                         | 1   |        | mul_ln252_1          | mul       | dsp_slice                | 3       |
|      mac_muladd_12s_8s_32s_32_4_1_U733                                                         | 1   |        | sext_ln252_2         | sext      | dsp_slice                | 3       |
|      sparsemux_17_3_8_1_1_U536                                                                 |     |        | tmp_31               | sparsemux | compactencoding_dontcare | 0       |
|      mac_muladd_8s_8s_32s_32_4_1_U701                                                          | 1   |        | mul_ln253            | mul       | dsp_slice                | 3       |
|      mac_muladd_8s_8s_32s_32_4_1_U701                                                          | 1   |        | sext_ln253_1         | sext      | dsp_slice                | 3       |
|      mul_8s_4ns_12_1_1_U606                                                                    |     |        | mul_ln254            | mul       | auto                     | 0       |
|      sparsemux_17_3_8_1_1_U537                                                                 |     |        | tmp_32               | sparsemux | compactencoding_dontcare | 0       |
|      mac_muladd_12s_8s_32s_32_4_1_U734                                                         | 1   |        | mul_ln254_1          | mul       | dsp_slice                | 3       |
|      mac_muladd_12s_8s_32s_32_4_1_U734                                                         | 1   |        | sext_ln254_2         | sext      | dsp_slice                | 3       |
|      sparsemux_17_3_8_1_1_U538                                                                 |     |        | tmp_33               | sparsemux | compactencoding_dontcare | 0       |
|      mac_muladd_8s_8s_32s_32_4_1_U702                                                          | 1   |        | mul_ln255            | mul       | dsp_slice                | 3       |
|      mac_muladd_8s_8s_32s_32_4_1_U702                                                          | 1   |        | sext_ln255_1         | sext      | dsp_slice                | 3       |
|      sparsemux_17_3_8_1_1_U539                                                                 |     |        | tmp_34               | sparsemux | compactencoding_dontcare | 0       |
|      sparsemux_17_3_8_1_1_U540                                                                 |     |        | tmp_35               | sparsemux | compactencoding_dontcare | 0       |
|      sparsemux_17_3_8_1_1_U541                                                                 |     |        | tmp_36               | sparsemux | compactencoding_dontcare | 0       |
|      sparsemux_17_3_8_1_1_U542                                                                 |     |        | tmp_37               | sparsemux | compactencoding_dontcare | 0       |
|      sparsemux_17_3_8_1_1_U543                                                                 |     |        | tmp_38               | sparsemux | compactencoding_dontcare | 0       |
|      sparsemux_17_3_8_1_1_U544                                                                 |     |        | tmp_39               | sparsemux | compactencoding_dontcare | 0       |
|      sparsemux_17_3_8_1_1_U545                                                                 |     |        | tmp_40               | sparsemux | compactencoding_dontcare | 0       |
|      sparsemux_17_3_8_1_1_U546                                                                 |     |        | tmp_41               | sparsemux | compactencoding_dontcare | 0       |
|      sparsemux_17_3_8_1_1_U547                                                                 |     |        | tmp_42               | sparsemux | compactencoding_dontcare | 0       |
|      sparsemux_17_3_8_1_1_U548                                                                 |     |        | tmp_43               | sparsemux | compactencoding_dontcare | 0       |
|      sparsemux_17_3_8_1_1_U549                                                                 |     |        | tmp_44               | sparsemux | compactencoding_dontcare | 0       |
|      sparsemux_17_3_8_1_1_U550                                                                 |     |        | tmp_45               | sparsemux | compactencoding_dontcare | 0       |
|      sparsemux_17_3_8_1_1_U551                                                                 |     |        | tmp_46               | sparsemux | compactencoding_dontcare | 0       |
|      sparsemux_17_3_8_1_1_U552                                                                 |     |        | tmp_47               | sparsemux | compactencoding_dontcare | 0       |
|      sparsemux_17_3_8_1_1_U553                                                                 |     |        | tmp_48               | sparsemux | compactencoding_dontcare | 0       |
|      sparsemux_17_3_8_1_1_U554                                                                 |     |        | tmp_49               | sparsemux | compactencoding_dontcare | 0       |
|      sparsemux_17_3_8_1_1_U555                                                                 |     |        | tmp_50               | sparsemux | compactencoding_dontcare | 0       |
|      sparsemux_17_3_8_1_1_U556                                                                 |     |        | tmp_51               | sparsemux | compactencoding_dontcare | 0       |
|      sparsemux_17_3_8_1_1_U557                                                                 |     |        | tmp_52               | sparsemux | compactencoding_dontcare | 0       |
|      sparsemux_17_3_8_1_1_U558                                                                 |     |        | tmp_53               | sparsemux | compactencoding_dontcare | 0       |
|      sparsemux_17_3_8_1_1_U559                                                                 |     |        | tmp_54               | sparsemux | compactencoding_dontcare | 0       |
|      sparsemux_17_3_8_1_1_U560                                                                 |     |        | tmp_55               | sparsemux | compactencoding_dontcare | 0       |
|      sparsemux_17_3_8_1_1_U561                                                                 |     |        | tmp_56               | sparsemux | compactencoding_dontcare | 0       |
|      sparsemux_17_3_8_1_1_U562                                                                 |     |        | tmp_57               | sparsemux | compactencoding_dontcare | 0       |
|      sparsemux_17_3_8_1_1_U563                                                                 |     |        | tmp_58               | sparsemux | compactencoding_dontcare | 0       |
|      sparsemux_17_3_8_1_1_U564                                                                 |     |        | tmp_59               | sparsemux | compactencoding_dontcare | 0       |
|      sparsemux_17_3_8_1_1_U565                                                                 |     |        | tmp_60               | sparsemux | compactencoding_dontcare | 0       |
|      sparsemux_17_3_8_1_1_U566                                                                 |     |        | tmp_61               | sparsemux | compactencoding_dontcare | 0       |
|      sparsemux_17_3_8_1_1_U567                                                                 |     |        | tmp_62               | sparsemux | compactencoding_dontcare | 0       |
|      sparsemux_17_3_8_1_1_U568                                                                 |     |        | tmp_63               | sparsemux | compactencoding_dontcare | 0       |
|      sparsemux_17_3_8_1_1_U569                                                                 |     |        | tmp_64               | sparsemux | compactencoding_dontcare | 0       |
|      sparsemux_17_3_8_1_1_U570                                                                 |     |        | tmp_65               | sparsemux | compactencoding_dontcare | 0       |
|      sparsemux_17_3_8_1_1_U571                                                                 |     |        | tmp_66               | sparsemux | compactencoding_dontcare | 0       |
|      sparsemux_17_3_8_1_1_U572                                                                 |     |        | tmp_67               | sparsemux | compactencoding_dontcare | 0       |
|      sparsemux_17_3_8_1_1_U573                                                                 |     |        | tmp_68               | sparsemux | compactencoding_dontcare | 0       |
|      sparsemux_17_3_8_1_1_U574                                                                 |     |        | tmp_69               | sparsemux | compactencoding_dontcare | 0       |
|      sparsemux_17_3_8_1_1_U575                                                                 |     |        | tmp_70               | sparsemux | compactencoding_dontcare | 0       |
|      sparsemux_17_3_8_1_1_U576                                                                 |     |        | tmp_71               | sparsemux | compactencoding_dontcare | 0       |
|      sparsemux_17_3_8_1_1_U577                                                                 |     |        | tmp_72               | sparsemux | compactencoding_dontcare | 0       |
|      sparsemux_17_3_8_1_1_U578                                                                 |     |        | tmp_73               | sparsemux | compactencoding_dontcare | 0       |
|      sparsemux_17_3_8_1_1_U579                                                                 |     |        | tmp_74               | sparsemux | compactencoding_dontcare | 0       |
|      sparsemux_17_3_8_1_1_U580                                                                 |     |        | tmp_75               | sparsemux | compactencoding_dontcare | 0       |
|      sparsemux_17_3_8_1_1_U581                                                                 |     |        | tmp_76               | sparsemux | compactencoding_dontcare | 0       |
|      sparsemux_17_3_8_1_1_U582                                                                 |     |        | tmp_77               | sparsemux | compactencoding_dontcare | 0       |
|      sparsemux_17_3_8_1_1_U583                                                                 |     |        | tmp_78               | sparsemux | compactencoding_dontcare | 0       |
|      sparsemux_17_3_8_1_1_U584                                                                 |     |        | tmp_79               | sparsemux | compactencoding_dontcare | 0       |
|      sparsemux_17_3_8_1_1_U585                                                                 |     |        | tmp_80               | sparsemux | compactencoding_dontcare | 0       |
|      sparsemux_17_3_8_1_1_U586                                                                 |     |        | tmp_81               | sparsemux | compactencoding_dontcare | 0       |
|      sparsemux_33_4_8_1_1_U596                                                                 |     |        | xi8_1                | sparsemux | compactencoding_dontcare | 0       |
|      mul_8s_4ns_12_1_1_U607                                                                    |     |        | mul_ln248_2          | mul       | auto                     | 0       |
|      mac_muladd_12s_8s_32s_32_4_1_U735                                                         | 1   |        | mul_ln248_3          | mul       | dsp_slice                | 3       |
|      mac_muladd_12s_8s_32s_32_4_1_U735                                                         | 1   |        | sext_ln248_6         | sext      | dsp_slice                | 3       |
|      mac_muladd_8s_8s_32s_32_4_1_U703                                                          | 1   |        | mul_ln249_1          | mul       | dsp_slice                | 3       |
|      mac_muladd_8s_8s_32s_32_4_1_U703                                                          | 1   |        | sext_ln249_10        | sext      | dsp_slice                | 3       |
|      mul_8s_4ns_12_1_1_U608                                                                    |     |        | mul_ln250_2          | mul       | auto                     | 0       |
|      mac_muladd_12s_8s_32s_32_4_1_U736                                                         | 1   |        | mul_ln250_3          | mul       | dsp_slice                | 3       |
|      mac_muladd_12s_8s_32s_32_4_1_U736                                                         | 1   |        | sext_ln250_4         | sext      | dsp_slice                | 3       |
|      mac_muladd_8s_8s_32s_32_4_1_U704                                                          | 1   |        | mul_ln251_1          | mul       | dsp_slice                | 3       |
|      mac_muladd_8s_8s_32s_32_4_1_U704                                                          | 1   |        | sext_ln251_8         | sext      | dsp_slice                | 3       |
|      mul_8s_4ns_12_1_1_U609                                                                    |     |        | mul_ln252_2          | mul       | auto                     | 0       |
|      mac_muladd_12s_8s_32s_32_4_1_U737                                                         | 1   |        | mul_ln252_3          | mul       | dsp_slice                | 3       |
|      mac_muladd_12s_8s_32s_32_4_1_U737                                                         | 1   |        | sext_ln252_4         | sext      | dsp_slice                | 3       |
|      mac_muladd_8s_8s_32s_32_4_1_U705                                                          | 1   |        | mul_ln253_1          | mul       | dsp_slice                | 3       |
|      mac_muladd_8s_8s_32s_32_4_1_U705                                                          | 1   |        | sext_ln253_8         | sext      | dsp_slice                | 3       |
|      mul_8s_4ns_12_1_1_U610                                                                    |     |        | mul_ln254_2          | mul       | auto                     | 0       |
|      mac_muladd_12s_8s_32s_32_4_1_U738                                                         | 1   |        | mul_ln254_3          | mul       | dsp_slice                | 3       |
|      mac_muladd_12s_8s_32s_32_4_1_U738                                                         | 1   |        | sext_ln254_4         | sext      | dsp_slice                | 3       |
|      mac_muladd_8s_8s_32s_32_4_1_U706                                                          | 1   |        | mul_ln255_1          | mul       | dsp_slice                | 3       |
|      mac_muladd_8s_8s_32s_32_4_1_U706                                                          | 1   |        | sext_ln255_8         | sext      | dsp_slice                | 3       |
|      sparsemux_33_4_8_1_1_U597                                                                 |     |        | xi8_2                | sparsemux | compactencoding_dontcare | 0       |
|      mul_8s_4ns_12_1_1_U611                                                                    |     |        | mul_ln248_4          | mul       | auto                     | 0       |
|      mac_muladd_12s_8s_32s_32_4_1_U739                                                         | 1   |        | mul_ln248_5          | mul       | dsp_slice                | 3       |
|      mac_muladd_12s_8s_32s_32_4_1_U739                                                         | 1   |        | sext_ln248_9         | sext      | dsp_slice                | 3       |
|      mac_muladd_8s_8s_32s_32_4_1_U707                                                          | 1   |        | mul_ln249_2          | mul       | dsp_slice                | 3       |
|      mac_muladd_8s_8s_32s_32_4_1_U707                                                          | 1   |        | sext_ln249_12        | sext      | dsp_slice                | 3       |
|      mul_8s_4ns_12_1_1_U612                                                                    |     |        | mul_ln250_4          | mul       | auto                     | 0       |
|      mac_muladd_12s_8s_32s_32_4_1_U740                                                         | 1   |        | mul_ln250_5          | mul       | dsp_slice                | 3       |
|      mac_muladd_12s_8s_32s_32_4_1_U740                                                         | 1   |        | sext_ln250_6         | sext      | dsp_slice                | 3       |
|      mac_muladd_8s_8s_32s_32_4_1_U708                                                          | 1   |        | mul_ln251_2          | mul       | dsp_slice                | 3       |
|      mac_muladd_8s_8s_32s_32_4_1_U708                                                          | 1   |        | sext_ln251_9         | sext      | dsp_slice                | 3       |
|      mul_8s_4ns_12_1_1_U613                                                                    |     |        | mul_ln252_4          | mul       | auto                     | 0       |
|      mac_muladd_12s_8s_32s_32_4_1_U741                                                         | 1   |        | mul_ln252_5          | mul       | dsp_slice                | 3       |
|      mac_muladd_12s_8s_32s_32_4_1_U741                                                         | 1   |        | sext_ln252_6         | sext      | dsp_slice                | 3       |
|      mac_muladd_8s_8s_32s_32_4_1_U709                                                          | 1   |        | mul_ln253_2          | mul       | dsp_slice                | 3       |
|      mac_muladd_8s_8s_32s_32_4_1_U709                                                          | 1   |        | sext_ln253_9         | sext      | dsp_slice                | 3       |
|      mul_8s_4ns_12_1_1_U614                                                                    |     |        | mul_ln254_4          | mul       | auto                     | 0       |
|      mac_muladd_12s_8s_32s_32_4_1_U742                                                         | 1   |        | mul_ln254_5          | mul       | dsp_slice                | 3       |
|      mac_muladd_12s_8s_32s_32_4_1_U742                                                         | 1   |        | sext_ln254_6         | sext      | dsp_slice                | 3       |
|      mac_muladd_8s_8s_32s_32_4_1_U710                                                          | 1   |        | mul_ln255_2          | mul       | dsp_slice                | 3       |
|      mac_muladd_8s_8s_32s_32_4_1_U710                                                          | 1   |        | sext_ln255_9         | sext      | dsp_slice                | 3       |
|      sparsemux_33_4_8_1_1_U598                                                                 |     |        | xi8_3                | sparsemux | compactencoding_dontcare | 0       |
|      mul_8s_4ns_12_1_1_U615                                                                    |     |        | mul_ln248_6          | mul       | auto                     | 0       |
|      mac_muladd_12s_8s_32s_32_4_1_U743                                                         | 1   |        | mul_ln248_7          | mul       | dsp_slice                | 3       |
|      mac_muladd_12s_8s_32s_32_4_1_U743                                                         | 1   |        | sext_ln248_12        | sext      | dsp_slice                | 3       |
|      mac_muladd_8s_8s_32s_32_4_1_U711                                                          | 1   |        | mul_ln249_3          | mul       | dsp_slice                | 3       |
|      mac_muladd_8s_8s_32s_32_4_1_U711                                                          | 1   |        | sext_ln249_14        | sext      | dsp_slice                | 3       |
|      mul_8s_4ns_12_1_1_U616                                                                    |     |        | mul_ln250_6          | mul       | auto                     | 0       |
|      mac_muladd_12s_8s_32s_32_4_1_U744                                                         | 1   |        | mul_ln250_7          | mul       | dsp_slice                | 3       |
|      mac_muladd_12s_8s_32s_32_4_1_U744                                                         | 1   |        | sext_ln250_8         | sext      | dsp_slice                | 3       |
|      mac_muladd_8s_8s_32s_32_4_1_U712                                                          | 1   |        | mul_ln251_3          | mul       | dsp_slice                | 3       |
|      mac_muladd_8s_8s_32s_32_4_1_U712                                                          | 1   |        | sext_ln251_10        | sext      | dsp_slice                | 3       |
|      mul_8s_4ns_12_1_1_U617                                                                    |     |        | mul_ln252_6          | mul       | auto                     | 0       |
|      mac_muladd_12s_8s_32s_32_4_1_U745                                                         | 1   |        | mul_ln252_7          | mul       | dsp_slice                | 3       |
|      mac_muladd_12s_8s_32s_32_4_1_U745                                                         | 1   |        | sext_ln252_8         | sext      | dsp_slice                | 3       |
|      mac_muladd_8s_8s_32s_32_4_1_U713                                                          | 1   |        | mul_ln253_3          | mul       | dsp_slice                | 3       |
|      mac_muladd_8s_8s_32s_32_4_1_U713                                                          | 1   |        | sext_ln253_10        | sext      | dsp_slice                | 3       |
|      mul_8s_4ns_12_1_1_U618                                                                    |     |        | mul_ln254_6          | mul       | auto                     | 0       |
|      mac_muladd_12s_8s_32s_32_4_1_U746                                                         | 1   |        | mul_ln254_7          | mul       | dsp_slice                | 3       |
|      mac_muladd_12s_8s_32s_32_4_1_U746                                                         | 1   |        | sext_ln254_8         | sext      | dsp_slice                | 3       |
|      mac_muladd_8s_8s_32s_32_4_1_U714                                                          | 1   |        | mul_ln255_3          | mul       | dsp_slice                | 3       |
|      mac_muladd_8s_8s_32s_32_4_1_U714                                                          | 1   |        | sext_ln255_10        | sext      | dsp_slice                | 3       |
|      sparsemux_33_4_8_1_1_U599                                                                 |     |        | xi8_4                | sparsemux | compactencoding_dontcare | 0       |
|      mul_8s_4ns_12_1_1_U619                                                                    |     |        | mul_ln248_8          | mul       | auto                     | 0       |
|      mac_muladd_12s_8s_32s_32_4_1_U747                                                         | 1   |        | mul_ln248_9          | mul       | dsp_slice                | 3       |
|      mac_muladd_12s_8s_32s_32_4_1_U747                                                         | 1   |        | sext_ln248_15        | sext      | dsp_slice                | 3       |
|      mac_muladd_8s_8s_32s_32_4_1_U715                                                          | 1   |        | mul_ln249_4          | mul       | dsp_slice                | 3       |
|      mac_muladd_8s_8s_32s_32_4_1_U715                                                          | 1   |        | sext_ln249_16        | sext      | dsp_slice                | 3       |
|      mul_8s_4ns_12_1_1_U620                                                                    |     |        | mul_ln250_8          | mul       | auto                     | 0       |
|      mac_muladd_12s_8s_32s_32_4_1_U748                                                         | 1   |        | mul_ln250_9          | mul       | dsp_slice                | 3       |
|      mac_muladd_12s_8s_32s_32_4_1_U748                                                         | 1   |        | sext_ln250_10        | sext      | dsp_slice                | 3       |
|      mac_muladd_8s_8s_32s_32_4_1_U716                                                          | 1   |        | mul_ln251_4          | mul       | dsp_slice                | 3       |
|      mac_muladd_8s_8s_32s_32_4_1_U716                                                          | 1   |        | sext_ln251_11        | sext      | dsp_slice                | 3       |
|      mul_8s_4ns_12_1_1_U621                                                                    |     |        | mul_ln252_8          | mul       | auto                     | 0       |
|      mac_muladd_12s_8s_32s_32_4_1_U749                                                         | 1   |        | mul_ln252_9          | mul       | dsp_slice                | 3       |
|      mac_muladd_12s_8s_32s_32_4_1_U749                                                         | 1   |        | sext_ln252_10        | sext      | dsp_slice                | 3       |
|      mac_muladd_8s_8s_32s_32_4_1_U717                                                          | 1   |        | mul_ln253_4          | mul       | dsp_slice                | 3       |
|      mac_muladd_8s_8s_32s_32_4_1_U717                                                          | 1   |        | sext_ln253_11        | sext      | dsp_slice                | 3       |
|      mul_8s_4ns_12_1_1_U622                                                                    |     |        | mul_ln254_8          | mul       | auto                     | 0       |
|      mac_muladd_12s_8s_32s_32_4_1_U750                                                         | 1   |        | mul_ln254_9          | mul       | dsp_slice                | 3       |
|      mac_muladd_12s_8s_32s_32_4_1_U750                                                         | 1   |        | sext_ln254_10        | sext      | dsp_slice                | 3       |
|      mac_muladd_8s_8s_32s_32_4_1_U718                                                          | 1   |        | mul_ln255_4          | mul       | dsp_slice                | 3       |
|      mac_muladd_8s_8s_32s_32_4_1_U718                                                          | 1   |        | sext_ln255_11        | sext      | dsp_slice                | 3       |
|      sparsemux_33_4_8_1_1_U600                                                                 |     |        | xi8_5                | sparsemux | compactencoding_dontcare | 0       |
|      mul_8s_4ns_12_1_1_U623                                                                    |     |        | mul_ln248_10         | mul       | auto                     | 0       |
|      mac_muladd_12s_8s_32s_32_4_1_U751                                                         | 1   |        | mul_ln248_11         | mul       | dsp_slice                | 3       |
|      mac_muladd_12s_8s_32s_32_4_1_U751                                                         | 1   |        | sext_ln248_18        | sext      | dsp_slice                | 3       |
|      mac_muladd_8s_8s_32s_32_4_1_U719                                                          | 1   |        | mul_ln249_5          | mul       | dsp_slice                | 3       |
|      mac_muladd_8s_8s_32s_32_4_1_U719                                                          | 1   |        | sext_ln249_18        | sext      | dsp_slice                | 3       |
|      mul_8s_4ns_12_1_1_U624                                                                    |     |        | mul_ln250_10         | mul       | auto                     | 0       |
|      mac_muladd_12s_8s_32s_32_4_1_U752                                                         | 1   |        | mul_ln250_11         | mul       | dsp_slice                | 3       |
|      mac_muladd_12s_8s_32s_32_4_1_U752                                                         | 1   |        | sext_ln250_12        | sext      | dsp_slice                | 3       |
|      mac_muladd_8s_8s_32s_32_4_1_U720                                                          | 1   |        | mul_ln251_5          | mul       | dsp_slice                | 3       |
|      mac_muladd_8s_8s_32s_32_4_1_U720                                                          | 1   |        | sext_ln251_12        | sext      | dsp_slice                | 3       |
|      mul_8s_4ns_12_1_1_U625                                                                    |     |        | mul_ln252_10         | mul       | auto                     | 0       |
|      mac_muladd_12s_8s_32s_32_4_1_U753                                                         | 1   |        | mul_ln252_11         | mul       | dsp_slice                | 3       |
|      mac_muladd_12s_8s_32s_32_4_1_U753                                                         | 1   |        | sext_ln252_12        | sext      | dsp_slice                | 3       |
|      mac_muladd_8s_8s_32s_32_4_1_U721                                                          | 1   |        | mul_ln253_5          | mul       | dsp_slice                | 3       |
|      mac_muladd_8s_8s_32s_32_4_1_U721                                                          | 1   |        | sext_ln253_12        | sext      | dsp_slice                | 3       |
|      mul_8s_4ns_12_1_1_U626                                                                    |     |        | mul_ln254_10         | mul       | auto                     | 0       |
|      mac_muladd_12s_8s_32s_32_4_1_U754                                                         | 1   |        | mul_ln254_11         | mul       | dsp_slice                | 3       |
|      mac_muladd_12s_8s_32s_32_4_1_U754                                                         | 1   |        | sext_ln254_12        | sext      | dsp_slice                | 3       |
|      mac_muladd_8s_8s_32s_32_4_1_U722                                                          | 1   |        | mul_ln255_5          | mul       | dsp_slice                | 3       |
|      mac_muladd_8s_8s_32s_32_4_1_U722                                                          | 1   |        | sext_ln255_12        | sext      | dsp_slice                | 3       |
|      sparsemux_33_4_8_1_1_U601                                                                 |     |        | xi8_6                | sparsemux | compactencoding_dontcare | 0       |
|      mul_8s_4ns_12_1_1_U627                                                                    |     |        | mul_ln248_12         | mul       | auto                     | 0       |
|      mac_muladd_12s_8s_32s_32_4_1_U755                                                         | 1   |        | mul_ln248_13         | mul       | dsp_slice                | 3       |
|      mac_muladd_12s_8s_32s_32_4_1_U755                                                         | 1   |        | sext_ln248_21        | sext      | dsp_slice                | 3       |
|      mac_muladd_8s_8s_32s_32_4_1_U723                                                          | 1   |        | mul_ln249_6          | mul       | dsp_slice                | 3       |
|      mac_muladd_8s_8s_32s_32_4_1_U723                                                          | 1   |        | sext_ln249_20        | sext      | dsp_slice                | 3       |
|      mul_8s_4ns_12_1_1_U628                                                                    |     |        | mul_ln250_12         | mul       | auto                     | 0       |
|      mac_muladd_12s_8s_32s_32_4_1_U756                                                         | 1   |        | mul_ln250_13         | mul       | dsp_slice                | 3       |
|      mac_muladd_12s_8s_32s_32_4_1_U756                                                         | 1   |        | sext_ln250_14        | sext      | dsp_slice                | 3       |
|      mac_muladd_8s_8s_32s_32_4_1_U724                                                          | 1   |        | mul_ln251_6          | mul       | dsp_slice                | 3       |
|      mac_muladd_8s_8s_32s_32_4_1_U724                                                          | 1   |        | sext_ln251_13        | sext      | dsp_slice                | 3       |
|      mul_8s_4ns_12_1_1_U629                                                                    |     |        | mul_ln252_12         | mul       | auto                     | 0       |
|      mac_muladd_12s_8s_32s_32_4_1_U757                                                         | 1   |        | mul_ln252_13         | mul       | dsp_slice                | 3       |
|      mac_muladd_12s_8s_32s_32_4_1_U757                                                         | 1   |        | sext_ln252_14        | sext      | dsp_slice                | 3       |
|      mac_muladd_8s_8s_32s_32_4_1_U725                                                          | 1   |        | mul_ln253_6          | mul       | dsp_slice                | 3       |
|      mac_muladd_8s_8s_32s_32_4_1_U725                                                          | 1   |        | sext_ln253_13        | sext      | dsp_slice                | 3       |
|      mul_8s_4ns_12_1_1_U630                                                                    |     |        | mul_ln254_12         | mul       | auto                     | 0       |
|      mac_muladd_12s_8s_32s_32_4_1_U758                                                         | 1   |        | mul_ln254_13         | mul       | dsp_slice                | 3       |
|      mac_muladd_12s_8s_32s_32_4_1_U758                                                         | 1   |        | sext_ln254_14        | sext      | dsp_slice                | 3       |
|      mac_muladd_8s_8s_32s_32_4_1_U726                                                          | 1   |        | mul_ln255_6          | mul       | dsp_slice                | 3       |
|      mac_muladd_8s_8s_32s_32_4_1_U726                                                          | 1   |        | sext_ln255_13        | sext      | dsp_slice                | 3       |
|      sparsemux_33_4_8_1_1_U602                                                                 |     |        | xi8_7                | sparsemux | compactencoding_dontcare | 0       |
|      mul_8s_4ns_12_1_1_U631                                                                    |     |        | mul_ln248_14         | mul       | auto                     | 0       |
|      sparsemux_17_3_8_1_1_U587                                                                 |     |        | tmp_82               | sparsemux | compactencoding_dontcare | 0       |
|      mac_muladd_12s_8s_32s_32_4_1_U759                                                         | 1   |        | mul_ln248_15         | mul       | dsp_slice                | 3       |
|      mac_muladd_12s_8s_32s_32_4_1_U759                                                         | 1   |        | sext_ln248_25        | sext      | dsp_slice                | 3       |
|      sparsemux_17_3_8_1_1_U588                                                                 |     |        | tmp_83               | sparsemux | compactencoding_dontcare | 0       |
|      mac_muladd_8s_8s_32s_32_4_1_U727                                                          | 1   |        | mul_ln249_7          | mul       | dsp_slice                | 3       |
|      mac_muladd_8s_8s_32s_32_4_1_U727                                                          | 1   |        | sext_ln249_23        | sext      | dsp_slice                | 3       |
|      mul_8s_4ns_12_1_1_U632                                                                    |     |        | mul_ln250_14         | mul       | auto                     | 0       |
|      sparsemux_17_3_8_1_1_U589                                                                 |     |        | tmp_84               | sparsemux | compactencoding_dontcare | 0       |
|      mac_muladd_12s_8s_32s_32_4_1_U760                                                         | 1   |        | mul_ln250_15         | mul       | dsp_slice                | 3       |
|      mac_muladd_12s_8s_32s_32_4_1_U760                                                         | 1   |        | sext_ln250_17        | sext      | dsp_slice                | 3       |
|      sparsemux_17_3_8_1_1_U590                                                                 |     |        | tmp_85               | sparsemux | compactencoding_dontcare | 0       |
|      mac_muladd_8s_8s_32s_32_4_1_U728                                                          | 1   |        | mul_ln251_7          | mul       | dsp_slice                | 3       |
|      mac_muladd_8s_8s_32s_32_4_1_U728                                                          | 1   |        | sext_ln251_15        | sext      | dsp_slice                | 3       |
|      mul_8s_4ns_12_1_1_U633                                                                    |     |        | mul_ln252_14         | mul       | auto                     | 0       |
|      sparsemux_17_3_8_1_1_U591                                                                 |     |        | tmp_86               | sparsemux | compactencoding_dontcare | 0       |
|      mac_muladd_12s_8s_32s_32_4_1_U761                                                         | 1   |        | mul_ln252_15         | mul       | dsp_slice                | 3       |
|      mac_muladd_12s_8s_32s_32_4_1_U761                                                         | 1   |        | sext_ln252_17        | sext      | dsp_slice                | 3       |
|      sparsemux_17_3_8_1_1_U592                                                                 |     |        | tmp_87               | sparsemux | compactencoding_dontcare | 0       |
|      mac_muladd_8s_8s_32s_32_4_1_U729                                                          | 1   |        | mul_ln253_7          | mul       | dsp_slice                | 3       |
|      mac_muladd_8s_8s_32s_32_4_1_U729                                                          | 1   |        | sext_ln253_15        | sext      | dsp_slice                | 3       |
|      mul_8s_4ns_12_1_1_U634                                                                    |     |        | mul_ln254_14         | mul       | auto                     | 0       |
|      sparsemux_17_3_8_1_1_U593                                                                 |     |        | tmp_88               | sparsemux | compactencoding_dontcare | 0       |
|      mac_muladd_12s_8s_32s_32_4_1_U762                                                         | 1   |        | mul_ln254_15         | mul       | dsp_slice                | 3       |
|      mac_muladd_12s_8s_32s_32_4_1_U762                                                         | 1   |        | sext_ln254_17        | sext      | dsp_slice                | 3       |
|      sparsemux_17_3_8_1_1_U594                                                                 |     |        | tmp_89               | sparsemux | compactencoding_dontcare | 0       |
|      mac_muladd_8s_8s_32s_32_4_1_U730                                                          | 1   |        | mul_ln255_7          | mul       | dsp_slice                | 3       |
|      mac_muladd_8s_8s_32s_32_4_1_U730                                                          | 1   |        | sext_ln255_15        | sext      | dsp_slice                | 3       |
|      sparsemux_9_2_32_1_1_U668                                                                 |     |        | tmp_90               | sparsemux | compactencoding_dontcare | 0       |
|      mac_muladd_12s_8s_32s_32_4_1_U735                                                         | 1   |        | acc_w0_33            | add       | dsp_slice                | 3       |
|      sparsemux_9_2_32_1_1_U669                                                                 |     |        | tmp_91               | sparsemux | compactencoding_dontcare | 0       |
|      mac_muladd_12s_8s_32s_32_4_1_U739                                                         | 1   |        | acc_w0_34            | add       | dsp_slice                | 3       |
|      sparsemux_9_2_32_1_1_U670                                                                 |     |        | tmp_92               | sparsemux | compactencoding_dontcare | 0       |
|      mac_muladd_12s_8s_32s_32_4_1_U743                                                         | 1   |        | acc_w0_35            | add       | dsp_slice                | 3       |
|      sparsemux_9_2_32_1_1_U671                                                                 |     |        | tmp_93               | sparsemux | compactencoding_dontcare | 0       |
|      mac_muladd_12s_8s_32s_32_4_1_U747                                                         | 1   |        | acc_w0_36            | add       | dsp_slice                | 3       |
|      sparsemux_9_2_32_1_1_U672                                                                 |     |        | tmp_94               | sparsemux | compactencoding_dontcare | 0       |
|      mac_muladd_12s_8s_32s_32_4_1_U751                                                         | 1   |        | acc_w0_37            | add       | dsp_slice                | 3       |
|      sparsemux_9_2_32_1_1_U673                                                                 |     |        | tmp_95               | sparsemux | compactencoding_dontcare | 0       |
|      mac_muladd_12s_8s_32s_32_4_1_U755                                                         | 1   |        | acc_w0_38            | add       | dsp_slice                | 3       |
|      sparsemux_9_2_32_1_1_U674                                                                 |     |        | tmp_96               | sparsemux | compactencoding_dontcare | 0       |
|      mac_muladd_12s_8s_32s_32_4_1_U759                                                         | 1   |        | acc_w0_39            | add       | dsp_slice                | 3       |
|      sparsemux_9_2_32_1_1_U635                                                                 |     |        | tmp_97               | sparsemux | compactencoding_dontcare | 0       |
|      mac_muladd_8s_8s_32s_32_4_1_U699                                                          | 1   |        | acc_m0_32            | add       | dsp_slice                | 3       |
|      sparsemux_9_2_32_1_1_U636                                                                 |     |        | tmp_98               | sparsemux | compactencoding_dontcare | 0       |
|      mac_muladd_8s_8s_32s_32_4_1_U703                                                          | 1   |        | acc_m0_33            | add       | dsp_slice                | 3       |
|      sparsemux_9_2_32_1_1_U637                                                                 |     |        | tmp_99               | sparsemux | compactencoding_dontcare | 0       |
|      mac_muladd_8s_8s_32s_32_4_1_U707                                                          | 1   |        | acc_m0_34            | add       | dsp_slice                | 3       |
|      sparsemux_9_2_32_1_1_U638                                                                 |     |        | tmp_100              | sparsemux | compactencoding_dontcare | 0       |
|      mac_muladd_8s_8s_32s_32_4_1_U711                                                          | 1   |        | acc_m0_35            | add       | dsp_slice                | 3       |
|      sparsemux_9_2_32_1_1_U639                                                                 |     |        | tmp_101              | sparsemux | compactencoding_dontcare | 0       |
|      mac_muladd_8s_8s_32s_32_4_1_U715                                                          | 1   |        | acc_m0_36            | add       | dsp_slice                | 3       |
|      sparsemux_9_2_32_1_1_U640                                                                 |     |        | tmp_102              | sparsemux | compactencoding_dontcare | 0       |
|      mac_muladd_8s_8s_32s_32_4_1_U719                                                          | 1   |        | acc_m0_37            | add       | dsp_slice                | 3       |
|      sparsemux_9_2_32_1_1_U641                                                                 |     |        | tmp_103              | sparsemux | compactencoding_dontcare | 0       |
|      mac_muladd_8s_8s_32s_32_4_1_U723                                                          | 1   |        | acc_m0_38            | add       | dsp_slice                | 3       |
|      sparsemux_9_2_32_1_1_U642                                                                 |     |        | tmp_104              | sparsemux | compactencoding_dontcare | 0       |
|      mac_muladd_8s_8s_32s_32_4_1_U727                                                          | 1   |        | acc_m0_39            | add       | dsp_slice                | 3       |
|      sparsemux_9_2_32_1_1_U675                                                                 |     |        | tmp_105              | sparsemux | compactencoding_dontcare | 0       |
|      mac_muladd_12s_8s_32s_32_4_1_U732                                                         | 1   |        | acc_w1_32            | add       | dsp_slice                | 3       |
|      sparsemux_9_2_32_1_1_U676                                                                 |     |        | tmp_106              | sparsemux | compactencoding_dontcare | 0       |
|      mac_muladd_12s_8s_32s_32_4_1_U736                                                         | 1   |        | acc_w1_33            | add       | dsp_slice                | 3       |
|      sparsemux_9_2_32_1_1_U677                                                                 |     |        | tmp_107              | sparsemux | compactencoding_dontcare | 0       |
|      mac_muladd_12s_8s_32s_32_4_1_U740                                                         | 1   |        | acc_w1_34            | add       | dsp_slice                | 3       |
|      sparsemux_9_2_32_1_1_U678                                                                 |     |        | tmp_108              | sparsemux | compactencoding_dontcare | 0       |
|      mac_muladd_12s_8s_32s_32_4_1_U744                                                         | 1   |        | acc_w1_35            | add       | dsp_slice                | 3       |
|      sparsemux_9_2_32_1_1_U679                                                                 |     |        | tmp_109              | sparsemux | compactencoding_dontcare | 0       |
|      mac_muladd_12s_8s_32s_32_4_1_U748                                                         | 1   |        | acc_w1_36            | add       | dsp_slice                | 3       |
|      sparsemux_9_2_32_1_1_U680                                                                 |     |        | tmp_110              | sparsemux | compactencoding_dontcare | 0       |
|      mac_muladd_12s_8s_32s_32_4_1_U752                                                         | 1   |        | acc_w1_37            | add       | dsp_slice                | 3       |
|      sparsemux_9_2_32_1_1_U681                                                                 |     |        | tmp_111              | sparsemux | compactencoding_dontcare | 0       |
|      mac_muladd_12s_8s_32s_32_4_1_U756                                                         | 1   |        | acc_w1_38            | add       | dsp_slice                | 3       |
|      sparsemux_9_2_32_1_1_U682                                                                 |     |        | tmp_112              | sparsemux | compactencoding_dontcare | 0       |
|      mac_muladd_12s_8s_32s_32_4_1_U760                                                         | 1   |        | acc_w1_39            | add       | dsp_slice                | 3       |
|      sparsemux_9_2_32_1_1_U643                                                                 |     |        | tmp_113              | sparsemux | compactencoding_dontcare | 0       |
|      mac_muladd_8s_8s_32s_32_4_1_U700                                                          | 1   |        | acc_m1_32            | add       | dsp_slice                | 3       |
|      sparsemux_9_2_32_1_1_U644                                                                 |     |        | tmp_114              | sparsemux | compactencoding_dontcare | 0       |
|      mac_muladd_8s_8s_32s_32_4_1_U704                                                          | 1   |        | acc_m1_33            | add       | dsp_slice                | 3       |
|      sparsemux_9_2_32_1_1_U645                                                                 |     |        | tmp_115              | sparsemux | compactencoding_dontcare | 0       |
|      mac_muladd_8s_8s_32s_32_4_1_U708                                                          | 1   |        | acc_m1_34            | add       | dsp_slice                | 3       |
|      sparsemux_9_2_32_1_1_U646                                                                 |     |        | tmp_116              | sparsemux | compactencoding_dontcare | 0       |
|      mac_muladd_8s_8s_32s_32_4_1_U712                                                          | 1   |        | acc_m1_35            | add       | dsp_slice                | 3       |
|      sparsemux_9_2_32_1_1_U647                                                                 |     |        | tmp_117              | sparsemux | compactencoding_dontcare | 0       |
|      mac_muladd_8s_8s_32s_32_4_1_U716                                                          | 1   |        | acc_m1_36            | add       | dsp_slice                | 3       |
|      sparsemux_9_2_32_1_1_U648                                                                 |     |        | tmp_118              | sparsemux | compactencoding_dontcare | 0       |
|      mac_muladd_8s_8s_32s_32_4_1_U720                                                          | 1   |        | acc_m1_37            | add       | dsp_slice                | 3       |
|      sparsemux_9_2_32_1_1_U649                                                                 |     |        | tmp_119              | sparsemux | compactencoding_dontcare | 0       |
|      mac_muladd_8s_8s_32s_32_4_1_U724                                                          | 1   |        | acc_m1_38            | add       | dsp_slice                | 3       |
|      sparsemux_9_2_32_1_1_U650                                                                 |     |        | tmp_120              | sparsemux | compactencoding_dontcare | 0       |
|      mac_muladd_8s_8s_32s_32_4_1_U728                                                          | 1   |        | acc_m1_39            | add       | dsp_slice                | 3       |
|      sparsemux_9_2_32_1_1_U683                                                                 |     |        | tmp_121              | sparsemux | compactencoding_dontcare | 0       |
|      mac_muladd_12s_8s_32s_32_4_1_U733                                                         | 1   |        | acc_w2_32            | add       | dsp_slice                | 3       |
|      sparsemux_9_2_32_1_1_U684                                                                 |     |        | tmp_122              | sparsemux | compactencoding_dontcare | 0       |
|      mac_muladd_12s_8s_32s_32_4_1_U737                                                         | 1   |        | acc_w2_33            | add       | dsp_slice                | 3       |
|      sparsemux_9_2_32_1_1_U685                                                                 |     |        | tmp_123              | sparsemux | compactencoding_dontcare | 0       |
|      mac_muladd_12s_8s_32s_32_4_1_U741                                                         | 1   |        | acc_w2_34            | add       | dsp_slice                | 3       |
|      sparsemux_9_2_32_1_1_U686                                                                 |     |        | tmp_124              | sparsemux | compactencoding_dontcare | 0       |
|      mac_muladd_12s_8s_32s_32_4_1_U745                                                         | 1   |        | acc_w2_35            | add       | dsp_slice                | 3       |
|      sparsemux_9_2_32_1_1_U687                                                                 |     |        | tmp_125              | sparsemux | compactencoding_dontcare | 0       |
|      mac_muladd_12s_8s_32s_32_4_1_U749                                                         | 1   |        | acc_w2_36            | add       | dsp_slice                | 3       |
|      sparsemux_9_2_32_1_1_U688                                                                 |     |        | tmp_126              | sparsemux | compactencoding_dontcare | 0       |
|      mac_muladd_12s_8s_32s_32_4_1_U753                                                         | 1   |        | acc_w2_37            | add       | dsp_slice                | 3       |
|      sparsemux_9_2_32_1_1_U689                                                                 |     |        | tmp_127              | sparsemux | compactencoding_dontcare | 0       |
|      mac_muladd_12s_8s_32s_32_4_1_U757                                                         | 1   |        | acc_w2_38            | add       | dsp_slice                | 3       |
|      sparsemux_9_2_32_1_1_U690                                                                 |     |        | tmp_128              | sparsemux | compactencoding_dontcare | 0       |
|      mac_muladd_12s_8s_32s_32_4_1_U761                                                         | 1   |        | acc_w2_39            | add       | dsp_slice                | 3       |
|      sparsemux_9_2_32_1_1_U651                                                                 |     |        | tmp_129              | sparsemux | compactencoding_dontcare | 0       |
|      mac_muladd_8s_8s_32s_32_4_1_U701                                                          | 1   |        | acc_m2_32            | add       | dsp_slice                | 3       |
|      sparsemux_9_2_32_1_1_U652                                                                 |     |        | tmp_130              | sparsemux | compactencoding_dontcare | 0       |
|      mac_muladd_8s_8s_32s_32_4_1_U705                                                          | 1   |        | acc_m2_33            | add       | dsp_slice                | 3       |
|      sparsemux_9_2_32_1_1_U653                                                                 |     |        | tmp_131              | sparsemux | compactencoding_dontcare | 0       |
|      mac_muladd_8s_8s_32s_32_4_1_U709                                                          | 1   |        | acc_m2_34            | add       | dsp_slice                | 3       |
|      sparsemux_9_2_32_1_1_U654                                                                 |     |        | tmp_132              | sparsemux | compactencoding_dontcare | 0       |
|      mac_muladd_8s_8s_32s_32_4_1_U713                                                          | 1   |        | acc_m2_35            | add       | dsp_slice                | 3       |
|      sparsemux_9_2_32_1_1_U655                                                                 |     |        | tmp_133              | sparsemux | compactencoding_dontcare | 0       |
|      mac_muladd_8s_8s_32s_32_4_1_U717                                                          | 1   |        | acc_m2_36            | add       | dsp_slice                | 3       |
|      sparsemux_9_2_32_1_1_U656                                                                 |     |        | tmp_134              | sparsemux | compactencoding_dontcare | 0       |
|      mac_muladd_8s_8s_32s_32_4_1_U721                                                          | 1   |        | acc_m2_37            | add       | dsp_slice                | 3       |
|      sparsemux_9_2_32_1_1_U657                                                                 |     |        | tmp_135              | sparsemux | compactencoding_dontcare | 0       |
|      mac_muladd_8s_8s_32s_32_4_1_U725                                                          | 1   |        | acc_m2_38            | add       | dsp_slice                | 3       |
|      sparsemux_9_2_32_1_1_U658                                                                 |     |        | tmp_136              | sparsemux | compactencoding_dontcare | 0       |
|      mac_muladd_8s_8s_32s_32_4_1_U729                                                          | 1   |        | acc_m2_39            | add       | dsp_slice                | 3       |
|      sparsemux_9_2_32_1_1_U691                                                                 |     |        | tmp_137              | sparsemux | compactencoding_dontcare | 0       |
|      mac_muladd_12s_8s_32s_32_4_1_U734                                                         | 1   |        | acc_w3_32            | add       | dsp_slice                | 3       |
|      sparsemux_9_2_32_1_1_U692                                                                 |     |        | tmp_138              | sparsemux | compactencoding_dontcare | 0       |
|      mac_muladd_12s_8s_32s_32_4_1_U738                                                         | 1   |        | acc_w3_33            | add       | dsp_slice                | 3       |
|      sparsemux_9_2_32_1_1_U693                                                                 |     |        | tmp_139              | sparsemux | compactencoding_dontcare | 0       |
|      mac_muladd_12s_8s_32s_32_4_1_U742                                                         | 1   |        | acc_w3_34            | add       | dsp_slice                | 3       |
|      sparsemux_9_2_32_1_1_U694                                                                 |     |        | tmp_140              | sparsemux | compactencoding_dontcare | 0       |
|      mac_muladd_12s_8s_32s_32_4_1_U746                                                         | 1   |        | acc_w3_35            | add       | dsp_slice                | 3       |
|      sparsemux_9_2_32_1_1_U695                                                                 |     |        | tmp_141              | sparsemux | compactencoding_dontcare | 0       |
|      mac_muladd_12s_8s_32s_32_4_1_U750                                                         | 1   |        | acc_w3_36            | add       | dsp_slice                | 3       |
|      sparsemux_9_2_32_1_1_U696                                                                 |     |        | tmp_142              | sparsemux | compactencoding_dontcare | 0       |
|      mac_muladd_12s_8s_32s_32_4_1_U754                                                         | 1   |        | acc_w3_37            | add       | dsp_slice                | 3       |
|      sparsemux_9_2_32_1_1_U697                                                                 |     |        | tmp_143              | sparsemux | compactencoding_dontcare | 0       |
|      mac_muladd_12s_8s_32s_32_4_1_U758                                                         | 1   |        | acc_w3_38            | add       | dsp_slice                | 3       |
|      sparsemux_9_2_32_1_1_U698                                                                 |     |        | tmp_144              | sparsemux | compactencoding_dontcare | 0       |
|      mac_muladd_12s_8s_32s_32_4_1_U762                                                         | 1   |        | acc_w3_39            | add       | dsp_slice                | 3       |
|      sparsemux_9_2_32_1_1_U659                                                                 |     |        | tmp_145              | sparsemux | compactencoding_dontcare | 0       |
|      mac_muladd_8s_8s_32s_32_4_1_U702                                                          | 1   |        | acc_m3_32            | add       | dsp_slice                | 3       |
|      sparsemux_9_2_32_1_1_U660                                                                 |     |        | tmp_146              | sparsemux | compactencoding_dontcare | 0       |
|      mac_muladd_8s_8s_32s_32_4_1_U706                                                          | 1   |        | acc_m3_33            | add       | dsp_slice                | 3       |
|      sparsemux_9_2_32_1_1_U661                                                                 |     |        | tmp_147              | sparsemux | compactencoding_dontcare | 0       |
|      mac_muladd_8s_8s_32s_32_4_1_U710                                                          | 1   |        | acc_m3_34            | add       | dsp_slice                | 3       |
|      sparsemux_9_2_32_1_1_U662                                                                 |     |        | tmp_148              | sparsemux | compactencoding_dontcare | 0       |
|      mac_muladd_8s_8s_32s_32_4_1_U714                                                          | 1   |        | acc_m3_35            | add       | dsp_slice                | 3       |
|      sparsemux_9_2_32_1_1_U663                                                                 |     |        | tmp_149              | sparsemux | compactencoding_dontcare | 0       |
|      mac_muladd_8s_8s_32s_32_4_1_U718                                                          | 1   |        | acc_m3_36            | add       | dsp_slice                | 3       |
|      sparsemux_9_2_32_1_1_U664                                                                 |     |        | tmp_150              | sparsemux | compactencoding_dontcare | 0       |
|      mac_muladd_8s_8s_32s_32_4_1_U722                                                          | 1   |        | acc_m3_37            | add       | dsp_slice                | 3       |
|      sparsemux_9_2_32_1_1_U665                                                                 |     |        | tmp_151              | sparsemux | compactencoding_dontcare | 0       |
|      mac_muladd_8s_8s_32s_32_4_1_U726                                                          | 1   |        | acc_m3_38            | add       | dsp_slice                | 3       |
|      sparsemux_9_2_32_1_1_U666                                                                 |     |        | tmp_152              | sparsemux | compactencoding_dontcare | 0       |
|      mac_muladd_8s_8s_32s_32_4_1_U730                                                          | 1   |        | acc_m3_39            | add       | dsp_slice                | 3       |
|    + mac_blocks_wv_k4_urm_Pipeline_REDUCE (grp_mac_blocks_wv_k4_urm_Pipeline_REDUCE_fu_7056)   | 20  |        |                      |           |                          |         |
|      icmp_ln260_fu_2424_p2                                                                     |     |        | icmp_ln260           | seteq     | auto                     | 0       |
|      add_ln260_fu_2430_p2                                                                      |     |        | add_ln260            | add       | fabric                   | 0       |
|      sparsemux_17_3_32_1_1_U1709                                                               |     |        | sw0                  | sparsemux | compactencoding_dontcare | 0       |
|      sparsemux_17_3_32_1_1_U1710                                                               |     |        | sm0                  | sparsemux | compactencoding_dontcare | 0       |
|      sparsemux_17_3_32_1_1_U1711                                                               |     |        | sw1                  | sparsemux | compactencoding_dontcare | 0       |
|      sparsemux_17_3_32_1_1_U1712                                                               |     |        | sm1                  | sparsemux | compactencoding_dontcare | 0       |
|      sparsemux_17_3_32_1_1_U1713                                                               |     |        | sw2                  | sparsemux | compactencoding_dontcare | 0       |
|      sparsemux_17_3_32_1_1_U1714                                                               |     |        | sm2                  | sparsemux | compactencoding_dontcare | 0       |
|      sparsemux_17_3_32_1_1_U1715                                                               |     |        | sw3                  | sparsemux | compactencoding_dontcare | 0       |
|      sparsemux_17_3_32_1_1_U1716                                                               |     |        | sm3                  | sparsemux | compactencoding_dontcare | 0       |
|      sparsemux_17_3_32_1_1_U1717                                                               |     |        | tmp                  | sparsemux | compactencoding_dontcare | 0       |
|      sparsemux_17_3_32_1_1_U1718                                                               |     |        | tmp_8                | sparsemux | compactencoding_dontcare | 0       |
|      sparsemux_17_3_32_1_1_U1719                                                               |     |        | tmp_9                | sparsemux | compactencoding_dontcare | 0       |
|      sparsemux_17_3_32_1_1_U1720                                                               |     |        | tmp_s                | sparsemux | compactencoding_dontcare | 0       |
|      sparsemux_17_3_32_1_1_U1721                                                               |     |        | tmp_1                | sparsemux | compactencoding_dontcare | 0       |
|      sparsemux_17_3_32_1_1_U1722                                                               |     |        | tmp_2                | sparsemux | compactencoding_dontcare | 0       |
|      sparsemux_17_3_32_1_1_U1723                                                               |     |        | tmp_3                | sparsemux | compactencoding_dontcare | 0       |
|      sparsemux_17_3_32_1_1_U1724                                                               |     |        | tmp_4                | sparsemux | compactencoding_dontcare | 0       |
|      sparsemux_17_3_32_1_1_U1693                                                               |     |        | tmp_5                | sparsemux | compactencoding_dontcare | 0       |
|      sparsemux_17_3_32_1_1_U1694                                                               |     |        | tmp_6                | sparsemux | compactencoding_dontcare | 0       |
|      sparsemux_17_3_32_1_1_U1695                                                               |     |        | tmp_7                | sparsemux | compactencoding_dontcare | 0       |
|      sparsemux_17_3_32_1_1_U1696                                                               |     |        | tmp_10               | sparsemux | compactencoding_dontcare | 0       |
|      sparsemux_17_3_32_1_1_U1697                                                               |     |        | tmp_11               | sparsemux | compactencoding_dontcare | 0       |
|      sparsemux_17_3_32_1_1_U1698                                                               |     |        | tmp_12               | sparsemux | compactencoding_dontcare | 0       |
|      sparsemux_17_3_32_1_1_U1699                                                               |     |        | tmp_13               | sparsemux | compactencoding_dontcare | 0       |
|      sparsemux_17_3_32_1_1_U1700                                                               |     |        | tmp_14               | sparsemux | compactencoding_dontcare | 0       |
|      sparsemux_17_3_32_1_1_U1701                                                               |     |        | tmp_15               | sparsemux | compactencoding_dontcare | 0       |
|      add_ln265_1_fu_2800_p2                                                                    |     |        | add_ln265_1          | add       | fabric                   | 0       |
|      sparsemux_17_3_32_1_1_U1702                                                               |     |        | tmp_16               | sparsemux | compactencoding_dontcare | 0       |
|      add_ln265_4_fu_2846_p2                                                                    |     |        | add_ln265_4          | add       | fabric                   | 0       |
|      sparsemux_17_3_32_1_1_U1703                                                               |     |        | tmp_17               | sparsemux | compactencoding_dontcare | 0       |
|      add_ln266_1_fu_2892_p2                                                                    |     |        | add_ln266_1          | add       | fabric                   | 0       |
|      sparsemux_17_3_32_1_1_U1704                                                               |     |        | tmp_18               | sparsemux | compactencoding_dontcare | 0       |
|      add_ln266_4_fu_2938_p2                                                                    |     |        | add_ln266_4          | add       | fabric                   | 0       |
|      sparsemux_17_3_32_1_1_U1705                                                               |     |        | tmp_19               | sparsemux | compactencoding_dontcare | 0       |
|      add_ln267_1_fu_2984_p2                                                                    |     |        | add_ln267_1          | add       | fabric                   | 0       |
|      sparsemux_17_3_32_1_1_U1706                                                               |     |        | tmp_20               | sparsemux | compactencoding_dontcare | 0       |
|      add_ln267_4_fu_3030_p2                                                                    |     |        | add_ln267_4          | add       | fabric                   | 0       |
|      sparsemux_17_3_32_1_1_U1707                                                               |     |        | tmp_21               | sparsemux | compactencoding_dontcare | 0       |
|      add_ln268_1_fu_3076_p2                                                                    |     |        | add_ln268_1          | add       | fabric                   | 0       |
|      sparsemux_17_3_32_1_1_U1708                                                               |     |        | tmp_22               | sparsemux | compactencoding_dontcare | 0       |
|      add_ln268_4_fu_3122_p2                                                                    |     |        | add_ln268_4          | add       | fabric                   | 0       |
|      sitofp_32ns_32_7_no_dsp_1_U1681                                                           |     |        | conv1                | sitofp    | auto                     | 6       |
|      sitofp_32ns_32_7_no_dsp_1_U1682                                                           |     |        | conv2                | sitofp    | auto                     | 6       |
|      fsub_32ns_32ns_32_11_full_dsp_1_U1669                                                     | 2   |        | sub1                 | fsub      | fulldsp                  | 10      |
|      fpext_32ns_64_2_no_dsp_1_U1689                                                            |     |        | pf                   | fpext     | auto                     | 1       |
|      sub_ln270_fu_3854_p2                                                                      |     |        | sub_ln270            | sub       | fabric                   | 0       |
|      select_ln270_fu_3860_p3                                                                   |     |        | select_ln270         | select    | auto_sel                 | 0       |
|      icmp_ln270_fu_3867_p2                                                                     |     |        | icmp_ln270           | seteq     | auto                     | 0       |
|      sub_ln270_1_fu_3872_p2                                                                    |     |        | sub_ln270_1          | sub       | fabric                   | 0       |
|      icmp_ln270_1_fu_3882_p2                                                                   |     |        | icmp_ln270_1         | setgt     | auto                     | 0       |
|      add_ln270_fu_3888_p2                                                                      |     |        | add_ln270            | add       | fabric                   | 0       |
|      sub_ln270_2_fu_3894_p2                                                                    |     |        | sub_ln270_2          | sub       | fabric                   | 0       |
|      select_ln270_1_fu_3900_p3                                                                 |     |        | select_ln270_1       | select    | auto_sel                 | 0       |
|      icmp_ln270_2_fu_3908_p2                                                                   |     |        | icmp_ln270_2         | seteq     | auto                     | 0       |
|      icmp_ln270_3_fu_4152_p2                                                                   |     |        | icmp_ln270_3         | setlt     | auto                     | 0       |
|      select_ln270_4_fu_4157_p3                                                                 |     |        | select_ln270_4       | select    | auto_sel                 | 0       |
|      ashr_ln270_fu_4167_p2                                                                     |     |        | ashr_ln270           | ashr      | auto_pipe                | 0       |
|      select_ln270_2_fu_4176_p3                                                                 |     |        | select_ln270_2       | select    | auto_sel                 | 0       |
|      icmp_ln270_4_fu_4184_p2                                                                   |     |        | icmp_ln270_4         | setlt     | auto                     | 0       |
|      shl_ln270_fu_4192_p2                                                                      |     |        | shl_ln270            | shl       | auto_pipe                | 0       |
|      select_ln270_3_fu_4197_p3                                                                 |     |        | select_ln270_3       | select    | auto_sel                 | 0       |
|      xor_ln270_fu_4376_p2                                                                      |     |        | xor_ln270            | xor       | auto                     | 0       |
|      and_ln270_fu_4381_p2                                                                      |     |        | and_ln270            | and       | auto                     | 0       |
|      or_ln270_fu_4386_p2                                                                       |     |        | or_ln270             | or        | auto                     | 0       |
|      xor_ln270_1_fu_4390_p2                                                                    |     |        | xor_ln270_1          | xor       | auto                     | 0       |
|      and_ln270_1_fu_4396_p2                                                                    |     |        | and_ln270_1          | and       | auto                     | 0       |
|      sparsemux_9_3_48_1_1_U1725                                                                |     |        | storemerge4_i        | sparsemux | onehotencoding_realdef   | 0       |
|      total0_1_fu_4431_p2                                                                       |     |        | total0_1             | add       | fabric                   | 0       |
|      sitofp_32ns_32_7_no_dsp_1_U1683                                                           |     |        | conv                 | sitofp    | auto                     | 6       |
|      sitofp_32ns_32_7_no_dsp_1_U1684                                                           |     |        | conv3                | sitofp    | auto                     | 6       |
|      fsub_32ns_32ns_32_11_full_dsp_1_U1670                                                     | 2   |        | sub2                 | fsub      | fulldsp                  | 10      |
|      fpext_32ns_64_2_no_dsp_1_U1690                                                            |     |        | pf_1                 | fpext     | auto                     | 1       |
|      sub_ln271_fu_3932_p2                                                                      |     |        | sub_ln271            | sub       | fabric                   | 0       |
|      select_ln271_fu_3938_p3                                                                   |     |        | select_ln271         | select    | auto_sel                 | 0       |
|      icmp_ln271_fu_3945_p2                                                                     |     |        | icmp_ln271           | seteq     | auto                     | 0       |
|      sub_ln271_1_fu_3950_p2                                                                    |     |        | sub_ln271_1          | sub       | fabric                   | 0       |
|      icmp_ln271_1_fu_3960_p2                                                                   |     |        | icmp_ln271_1         | setgt     | auto                     | 0       |
|      add_ln271_fu_3966_p2                                                                      |     |        | add_ln271            | add       | fabric                   | 0       |
|      sub_ln271_2_fu_3972_p2                                                                    |     |        | sub_ln271_2          | sub       | fabric                   | 0       |
|      select_ln271_1_fu_3978_p3                                                                 |     |        | select_ln271_1       | select    | auto_sel                 | 0       |
|      icmp_ln271_2_fu_3986_p2                                                                   |     |        | icmp_ln271_2         | seteq     | auto                     | 0       |
|      icmp_ln271_3_fu_4205_p2                                                                   |     |        | icmp_ln271_3         | setlt     | auto                     | 0       |
|      select_ln271_4_fu_4210_p3                                                                 |     |        | select_ln271_4       | select    | auto_sel                 | 0       |
|      ashr_ln271_fu_4220_p2                                                                     |     |        | ashr_ln271           | ashr      | auto_pipe                | 0       |
|      select_ln271_2_fu_4229_p3                                                                 |     |        | select_ln271_2       | select    | auto_sel                 | 0       |
|      icmp_ln271_4_fu_4237_p2                                                                   |     |        | icmp_ln271_4         | setlt     | auto                     | 0       |
|      shl_ln271_fu_4245_p2                                                                      |     |        | shl_ln271            | shl       | auto_pipe                | 0       |
|      select_ln271_3_fu_4250_p3                                                                 |     |        | select_ln271_3       | select    | auto_sel                 | 0       |
|      xor_ln271_fu_4437_p2                                                                      |     |        | xor_ln271            | xor       | auto                     | 0       |
|      and_ln271_fu_4442_p2                                                                      |     |        | and_ln271            | and       | auto                     | 0       |
|      or_ln271_fu_4447_p2                                                                       |     |        | or_ln271             | or        | auto                     | 0       |
|      xor_ln271_1_fu_4451_p2                                                                    |     |        | xor_ln271_1          | xor       | auto                     | 0       |
|      and_ln271_1_fu_4457_p2                                                                    |     |        | and_ln271_1          | and       | auto                     | 0       |
|      sparsemux_9_3_48_1_1_U1726                                                                |     |        | storemerge4_i1       | sparsemux | onehotencoding_realdef   | 0       |
|      total1_1_fu_4492_p2                                                                       |     |        | total1_1             | add       | fabric                   | 0       |
|      sitofp_32ns_32_7_no_dsp_1_U1685                                                           |     |        | conv4                | sitofp    | auto                     | 6       |
|      fmul_32ns_32ns_32_7_max_dsp_1_U1677                                                       | 3   |        | mul5                 | fmul      | maxdsp                   | 6       |
|      sitofp_32ns_32_7_no_dsp_1_U1686                                                           |     |        | conv5                | sitofp    | auto                     | 6       |
|      fmul_32ns_32ns_32_7_max_dsp_1_U1678                                                       | 3   |        | mul6                 | fmul      | maxdsp                   | 6       |
|      fsub_32ns_32ns_32_11_full_dsp_1_U1671                                                     | 2   |        | sub3                 | fsub      | fulldsp                  | 10      |
|      fpext_32ns_64_2_no_dsp_1_U1691                                                            |     |        | pf_2                 | fpext     | auto                     | 1       |
|      sub_ln272_fu_4010_p2                                                                      |     |        | sub_ln272            | sub       | fabric                   | 0       |
|      select_ln272_fu_4016_p3                                                                   |     |        | select_ln272         | select    | auto_sel                 | 0       |
|      icmp_ln272_fu_4023_p2                                                                     |     |        | icmp_ln272           | seteq     | auto                     | 0       |
|      sub_ln272_1_fu_4028_p2                                                                    |     |        | sub_ln272_1          | sub       | fabric                   | 0       |
|      icmp_ln272_1_fu_4038_p2                                                                   |     |        | icmp_ln272_1         | setgt     | auto                     | 0       |
|      add_ln272_fu_4044_p2                                                                      |     |        | add_ln272            | add       | fabric                   | 0       |
|      sub_ln272_2_fu_4050_p2                                                                    |     |        | sub_ln272_2          | sub       | fabric                   | 0       |
|      select_ln272_1_fu_4056_p3                                                                 |     |        | select_ln272_1       | select    | auto_sel                 | 0       |
|      icmp_ln272_2_fu_4064_p2                                                                   |     |        | icmp_ln272_2         | seteq     | auto                     | 0       |
|      icmp_ln272_3_fu_4258_p2                                                                   |     |        | icmp_ln272_3         | setlt     | auto                     | 0       |
|      select_ln272_4_fu_4263_p3                                                                 |     |        | select_ln272_4       | select    | auto_sel                 | 0       |
|      ashr_ln272_fu_4273_p2                                                                     |     |        | ashr_ln272           | ashr      | auto_pipe                | 0       |
|      select_ln272_2_fu_4282_p3                                                                 |     |        | select_ln272_2       | select    | auto_sel                 | 0       |
|      icmp_ln272_4_fu_4290_p2                                                                   |     |        | icmp_ln272_4         | setlt     | auto                     | 0       |
|      shl_ln272_fu_4298_p2                                                                      |     |        | shl_ln272            | shl       | auto_pipe                | 0       |
|      select_ln272_3_fu_4303_p3                                                                 |     |        | select_ln272_3       | select    | auto_sel                 | 0       |
|      xor_ln272_fu_4498_p2                                                                      |     |        | xor_ln272            | xor       | auto                     | 0       |
|      and_ln272_fu_4503_p2                                                                      |     |        | and_ln272            | and       | auto                     | 0       |
|      or_ln272_fu_4508_p2                                                                       |     |        | or_ln272             | or        | auto                     | 0       |
|      xor_ln272_1_fu_4512_p2                                                                    |     |        | xor_ln272_1          | xor       | auto                     | 0       |
|      and_ln272_1_fu_4518_p2                                                                    |     |        | and_ln272_1          | and       | auto                     | 0       |
|      sparsemux_9_3_48_1_1_U1727                                                                |     |        | storemerge4_i2       | sparsemux | onehotencoding_realdef   | 0       |
|      total2_1_fu_4553_p2                                                                       |     |        | total2_1             | add       | fabric                   | 0       |
|      sitofp_32ns_32_7_no_dsp_1_U1687                                                           |     |        | conv6                | sitofp    | auto                     | 6       |
|      fmul_32ns_32ns_32_7_max_dsp_1_U1679                                                       | 3   |        | mul8                 | fmul      | maxdsp                   | 6       |
|      sitofp_32ns_32_7_no_dsp_1_U1688                                                           |     |        | conv7                | sitofp    | auto                     | 6       |
|      fmul_32ns_32ns_32_7_max_dsp_1_U1680                                                       | 3   |        | mul9                 | fmul      | maxdsp                   | 6       |
|      fsub_32ns_32ns_32_11_full_dsp_1_U1672                                                     | 2   |        | sub4                 | fsub      | fulldsp                  | 10      |
|      fpext_32ns_64_2_no_dsp_1_U1692                                                            |     |        | pf_3                 | fpext     | auto                     | 1       |
|      sub_ln273_fu_4088_p2                                                                      |     |        | sub_ln273            | sub       | fabric                   | 0       |
|      select_ln273_fu_4094_p3                                                                   |     |        | select_ln273         | select    | auto_sel                 | 0       |
|      icmp_ln273_fu_4101_p2                                                                     |     |        | icmp_ln273           | seteq     | auto                     | 0       |
|      sub_ln273_1_fu_4106_p2                                                                    |     |        | sub_ln273_1          | sub       | fabric                   | 0       |
|      icmp_ln273_1_fu_4116_p2                                                                   |     |        | icmp_ln273_1         | setgt     | auto                     | 0       |
|      add_ln273_fu_4122_p2                                                                      |     |        | add_ln273            | add       | fabric                   | 0       |
|      sub_ln273_2_fu_4128_p2                                                                    |     |        | sub_ln273_2          | sub       | fabric                   | 0       |
|      select_ln273_1_fu_4134_p3                                                                 |     |        | select_ln273_1       | select    | auto_sel                 | 0       |
|      icmp_ln273_2_fu_4142_p2                                                                   |     |        | icmp_ln273_2         | seteq     | auto                     | 0       |
|      icmp_ln273_3_fu_4311_p2                                                                   |     |        | icmp_ln273_3         | setlt     | auto                     | 0       |
|      select_ln273_4_fu_4316_p3                                                                 |     |        | select_ln273_4       | select    | auto_sel                 | 0       |
|      ashr_ln273_fu_4326_p2                                                                     |     |        | ashr_ln273           | ashr      | auto_pipe                | 0       |
|      select_ln273_2_fu_4335_p3                                                                 |     |        | select_ln273_2       | select    | auto_sel                 | 0       |
|      icmp_ln273_4_fu_4343_p2                                                                   |     |        | icmp_ln273_4         | setlt     | auto                     | 0       |
|      shl_ln273_fu_4351_p2                                                                      |     |        | shl_ln273            | shl       | auto_pipe                | 0       |
|      select_ln273_3_fu_4356_p3                                                                 |     |        | select_ln273_3       | select    | auto_sel                 | 0       |
|      xor_ln273_fu_4559_p2                                                                      |     |        | xor_ln273            | xor       | auto                     | 0       |
|      and_ln273_fu_4564_p2                                                                      |     |        | and_ln273            | and       | auto                     | 0       |
|      or_ln273_fu_4569_p2                                                                       |     |        | or_ln273             | or        | auto                     | 0       |
|      xor_ln273_1_fu_4573_p2                                                                    |     |        | xor_ln273_1          | xor       | auto                     | 0       |
|      and_ln273_1_fu_4579_p2                                                                    |     |        | and_ln273_1          | and       | auto                     | 0       |
|      sparsemux_9_3_48_1_1_U1728                                                                |     |        | storemerge4_i3       | sparsemux | onehotencoding_realdef   | 0       |
|      total3_1_fu_4614_p2                                                                       |     |        | total3_1             | add       | fabric                   | 0       |
|  + compute_X2                                                                                  | 116 |        |                      |           |                          |         |
|    fmul_32ns_32ns_32_7_max_dsp_1_U2826                                                         | 3   |        | fq0                  | fmul      | maxdsp                   | 6       |
|    icmp_ln512_fu_5689_p2                                                                       |     |        | icmp_ln512           | setne     | auto                     | 0       |
|    icmp_ln512_1_fu_5695_p2                                                                     |     |        | icmp_ln512_1         | seteq     | auto                     | 0       |
|    or_ln512_fu_5701_p2                                                                         |     |        | or_ln512             | or        | auto                     | 0       |
|    fcmp_32ns_32ns_1_3_no_dsp_1_U2830                                                           |     |        | tmp_34               | fcmp      | auto                     | 2       |
|    and_ln512_fu_5707_p2                                                                        |     |        | and_ln512            | and       | auto                     | 0       |
|    select_ln512_fu_5712_p3                                                                     |     |        | select_ln512         | select    | auto_sel                 | 0       |
|    fadd_32ns_32ns_32_11_full_dsp_1_U2822                                                       | 2   |        | dc                   | fadd      | fulldsp                  | 10      |
|    add_ln317_fu_5891_p2                                                                        |     |        | add_ln317            | add       | fabric                   | 0       |
|    sub_ln18_fu_5905_p2                                                                         |     |        | sub_ln18             | sub       | fabric                   | 0       |
|    select_ln18_fu_5915_p3                                                                      |     |        | select_ln18          | select    | auto_sel                 | 0       |
|    lshr_ln18_fu_6120_p2                                                                        |     |        | lshr_ln18            | lshr      | auto_pipe                | 0       |
|    shl_ln18_fu_6126_p2                                                                         |     |        | shl_ln18             | shl       | auto_pipe                | 0       |
|    val_fu_6152_p3                                                                              |     |        | val                  | select    | auto_sel                 | 0       |
|    result_10_fu_6336_p2                                                                        |     |        | result_10            | sub       | fabric                   | 0       |
|    result_19_fu_6341_p3                                                                        |     |        | result_19            | select    | auto_sel                 | 0       |
|    icmp_ln513_fu_6357_p2                                                                       |     |        | icmp_ln513           | setgt     | auto                     | 0       |
|    iq0_1_fu_6444_p3                                                                            |     |        | iq0_1                | select    | auto_sel                 | 0       |
|    icmp_ln513_1_fu_6450_p2                                                                     |     |        | icmp_ln513_1         | setlt     | auto                     | 0       |
|    select_ln514_fu_6460_p3                                                                     |     |        | select_ln514         | select    | auto_sel                 | 0       |
|    fmul_32ns_32ns_32_7_max_dsp_1_U2827                                                         | 3   |        | fq1                  | fmul      | maxdsp                   | 6       |
|    icmp_ln517_fu_5737_p2                                                                       |     |        | icmp_ln517           | setne     | auto                     | 0       |
|    icmp_ln517_1_fu_5743_p2                                                                     |     |        | icmp_ln517_1         | seteq     | auto                     | 0       |
|    or_ln517_fu_5749_p2                                                                         |     |        | or_ln517             | or        | auto                     | 0       |
|    fcmp_32ns_32ns_1_3_no_dsp_1_U2831                                                           |     |        | tmp_36               | fcmp      | auto                     | 2       |
|    and_ln517_fu_5755_p2                                                                        |     |        | and_ln517            | and       | auto                     | 0       |
|    select_ln517_fu_5760_p3                                                                     |     |        | select_ln517         | select    | auto_sel                 | 0       |
|    fadd_32ns_32ns_32_11_full_dsp_1_U2823                                                       | 2   |        | dc_2                 | fadd      | fulldsp                  | 10      |
|    add_ln317_2_fu_5950_p2                                                                      |     |        | add_ln317_2          | add       | fabric                   | 0       |
|    sub_ln18_2_fu_5964_p2                                                                       |     |        | sub_ln18_2           | sub       | fabric                   | 0       |
|    select_ln18_6_fu_5974_p3                                                                    |     |        | select_ln18_6        | select    | auto_sel                 | 0       |
|    lshr_ln18_2_fu_6179_p2                                                                      |     |        | lshr_ln18_2          | lshr      | auto_pipe                | 0       |
|    shl_ln18_2_fu_6185_p2                                                                       |     |        | shl_ln18_2           | shl       | auto_pipe                | 0       |
|    val_17_fu_6211_p3                                                                           |     |        | val_17               | select    | auto_sel                 | 0       |
|    result_13_fu_6363_p2                                                                        |     |        | result_13            | sub       | fabric                   | 0       |
|    result_20_fu_6368_p3                                                                        |     |        | result_20            | select    | auto_sel                 | 0       |
|    icmp_ln518_fu_6384_p2                                                                       |     |        | icmp_ln518           | setgt     | auto                     | 0       |
|    iq1_1_fu_6468_p3                                                                            |     |        | iq1_1                | select    | auto_sel                 | 0       |
|    icmp_ln518_1_fu_6474_p2                                                                     |     |        | icmp_ln518_1         | setlt     | auto                     | 0       |
|    select_ln519_fu_6484_p3                                                                     |     |        | select_ln519         | select    | auto_sel                 | 0       |
|    fmul_32ns_32ns_32_7_max_dsp_1_U2828                                                         | 3   |        | fq2                  | fmul      | maxdsp                   | 6       |
|    icmp_ln522_fu_5785_p2                                                                       |     |        | icmp_ln522           | setne     | auto                     | 0       |
|    icmp_ln522_1_fu_5791_p2                                                                     |     |        | icmp_ln522_1         | seteq     | auto                     | 0       |
|    or_ln522_fu_5797_p2                                                                         |     |        | or_ln522             | or        | auto                     | 0       |
|    fcmp_32ns_32ns_1_3_no_dsp_1_U2832                                                           |     |        | tmp_38               | fcmp      | auto                     | 2       |
|    and_ln522_fu_5803_p2                                                                        |     |        | and_ln522            | and       | auto                     | 0       |
|    select_ln522_fu_5808_p3                                                                     |     |        | select_ln522         | select    | auto_sel                 | 0       |
|    fadd_32ns_32ns_32_11_full_dsp_1_U2824                                                       | 2   |        | dc_3                 | fadd      | fulldsp                  | 10      |
|    add_ln317_3_fu_6009_p2                                                                      |     |        | add_ln317_3          | add       | fabric                   | 0       |
|    sub_ln18_3_fu_6023_p2                                                                       |     |        | sub_ln18_3           | sub       | fabric                   | 0       |
|    select_ln18_8_fu_6033_p3                                                                    |     |        | select_ln18_8        | select    | auto_sel                 | 0       |
|    lshr_ln18_3_fu_6238_p2                                                                      |     |        | lshr_ln18_3          | lshr      | auto_pipe                | 0       |
|    shl_ln18_3_fu_6244_p2                                                                       |     |        | shl_ln18_3           | shl       | auto_pipe                | 0       |
|    val_18_fu_6270_p3                                                                           |     |        | val_18               | select    | auto_sel                 | 0       |
|    result_16_fu_6390_p2                                                                        |     |        | result_16            | sub       | fabric                   | 0       |
|    result_21_fu_6395_p3                                                                        |     |        | result_21            | select    | auto_sel                 | 0       |
|    icmp_ln523_fu_6411_p2                                                                       |     |        | icmp_ln523           | setgt     | auto                     | 0       |
|    iq2_1_fu_6492_p3                                                                            |     |        | iq2_1                | select    | auto_sel                 | 0       |
|    icmp_ln523_1_fu_6498_p2                                                                     |     |        | icmp_ln523_1         | setlt     | auto                     | 0       |
|    select_ln524_fu_6508_p3                                                                     |     |        | select_ln524         | select    | auto_sel                 | 0       |
|    fmul_32ns_32ns_32_7_max_dsp_1_U2829                                                         | 3   |        | fq3                  | fmul      | maxdsp                   | 6       |
|    icmp_ln527_fu_5833_p2                                                                       |     |        | icmp_ln527           | setne     | auto                     | 0       |
|    icmp_ln527_1_fu_5839_p2                                                                     |     |        | icmp_ln527_1         | seteq     | auto                     | 0       |
|    or_ln527_fu_5845_p2                                                                         |     |        | or_ln527             | or        | auto                     | 0       |
|    fcmp_32ns_32ns_1_3_no_dsp_1_U2833                                                           |     |        | tmp_40               | fcmp      | auto                     | 2       |
|    and_ln527_fu_5851_p2                                                                        |     |        | and_ln527            | and       | auto                     | 0       |
|    select_ln527_fu_5856_p3                                                                     |     |        | select_ln527         | select    | auto_sel                 | 0       |
|    fadd_32ns_32ns_32_11_full_dsp_1_U2825                                                       | 2   |        | dc_4                 | fadd      | fulldsp                  | 10      |
|    add_ln317_4_fu_6068_p2                                                                      |     |        | add_ln317_4          | add       | fabric                   | 0       |
|    sub_ln18_4_fu_6082_p2                                                                       |     |        | sub_ln18_4           | sub       | fabric                   | 0       |
|    select_ln18_10_fu_6092_p3                                                                   |     |        | select_ln18_10       | select    | auto_sel                 | 0       |
|    lshr_ln18_4_fu_6297_p2                                                                      |     |        | lshr_ln18_4          | lshr      | auto_pipe                | 0       |
|    shl_ln18_4_fu_6303_p2                                                                       |     |        | shl_ln18_4           | shl       | auto_pipe                | 0       |
|    val_19_fu_6329_p3                                                                           |     |        | val_19               | select    | auto_sel                 | 0       |
|    result_17_fu_6417_p2                                                                        |     |        | result_17            | sub       | fabric                   | 0       |
|    result_fu_6422_p3                                                                           |     |        | result               | select    | auto_sel                 | 0       |
|    icmp_ln528_fu_6438_p2                                                                       |     |        | icmp_ln528           | setgt     | auto                     | 0       |
|    iq3_1_fu_6516_p3                                                                            |     |        | iq3_1                | select    | auto_sel                 | 0       |
|    icmp_ln528_1_fu_6522_p2                                                                     |     |        | icmp_ln528_1         | setlt     | auto                     | 0       |
|    select_ln529_fu_6532_p3                                                                     |     |        | select_ln529         | select    | auto_sel                 | 0       |
|    add_ln498_fu_5662_p2                                                                        |     |        | add_ln498            | add       | fabric                   | 0       |
|   + load_row_wv_urm (grp_load_row_wv_urm_fu_2553)                                              | 0   |        |                      |           |                          |         |
|     empty_fu_650_p2                                                                            |     |        | empty                | add       | fabric                   | 0       |
|     empty_67_fu_660_p2                                                                         |     |        | empty_67             | add       | fabric                   | 0       |
|     tmp1_fu_686_p2                                                                             |     |        | tmp1                 | add       | fabric                   | 0       |
|     empty_69_fu_695_p2                                                                         |     |        | empty_69             | add       | fabric                   | 0       |
|    + load_row_wv_urm_Pipeline_LOAD_HDR_WV (grp_load_row_wv_urm_Pipeline_LOAD_HDR_WV_fu_350)    | 0   |        |                      |           |                          |         |
|      icmp_ln99_fu_1402_p2                                                                      |     |        | icmp_ln99            | seteq     | auto                     | 0       |
|      add_ln99_fu_1430_p2                                                                       |     |        | add_ln99             | add       | fabric                   | 0       |
|     + fp16_to_fp32 (grp_fp16_to_fp32_fu_1287)                                                  | 0   |        |                      |           |                          |         |
|       or_ln59_fu_118_p2                                                                        |     |        | or_ln59              | or        | auto                     | 0       |
|       icmp_ln59_fu_142_p2                                                                      |     |        | icmp_ln59            | seteq     | auto                     | 0       |
|       add_ln71_fu_509_p2                                                                       |     |        | add_ln71             | add       | fabric                   | 0       |
|       m_1_fu_168_p3                                                                            |     |        | m_1                  | select    | auto_sel                 | 0       |
|       e_fu_176_p3                                                                              |     |        | e                    | select    | auto_sel                 | 0       |
|       e_18_fu_198_p3                                                                           |     |        | e_18                 | select    | auto_sel                 | 0       |
|       m_3_fu_206_p3                                                                            |     |        | m_3                  | select    | auto_sel                 | 0       |
|       e_19_fu_214_p3                                                                           |     |        | e_19                 | select    | auto_sel                 | 0       |
|       e_20_fu_230_p2                                                                           |     |        | e_20                 | add       | fabric                   | 0       |
|       m_5_fu_249_p3                                                                            |     |        | m_5                  | select    | auto_sel                 | 0       |
|       e_21_fu_236_p3                                                                           |     |        | e_21                 | select    | auto_sel                 | 0       |
|       e_22_fu_269_p2                                                                           |     |        | e_22                 | add       | fabric                   | 0       |
|       m_7_fu_274_p3                                                                            |     |        | m_7                  | select    | auto_sel                 | 0       |
|       e_23_fu_282_p3                                                                           |     |        | e_23                 | select    | auto_sel                 | 0       |
|       e_24_fu_297_p2                                                                           |     |        | e_24                 | add       | fabric                   | 0       |
|       m_9_fu_316_p3                                                                            |     |        | m_9                  | select    | auto_sel                 | 0       |
|       e_25_fu_303_p3                                                                           |     |        | e_25                 | select    | auto_sel                 | 0       |
|       e_26_fu_336_p2                                                                           |     |        | e_26                 | add       | fabric                   | 0       |
|       m_11_fu_341_p3                                                                           |     |        | m_11                 | select    | auto_sel                 | 0       |
|       e_27_fu_349_p3                                                                           |     |        | e_27                 | select    | auto_sel                 | 0       |
|       e_28_fu_364_p2                                                                           |     |        | e_28                 | add       | fabric                   | 0       |
|       m_13_fu_383_p3                                                                           |     |        | m_13                 | select    | auto_sel                 | 0       |
|       e_29_fu_370_p3                                                                           |     |        | e_29                 | select    | auto_sel                 | 0       |
|       e_30_fu_403_p2                                                                           |     |        | e_30                 | add       | fabric                   | 0       |
|       m_15_fu_408_p3                                                                           |     |        | m_15                 | select    | auto_sel                 | 0       |
|       e_31_fu_416_p3                                                                           |     |        | e_31                 | select    | auto_sel                 | 0       |
|       e_32_fu_437_p2                                                                           |     |        | e_32                 | add       | fabric                   | 0       |
|       m_17_fu_443_p3                                                                           |     |        | m_17                 | select    | auto_sel                 | 0       |
|       e_33_fu_451_p3                                                                           |     |        | e_33                 | select    | auto_sel                 | 0       |
|       e_34_fu_535_p2                                                                           |     |        | e_34                 | add       | fabric                   | 0       |
|       select_ln65_fu_483_p3                                                                    |     |        | select_ln65          | select    | auto_sel                 | 0       |
|       select_ln62_fu_540_p3                                                                    |     |        | select_ln62          | select    | auto_sel                 | 0       |
|       icmp_ln61_fu_572_p2                                                                      |     |        | icmp_ln61            | seteq     | auto                     | 0       |
|       xor_ln59_fu_577_p2                                                                       |     |        | xor_ln59             | xor       | auto                     | 0       |
|       and_ln61_fu_582_p2                                                                       |     |        | and_ln61             | and       | auto                     | 0       |
|       icmp_ln61_1_fu_588_p2                                                                    |     |        | icmp_ln61_1          | seteq     | auto                     | 0       |
|       and_ln61_1_fu_593_p2                                                                     |     |        | and_ln61_1           | and       | auto                     | 0       |
|       sparsemux_9_3_32_1_0_U259                                                                |     |        | f32_4                | sparsemux | onehotencoding_realdef   | 0       |
|    + load_row_wv_urm_Pipeline_LOAD_NIB_WV (grp_load_row_wv_urm_Pipeline_LOAD_NIB_WV_fu_617)    | 0   |        |                      |           |                          |         |
|      icmp_ln117_fu_100_p2                                                                      |     |        | icmp_ln117           | seteq     | auto                     | 0       |
|      add_ln117_fu_106_p2                                                                       |     |        | add_ln117            | add       | fabric                   | 0       |
|   + mac_blocks_wv_k4_urm (grp_mac_blocks_wv_k4_urm_fu_2692)                                    | 96  |        |                      |           |                          |         |
|     icmp_ln275_fu_8392_p2                                                                      |     |        | icmp_ln275           | seteq     | auto                     | 0       |
|     sub_ln275_fu_8406_p2                                                                       |     |        | sub_ln275            | sub       | fabric                   | 0       |
|     select_ln275_fu_8412_p3                                                                    |     |        | select_ln275         | select    | auto_sel                 | 0       |
|     ctlz_48_48_1_1_U2007                                                                       |     |        | tmp_s                | ctlz      | auto                     | 0       |
|     sub_ln275_1_fu_8519_p2                                                                     |     |        | sub_ln275_1          | sub       | fabric                   | 0       |
|     add_ln275_fu_8612_p2                                                                       |     |        | add_ln275            | add       | fabric                   | 0       |
|     icmp_ln275_1_fu_8627_p2                                                                    |     |        | icmp_ln275_1         | setgt     | auto                     | 0       |
|     sub_ln275_4_fu_8525_p2                                                                     |     |        | sub_ln275_4          | sub       | fabric                   | 0       |
|     lshr_ln275_2_fu_8636_p2                                                                    |     |        | lshr_ln275_2         | lshr      | auto_pipe                | 0       |
|     and_ln275_fu_8642_p2                                                                       |     |        | and_ln275            | and       | auto                     | 0       |
|     icmp_ln275_2_fu_8647_p2                                                                    |     |        | icmp_ln275_2         | setne     | auto                     | 0       |
|     phi_ln275_fu_8653_p2                                                                       |     |        | phi_ln275            | and       | auto                     | 0       |
|     xor_ln275_fu_8667_p2                                                                       |     |        | xor_ln275            | xor       | auto                     | 0       |
|     bitselect_1ns_48ns_6ns_1_1_1_U2011                                                         |     |        | tmp_32               | bitselect | auto                     | 0       |
|     phi_ln275_1_fu_8680_p2                                                                     |     |        | phi_ln275_1          | and       | auto                     | 0       |
|     or_ln275_fu_8686_p2                                                                        |     |        | or_ln275             | or        | auto                     | 0       |
|     icmp_ln275_3_fu_8692_p2                                                                    |     |        | icmp_ln275_3         | setgt     | auto                     | 0       |
|     add_ln275_1_fu_8698_p2                                                                     |     |        | add_ln275_1          | add       | fabric                   | 0       |
|     lshr_ln275_fu_8711_p2                                                                      |     |        | lshr_ln275           | lshr      | auto_pipe                | 0       |
|     sub_ln275_2_fu_8716_p2                                                                     |     |        | sub_ln275_2          | sub       | fabric                   | 0       |
|     shl_ln275_fu_8729_p2                                                                       |     |        | shl_ln275            | shl       | auto_pipe                | 0       |
|     cond49_i_i224_in_fu_9100_p3                                                                |     |        | cond49_i_i224_in     | select    | auto_sel                 | 0       |
|     add_ln275_2_fu_9112_p2                                                                     |     |        | add_ln275_2          | add       | fabric                   | 0       |
|     select_ln275_1_fu_9140_p3                                                                  |     |        | select_ln275_1       | select    | auto_sel                 | 0       |
|     sub_ln275_3_fu_9148_p2                                                                     |     |        | sub_ln275_3          | sub       | fabric                   | 0       |
|     add_ln275_3_fu_9157_p2                                                                     |     |        | add_ln275_3          | add       | fabric                   | 0       |
|     retval_0_i_i236_fu_9190_p3                                                                 |     |        | retval_0_i_i236      | select    | auto_sel                 | 0       |
|     fmul_32ns_32ns_32_7_max_dsp_1_U2003                                                        | 3   |        | result0_write_assign | fmul      | maxdsp                   | 6       |
|     icmp_ln276_fu_8420_p2                                                                      |     |        | icmp_ln276           | seteq     | auto                     | 0       |
|     sub_ln276_fu_8434_p2                                                                       |     |        | sub_ln276            | sub       | fabric                   | 0       |
|     select_ln276_fu_8440_p3                                                                    |     |        | select_ln276         | select    | auto_sel                 | 0       |
|     ctlz_48_48_1_1_U2008                                                                       |     |        | tmp_154              | ctlz      | auto                     | 0       |
|     sub_ln276_1_fu_8546_p2                                                                     |     |        | sub_ln276_1          | sub       | fabric                   | 0       |
|     add_ln276_fu_8734_p2                                                                       |     |        | add_ln276            | add       | fabric                   | 0       |
|     icmp_ln276_1_fu_8749_p2                                                                    |     |        | icmp_ln276_1         | setgt     | auto                     | 0       |
|     sub_ln276_4_fu_8552_p2                                                                     |     |        | sub_ln276_4          | sub       | fabric                   | 0       |
|     lshr_ln276_2_fu_8758_p2                                                                    |     |        | lshr_ln276_2         | lshr      | auto_pipe                | 0       |
|     and_ln276_fu_8764_p2                                                                       |     |        | and_ln276            | and       | auto                     | 0       |
|     icmp_ln276_2_fu_8769_p2                                                                    |     |        | icmp_ln276_2         | setne     | auto                     | 0       |
|     phi_ln276_fu_8775_p2                                                                       |     |        | phi_ln276            | and       | auto                     | 0       |
|     xor_ln276_fu_8789_p2                                                                       |     |        | xor_ln276            | xor       | auto                     | 0       |
|     bitselect_1ns_48ns_6ns_1_1_1_U2012                                                         |     |        | tmp_37               | bitselect | auto                     | 0       |
|     phi_ln276_1_fu_8802_p2                                                                     |     |        | phi_ln276_1          | and       | auto                     | 0       |
|     or_ln276_fu_8808_p2                                                                        |     |        | or_ln276             | or        | auto                     | 0       |
|     icmp_ln276_3_fu_8814_p2                                                                    |     |        | icmp_ln276_3         | setgt     | auto                     | 0       |
|     add_ln276_1_fu_8820_p2                                                                     |     |        | add_ln276_1          | add       | fabric                   | 0       |
|     lshr_ln276_fu_8833_p2                                                                      |     |        | lshr_ln276           | lshr      | auto_pipe                | 0       |
|     sub_ln276_2_fu_8838_p2                                                                     |     |        | sub_ln276_2          | sub       | fabric                   | 0       |
|     shl_ln276_fu_8851_p2                                                                       |     |        | shl_ln276            | shl       | auto_pipe                | 0       |
|     cond49_i_i156_in_fu_9197_p3                                                                |     |        | cond49_i_i156_in     | select    | auto_sel                 | 0       |
|     add_ln276_2_fu_9209_p2                                                                     |     |        | add_ln276_2          | add       | fabric                   | 0       |
|     select_ln276_1_fu_9237_p3                                                                  |     |        | select_ln276_1       | select    | auto_sel                 | 0       |
|     sub_ln276_3_fu_9245_p2                                                                     |     |        | sub_ln276_3          | sub       | fabric                   | 0       |
|     add_ln276_3_fu_9254_p2                                                                     |     |        | add_ln276_3          | add       | fabric                   | 0       |
|     retval_0_i_i168_fu_9287_p3                                                                 |     |        | retval_0_i_i168      | select    | auto_sel                 | 0       |
|     fmul_32ns_32ns_32_7_max_dsp_1_U2004                                                        | 3   |        | result1_write_assign | fmul      | maxdsp                   | 6       |
|     icmp_ln277_fu_8448_p2                                                                      |     |        | icmp_ln277           | seteq     | auto                     | 0       |
|     sub_ln277_fu_8462_p2                                                                       |     |        | sub_ln277            | sub       | fabric                   | 0       |
|     select_ln277_fu_8468_p3                                                                    |     |        | select_ln277         | select    | auto_sel                 | 0       |
|     ctlz_48_48_1_1_U2009                                                                       |     |        | tmp_156              | ctlz      | auto                     | 0       |
|     sub_ln277_1_fu_8573_p2                                                                     |     |        | sub_ln277_1          | sub       | fabric                   | 0       |
|     add_ln277_fu_8856_p2                                                                       |     |        | add_ln277            | add       | fabric                   | 0       |
|     icmp_ln277_1_fu_8871_p2                                                                    |     |        | icmp_ln277_1         | setgt     | auto                     | 0       |
|     sub_ln277_4_fu_8579_p2                                                                     |     |        | sub_ln277_4          | sub       | fabric                   | 0       |
|     lshr_ln277_2_fu_8880_p2                                                                    |     |        | lshr_ln277_2         | lshr      | auto_pipe                | 0       |
|     and_ln277_fu_8886_p2                                                                       |     |        | and_ln277            | and       | auto                     | 0       |
|     icmp_ln277_2_fu_8891_p2                                                                    |     |        | icmp_ln277_2         | setne     | auto                     | 0       |
|     phi_ln277_fu_8897_p2                                                                       |     |        | phi_ln277            | and       | auto                     | 0       |
|     xor_ln277_fu_8911_p2                                                                       |     |        | xor_ln277            | xor       | auto                     | 0       |
|     bitselect_1ns_48ns_6ns_1_1_1_U2013                                                         |     |        | tmp_42               | bitselect | auto                     | 0       |
|     phi_ln277_1_fu_8924_p2                                                                     |     |        | phi_ln277_1          | and       | auto                     | 0       |
|     or_ln277_fu_8930_p2                                                                        |     |        | or_ln277             | or        | auto                     | 0       |
|     icmp_ln277_3_fu_8936_p2                                                                    |     |        | icmp_ln277_3         | setgt     | auto                     | 0       |
|     add_ln277_1_fu_8942_p2                                                                     |     |        | add_ln277_1          | add       | fabric                   | 0       |
|     lshr_ln277_fu_8955_p2                                                                      |     |        | lshr_ln277           | lshr      | auto_pipe                | 0       |
|     sub_ln277_2_fu_8960_p2                                                                     |     |        | sub_ln277_2          | sub       | fabric                   | 0       |
|     shl_ln277_fu_8973_p2                                                                       |     |        | shl_ln277            | shl       | auto_pipe                | 0       |
|     cond49_i_i88_in_fu_9294_p3                                                                 |     |        | cond49_i_i88_in      | select    | auto_sel                 | 0       |
|     add_ln277_2_fu_9306_p2                                                                     |     |        | add_ln277_2          | add       | fabric                   | 0       |
|     select_ln277_1_fu_9334_p3                                                                  |     |        | select_ln277_1       | select    | auto_sel                 | 0       |
|     sub_ln277_3_fu_9342_p2                                                                     |     |        | sub_ln277_3          | sub       | fabric                   | 0       |
|     add_ln277_3_fu_9351_p2                                                                     |     |        | add_ln277_3          | add       | fabric                   | 0       |
|     retval_0_i_i100_fu_9384_p3                                                                 |     |        | retval_0_i_i100      | select    | auto_sel                 | 0       |
|     fmul_32ns_32ns_32_7_max_dsp_1_U2005                                                        | 3   |        | result2_write_assign | fmul      | maxdsp                   | 6       |
|     icmp_ln278_fu_8476_p2                                                                      |     |        | icmp_ln278           | seteq     | auto                     | 0       |
|     sub_ln278_fu_8490_p2                                                                       |     |        | sub_ln278            | sub       | fabric                   | 0       |
|     select_ln278_fu_8496_p3                                                                    |     |        | select_ln278         | select    | auto_sel                 | 0       |
|     ctlz_48_48_1_1_U2010                                                                       |     |        | tmp_158              | ctlz      | auto                     | 0       |
|     sub_ln278_1_fu_8600_p2                                                                     |     |        | sub_ln278_1          | sub       | fabric                   | 0       |
|     add_ln278_fu_8978_p2                                                                       |     |        | add_ln278            | add       | fabric                   | 0       |
|     icmp_ln278_1_fu_8993_p2                                                                    |     |        | icmp_ln278_1         | setgt     | auto                     | 0       |
|     sub_ln278_4_fu_8606_p2                                                                     |     |        | sub_ln278_4          | sub       | fabric                   | 0       |
|     lshr_ln278_2_fu_9002_p2                                                                    |     |        | lshr_ln278_2         | lshr      | auto_pipe                | 0       |
|     and_ln278_fu_9008_p2                                                                       |     |        | and_ln278            | and       | auto                     | 0       |
|     icmp_ln278_2_fu_9013_p2                                                                    |     |        | icmp_ln278_2         | setne     | auto                     | 0       |
|     phi_ln278_fu_9019_p2                                                                       |     |        | phi_ln278            | and       | auto                     | 0       |
|     xor_ln278_fu_9033_p2                                                                       |     |        | xor_ln278            | xor       | auto                     | 0       |
|     bitselect_1ns_48ns_6ns_1_1_1_U2014                                                         |     |        | tmp_47               | bitselect | auto                     | 0       |
|     phi_ln278_1_fu_9046_p2                                                                     |     |        | phi_ln278_1          | and       | auto                     | 0       |
|     or_ln278_fu_9052_p2                                                                        |     |        | or_ln278             | or        | auto                     | 0       |
|     icmp_ln278_3_fu_9058_p2                                                                    |     |        | icmp_ln278_3         | setgt     | auto                     | 0       |
|     add_ln278_1_fu_9064_p2                                                                     |     |        | add_ln278_1          | add       | fabric                   | 0       |
|     lshr_ln278_fu_9077_p2                                                                      |     |        | lshr_ln278           | lshr      | auto_pipe                | 0       |
|     sub_ln278_2_fu_9082_p2                                                                     |     |        | sub_ln278_2          | sub       | fabric                   | 0       |
|     shl_ln278_fu_9095_p2                                                                       |     |        | shl_ln278            | shl       | auto_pipe                | 0       |
|     cond49_i_i_in_fu_9391_p3                                                                   |     |        | cond49_i_i_in        | select    | auto_sel                 | 0       |
|     add_ln278_2_fu_9403_p2                                                                     |     |        | add_ln278_2          | add       | fabric                   | 0       |
|     select_ln278_1_fu_9431_p3                                                                  |     |        | select_ln278_1       | select    | auto_sel                 | 0       |
|     sub_ln278_3_fu_9439_p2                                                                     |     |        | sub_ln278_3          | sub       | fabric                   | 0       |
|     add_ln278_3_fu_9448_p2                                                                     |     |        | add_ln278_3          | add       | fabric                   | 0       |
|     retval_0_i_i_fu_9481_p3                                                                    |     |        | retval_0_i_i         | select    | auto_sel                 | 0       |
|     fmul_32ns_32ns_32_7_max_dsp_1_U2006                                                        | 3   |        | result3_write_assign | fmul      | maxdsp                   | 6       |
|    + mac_blocks_wv_k4_urm_Pipeline_MAC_ALL (grp_mac_blocks_wv_k4_urm_Pipeline_MAC_ALL_fu_5508) | 64  |        |                      |           |                          |         |
|      icmp_ln221_fu_10890_p2                                                                    |     |        | icmp_ln221           | seteq     | auto                     | 0       |
|      add_ln221_fu_10896_p2                                                                     |     |        | add_ln221            | add       | fabric                   | 0       |
|      sparsemux_33_4_8_1_1_U595                                                                 |     |        | xi8                  | sparsemux | compactencoding_dontcare | 0       |
|      mul_8s_4ns_12_1_1_U603                                                                    |     |        | mul_ln248            | mul       | auto                     | 0       |
|      sparsemux_17_3_8_1_1_U531                                                                 |     |        | tmp_26               | sparsemux | compactencoding_dontcare | 0       |
|      mac_muladd_12s_8s_32s_32_4_1_U731                                                         | 1   |        | mul_ln248_1          | mul       | dsp_slice                | 3       |
|      mac_muladd_12s_8s_32s_32_4_1_U731                                                         | 1   |        | sext_ln248_3         | sext      | dsp_slice                | 3       |
|      sparsemux_9_2_32_1_1_U667                                                                 |     |        | tmp_27               | sparsemux | compactencoding_dontcare | 0       |
|      mac_muladd_12s_8s_32s_32_4_1_U731                                                         | 1   |        | acc_w0_32            | add       | dsp_slice                | 3       |
|      sparsemux_17_3_8_1_1_U532                                                                 |     |        | tmp_28               | sparsemux | compactencoding_dontcare | 0       |
|      mac_muladd_8s_8s_32s_32_4_1_U699                                                          | 1   |        | mul_ln249            | mul       | dsp_slice                | 3       |
|      mac_muladd_8s_8s_32s_32_4_1_U699                                                          | 1   |        | sext_ln249_2         | sext      | dsp_slice                | 3       |
|      mul_8s_4ns_12_1_1_U604                                                                    |     |        | mul_ln250            | mul       | auto                     | 0       |
|      sparsemux_17_3_8_1_1_U533                                                                 |     |        | tmp_29               | sparsemux | compactencoding_dontcare | 0       |
|      mac_muladd_12s_8s_32s_32_4_1_U732                                                         | 1   |        | mul_ln250_1          | mul       | dsp_slice                | 3       |
|      mac_muladd_12s_8s_32s_32_4_1_U732                                                         | 1   |        | sext_ln250_2         | sext      | dsp_slice                | 3       |
|      sparsemux_17_3_8_1_1_U534                                                                 |     |        | tmp_30               | sparsemux | compactencoding_dontcare | 0       |
|      mac_muladd_8s_8s_32s_32_4_1_U700                                                          | 1   |        | mul_ln251            | mul       | dsp_slice                | 3       |
|      mac_muladd_8s_8s_32s_32_4_1_U700                                                          | 1   |        | sext_ln251_1         | sext      | dsp_slice                | 3       |
|      mul_8s_4ns_12_1_1_U605                                                                    |     |        | mul_ln252            | mul       | auto                     | 0       |
|      sparsemux_17_3_8_1_1_U535                                                                 |     |        | tmp_s                | sparsemux | compactencoding_dontcare | 0       |
|      mac_muladd_12s_8s_32s_32_4_1_U733                                                         | 1   |        | mul_ln252_1          | mul       | dsp_slice                | 3       |
|      mac_muladd_12s_8s_32s_32_4_1_U733                                                         | 1   |        | sext_ln252_2         | sext      | dsp_slice                | 3       |
|      sparsemux_17_3_8_1_1_U536                                                                 |     |        | tmp_31               | sparsemux | compactencoding_dontcare | 0       |
|      mac_muladd_8s_8s_32s_32_4_1_U701                                                          | 1   |        | mul_ln253            | mul       | dsp_slice                | 3       |
|      mac_muladd_8s_8s_32s_32_4_1_U701                                                          | 1   |        | sext_ln253_1         | sext      | dsp_slice                | 3       |
|      mul_8s_4ns_12_1_1_U606                                                                    |     |        | mul_ln254            | mul       | auto                     | 0       |
|      sparsemux_17_3_8_1_1_U537                                                                 |     |        | tmp_32               | sparsemux | compactencoding_dontcare | 0       |
|      mac_muladd_12s_8s_32s_32_4_1_U734                                                         | 1   |        | mul_ln254_1          | mul       | dsp_slice                | 3       |
|      mac_muladd_12s_8s_32s_32_4_1_U734                                                         | 1   |        | sext_ln254_2         | sext      | dsp_slice                | 3       |
|      sparsemux_17_3_8_1_1_U538                                                                 |     |        | tmp_33               | sparsemux | compactencoding_dontcare | 0       |
|      mac_muladd_8s_8s_32s_32_4_1_U702                                                          | 1   |        | mul_ln255            | mul       | dsp_slice                | 3       |
|      mac_muladd_8s_8s_32s_32_4_1_U702                                                          | 1   |        | sext_ln255_1         | sext      | dsp_slice                | 3       |
|      sparsemux_17_3_8_1_1_U539                                                                 |     |        | tmp_34               | sparsemux | compactencoding_dontcare | 0       |
|      sparsemux_17_3_8_1_1_U540                                                                 |     |        | tmp_35               | sparsemux | compactencoding_dontcare | 0       |
|      sparsemux_17_3_8_1_1_U541                                                                 |     |        | tmp_36               | sparsemux | compactencoding_dontcare | 0       |
|      sparsemux_17_3_8_1_1_U542                                                                 |     |        | tmp_37               | sparsemux | compactencoding_dontcare | 0       |
|      sparsemux_17_3_8_1_1_U543                                                                 |     |        | tmp_38               | sparsemux | compactencoding_dontcare | 0       |
|      sparsemux_17_3_8_1_1_U544                                                                 |     |        | tmp_39               | sparsemux | compactencoding_dontcare | 0       |
|      sparsemux_17_3_8_1_1_U545                                                                 |     |        | tmp_40               | sparsemux | compactencoding_dontcare | 0       |
|      sparsemux_17_3_8_1_1_U546                                                                 |     |        | tmp_41               | sparsemux | compactencoding_dontcare | 0       |
|      sparsemux_17_3_8_1_1_U547                                                                 |     |        | tmp_42               | sparsemux | compactencoding_dontcare | 0       |
|      sparsemux_17_3_8_1_1_U548                                                                 |     |        | tmp_43               | sparsemux | compactencoding_dontcare | 0       |
|      sparsemux_17_3_8_1_1_U549                                                                 |     |        | tmp_44               | sparsemux | compactencoding_dontcare | 0       |
|      sparsemux_17_3_8_1_1_U550                                                                 |     |        | tmp_45               | sparsemux | compactencoding_dontcare | 0       |
|      sparsemux_17_3_8_1_1_U551                                                                 |     |        | tmp_46               | sparsemux | compactencoding_dontcare | 0       |
|      sparsemux_17_3_8_1_1_U552                                                                 |     |        | tmp_47               | sparsemux | compactencoding_dontcare | 0       |
|      sparsemux_17_3_8_1_1_U553                                                                 |     |        | tmp_48               | sparsemux | compactencoding_dontcare | 0       |
|      sparsemux_17_3_8_1_1_U554                                                                 |     |        | tmp_49               | sparsemux | compactencoding_dontcare | 0       |
|      sparsemux_17_3_8_1_1_U555                                                                 |     |        | tmp_50               | sparsemux | compactencoding_dontcare | 0       |
|      sparsemux_17_3_8_1_1_U556                                                                 |     |        | tmp_51               | sparsemux | compactencoding_dontcare | 0       |
|      sparsemux_17_3_8_1_1_U557                                                                 |     |        | tmp_52               | sparsemux | compactencoding_dontcare | 0       |
|      sparsemux_17_3_8_1_1_U558                                                                 |     |        | tmp_53               | sparsemux | compactencoding_dontcare | 0       |
|      sparsemux_17_3_8_1_1_U559                                                                 |     |        | tmp_54               | sparsemux | compactencoding_dontcare | 0       |
|      sparsemux_17_3_8_1_1_U560                                                                 |     |        | tmp_55               | sparsemux | compactencoding_dontcare | 0       |
|      sparsemux_17_3_8_1_1_U561                                                                 |     |        | tmp_56               | sparsemux | compactencoding_dontcare | 0       |
|      sparsemux_17_3_8_1_1_U562                                                                 |     |        | tmp_57               | sparsemux | compactencoding_dontcare | 0       |
|      sparsemux_17_3_8_1_1_U563                                                                 |     |        | tmp_58               | sparsemux | compactencoding_dontcare | 0       |
|      sparsemux_17_3_8_1_1_U564                                                                 |     |        | tmp_59               | sparsemux | compactencoding_dontcare | 0       |
|      sparsemux_17_3_8_1_1_U565                                                                 |     |        | tmp_60               | sparsemux | compactencoding_dontcare | 0       |
|      sparsemux_17_3_8_1_1_U566                                                                 |     |        | tmp_61               | sparsemux | compactencoding_dontcare | 0       |
|      sparsemux_17_3_8_1_1_U567                                                                 |     |        | tmp_62               | sparsemux | compactencoding_dontcare | 0       |
|      sparsemux_17_3_8_1_1_U568                                                                 |     |        | tmp_63               | sparsemux | compactencoding_dontcare | 0       |
|      sparsemux_17_3_8_1_1_U569                                                                 |     |        | tmp_64               | sparsemux | compactencoding_dontcare | 0       |
|      sparsemux_17_3_8_1_1_U570                                                                 |     |        | tmp_65               | sparsemux | compactencoding_dontcare | 0       |
|      sparsemux_17_3_8_1_1_U571                                                                 |     |        | tmp_66               | sparsemux | compactencoding_dontcare | 0       |
|      sparsemux_17_3_8_1_1_U572                                                                 |     |        | tmp_67               | sparsemux | compactencoding_dontcare | 0       |
|      sparsemux_17_3_8_1_1_U573                                                                 |     |        | tmp_68               | sparsemux | compactencoding_dontcare | 0       |
|      sparsemux_17_3_8_1_1_U574                                                                 |     |        | tmp_69               | sparsemux | compactencoding_dontcare | 0       |
|      sparsemux_17_3_8_1_1_U575                                                                 |     |        | tmp_70               | sparsemux | compactencoding_dontcare | 0       |
|      sparsemux_17_3_8_1_1_U576                                                                 |     |        | tmp_71               | sparsemux | compactencoding_dontcare | 0       |
|      sparsemux_17_3_8_1_1_U577                                                                 |     |        | tmp_72               | sparsemux | compactencoding_dontcare | 0       |
|      sparsemux_17_3_8_1_1_U578                                                                 |     |        | tmp_73               | sparsemux | compactencoding_dontcare | 0       |
|      sparsemux_17_3_8_1_1_U579                                                                 |     |        | tmp_74               | sparsemux | compactencoding_dontcare | 0       |
|      sparsemux_17_3_8_1_1_U580                                                                 |     |        | tmp_75               | sparsemux | compactencoding_dontcare | 0       |
|      sparsemux_17_3_8_1_1_U581                                                                 |     |        | tmp_76               | sparsemux | compactencoding_dontcare | 0       |
|      sparsemux_17_3_8_1_1_U582                                                                 |     |        | tmp_77               | sparsemux | compactencoding_dontcare | 0       |
|      sparsemux_17_3_8_1_1_U583                                                                 |     |        | tmp_78               | sparsemux | compactencoding_dontcare | 0       |
|      sparsemux_17_3_8_1_1_U584                                                                 |     |        | tmp_79               | sparsemux | compactencoding_dontcare | 0       |
|      sparsemux_17_3_8_1_1_U585                                                                 |     |        | tmp_80               | sparsemux | compactencoding_dontcare | 0       |
|      sparsemux_17_3_8_1_1_U586                                                                 |     |        | tmp_81               | sparsemux | compactencoding_dontcare | 0       |
|      sparsemux_33_4_8_1_1_U596                                                                 |     |        | xi8_1                | sparsemux | compactencoding_dontcare | 0       |
|      mul_8s_4ns_12_1_1_U607                                                                    |     |        | mul_ln248_2          | mul       | auto                     | 0       |
|      mac_muladd_12s_8s_32s_32_4_1_U735                                                         | 1   |        | mul_ln248_3          | mul       | dsp_slice                | 3       |
|      mac_muladd_12s_8s_32s_32_4_1_U735                                                         | 1   |        | sext_ln248_6         | sext      | dsp_slice                | 3       |
|      mac_muladd_8s_8s_32s_32_4_1_U703                                                          | 1   |        | mul_ln249_1          | mul       | dsp_slice                | 3       |
|      mac_muladd_8s_8s_32s_32_4_1_U703                                                          | 1   |        | sext_ln249_10        | sext      | dsp_slice                | 3       |
|      mul_8s_4ns_12_1_1_U608                                                                    |     |        | mul_ln250_2          | mul       | auto                     | 0       |
|      mac_muladd_12s_8s_32s_32_4_1_U736                                                         | 1   |        | mul_ln250_3          | mul       | dsp_slice                | 3       |
|      mac_muladd_12s_8s_32s_32_4_1_U736                                                         | 1   |        | sext_ln250_4         | sext      | dsp_slice                | 3       |
|      mac_muladd_8s_8s_32s_32_4_1_U704                                                          | 1   |        | mul_ln251_1          | mul       | dsp_slice                | 3       |
|      mac_muladd_8s_8s_32s_32_4_1_U704                                                          | 1   |        | sext_ln251_8         | sext      | dsp_slice                | 3       |
|      mul_8s_4ns_12_1_1_U609                                                                    |     |        | mul_ln252_2          | mul       | auto                     | 0       |
|      mac_muladd_12s_8s_32s_32_4_1_U737                                                         | 1   |        | mul_ln252_3          | mul       | dsp_slice                | 3       |
|      mac_muladd_12s_8s_32s_32_4_1_U737                                                         | 1   |        | sext_ln252_4         | sext      | dsp_slice                | 3       |
|      mac_muladd_8s_8s_32s_32_4_1_U705                                                          | 1   |        | mul_ln253_1          | mul       | dsp_slice                | 3       |
|      mac_muladd_8s_8s_32s_32_4_1_U705                                                          | 1   |        | sext_ln253_8         | sext      | dsp_slice                | 3       |
|      mul_8s_4ns_12_1_1_U610                                                                    |     |        | mul_ln254_2          | mul       | auto                     | 0       |
|      mac_muladd_12s_8s_32s_32_4_1_U738                                                         | 1   |        | mul_ln254_3          | mul       | dsp_slice                | 3       |
|      mac_muladd_12s_8s_32s_32_4_1_U738                                                         | 1   |        | sext_ln254_4         | sext      | dsp_slice                | 3       |
|      mac_muladd_8s_8s_32s_32_4_1_U706                                                          | 1   |        | mul_ln255_1          | mul       | dsp_slice                | 3       |
|      mac_muladd_8s_8s_32s_32_4_1_U706                                                          | 1   |        | sext_ln255_8         | sext      | dsp_slice                | 3       |
|      sparsemux_33_4_8_1_1_U597                                                                 |     |        | xi8_2                | sparsemux | compactencoding_dontcare | 0       |
|      mul_8s_4ns_12_1_1_U611                                                                    |     |        | mul_ln248_4          | mul       | auto                     | 0       |
|      mac_muladd_12s_8s_32s_32_4_1_U739                                                         | 1   |        | mul_ln248_5          | mul       | dsp_slice                | 3       |
|      mac_muladd_12s_8s_32s_32_4_1_U739                                                         | 1   |        | sext_ln248_9         | sext      | dsp_slice                | 3       |
|      mac_muladd_8s_8s_32s_32_4_1_U707                                                          | 1   |        | mul_ln249_2          | mul       | dsp_slice                | 3       |
|      mac_muladd_8s_8s_32s_32_4_1_U707                                                          | 1   |        | sext_ln249_12        | sext      | dsp_slice                | 3       |
|      mul_8s_4ns_12_1_1_U612                                                                    |     |        | mul_ln250_4          | mul       | auto                     | 0       |
|      mac_muladd_12s_8s_32s_32_4_1_U740                                                         | 1   |        | mul_ln250_5          | mul       | dsp_slice                | 3       |
|      mac_muladd_12s_8s_32s_32_4_1_U740                                                         | 1   |        | sext_ln250_6         | sext      | dsp_slice                | 3       |
|      mac_muladd_8s_8s_32s_32_4_1_U708                                                          | 1   |        | mul_ln251_2          | mul       | dsp_slice                | 3       |
|      mac_muladd_8s_8s_32s_32_4_1_U708                                                          | 1   |        | sext_ln251_9         | sext      | dsp_slice                | 3       |
|      mul_8s_4ns_12_1_1_U613                                                                    |     |        | mul_ln252_4          | mul       | auto                     | 0       |
|      mac_muladd_12s_8s_32s_32_4_1_U741                                                         | 1   |        | mul_ln252_5          | mul       | dsp_slice                | 3       |
|      mac_muladd_12s_8s_32s_32_4_1_U741                                                         | 1   |        | sext_ln252_6         | sext      | dsp_slice                | 3       |
|      mac_muladd_8s_8s_32s_32_4_1_U709                                                          | 1   |        | mul_ln253_2          | mul       | dsp_slice                | 3       |
|      mac_muladd_8s_8s_32s_32_4_1_U709                                                          | 1   |        | sext_ln253_9         | sext      | dsp_slice                | 3       |
|      mul_8s_4ns_12_1_1_U614                                                                    |     |        | mul_ln254_4          | mul       | auto                     | 0       |
|      mac_muladd_12s_8s_32s_32_4_1_U742                                                         | 1   |        | mul_ln254_5          | mul       | dsp_slice                | 3       |
|      mac_muladd_12s_8s_32s_32_4_1_U742                                                         | 1   |        | sext_ln254_6         | sext      | dsp_slice                | 3       |
|      mac_muladd_8s_8s_32s_32_4_1_U710                                                          | 1   |        | mul_ln255_2          | mul       | dsp_slice                | 3       |
|      mac_muladd_8s_8s_32s_32_4_1_U710                                                          | 1   |        | sext_ln255_9         | sext      | dsp_slice                | 3       |
|      sparsemux_33_4_8_1_1_U598                                                                 |     |        | xi8_3                | sparsemux | compactencoding_dontcare | 0       |
|      mul_8s_4ns_12_1_1_U615                                                                    |     |        | mul_ln248_6          | mul       | auto                     | 0       |
|      mac_muladd_12s_8s_32s_32_4_1_U743                                                         | 1   |        | mul_ln248_7          | mul       | dsp_slice                | 3       |
|      mac_muladd_12s_8s_32s_32_4_1_U743                                                         | 1   |        | sext_ln248_12        | sext      | dsp_slice                | 3       |
|      mac_muladd_8s_8s_32s_32_4_1_U711                                                          | 1   |        | mul_ln249_3          | mul       | dsp_slice                | 3       |
|      mac_muladd_8s_8s_32s_32_4_1_U711                                                          | 1   |        | sext_ln249_14        | sext      | dsp_slice                | 3       |
|      mul_8s_4ns_12_1_1_U616                                                                    |     |        | mul_ln250_6          | mul       | auto                     | 0       |
|      mac_muladd_12s_8s_32s_32_4_1_U744                                                         | 1   |        | mul_ln250_7          | mul       | dsp_slice                | 3       |
|      mac_muladd_12s_8s_32s_32_4_1_U744                                                         | 1   |        | sext_ln250_8         | sext      | dsp_slice                | 3       |
|      mac_muladd_8s_8s_32s_32_4_1_U712                                                          | 1   |        | mul_ln251_3          | mul       | dsp_slice                | 3       |
|      mac_muladd_8s_8s_32s_32_4_1_U712                                                          | 1   |        | sext_ln251_10        | sext      | dsp_slice                | 3       |
|      mul_8s_4ns_12_1_1_U617                                                                    |     |        | mul_ln252_6          | mul       | auto                     | 0       |
|      mac_muladd_12s_8s_32s_32_4_1_U745                                                         | 1   |        | mul_ln252_7          | mul       | dsp_slice                | 3       |
|      mac_muladd_12s_8s_32s_32_4_1_U745                                                         | 1   |        | sext_ln252_8         | sext      | dsp_slice                | 3       |
|      mac_muladd_8s_8s_32s_32_4_1_U713                                                          | 1   |        | mul_ln253_3          | mul       | dsp_slice                | 3       |
|      mac_muladd_8s_8s_32s_32_4_1_U713                                                          | 1   |        | sext_ln253_10        | sext      | dsp_slice                | 3       |
|      mul_8s_4ns_12_1_1_U618                                                                    |     |        | mul_ln254_6          | mul       | auto                     | 0       |
|      mac_muladd_12s_8s_32s_32_4_1_U746                                                         | 1   |        | mul_ln254_7          | mul       | dsp_slice                | 3       |
|      mac_muladd_12s_8s_32s_32_4_1_U746                                                         | 1   |        | sext_ln254_8         | sext      | dsp_slice                | 3       |
|      mac_muladd_8s_8s_32s_32_4_1_U714                                                          | 1   |        | mul_ln255_3          | mul       | dsp_slice                | 3       |
|      mac_muladd_8s_8s_32s_32_4_1_U714                                                          | 1   |        | sext_ln255_10        | sext      | dsp_slice                | 3       |
|      sparsemux_33_4_8_1_1_U599                                                                 |     |        | xi8_4                | sparsemux | compactencoding_dontcare | 0       |
|      mul_8s_4ns_12_1_1_U619                                                                    |     |        | mul_ln248_8          | mul       | auto                     | 0       |
|      mac_muladd_12s_8s_32s_32_4_1_U747                                                         | 1   |        | mul_ln248_9          | mul       | dsp_slice                | 3       |
|      mac_muladd_12s_8s_32s_32_4_1_U747                                                         | 1   |        | sext_ln248_15        | sext      | dsp_slice                | 3       |
|      mac_muladd_8s_8s_32s_32_4_1_U715                                                          | 1   |        | mul_ln249_4          | mul       | dsp_slice                | 3       |
|      mac_muladd_8s_8s_32s_32_4_1_U715                                                          | 1   |        | sext_ln249_16        | sext      | dsp_slice                | 3       |
|      mul_8s_4ns_12_1_1_U620                                                                    |     |        | mul_ln250_8          | mul       | auto                     | 0       |
|      mac_muladd_12s_8s_32s_32_4_1_U748                                                         | 1   |        | mul_ln250_9          | mul       | dsp_slice                | 3       |
|      mac_muladd_12s_8s_32s_32_4_1_U748                                                         | 1   |        | sext_ln250_10        | sext      | dsp_slice                | 3       |
|      mac_muladd_8s_8s_32s_32_4_1_U716                                                          | 1   |        | mul_ln251_4          | mul       | dsp_slice                | 3       |
|      mac_muladd_8s_8s_32s_32_4_1_U716                                                          | 1   |        | sext_ln251_11        | sext      | dsp_slice                | 3       |
|      mul_8s_4ns_12_1_1_U621                                                                    |     |        | mul_ln252_8          | mul       | auto                     | 0       |
|      mac_muladd_12s_8s_32s_32_4_1_U749                                                         | 1   |        | mul_ln252_9          | mul       | dsp_slice                | 3       |
|      mac_muladd_12s_8s_32s_32_4_1_U749                                                         | 1   |        | sext_ln252_10        | sext      | dsp_slice                | 3       |
|      mac_muladd_8s_8s_32s_32_4_1_U717                                                          | 1   |        | mul_ln253_4          | mul       | dsp_slice                | 3       |
|      mac_muladd_8s_8s_32s_32_4_1_U717                                                          | 1   |        | sext_ln253_11        | sext      | dsp_slice                | 3       |
|      mul_8s_4ns_12_1_1_U622                                                                    |     |        | mul_ln254_8          | mul       | auto                     | 0       |
|      mac_muladd_12s_8s_32s_32_4_1_U750                                                         | 1   |        | mul_ln254_9          | mul       | dsp_slice                | 3       |
|      mac_muladd_12s_8s_32s_32_4_1_U750                                                         | 1   |        | sext_ln254_10        | sext      | dsp_slice                | 3       |
|      mac_muladd_8s_8s_32s_32_4_1_U718                                                          | 1   |        | mul_ln255_4          | mul       | dsp_slice                | 3       |
|      mac_muladd_8s_8s_32s_32_4_1_U718                                                          | 1   |        | sext_ln255_11        | sext      | dsp_slice                | 3       |
|      sparsemux_33_4_8_1_1_U600                                                                 |     |        | xi8_5                | sparsemux | compactencoding_dontcare | 0       |
|      mul_8s_4ns_12_1_1_U623                                                                    |     |        | mul_ln248_10         | mul       | auto                     | 0       |
|      mac_muladd_12s_8s_32s_32_4_1_U751                                                         | 1   |        | mul_ln248_11         | mul       | dsp_slice                | 3       |
|      mac_muladd_12s_8s_32s_32_4_1_U751                                                         | 1   |        | sext_ln248_18        | sext      | dsp_slice                | 3       |
|      mac_muladd_8s_8s_32s_32_4_1_U719                                                          | 1   |        | mul_ln249_5          | mul       | dsp_slice                | 3       |
|      mac_muladd_8s_8s_32s_32_4_1_U719                                                          | 1   |        | sext_ln249_18        | sext      | dsp_slice                | 3       |
|      mul_8s_4ns_12_1_1_U624                                                                    |     |        | mul_ln250_10         | mul       | auto                     | 0       |
|      mac_muladd_12s_8s_32s_32_4_1_U752                                                         | 1   |        | mul_ln250_11         | mul       | dsp_slice                | 3       |
|      mac_muladd_12s_8s_32s_32_4_1_U752                                                         | 1   |        | sext_ln250_12        | sext      | dsp_slice                | 3       |
|      mac_muladd_8s_8s_32s_32_4_1_U720                                                          | 1   |        | mul_ln251_5          | mul       | dsp_slice                | 3       |
|      mac_muladd_8s_8s_32s_32_4_1_U720                                                          | 1   |        | sext_ln251_12        | sext      | dsp_slice                | 3       |
|      mul_8s_4ns_12_1_1_U625                                                                    |     |        | mul_ln252_10         | mul       | auto                     | 0       |
|      mac_muladd_12s_8s_32s_32_4_1_U753                                                         | 1   |        | mul_ln252_11         | mul       | dsp_slice                | 3       |
|      mac_muladd_12s_8s_32s_32_4_1_U753                                                         | 1   |        | sext_ln252_12        | sext      | dsp_slice                | 3       |
|      mac_muladd_8s_8s_32s_32_4_1_U721                                                          | 1   |        | mul_ln253_5          | mul       | dsp_slice                | 3       |
|      mac_muladd_8s_8s_32s_32_4_1_U721                                                          | 1   |        | sext_ln253_12        | sext      | dsp_slice                | 3       |
|      mul_8s_4ns_12_1_1_U626                                                                    |     |        | mul_ln254_10         | mul       | auto                     | 0       |
|      mac_muladd_12s_8s_32s_32_4_1_U754                                                         | 1   |        | mul_ln254_11         | mul       | dsp_slice                | 3       |
|      mac_muladd_12s_8s_32s_32_4_1_U754                                                         | 1   |        | sext_ln254_12        | sext      | dsp_slice                | 3       |
|      mac_muladd_8s_8s_32s_32_4_1_U722                                                          | 1   |        | mul_ln255_5          | mul       | dsp_slice                | 3       |
|      mac_muladd_8s_8s_32s_32_4_1_U722                                                          | 1   |        | sext_ln255_12        | sext      | dsp_slice                | 3       |
|      sparsemux_33_4_8_1_1_U601                                                                 |     |        | xi8_6                | sparsemux | compactencoding_dontcare | 0       |
|      mul_8s_4ns_12_1_1_U627                                                                    |     |        | mul_ln248_12         | mul       | auto                     | 0       |
|      mac_muladd_12s_8s_32s_32_4_1_U755                                                         | 1   |        | mul_ln248_13         | mul       | dsp_slice                | 3       |
|      mac_muladd_12s_8s_32s_32_4_1_U755                                                         | 1   |        | sext_ln248_21        | sext      | dsp_slice                | 3       |
|      mac_muladd_8s_8s_32s_32_4_1_U723                                                          | 1   |        | mul_ln249_6          | mul       | dsp_slice                | 3       |
|      mac_muladd_8s_8s_32s_32_4_1_U723                                                          | 1   |        | sext_ln249_20        | sext      | dsp_slice                | 3       |
|      mul_8s_4ns_12_1_1_U628                                                                    |     |        | mul_ln250_12         | mul       | auto                     | 0       |
|      mac_muladd_12s_8s_32s_32_4_1_U756                                                         | 1   |        | mul_ln250_13         | mul       | dsp_slice                | 3       |
|      mac_muladd_12s_8s_32s_32_4_1_U756                                                         | 1   |        | sext_ln250_14        | sext      | dsp_slice                | 3       |
|      mac_muladd_8s_8s_32s_32_4_1_U724                                                          | 1   |        | mul_ln251_6          | mul       | dsp_slice                | 3       |
|      mac_muladd_8s_8s_32s_32_4_1_U724                                                          | 1   |        | sext_ln251_13        | sext      | dsp_slice                | 3       |
|      mul_8s_4ns_12_1_1_U629                                                                    |     |        | mul_ln252_12         | mul       | auto                     | 0       |
|      mac_muladd_12s_8s_32s_32_4_1_U757                                                         | 1   |        | mul_ln252_13         | mul       | dsp_slice                | 3       |
|      mac_muladd_12s_8s_32s_32_4_1_U757                                                         | 1   |        | sext_ln252_14        | sext      | dsp_slice                | 3       |
|      mac_muladd_8s_8s_32s_32_4_1_U725                                                          | 1   |        | mul_ln253_6          | mul       | dsp_slice                | 3       |
|      mac_muladd_8s_8s_32s_32_4_1_U725                                                          | 1   |        | sext_ln253_13        | sext      | dsp_slice                | 3       |
|      mul_8s_4ns_12_1_1_U630                                                                    |     |        | mul_ln254_12         | mul       | auto                     | 0       |
|      mac_muladd_12s_8s_32s_32_4_1_U758                                                         | 1   |        | mul_ln254_13         | mul       | dsp_slice                | 3       |
|      mac_muladd_12s_8s_32s_32_4_1_U758                                                         | 1   |        | sext_ln254_14        | sext      | dsp_slice                | 3       |
|      mac_muladd_8s_8s_32s_32_4_1_U726                                                          | 1   |        | mul_ln255_6          | mul       | dsp_slice                | 3       |
|      mac_muladd_8s_8s_32s_32_4_1_U726                                                          | 1   |        | sext_ln255_13        | sext      | dsp_slice                | 3       |
|      sparsemux_33_4_8_1_1_U602                                                                 |     |        | xi8_7                | sparsemux | compactencoding_dontcare | 0       |
|      mul_8s_4ns_12_1_1_U631                                                                    |     |        | mul_ln248_14         | mul       | auto                     | 0       |
|      sparsemux_17_3_8_1_1_U587                                                                 |     |        | tmp_82               | sparsemux | compactencoding_dontcare | 0       |
|      mac_muladd_12s_8s_32s_32_4_1_U759                                                         | 1   |        | mul_ln248_15         | mul       | dsp_slice                | 3       |
|      mac_muladd_12s_8s_32s_32_4_1_U759                                                         | 1   |        | sext_ln248_25        | sext      | dsp_slice                | 3       |
|      sparsemux_17_3_8_1_1_U588                                                                 |     |        | tmp_83               | sparsemux | compactencoding_dontcare | 0       |
|      mac_muladd_8s_8s_32s_32_4_1_U727                                                          | 1   |        | mul_ln249_7          | mul       | dsp_slice                | 3       |
|      mac_muladd_8s_8s_32s_32_4_1_U727                                                          | 1   |        | sext_ln249_23        | sext      | dsp_slice                | 3       |
|      mul_8s_4ns_12_1_1_U632                                                                    |     |        | mul_ln250_14         | mul       | auto                     | 0       |
|      sparsemux_17_3_8_1_1_U589                                                                 |     |        | tmp_84               | sparsemux | compactencoding_dontcare | 0       |
|      mac_muladd_12s_8s_32s_32_4_1_U760                                                         | 1   |        | mul_ln250_15         | mul       | dsp_slice                | 3       |
|      mac_muladd_12s_8s_32s_32_4_1_U760                                                         | 1   |        | sext_ln250_17        | sext      | dsp_slice                | 3       |
|      sparsemux_17_3_8_1_1_U590                                                                 |     |        | tmp_85               | sparsemux | compactencoding_dontcare | 0       |
|      mac_muladd_8s_8s_32s_32_4_1_U728                                                          | 1   |        | mul_ln251_7          | mul       | dsp_slice                | 3       |
|      mac_muladd_8s_8s_32s_32_4_1_U728                                                          | 1   |        | sext_ln251_15        | sext      | dsp_slice                | 3       |
|      mul_8s_4ns_12_1_1_U633                                                                    |     |        | mul_ln252_14         | mul       | auto                     | 0       |
|      sparsemux_17_3_8_1_1_U591                                                                 |     |        | tmp_86               | sparsemux | compactencoding_dontcare | 0       |
|      mac_muladd_12s_8s_32s_32_4_1_U761                                                         | 1   |        | mul_ln252_15         | mul       | dsp_slice                | 3       |
|      mac_muladd_12s_8s_32s_32_4_1_U761                                                         | 1   |        | sext_ln252_17        | sext      | dsp_slice                | 3       |
|      sparsemux_17_3_8_1_1_U592                                                                 |     |        | tmp_87               | sparsemux | compactencoding_dontcare | 0       |
|      mac_muladd_8s_8s_32s_32_4_1_U729                                                          | 1   |        | mul_ln253_7          | mul       | dsp_slice                | 3       |
|      mac_muladd_8s_8s_32s_32_4_1_U729                                                          | 1   |        | sext_ln253_15        | sext      | dsp_slice                | 3       |
|      mul_8s_4ns_12_1_1_U634                                                                    |     |        | mul_ln254_14         | mul       | auto                     | 0       |
|      sparsemux_17_3_8_1_1_U593                                                                 |     |        | tmp_88               | sparsemux | compactencoding_dontcare | 0       |
|      mac_muladd_12s_8s_32s_32_4_1_U762                                                         | 1   |        | mul_ln254_15         | mul       | dsp_slice                | 3       |
|      mac_muladd_12s_8s_32s_32_4_1_U762                                                         | 1   |        | sext_ln254_17        | sext      | dsp_slice                | 3       |
|      sparsemux_17_3_8_1_1_U594                                                                 |     |        | tmp_89               | sparsemux | compactencoding_dontcare | 0       |
|      mac_muladd_8s_8s_32s_32_4_1_U730                                                          | 1   |        | mul_ln255_7          | mul       | dsp_slice                | 3       |
|      mac_muladd_8s_8s_32s_32_4_1_U730                                                          | 1   |        | sext_ln255_15        | sext      | dsp_slice                | 3       |
|      sparsemux_9_2_32_1_1_U668                                                                 |     |        | tmp_90               | sparsemux | compactencoding_dontcare | 0       |
|      mac_muladd_12s_8s_32s_32_4_1_U735                                                         | 1   |        | acc_w0_33            | add       | dsp_slice                | 3       |
|      sparsemux_9_2_32_1_1_U669                                                                 |     |        | tmp_91               | sparsemux | compactencoding_dontcare | 0       |
|      mac_muladd_12s_8s_32s_32_4_1_U739                                                         | 1   |        | acc_w0_34            | add       | dsp_slice                | 3       |
|      sparsemux_9_2_32_1_1_U670                                                                 |     |        | tmp_92               | sparsemux | compactencoding_dontcare | 0       |
|      mac_muladd_12s_8s_32s_32_4_1_U743                                                         | 1   |        | acc_w0_35            | add       | dsp_slice                | 3       |
|      sparsemux_9_2_32_1_1_U671                                                                 |     |        | tmp_93               | sparsemux | compactencoding_dontcare | 0       |
|      mac_muladd_12s_8s_32s_32_4_1_U747                                                         | 1   |        | acc_w0_36            | add       | dsp_slice                | 3       |
|      sparsemux_9_2_32_1_1_U672                                                                 |     |        | tmp_94               | sparsemux | compactencoding_dontcare | 0       |
|      mac_muladd_12s_8s_32s_32_4_1_U751                                                         | 1   |        | acc_w0_37            | add       | dsp_slice                | 3       |
|      sparsemux_9_2_32_1_1_U673                                                                 |     |        | tmp_95               | sparsemux | compactencoding_dontcare | 0       |
|      mac_muladd_12s_8s_32s_32_4_1_U755                                                         | 1   |        | acc_w0_38            | add       | dsp_slice                | 3       |
|      sparsemux_9_2_32_1_1_U674                                                                 |     |        | tmp_96               | sparsemux | compactencoding_dontcare | 0       |
|      mac_muladd_12s_8s_32s_32_4_1_U759                                                         | 1   |        | acc_w0_39            | add       | dsp_slice                | 3       |
|      sparsemux_9_2_32_1_1_U635                                                                 |     |        | tmp_97               | sparsemux | compactencoding_dontcare | 0       |
|      mac_muladd_8s_8s_32s_32_4_1_U699                                                          | 1   |        | acc_m0_32            | add       | dsp_slice                | 3       |
|      sparsemux_9_2_32_1_1_U636                                                                 |     |        | tmp_98               | sparsemux | compactencoding_dontcare | 0       |
|      mac_muladd_8s_8s_32s_32_4_1_U703                                                          | 1   |        | acc_m0_33            | add       | dsp_slice                | 3       |
|      sparsemux_9_2_32_1_1_U637                                                                 |     |        | tmp_99               | sparsemux | compactencoding_dontcare | 0       |
|      mac_muladd_8s_8s_32s_32_4_1_U707                                                          | 1   |        | acc_m0_34            | add       | dsp_slice                | 3       |
|      sparsemux_9_2_32_1_1_U638                                                                 |     |        | tmp_100              | sparsemux | compactencoding_dontcare | 0       |
|      mac_muladd_8s_8s_32s_32_4_1_U711                                                          | 1   |        | acc_m0_35            | add       | dsp_slice                | 3       |
|      sparsemux_9_2_32_1_1_U639                                                                 |     |        | tmp_101              | sparsemux | compactencoding_dontcare | 0       |
|      mac_muladd_8s_8s_32s_32_4_1_U715                                                          | 1   |        | acc_m0_36            | add       | dsp_slice                | 3       |
|      sparsemux_9_2_32_1_1_U640                                                                 |     |        | tmp_102              | sparsemux | compactencoding_dontcare | 0       |
|      mac_muladd_8s_8s_32s_32_4_1_U719                                                          | 1   |        | acc_m0_37            | add       | dsp_slice                | 3       |
|      sparsemux_9_2_32_1_1_U641                                                                 |     |        | tmp_103              | sparsemux | compactencoding_dontcare | 0       |
|      mac_muladd_8s_8s_32s_32_4_1_U723                                                          | 1   |        | acc_m0_38            | add       | dsp_slice                | 3       |
|      sparsemux_9_2_32_1_1_U642                                                                 |     |        | tmp_104              | sparsemux | compactencoding_dontcare | 0       |
|      mac_muladd_8s_8s_32s_32_4_1_U727                                                          | 1   |        | acc_m0_39            | add       | dsp_slice                | 3       |
|      sparsemux_9_2_32_1_1_U675                                                                 |     |        | tmp_105              | sparsemux | compactencoding_dontcare | 0       |
|      mac_muladd_12s_8s_32s_32_4_1_U732                                                         | 1   |        | acc_w1_32            | add       | dsp_slice                | 3       |
|      sparsemux_9_2_32_1_1_U676                                                                 |     |        | tmp_106              | sparsemux | compactencoding_dontcare | 0       |
|      mac_muladd_12s_8s_32s_32_4_1_U736                                                         | 1   |        | acc_w1_33            | add       | dsp_slice                | 3       |
|      sparsemux_9_2_32_1_1_U677                                                                 |     |        | tmp_107              | sparsemux | compactencoding_dontcare | 0       |
|      mac_muladd_12s_8s_32s_32_4_1_U740                                                         | 1   |        | acc_w1_34            | add       | dsp_slice                | 3       |
|      sparsemux_9_2_32_1_1_U678                                                                 |     |        | tmp_108              | sparsemux | compactencoding_dontcare | 0       |
|      mac_muladd_12s_8s_32s_32_4_1_U744                                                         | 1   |        | acc_w1_35            | add       | dsp_slice                | 3       |
|      sparsemux_9_2_32_1_1_U679                                                                 |     |        | tmp_109              | sparsemux | compactencoding_dontcare | 0       |
|      mac_muladd_12s_8s_32s_32_4_1_U748                                                         | 1   |        | acc_w1_36            | add       | dsp_slice                | 3       |
|      sparsemux_9_2_32_1_1_U680                                                                 |     |        | tmp_110              | sparsemux | compactencoding_dontcare | 0       |
|      mac_muladd_12s_8s_32s_32_4_1_U752                                                         | 1   |        | acc_w1_37            | add       | dsp_slice                | 3       |
|      sparsemux_9_2_32_1_1_U681                                                                 |     |        | tmp_111              | sparsemux | compactencoding_dontcare | 0       |
|      mac_muladd_12s_8s_32s_32_4_1_U756                                                         | 1   |        | acc_w1_38            | add       | dsp_slice                | 3       |
|      sparsemux_9_2_32_1_1_U682                                                                 |     |        | tmp_112              | sparsemux | compactencoding_dontcare | 0       |
|      mac_muladd_12s_8s_32s_32_4_1_U760                                                         | 1   |        | acc_w1_39            | add       | dsp_slice                | 3       |
|      sparsemux_9_2_32_1_1_U643                                                                 |     |        | tmp_113              | sparsemux | compactencoding_dontcare | 0       |
|      mac_muladd_8s_8s_32s_32_4_1_U700                                                          | 1   |        | acc_m1_32            | add       | dsp_slice                | 3       |
|      sparsemux_9_2_32_1_1_U644                                                                 |     |        | tmp_114              | sparsemux | compactencoding_dontcare | 0       |
|      mac_muladd_8s_8s_32s_32_4_1_U704                                                          | 1   |        | acc_m1_33            | add       | dsp_slice                | 3       |
|      sparsemux_9_2_32_1_1_U645                                                                 |     |        | tmp_115              | sparsemux | compactencoding_dontcare | 0       |
|      mac_muladd_8s_8s_32s_32_4_1_U708                                                          | 1   |        | acc_m1_34            | add       | dsp_slice                | 3       |
|      sparsemux_9_2_32_1_1_U646                                                                 |     |        | tmp_116              | sparsemux | compactencoding_dontcare | 0       |
|      mac_muladd_8s_8s_32s_32_4_1_U712                                                          | 1   |        | acc_m1_35            | add       | dsp_slice                | 3       |
|      sparsemux_9_2_32_1_1_U647                                                                 |     |        | tmp_117              | sparsemux | compactencoding_dontcare | 0       |
|      mac_muladd_8s_8s_32s_32_4_1_U716                                                          | 1   |        | acc_m1_36            | add       | dsp_slice                | 3       |
|      sparsemux_9_2_32_1_1_U648                                                                 |     |        | tmp_118              | sparsemux | compactencoding_dontcare | 0       |
|      mac_muladd_8s_8s_32s_32_4_1_U720                                                          | 1   |        | acc_m1_37            | add       | dsp_slice                | 3       |
|      sparsemux_9_2_32_1_1_U649                                                                 |     |        | tmp_119              | sparsemux | compactencoding_dontcare | 0       |
|      mac_muladd_8s_8s_32s_32_4_1_U724                                                          | 1   |        | acc_m1_38            | add       | dsp_slice                | 3       |
|      sparsemux_9_2_32_1_1_U650                                                                 |     |        | tmp_120              | sparsemux | compactencoding_dontcare | 0       |
|      mac_muladd_8s_8s_32s_32_4_1_U728                                                          | 1   |        | acc_m1_39            | add       | dsp_slice                | 3       |
|      sparsemux_9_2_32_1_1_U683                                                                 |     |        | tmp_121              | sparsemux | compactencoding_dontcare | 0       |
|      mac_muladd_12s_8s_32s_32_4_1_U733                                                         | 1   |        | acc_w2_32            | add       | dsp_slice                | 3       |
|      sparsemux_9_2_32_1_1_U684                                                                 |     |        | tmp_122              | sparsemux | compactencoding_dontcare | 0       |
|      mac_muladd_12s_8s_32s_32_4_1_U737                                                         | 1   |        | acc_w2_33            | add       | dsp_slice                | 3       |
|      sparsemux_9_2_32_1_1_U685                                                                 |     |        | tmp_123              | sparsemux | compactencoding_dontcare | 0       |
|      mac_muladd_12s_8s_32s_32_4_1_U741                                                         | 1   |        | acc_w2_34            | add       | dsp_slice                | 3       |
|      sparsemux_9_2_32_1_1_U686                                                                 |     |        | tmp_124              | sparsemux | compactencoding_dontcare | 0       |
|      mac_muladd_12s_8s_32s_32_4_1_U745                                                         | 1   |        | acc_w2_35            | add       | dsp_slice                | 3       |
|      sparsemux_9_2_32_1_1_U687                                                                 |     |        | tmp_125              | sparsemux | compactencoding_dontcare | 0       |
|      mac_muladd_12s_8s_32s_32_4_1_U749                                                         | 1   |        | acc_w2_36            | add       | dsp_slice                | 3       |
|      sparsemux_9_2_32_1_1_U688                                                                 |     |        | tmp_126              | sparsemux | compactencoding_dontcare | 0       |
|      mac_muladd_12s_8s_32s_32_4_1_U753                                                         | 1   |        | acc_w2_37            | add       | dsp_slice                | 3       |
|      sparsemux_9_2_32_1_1_U689                                                                 |     |        | tmp_127              | sparsemux | compactencoding_dontcare | 0       |
|      mac_muladd_12s_8s_32s_32_4_1_U757                                                         | 1   |        | acc_w2_38            | add       | dsp_slice                | 3       |
|      sparsemux_9_2_32_1_1_U690                                                                 |     |        | tmp_128              | sparsemux | compactencoding_dontcare | 0       |
|      mac_muladd_12s_8s_32s_32_4_1_U761                                                         | 1   |        | acc_w2_39            | add       | dsp_slice                | 3       |
|      sparsemux_9_2_32_1_1_U651                                                                 |     |        | tmp_129              | sparsemux | compactencoding_dontcare | 0       |
|      mac_muladd_8s_8s_32s_32_4_1_U701                                                          | 1   |        | acc_m2_32            | add       | dsp_slice                | 3       |
|      sparsemux_9_2_32_1_1_U652                                                                 |     |        | tmp_130              | sparsemux | compactencoding_dontcare | 0       |
|      mac_muladd_8s_8s_32s_32_4_1_U705                                                          | 1   |        | acc_m2_33            | add       | dsp_slice                | 3       |
|      sparsemux_9_2_32_1_1_U653                                                                 |     |        | tmp_131              | sparsemux | compactencoding_dontcare | 0       |
|      mac_muladd_8s_8s_32s_32_4_1_U709                                                          | 1   |        | acc_m2_34            | add       | dsp_slice                | 3       |
|      sparsemux_9_2_32_1_1_U654                                                                 |     |        | tmp_132              | sparsemux | compactencoding_dontcare | 0       |
|      mac_muladd_8s_8s_32s_32_4_1_U713                                                          | 1   |        | acc_m2_35            | add       | dsp_slice                | 3       |
|      sparsemux_9_2_32_1_1_U655                                                                 |     |        | tmp_133              | sparsemux | compactencoding_dontcare | 0       |
|      mac_muladd_8s_8s_32s_32_4_1_U717                                                          | 1   |        | acc_m2_36            | add       | dsp_slice                | 3       |
|      sparsemux_9_2_32_1_1_U656                                                                 |     |        | tmp_134              | sparsemux | compactencoding_dontcare | 0       |
|      mac_muladd_8s_8s_32s_32_4_1_U721                                                          | 1   |        | acc_m2_37            | add       | dsp_slice                | 3       |
|      sparsemux_9_2_32_1_1_U657                                                                 |     |        | tmp_135              | sparsemux | compactencoding_dontcare | 0       |
|      mac_muladd_8s_8s_32s_32_4_1_U725                                                          | 1   |        | acc_m2_38            | add       | dsp_slice                | 3       |
|      sparsemux_9_2_32_1_1_U658                                                                 |     |        | tmp_136              | sparsemux | compactencoding_dontcare | 0       |
|      mac_muladd_8s_8s_32s_32_4_1_U729                                                          | 1   |        | acc_m2_39            | add       | dsp_slice                | 3       |
|      sparsemux_9_2_32_1_1_U691                                                                 |     |        | tmp_137              | sparsemux | compactencoding_dontcare | 0       |
|      mac_muladd_12s_8s_32s_32_4_1_U734                                                         | 1   |        | acc_w3_32            | add       | dsp_slice                | 3       |
|      sparsemux_9_2_32_1_1_U692                                                                 |     |        | tmp_138              | sparsemux | compactencoding_dontcare | 0       |
|      mac_muladd_12s_8s_32s_32_4_1_U738                                                         | 1   |        | acc_w3_33            | add       | dsp_slice                | 3       |
|      sparsemux_9_2_32_1_1_U693                                                                 |     |        | tmp_139              | sparsemux | compactencoding_dontcare | 0       |
|      mac_muladd_12s_8s_32s_32_4_1_U742                                                         | 1   |        | acc_w3_34            | add       | dsp_slice                | 3       |
|      sparsemux_9_2_32_1_1_U694                                                                 |     |        | tmp_140              | sparsemux | compactencoding_dontcare | 0       |
|      mac_muladd_12s_8s_32s_32_4_1_U746                                                         | 1   |        | acc_w3_35            | add       | dsp_slice                | 3       |
|      sparsemux_9_2_32_1_1_U695                                                                 |     |        | tmp_141              | sparsemux | compactencoding_dontcare | 0       |
|      mac_muladd_12s_8s_32s_32_4_1_U750                                                         | 1   |        | acc_w3_36            | add       | dsp_slice                | 3       |
|      sparsemux_9_2_32_1_1_U696                                                                 |     |        | tmp_142              | sparsemux | compactencoding_dontcare | 0       |
|      mac_muladd_12s_8s_32s_32_4_1_U754                                                         | 1   |        | acc_w3_37            | add       | dsp_slice                | 3       |
|      sparsemux_9_2_32_1_1_U697                                                                 |     |        | tmp_143              | sparsemux | compactencoding_dontcare | 0       |
|      mac_muladd_12s_8s_32s_32_4_1_U758                                                         | 1   |        | acc_w3_38            | add       | dsp_slice                | 3       |
|      sparsemux_9_2_32_1_1_U698                                                                 |     |        | tmp_144              | sparsemux | compactencoding_dontcare | 0       |
|      mac_muladd_12s_8s_32s_32_4_1_U762                                                         | 1   |        | acc_w3_39            | add       | dsp_slice                | 3       |
|      sparsemux_9_2_32_1_1_U659                                                                 |     |        | tmp_145              | sparsemux | compactencoding_dontcare | 0       |
|      mac_muladd_8s_8s_32s_32_4_1_U702                                                          | 1   |        | acc_m3_32            | add       | dsp_slice                | 3       |
|      sparsemux_9_2_32_1_1_U660                                                                 |     |        | tmp_146              | sparsemux | compactencoding_dontcare | 0       |
|      mac_muladd_8s_8s_32s_32_4_1_U706                                                          | 1   |        | acc_m3_33            | add       | dsp_slice                | 3       |
|      sparsemux_9_2_32_1_1_U661                                                                 |     |        | tmp_147              | sparsemux | compactencoding_dontcare | 0       |
|      mac_muladd_8s_8s_32s_32_4_1_U710                                                          | 1   |        | acc_m3_34            | add       | dsp_slice                | 3       |
|      sparsemux_9_2_32_1_1_U662                                                                 |     |        | tmp_148              | sparsemux | compactencoding_dontcare | 0       |
|      mac_muladd_8s_8s_32s_32_4_1_U714                                                          | 1   |        | acc_m3_35            | add       | dsp_slice                | 3       |
|      sparsemux_9_2_32_1_1_U663                                                                 |     |        | tmp_149              | sparsemux | compactencoding_dontcare | 0       |
|      mac_muladd_8s_8s_32s_32_4_1_U718                                                          | 1   |        | acc_m3_36            | add       | dsp_slice                | 3       |
|      sparsemux_9_2_32_1_1_U664                                                                 |     |        | tmp_150              | sparsemux | compactencoding_dontcare | 0       |
|      mac_muladd_8s_8s_32s_32_4_1_U722                                                          | 1   |        | acc_m3_37            | add       | dsp_slice                | 3       |
|      sparsemux_9_2_32_1_1_U665                                                                 |     |        | tmp_151              | sparsemux | compactencoding_dontcare | 0       |
|      mac_muladd_8s_8s_32s_32_4_1_U726                                                          | 1   |        | acc_m3_38            | add       | dsp_slice                | 3       |
|      sparsemux_9_2_32_1_1_U666                                                                 |     |        | tmp_152              | sparsemux | compactencoding_dontcare | 0       |
|      mac_muladd_8s_8s_32s_32_4_1_U730                                                          | 1   |        | acc_m3_39            | add       | dsp_slice                | 3       |
|    + mac_blocks_wv_k4_urm_Pipeline_REDUCE (grp_mac_blocks_wv_k4_urm_Pipeline_REDUCE_fu_7056)   | 20  |        |                      |           |                          |         |
|      icmp_ln260_fu_2424_p2                                                                     |     |        | icmp_ln260           | seteq     | auto                     | 0       |
|      add_ln260_fu_2430_p2                                                                      |     |        | add_ln260            | add       | fabric                   | 0       |
|      sparsemux_17_3_32_1_1_U1709                                                               |     |        | sw0                  | sparsemux | compactencoding_dontcare | 0       |
|      sparsemux_17_3_32_1_1_U1710                                                               |     |        | sm0                  | sparsemux | compactencoding_dontcare | 0       |
|      sparsemux_17_3_32_1_1_U1711                                                               |     |        | sw1                  | sparsemux | compactencoding_dontcare | 0       |
|      sparsemux_17_3_32_1_1_U1712                                                               |     |        | sm1                  | sparsemux | compactencoding_dontcare | 0       |
|      sparsemux_17_3_32_1_1_U1713                                                               |     |        | sw2                  | sparsemux | compactencoding_dontcare | 0       |
|      sparsemux_17_3_32_1_1_U1714                                                               |     |        | sm2                  | sparsemux | compactencoding_dontcare | 0       |
|      sparsemux_17_3_32_1_1_U1715                                                               |     |        | sw3                  | sparsemux | compactencoding_dontcare | 0       |
|      sparsemux_17_3_32_1_1_U1716                                                               |     |        | sm3                  | sparsemux | compactencoding_dontcare | 0       |
|      sparsemux_17_3_32_1_1_U1717                                                               |     |        | tmp                  | sparsemux | compactencoding_dontcare | 0       |
|      sparsemux_17_3_32_1_1_U1718                                                               |     |        | tmp_8                | sparsemux | compactencoding_dontcare | 0       |
|      sparsemux_17_3_32_1_1_U1719                                                               |     |        | tmp_9                | sparsemux | compactencoding_dontcare | 0       |
|      sparsemux_17_3_32_1_1_U1720                                                               |     |        | tmp_s                | sparsemux | compactencoding_dontcare | 0       |
|      sparsemux_17_3_32_1_1_U1721                                                               |     |        | tmp_1                | sparsemux | compactencoding_dontcare | 0       |
|      sparsemux_17_3_32_1_1_U1722                                                               |     |        | tmp_2                | sparsemux | compactencoding_dontcare | 0       |
|      sparsemux_17_3_32_1_1_U1723                                                               |     |        | tmp_3                | sparsemux | compactencoding_dontcare | 0       |
|      sparsemux_17_3_32_1_1_U1724                                                               |     |        | tmp_4                | sparsemux | compactencoding_dontcare | 0       |
|      sparsemux_17_3_32_1_1_U1693                                                               |     |        | tmp_5                | sparsemux | compactencoding_dontcare | 0       |
|      sparsemux_17_3_32_1_1_U1694                                                               |     |        | tmp_6                | sparsemux | compactencoding_dontcare | 0       |
|      sparsemux_17_3_32_1_1_U1695                                                               |     |        | tmp_7                | sparsemux | compactencoding_dontcare | 0       |
|      sparsemux_17_3_32_1_1_U1696                                                               |     |        | tmp_10               | sparsemux | compactencoding_dontcare | 0       |
|      sparsemux_17_3_32_1_1_U1697                                                               |     |        | tmp_11               | sparsemux | compactencoding_dontcare | 0       |
|      sparsemux_17_3_32_1_1_U1698                                                               |     |        | tmp_12               | sparsemux | compactencoding_dontcare | 0       |
|      sparsemux_17_3_32_1_1_U1699                                                               |     |        | tmp_13               | sparsemux | compactencoding_dontcare | 0       |
|      sparsemux_17_3_32_1_1_U1700                                                               |     |        | tmp_14               | sparsemux | compactencoding_dontcare | 0       |
|      sparsemux_17_3_32_1_1_U1701                                                               |     |        | tmp_15               | sparsemux | compactencoding_dontcare | 0       |
|      add_ln265_1_fu_2800_p2                                                                    |     |        | add_ln265_1          | add       | fabric                   | 0       |
|      sparsemux_17_3_32_1_1_U1702                                                               |     |        | tmp_16               | sparsemux | compactencoding_dontcare | 0       |
|      add_ln265_4_fu_2846_p2                                                                    |     |        | add_ln265_4          | add       | fabric                   | 0       |
|      sparsemux_17_3_32_1_1_U1703                                                               |     |        | tmp_17               | sparsemux | compactencoding_dontcare | 0       |
|      add_ln266_1_fu_2892_p2                                                                    |     |        | add_ln266_1          | add       | fabric                   | 0       |
|      sparsemux_17_3_32_1_1_U1704                                                               |     |        | tmp_18               | sparsemux | compactencoding_dontcare | 0       |
|      add_ln266_4_fu_2938_p2                                                                    |     |        | add_ln266_4          | add       | fabric                   | 0       |
|      sparsemux_17_3_32_1_1_U1705                                                               |     |        | tmp_19               | sparsemux | compactencoding_dontcare | 0       |
|      add_ln267_1_fu_2984_p2                                                                    |     |        | add_ln267_1          | add       | fabric                   | 0       |
|      sparsemux_17_3_32_1_1_U1706                                                               |     |        | tmp_20               | sparsemux | compactencoding_dontcare | 0       |
|      add_ln267_4_fu_3030_p2                                                                    |     |        | add_ln267_4          | add       | fabric                   | 0       |
|      sparsemux_17_3_32_1_1_U1707                                                               |     |        | tmp_21               | sparsemux | compactencoding_dontcare | 0       |
|      add_ln268_1_fu_3076_p2                                                                    |     |        | add_ln268_1          | add       | fabric                   | 0       |
|      sparsemux_17_3_32_1_1_U1708                                                               |     |        | tmp_22               | sparsemux | compactencoding_dontcare | 0       |
|      add_ln268_4_fu_3122_p2                                                                    |     |        | add_ln268_4          | add       | fabric                   | 0       |
|      sitofp_32ns_32_7_no_dsp_1_U1681                                                           |     |        | conv1                | sitofp    | auto                     | 6       |
|      sitofp_32ns_32_7_no_dsp_1_U1682                                                           |     |        | conv2                | sitofp    | auto                     | 6       |
|      fsub_32ns_32ns_32_11_full_dsp_1_U1669                                                     | 2   |        | sub1                 | fsub      | fulldsp                  | 10      |
|      fpext_32ns_64_2_no_dsp_1_U1689                                                            |     |        | pf                   | fpext     | auto                     | 1       |
|      sub_ln270_fu_3854_p2                                                                      |     |        | sub_ln270            | sub       | fabric                   | 0       |
|      select_ln270_fu_3860_p3                                                                   |     |        | select_ln270         | select    | auto_sel                 | 0       |
|      icmp_ln270_fu_3867_p2                                                                     |     |        | icmp_ln270           | seteq     | auto                     | 0       |
|      sub_ln270_1_fu_3872_p2                                                                    |     |        | sub_ln270_1          | sub       | fabric                   | 0       |
|      icmp_ln270_1_fu_3882_p2                                                                   |     |        | icmp_ln270_1         | setgt     | auto                     | 0       |
|      add_ln270_fu_3888_p2                                                                      |     |        | add_ln270            | add       | fabric                   | 0       |
|      sub_ln270_2_fu_3894_p2                                                                    |     |        | sub_ln270_2          | sub       | fabric                   | 0       |
|      select_ln270_1_fu_3900_p3                                                                 |     |        | select_ln270_1       | select    | auto_sel                 | 0       |
|      icmp_ln270_2_fu_3908_p2                                                                   |     |        | icmp_ln270_2         | seteq     | auto                     | 0       |
|      icmp_ln270_3_fu_4152_p2                                                                   |     |        | icmp_ln270_3         | setlt     | auto                     | 0       |
|      select_ln270_4_fu_4157_p3                                                                 |     |        | select_ln270_4       | select    | auto_sel                 | 0       |
|      ashr_ln270_fu_4167_p2                                                                     |     |        | ashr_ln270           | ashr      | auto_pipe                | 0       |
|      select_ln270_2_fu_4176_p3                                                                 |     |        | select_ln270_2       | select    | auto_sel                 | 0       |
|      icmp_ln270_4_fu_4184_p2                                                                   |     |        | icmp_ln270_4         | setlt     | auto                     | 0       |
|      shl_ln270_fu_4192_p2                                                                      |     |        | shl_ln270            | shl       | auto_pipe                | 0       |
|      select_ln270_3_fu_4197_p3                                                                 |     |        | select_ln270_3       | select    | auto_sel                 | 0       |
|      xor_ln270_fu_4376_p2                                                                      |     |        | xor_ln270            | xor       | auto                     | 0       |
|      and_ln270_fu_4381_p2                                                                      |     |        | and_ln270            | and       | auto                     | 0       |
|      or_ln270_fu_4386_p2                                                                       |     |        | or_ln270             | or        | auto                     | 0       |
|      xor_ln270_1_fu_4390_p2                                                                    |     |        | xor_ln270_1          | xor       | auto                     | 0       |
|      and_ln270_1_fu_4396_p2                                                                    |     |        | and_ln270_1          | and       | auto                     | 0       |
|      sparsemux_9_3_48_1_1_U1725                                                                |     |        | storemerge4_i        | sparsemux | onehotencoding_realdef   | 0       |
|      total0_1_fu_4431_p2                                                                       |     |        | total0_1             | add       | fabric                   | 0       |
|      sitofp_32ns_32_7_no_dsp_1_U1683                                                           |     |        | conv                 | sitofp    | auto                     | 6       |
|      sitofp_32ns_32_7_no_dsp_1_U1684                                                           |     |        | conv3                | sitofp    | auto                     | 6       |
|      fsub_32ns_32ns_32_11_full_dsp_1_U1670                                                     | 2   |        | sub2                 | fsub      | fulldsp                  | 10      |
|      fpext_32ns_64_2_no_dsp_1_U1690                                                            |     |        | pf_1                 | fpext     | auto                     | 1       |
|      sub_ln271_fu_3932_p2                                                                      |     |        | sub_ln271            | sub       | fabric                   | 0       |
|      select_ln271_fu_3938_p3                                                                   |     |        | select_ln271         | select    | auto_sel                 | 0       |
|      icmp_ln271_fu_3945_p2                                                                     |     |        | icmp_ln271           | seteq     | auto                     | 0       |
|      sub_ln271_1_fu_3950_p2                                                                    |     |        | sub_ln271_1          | sub       | fabric                   | 0       |
|      icmp_ln271_1_fu_3960_p2                                                                   |     |        | icmp_ln271_1         | setgt     | auto                     | 0       |
|      add_ln271_fu_3966_p2                                                                      |     |        | add_ln271            | add       | fabric                   | 0       |
|      sub_ln271_2_fu_3972_p2                                                                    |     |        | sub_ln271_2          | sub       | fabric                   | 0       |
|      select_ln271_1_fu_3978_p3                                                                 |     |        | select_ln271_1       | select    | auto_sel                 | 0       |
|      icmp_ln271_2_fu_3986_p2                                                                   |     |        | icmp_ln271_2         | seteq     | auto                     | 0       |
|      icmp_ln271_3_fu_4205_p2                                                                   |     |        | icmp_ln271_3         | setlt     | auto                     | 0       |
|      select_ln271_4_fu_4210_p3                                                                 |     |        | select_ln271_4       | select    | auto_sel                 | 0       |
|      ashr_ln271_fu_4220_p2                                                                     |     |        | ashr_ln271           | ashr      | auto_pipe                | 0       |
|      select_ln271_2_fu_4229_p3                                                                 |     |        | select_ln271_2       | select    | auto_sel                 | 0       |
|      icmp_ln271_4_fu_4237_p2                                                                   |     |        | icmp_ln271_4         | setlt     | auto                     | 0       |
|      shl_ln271_fu_4245_p2                                                                      |     |        | shl_ln271            | shl       | auto_pipe                | 0       |
|      select_ln271_3_fu_4250_p3                                                                 |     |        | select_ln271_3       | select    | auto_sel                 | 0       |
|      xor_ln271_fu_4437_p2                                                                      |     |        | xor_ln271            | xor       | auto                     | 0       |
|      and_ln271_fu_4442_p2                                                                      |     |        | and_ln271            | and       | auto                     | 0       |
|      or_ln271_fu_4447_p2                                                                       |     |        | or_ln271             | or        | auto                     | 0       |
|      xor_ln271_1_fu_4451_p2                                                                    |     |        | xor_ln271_1          | xor       | auto                     | 0       |
|      and_ln271_1_fu_4457_p2                                                                    |     |        | and_ln271_1          | and       | auto                     | 0       |
|      sparsemux_9_3_48_1_1_U1726                                                                |     |        | storemerge4_i1       | sparsemux | onehotencoding_realdef   | 0       |
|      total1_1_fu_4492_p2                                                                       |     |        | total1_1             | add       | fabric                   | 0       |
|      sitofp_32ns_32_7_no_dsp_1_U1685                                                           |     |        | conv4                | sitofp    | auto                     | 6       |
|      fmul_32ns_32ns_32_7_max_dsp_1_U1677                                                       | 3   |        | mul5                 | fmul      | maxdsp                   | 6       |
|      sitofp_32ns_32_7_no_dsp_1_U1686                                                           |     |        | conv5                | sitofp    | auto                     | 6       |
|      fmul_32ns_32ns_32_7_max_dsp_1_U1678                                                       | 3   |        | mul6                 | fmul      | maxdsp                   | 6       |
|      fsub_32ns_32ns_32_11_full_dsp_1_U1671                                                     | 2   |        | sub3                 | fsub      | fulldsp                  | 10      |
|      fpext_32ns_64_2_no_dsp_1_U1691                                                            |     |        | pf_2                 | fpext     | auto                     | 1       |
|      sub_ln272_fu_4010_p2                                                                      |     |        | sub_ln272            | sub       | fabric                   | 0       |
|      select_ln272_fu_4016_p3                                                                   |     |        | select_ln272         | select    | auto_sel                 | 0       |
|      icmp_ln272_fu_4023_p2                                                                     |     |        | icmp_ln272           | seteq     | auto                     | 0       |
|      sub_ln272_1_fu_4028_p2                                                                    |     |        | sub_ln272_1          | sub       | fabric                   | 0       |
|      icmp_ln272_1_fu_4038_p2                                                                   |     |        | icmp_ln272_1         | setgt     | auto                     | 0       |
|      add_ln272_fu_4044_p2                                                                      |     |        | add_ln272            | add       | fabric                   | 0       |
|      sub_ln272_2_fu_4050_p2                                                                    |     |        | sub_ln272_2          | sub       | fabric                   | 0       |
|      select_ln272_1_fu_4056_p3                                                                 |     |        | select_ln272_1       | select    | auto_sel                 | 0       |
|      icmp_ln272_2_fu_4064_p2                                                                   |     |        | icmp_ln272_2         | seteq     | auto                     | 0       |
|      icmp_ln272_3_fu_4258_p2                                                                   |     |        | icmp_ln272_3         | setlt     | auto                     | 0       |
|      select_ln272_4_fu_4263_p3                                                                 |     |        | select_ln272_4       | select    | auto_sel                 | 0       |
|      ashr_ln272_fu_4273_p2                                                                     |     |        | ashr_ln272           | ashr      | auto_pipe                | 0       |
|      select_ln272_2_fu_4282_p3                                                                 |     |        | select_ln272_2       | select    | auto_sel                 | 0       |
|      icmp_ln272_4_fu_4290_p2                                                                   |     |        | icmp_ln272_4         | setlt     | auto                     | 0       |
|      shl_ln272_fu_4298_p2                                                                      |     |        | shl_ln272            | shl       | auto_pipe                | 0       |
|      select_ln272_3_fu_4303_p3                                                                 |     |        | select_ln272_3       | select    | auto_sel                 | 0       |
|      xor_ln272_fu_4498_p2                                                                      |     |        | xor_ln272            | xor       | auto                     | 0       |
|      and_ln272_fu_4503_p2                                                                      |     |        | and_ln272            | and       | auto                     | 0       |
|      or_ln272_fu_4508_p2                                                                       |     |        | or_ln272             | or        | auto                     | 0       |
|      xor_ln272_1_fu_4512_p2                                                                    |     |        | xor_ln272_1          | xor       | auto                     | 0       |
|      and_ln272_1_fu_4518_p2                                                                    |     |        | and_ln272_1          | and       | auto                     | 0       |
|      sparsemux_9_3_48_1_1_U1727                                                                |     |        | storemerge4_i2       | sparsemux | onehotencoding_realdef   | 0       |
|      total2_1_fu_4553_p2                                                                       |     |        | total2_1             | add       | fabric                   | 0       |
|      sitofp_32ns_32_7_no_dsp_1_U1687                                                           |     |        | conv6                | sitofp    | auto                     | 6       |
|      fmul_32ns_32ns_32_7_max_dsp_1_U1679                                                       | 3   |        | mul8                 | fmul      | maxdsp                   | 6       |
|      sitofp_32ns_32_7_no_dsp_1_U1688                                                           |     |        | conv7                | sitofp    | auto                     | 6       |
|      fmul_32ns_32ns_32_7_max_dsp_1_U1680                                                       | 3   |        | mul9                 | fmul      | maxdsp                   | 6       |
|      fsub_32ns_32ns_32_11_full_dsp_1_U1672                                                     | 2   |        | sub4                 | fsub      | fulldsp                  | 10      |
|      fpext_32ns_64_2_no_dsp_1_U1692                                                            |     |        | pf_3                 | fpext     | auto                     | 1       |
|      sub_ln273_fu_4088_p2                                                                      |     |        | sub_ln273            | sub       | fabric                   | 0       |
|      select_ln273_fu_4094_p3                                                                   |     |        | select_ln273         | select    | auto_sel                 | 0       |
|      icmp_ln273_fu_4101_p2                                                                     |     |        | icmp_ln273           | seteq     | auto                     | 0       |
|      sub_ln273_1_fu_4106_p2                                                                    |     |        | sub_ln273_1          | sub       | fabric                   | 0       |
|      icmp_ln273_1_fu_4116_p2                                                                   |     |        | icmp_ln273_1         | setgt     | auto                     | 0       |
|      add_ln273_fu_4122_p2                                                                      |     |        | add_ln273            | add       | fabric                   | 0       |
|      sub_ln273_2_fu_4128_p2                                                                    |     |        | sub_ln273_2          | sub       | fabric                   | 0       |
|      select_ln273_1_fu_4134_p3                                                                 |     |        | select_ln273_1       | select    | auto_sel                 | 0       |
|      icmp_ln273_2_fu_4142_p2                                                                   |     |        | icmp_ln273_2         | seteq     | auto                     | 0       |
|      icmp_ln273_3_fu_4311_p2                                                                   |     |        | icmp_ln273_3         | setlt     | auto                     | 0       |
|      select_ln273_4_fu_4316_p3                                                                 |     |        | select_ln273_4       | select    | auto_sel                 | 0       |
|      ashr_ln273_fu_4326_p2                                                                     |     |        | ashr_ln273           | ashr      | auto_pipe                | 0       |
|      select_ln273_2_fu_4335_p3                                                                 |     |        | select_ln273_2       | select    | auto_sel                 | 0       |
|      icmp_ln273_4_fu_4343_p2                                                                   |     |        | icmp_ln273_4         | setlt     | auto                     | 0       |
|      shl_ln273_fu_4351_p2                                                                      |     |        | shl_ln273            | shl       | auto_pipe                | 0       |
|      select_ln273_3_fu_4356_p3                                                                 |     |        | select_ln273_3       | select    | auto_sel                 | 0       |
|      xor_ln273_fu_4559_p2                                                                      |     |        | xor_ln273            | xor       | auto                     | 0       |
|      and_ln273_fu_4564_p2                                                                      |     |        | and_ln273            | and       | auto                     | 0       |
|      or_ln273_fu_4569_p2                                                                       |     |        | or_ln273             | or        | auto                     | 0       |
|      xor_ln273_1_fu_4573_p2                                                                    |     |        | xor_ln273_1          | xor       | auto                     | 0       |
|      and_ln273_1_fu_4579_p2                                                                    |     |        | and_ln273_1          | and       | auto                     | 0       |
|      sparsemux_9_3_48_1_1_U1728                                                                |     |        | storemerge4_i3       | sparsemux | onehotencoding_realdef   | 0       |
|      total3_1_fu_4614_p2                                                                       |     |        | total3_1             | add       | fabric                   | 0       |
|  + compute_gate                                                                                | 22  |        |                      |           |                          |         |
|    fmul_32ns_32ns_32_7_max_dsp_1_U3015                                                         |     |        | icmp_ln563           | setne     | auto                     | 0       |
|    icmp_ln563_1_fu_177_p2                                                                      |     |        | icmp_ln563_1         | seteq     | auto                     | 0       |
|    or_ln563_fu_183_p2                                                                          |     |        | or_ln563             | or        | auto                     | 0       |
|    sitofp_32s_32_7_no_dsp_1_U3021                                                              |     |        | tmp_3                | fcmp      | auto                     | 2       |
|    fmul_32ns_32ns_32_7_max_dsp_1_U3017                                                         |     |        | and_ln563            | and       | auto                     | 0       |
|    sitofp_32s_32_7_no_dsp_1_U3020                                                              |     |        | max_abs              | select    | auto_sel                 | 0       |
|    fmul_32ns_32ns_32_7_max_dsp_1_U3016                                                         |     |        | icmp_ln563_2         | setne     | auto                     | 0       |
|    icmp_ln563_3_fu_245_p2                                                                      |     |        | icmp_ln563_3         | seteq     | auto                     | 0       |
|    or_ln563_1_fu_251_p2                                                                        |     |        | or_ln563_1           | or        | auto                     | 0       |
|    icmp_ln563_4_fu_257_p2                                                                      |     |        | icmp_ln563_4         | setne     | auto                     | 0       |
|    icmp_ln563_5_fu_263_p2                                                                      |     |        | icmp_ln563_5         | seteq     | auto                     | 0       |
|    or_ln563_2_fu_269_p2                                                                        |     |        | or_ln563_2           | or        | auto                     | 0       |
|    and_ln563_1_fu_275_p2                                                                       |     |        | and_ln563_1          | and       | auto                     | 0       |
|    fcmp_32ns_32ns_1_3_no_dsp_1_U3013                                                           |     |        | tmp_6                | fcmp      | auto                     | 2       |
|    and_ln563_2_fu_281_p2                                                                       |     |        | and_ln563_2          | and       | auto                     | 0       |
|    max_abs_1_fu_286_p3                                                                         |     |        | max_abs_1            | select    | auto_sel                 | 0       |
|    icmp_ln563_6_fu_330_p2                                                                      |     |        | icmp_ln563_6         | setne     | auto                     | 0       |
|    icmp_ln563_7_fu_336_p2                                                                      |     |        | icmp_ln563_7         | seteq     | auto                     | 0       |
|    or_ln563_3_fu_342_p2                                                                        |     |        | or_ln563_3           | or        | auto                     | 0       |
|    icmp_ln563_8_fu_348_p2                                                                      |     |        | icmp_ln563_8         | setne     | auto                     | 0       |
|    icmp_ln563_9_fu_354_p2                                                                      |     |        | icmp_ln563_9         | seteq     | auto                     | 0       |
|    or_ln563_4_fu_360_p2                                                                        |     |        | or_ln563_4           | or        | auto                     | 0       |
|    and_ln563_3_fu_366_p2                                                                       |     |        | and_ln563_3          | and       | auto                     | 0       |
|    fcmp_32ns_32ns_1_3_no_dsp_1_U3013                                                           |     |        | tmp_9                | fcmp      | auto                     | 2       |
|    and_ln563_4_fu_372_p2                                                                       |     |        | and_ln563_4          | and       | auto                     | 0       |
|    max_abs_2_fu_377_p3                                                                         |     |        | max_abs_2            | select    | auto_sel                 | 0       |
|    fmul_32ns_32ns_32_7_max_dsp_1_U3018                                                         |     |        | icmp_ln563_10        | setne     | auto                     | 0       |
|    fmul_32ns_32ns_32_7_max_dsp_1_U3019                                                         |     |        | icmp_ln563_11        | seteq     | auto                     | 0       |
|    or_ln563_5_fu_433_p2                                                                        |     |        | or_ln563_5           | or        | auto                     | 0       |
|    fcmp_32ns_32ns_1_3_no_dsp_1_U3013                                                           |     |        | icmp_ln563_12        | setne     | auto                     | 0       |
|    icmp_ln563_13_fu_445_p2                                                                     |     |        | icmp_ln563_13        | seteq     | auto                     | 0       |
|    or_ln563_6_fu_451_p2                                                                        |     |        | or_ln563_6           | or        | auto                     | 0       |
|    and_ln563_5_fu_457_p2                                                                       |     |        | and_ln563_5          | and       | auto                     | 0       |
|    fcmp_32ns_32ns_1_3_no_dsp_1_U3013                                                           |     |        | tmp_12               | fcmp      | auto                     | 2       |
|    fcmp_32ns_32ns_1_3_no_dsp_1_U3013                                                           |     |        | and_ln563_6          | and       | auto                     | 0       |
|    max_abs_3_fu_468_p3                                                                         |     |        | max_abs_3            | select    | auto_sel                 | 0       |
|    icmp_ln563_14_fu_512_p2                                                                     |     |        | icmp_ln563_14        | setne     | auto                     | 0       |
|    icmp_ln563_15_fu_518_p2                                                                     |     |        | icmp_ln563_15        | seteq     | auto                     | 0       |
|    or_ln563_7_fu_524_p2                                                                        |     |        | or_ln563_7           | or        | auto                     | 0       |
|    icmp_ln563_16_fu_530_p2                                                                     |     |        | icmp_ln563_16        | setne     | auto                     | 0       |
|    icmp_ln563_17_fu_536_p2                                                                     |     |        | icmp_ln563_17        | seteq     | auto                     | 0       |
|    or_ln563_8_fu_542_p2                                                                        |     |        | or_ln563_8           | or        | auto                     | 0       |
|    and_ln563_7_fu_548_p2                                                                       |     |        | and_ln563_7          | and       | auto                     | 0       |
|    fcmp_32ns_32ns_1_3_no_dsp_1_U3013                                                           |     |        | tmp_15               | fcmp      | auto                     | 2       |
|    and_ln563_8_fu_554_p2                                                                       |     |        | and_ln563_8          | and       | auto                     | 0       |
|    max_abs_4_fu_559_p3                                                                         |     |        | max_abs_4            | select    | auto_sel                 | 0       |
|    icmp_ln563_18_fu_603_p2                                                                     |     |        | icmp_ln563_18        | setne     | auto                     | 0       |
|    icmp_ln563_19_fu_609_p2                                                                     |     |        | icmp_ln563_19        | seteq     | auto                     | 0       |
|    or_ln563_9_fu_615_p2                                                                        |     |        | or_ln563_9           | or        | auto                     | 0       |
|    icmp_ln563_20_fu_621_p2                                                                     |     |        | icmp_ln563_20        | setne     | auto                     | 0       |
|    icmp_ln563_21_fu_627_p2                                                                     |     |        | icmp_ln563_21        | seteq     | auto                     | 0       |
|    or_ln563_10_fu_633_p2                                                                       |     |        | or_ln563_10          | or        | auto                     | 0       |
|    and_ln563_9_fu_639_p2                                                                       |     |        | and_ln563_9          | and       | auto                     | 0       |
|    fcmp_32ns_32ns_1_3_no_dsp_1_U3013                                                           |     |        | tmp_18               | fcmp      | auto                     | 2       |
|    and_ln563_10_fu_645_p2                                                                      |     |        | and_ln563_10         | and       | auto                     | 0       |
|    max_abs_5_fu_650_p3                                                                         |     |        | max_abs_5            | select    | auto_sel                 | 0       |
|    icmp_ln563_22_fu_694_p2                                                                     |     |        | icmp_ln563_22        | setne     | auto                     | 0       |
|    icmp_ln563_23_fu_700_p2                                                                     |     |        | icmp_ln563_23        | seteq     | auto                     | 0       |
|    or_ln563_11_fu_706_p2                                                                       |     |        | or_ln563_11          | or        | auto                     | 0       |
|    icmp_ln563_24_fu_712_p2                                                                     |     |        | icmp_ln563_24        | setne     | auto                     | 0       |
|    icmp_ln563_25_fu_718_p2                                                                     |     |        | icmp_ln563_25        | seteq     | auto                     | 0       |
|    or_ln563_12_fu_724_p2                                                                       |     |        | or_ln563_12          | or        | auto                     | 0       |
|    and_ln563_11_fu_730_p2                                                                      |     |        | and_ln563_11         | and       | auto                     | 0       |
|    fcmp_32ns_32ns_1_3_no_dsp_1_U3013                                                           |     |        | tmp_21               | fcmp      | auto                     | 2       |
|    and_ln563_12_fu_736_p2                                                                      |     |        | and_ln563_12         | and       | auto                     | 0       |
|    max_abs_6_fu_741_p3                                                                         |     |        | max_abs_6            | select    | auto_sel                 | 0       |
|    icmp_ln563_26_fu_785_p2                                                                     |     |        | icmp_ln563_26        | setne     | auto                     | 0       |
|    icmp_ln563_27_fu_791_p2                                                                     |     |        | icmp_ln563_27        | seteq     | auto                     | 0       |
|    or_ln563_13_fu_797_p2                                                                       |     |        | or_ln563_13          | or        | auto                     | 0       |
|    icmp_ln563_28_fu_803_p2                                                                     |     |        | icmp_ln563_28        | setne     | auto                     | 0       |
|    icmp_ln563_29_fu_809_p2                                                                     |     |        | icmp_ln563_29        | seteq     | auto                     | 0       |
|    or_ln563_14_fu_815_p2                                                                       |     |        | or_ln563_14          | or        | auto                     | 0       |
|    and_ln563_13_fu_821_p2                                                                      |     |        | and_ln563_13         | and       | auto                     | 0       |
|    fcmp_32ns_32ns_1_3_no_dsp_1_U3013                                                           |     |        | tmp_24               | fcmp      | auto                     | 2       |
|    and_ln563_14_fu_827_p2                                                                      |     |        | and_ln563_14         | and       | auto                     | 0       |
|    max_abs_7_fu_832_p3                                                                         |     |        | max_abs_7            | select    | auto_sel                 | 0       |
|    icmp_ln565_fu_855_p2                                                                        |     |        | icmp_ln565           | setne     | auto                     | 0       |
|    icmp_ln565_1_fu_861_p2                                                                      |     |        | icmp_ln565_1         | seteq     | auto                     | 0       |
|    or_ln565_fu_867_p2                                                                          |     |        | or_ln565             | or        | auto                     | 0       |
|    fcmp_32ns_32ns_1_3_no_dsp_1_U3013                                                           |     |        | tmp_26               | fcmp      | auto                     | 2       |
|    and_ln565_fu_871_p2                                                                         |     |        | and_ln565            | and       | auto                     | 0       |
|    fdiv_32ns_32ns_32_30_no_dsp_1_U3012                                                         |     |        | div                  | fdiv      | fabric                   | 29      |
|    gs_fu_876_p3                                                                                |     |        | gs                   | select    | auto_sel                 | 0       |
|    fdiv_32ns_32ns_32_30_no_dsp_1_U3012                                                         |     |        | inv_gs               | fdiv      | fabric                   | 29      |
|   + compute_gate_Pipeline_GATE_PASS1                                                           | 0   |        |                      |           |                          |         |
|     icmp_ln547_fu_358_p2                                                                       |     |        | icmp_ln547           | seteq     | auto                     | 0       |
|     add_ln547_fu_364_p2                                                                        |     |        | add_ln547            | add       | fabric                   | 0       |
|     add_ln317_fu_419_p2                                                                        |     |        | add_ln317            | add       | fabric                   | 0       |
|     sub_ln18_fu_433_p2                                                                         |     |        | sub_ln18             | sub       | fabric                   | 0       |
|     select_ln18_fu_443_p3                                                                      |     |        | select_ln18          | select    | auto_sel                 | 0       |
|     lshr_ln18_fu_471_p2                                                                        |     |        | lshr_ln18            | lshr      | auto_pipe                | 0       |
|     shl_ln18_fu_477_p2                                                                         |     |        | shl_ln18             | shl       | auto_pipe                | 0       |
|     val_fu_503_p3                                                                              |     |        | val                  | select    | auto_sel                 | 0       |
|     result_7_fu_510_p2                                                                         |     |        | result_7             | sub       | fabric                   | 0       |
|     result_fu_515_p3                                                                           |     |        | result               | select    | auto_sel                 | 0       |
|     idx_3_fu_533_p3                                                                            |     |        | idx_3                | select    | auto_sel                 | 0       |
|     icmp_ln554_fu_555_p2                                                                       |     |        | icmp_ln554           | setne     | auto                     | 0       |
|     idx_4_fu_560_p3                                                                            |     |        | idx_4                | select    | auto_sel                 | 0       |
|     icmp_ln556_fu_588_p2                                                                       |     |        | icmp_ln556           | setne     | auto                     | 0       |
|     icmp_ln556_1_fu_594_p2                                                                     |     |        | icmp_ln556_1         | seteq     | auto                     | 0       |
|     or_ln556_fu_600_p2                                                                         |     |        | or_ln556             | or        | auto                     | 0       |
|     and_ln556_fu_606_p2                                                                        |     |        | and_ln556            | and       | auto                     | 0       |
|     xor_ln556_fu_619_p2                                                                        |     |        | xor_ln556            | xor       | auto                     | 0       |
|     abs_g_fu_641_p3                                                                            |     |        | abs_g                | select    | auto_sel                 | 0       |
|     sparsemux_17_3_32_1_1_U2977                                                                |     |        | tmp                  | sparsemux | compactencoding_dontcare | 0       |
|     icmp_ln557_1_fu_757_p2                                                                     |     |        | icmp_ln557_1         | setne     | auto                     | 0       |
|     icmp_ln557_2_fu_763_p2                                                                     |     |        | icmp_ln557_2         | seteq     | auto                     | 0       |
|     or_ln557_fu_769_p2                                                                         |     |        | or_ln557             | or        | auto                     | 0       |
|     icmp_ln557_3_fu_728_p2                                                                     |     |        | icmp_ln557_3         | setne     | auto                     | 0       |
|     icmp_ln557_4_fu_734_p2                                                                     |     |        | icmp_ln557_4         | seteq     | auto                     | 0       |
|     or_ln557_1_fu_775_p2                                                                       |     |        | or_ln557_1           | or        | auto                     | 0       |
|     fcmp_32ns_32ns_1_3_no_dsp_1_U2976                                                          |     |        | tmp_31               | fcmp      | auto                     | 2       |
|     and_ln557_fu_779_p2                                                                        |     |        | and_ln557            | and       | auto                     | 0       |
|     and_ln557_1_fu_785_p2                                                                      |     |        | and_ln557_1          | and       | auto                     | 0       |
|   + compute_gate_Pipeline_GATE_PASS2                                                           | 5   |        |                      |           |                          |         |
|     icmp_ln569_fu_364_p2                                                                       |     |        | icmp_ln569           | seteq     | auto                     | 0       |
|     add_ln569_fu_370_p2                                                                        |     |        | add_ln569            | add       | fabric                   | 0       |
|     add_ln317_fu_463_p2                                                                        |     |        | add_ln317            | add       | fabric                   | 0       |
|     sub_ln18_fu_477_p2                                                                         |     |        | sub_ln18             | sub       | fabric                   | 0       |
|     select_ln18_fu_487_p3                                                                      |     |        | select_ln18          | select    | auto_sel                 | 0       |
|     lshr_ln18_fu_515_p2                                                                        |     |        | lshr_ln18            | lshr      | auto_pipe                | 0       |
|     shl_ln18_fu_521_p2                                                                         |     |        | shl_ln18             | shl       | auto_pipe                | 0       |
|     val_fu_547_p3                                                                              |     |        | val                  | select    | auto_sel                 | 0       |
|     result_2_fu_554_p2                                                                         |     |        | result_2             | sub       | fabric                   | 0       |
|     result_fu_559_p3                                                                           |     |        | result               | select    | auto_sel                 | 0       |
|     idx_1_fu_577_p3                                                                            |     |        | idx_1                | select    | auto_sel                 | 0       |
|     icmp_ln576_fu_599_p2                                                                       |     |        | icmp_ln576           | setne     | auto                     | 0       |
|     idx_2_fu_604_p3                                                                            |     |        | idx_2                | select    | auto_sel                 | 0       |
|     fmul_32ns_32ns_32_7_max_dsp_1_U2996                                                        | 3   |        | fq                   | fmul      | maxdsp                   | 6       |
|     icmp_ln579_fu_632_p2                                                                       |     |        | icmp_ln579           | setne     | auto                     | 0       |
|     icmp_ln579_1_fu_638_p2                                                                     |     |        | icmp_ln579_1         | seteq     | auto                     | 0       |
|     or_ln579_fu_644_p2                                                                         |     |        | or_ln579             | or        | auto                     | 0       |
|     and_ln579_fu_650_p2                                                                        |     |        | and_ln579            | and       | auto                     | 0       |
|     select_ln579_fu_655_p3                                                                     |     |        | select_ln579         | select    | auto_sel                 | 0       |
|     fadd_32ns_32ns_32_11_full_dsp_1_U2990                                                      | 2   |        | dc_1                 | fadd      | fulldsp                  | 10      |
|     add_ln317_1_fu_690_p2                                                                      |     |        | add_ln317_1          | add       | fabric                   | 0       |
|     sub_ln18_1_fu_704_p2                                                                       |     |        | sub_ln18_1           | sub       | fabric                   | 0       |
|     select_ln18_2_fu_714_p3                                                                    |     |        | select_ln18_2        | select    | auto_sel                 | 0       |
|     lshr_ln18_1_fu_742_p2                                                                      |     |        | lshr_ln18_1          | lshr      | auto_pipe                | 0       |
|     shl_ln18_1_fu_748_p2                                                                       |     |        | shl_ln18_1           | shl       | auto_pipe                | 0       |
|     val_16_fu_774_p3                                                                           |     |        | val_16               | select    | auto_sel                 | 0       |
|     result_5_fu_781_p2                                                                         |     |        | result_5             | sub       | fabric                   | 0       |
|     result_6_fu_786_p3                                                                         |     |        | result_6             | select    | auto_sel                 | 0       |
|     icmp_ln580_fu_802_p2                                                                       |     |        | icmp_ln580           | setgt     | auto                     | 0       |
|     iq_1_fu_808_p3                                                                             |     |        | iq_1                 | select    | auto_sel                 | 0       |
|     icmp_ln581_fu_814_p2                                                                       |     |        | icmp_ln581           | setlt     | auto                     | 0       |
|     select_ln582_fu_824_p3                                                                     |     |        | select_ln582         | select    | auto_sel                 | 0       |
|  + compute_output                                                                              | 96  |        |                      |           |                          |         |
|    icmp_ln610_fu_12420_p2                                                                      |     |        | icmp_ln610           | seteq     | auto                     | 0       |
|    add_ln662_fu_21747_p2                                                                       |     |        | add_ln662            | add       | fabric                   | 0       |
|   + load_row_down_urm                                                                          | 0   |        |                      |           |                          |         |
|     empty_fu_2446_p2                                                                           |     |        | empty                | add       | fabric                   | 0       |
|     empty_71_fu_2456_p2                                                                        |     |        | empty_71             | add       | fabric                   | 0       |
|     tmp1_fu_2482_p2                                                                            |     |        | tmp1                 | add       | fabric                   | 0       |
|     empty_73_fu_2491_p2                                                                        |     |        | empty_73             | add       | fabric                   | 0       |
|    + load_row_down_urm_Pipeline_LOAD_HDR_DOWN                                                  | 0   |        |                      |           |                          |         |
|      icmp_ln138_fu_5706_p2                                                                     |     |        | icmp_ln138           | seteq     | auto                     | 0       |
|      add_ln138_fu_5712_p2                                                                      |     |        | add_ln138            | add       | fabric                   | 0       |
|     + fp16_to_fp32 (grp_fp16_to_fp32_fu_5337)                                                  | 0   |        |                      |           |                          |         |
|       or_ln59_fu_118_p2                                                                        |     |        | or_ln59              | or        | auto                     | 0       |
|       icmp_ln59_fu_142_p2                                                                      |     |        | icmp_ln59            | seteq     | auto                     | 0       |
|       add_ln71_fu_509_p2                                                                       |     |        | add_ln71             | add       | fabric                   | 0       |
|       m_1_fu_168_p3                                                                            |     |        | m_1                  | select    | auto_sel                 | 0       |
|       e_fu_176_p3                                                                              |     |        | e                    | select    | auto_sel                 | 0       |
|       e_18_fu_198_p3                                                                           |     |        | e_18                 | select    | auto_sel                 | 0       |
|       m_3_fu_206_p3                                                                            |     |        | m_3                  | select    | auto_sel                 | 0       |
|       e_19_fu_214_p3                                                                           |     |        | e_19                 | select    | auto_sel                 | 0       |
|       e_20_fu_230_p2                                                                           |     |        | e_20                 | add       | fabric                   | 0       |
|       m_5_fu_249_p3                                                                            |     |        | m_5                  | select    | auto_sel                 | 0       |
|       e_21_fu_236_p3                                                                           |     |        | e_21                 | select    | auto_sel                 | 0       |
|       e_22_fu_269_p2                                                                           |     |        | e_22                 | add       | fabric                   | 0       |
|       m_7_fu_274_p3                                                                            |     |        | m_7                  | select    | auto_sel                 | 0       |
|       e_23_fu_282_p3                                                                           |     |        | e_23                 | select    | auto_sel                 | 0       |
|       e_24_fu_297_p2                                                                           |     |        | e_24                 | add       | fabric                   | 0       |
|       m_9_fu_316_p3                                                                            |     |        | m_9                  | select    | auto_sel                 | 0       |
|       e_25_fu_303_p3                                                                           |     |        | e_25                 | select    | auto_sel                 | 0       |
|       e_26_fu_336_p2                                                                           |     |        | e_26                 | add       | fabric                   | 0       |
|       m_11_fu_341_p3                                                                           |     |        | m_11                 | select    | auto_sel                 | 0       |
|       e_27_fu_349_p3                                                                           |     |        | e_27                 | select    | auto_sel                 | 0       |
|       e_28_fu_364_p2                                                                           |     |        | e_28                 | add       | fabric                   | 0       |
|       m_13_fu_383_p3                                                                           |     |        | m_13                 | select    | auto_sel                 | 0       |
|       e_29_fu_370_p3                                                                           |     |        | e_29                 | select    | auto_sel                 | 0       |
|       e_30_fu_403_p2                                                                           |     |        | e_30                 | add       | fabric                   | 0       |
|       m_15_fu_408_p3                                                                           |     |        | m_15                 | select    | auto_sel                 | 0       |
|       e_31_fu_416_p3                                                                           |     |        | e_31                 | select    | auto_sel                 | 0       |
|       e_32_fu_437_p2                                                                           |     |        | e_32                 | add       | fabric                   | 0       |
|       m_17_fu_443_p3                                                                           |     |        | m_17                 | select    | auto_sel                 | 0       |
|       e_33_fu_451_p3                                                                           |     |        | e_33                 | select    | auto_sel                 | 0       |
|       e_34_fu_535_p2                                                                           |     |        | e_34                 | add       | fabric                   | 0       |
|       select_ln65_fu_483_p3                                                                    |     |        | select_ln65          | select    | auto_sel                 | 0       |
|       select_ln62_fu_540_p3                                                                    |     |        | select_ln62          | select    | auto_sel                 | 0       |
|       icmp_ln61_fu_572_p2                                                                      |     |        | icmp_ln61            | seteq     | auto                     | 0       |
|       xor_ln59_fu_577_p2                                                                       |     |        | xor_ln59             | xor       | auto                     | 0       |
|       and_ln61_fu_582_p2                                                                       |     |        | and_ln61             | and       | auto                     | 0       |
|       icmp_ln61_1_fu_588_p2                                                                    |     |        | icmp_ln61_1          | seteq     | auto                     | 0       |
|       and_ln61_1_fu_593_p2                                                                     |     |        | and_ln61_1           | and       | auto                     | 0       |
|       sparsemux_9_3_32_1_0_U259                                                                |     |        | f32_4                | sparsemux | onehotencoding_realdef   | 0       |
|    + load_row_down_urm_Pipeline_LOAD_NIB_DOWN                                                  | 0   |        |                      |           |                          |         |
|      icmp_ln159_fu_151_p2                                                                      |     |        | icmp_ln159           | seteq     | auto                     | 0       |
|      add_ln159_fu_157_p2                                                                       |     |        | add_ln159            | add       | fabric                   | 0       |
|   + mac_blocks_down_q4k_k4_urm                                                                 | 96  |        |                      |           |                          |         |
|     icmp_ln318_fu_22557_p2                                                                     |     |        | icmp_ln318           | seteq     | auto                     | 0       |
|     add_ln318_fu_22563_p2                                                                      |     |        | add_ln318            | add       | fabric                   | 0       |
|     icmp_ln399_fu_22600_p2                                                                     |     |        | icmp_ln399           | seteq     | auto                     | 0       |
|     sub_ln399_fu_22614_p2                                                                      |     |        | sub_ln399            | sub       | fabric                   | 0       |
|     select_ln399_fu_22620_p3                                                                   |     |        | select_ln399         | select    | auto_sel                 | 0       |
|     ctlz_48_48_1_1_U7604                                                                       |     |        | tmp_s                | ctlz      | auto                     | 0       |
|     sub_ln399_1_fu_23759_p2                                                                    |     |        | sub_ln399_1          | sub       | fabric                   | 0       |
|     add_ln399_fu_23852_p2                                                                      |     |        | add_ln399            | add       | fabric                   | 0       |
|     icmp_ln399_1_fu_23867_p2                                                                   |     |        | icmp_ln399_1         | setgt     | auto                     | 0       |
|     sub_ln399_4_fu_23765_p2                                                                    |     |        | sub_ln399_4          | sub       | fabric                   | 0       |
|     lshr_ln399_2_fu_23876_p2                                                                   |     |        | lshr_ln399_2         | lshr      | auto_pipe                | 0       |
|     and_ln399_fu_23882_p2                                                                      |     |        | and_ln399            | and       | auto                     | 0       |
|     icmp_ln399_2_fu_23887_p2                                                                   |     |        | icmp_ln399_2         | setne     | auto                     | 0       |
|     phi_ln399_fu_23893_p2                                                                      |     |        | phi_ln399            | and       | auto                     | 0       |
|     xor_ln399_fu_23907_p2                                                                      |     |        | xor_ln399            | xor       | auto                     | 0       |
|     bitselect_1ns_48ns_6ns_1_1_1_U7608                                                         |     |        | tmp_54               | bitselect | auto                     | 0       |
|     phi_ln399_1_fu_23920_p2                                                                    |     |        | phi_ln399_1          | and       | auto                     | 0       |
|     or_ln399_fu_23926_p2                                                                       |     |        | or_ln399             | or        | auto                     | 0       |
|     icmp_ln399_3_fu_23932_p2                                                                   |     |        | icmp_ln399_3         | setgt     | auto                     | 0       |
|     add_ln399_1_fu_23938_p2                                                                    |     |        | add_ln399_1          | add       | fabric                   | 0       |
|     lshr_ln399_fu_23951_p2                                                                     |     |        | lshr_ln399           | lshr      | auto_pipe                | 0       |
|     sub_ln399_2_fu_23956_p2                                                                    |     |        | sub_ln399_2          | sub       | fabric                   | 0       |
|     shl_ln399_fu_23969_p2                                                                      |     |        | shl_ln399            | shl       | auto_pipe                | 0       |
|     cond49_i_i228_in_fu_24340_p3                                                               |     |        | cond49_i_i228_in     | select    | auto_sel                 | 0       |
|     add_ln399_2_fu_24352_p2                                                                    |     |        | add_ln399_2          | add       | fabric                   | 0       |
|     select_ln399_1_fu_24380_p3                                                                 |     |        | select_ln399_1       | select    | auto_sel                 | 0       |
|     sub_ln399_3_fu_24388_p2                                                                    |     |        | sub_ln399_3          | sub       | fabric                   | 0       |
|     add_ln399_3_fu_24397_p2                                                                    |     |        | add_ln399_3          | add       | fabric                   | 0       |
|     retval_0_i_i240_fu_24430_p3                                                                |     |        | retval_0_i_i240      | select    | auto_sel                 | 0       |
|     fmul_32ns_32ns_32_7_max_dsp_1_U7600                                                        | 3   |        | result0_write_assign | fmul      | maxdsp                   | 6       |
|     icmp_ln400_fu_22628_p2                                                                     |     |        | icmp_ln400           | seteq     | auto                     | 0       |
|     sub_ln400_fu_22642_p2                                                                      |     |        | sub_ln400            | sub       | fabric                   | 0       |
|     select_ln400_fu_22648_p3                                                                   |     |        | select_ln400         | select    | auto_sel                 | 0       |
|     ctlz_48_48_1_1_U7605                                                                       |     |        | tmp_579              | ctlz      | auto                     | 0       |
|     sub_ln400_1_fu_23786_p2                                                                    |     |        | sub_ln400_1          | sub       | fabric                   | 0       |
|     add_ln400_fu_23974_p2                                                                      |     |        | add_ln400            | add       | fabric                   | 0       |
|     icmp_ln400_1_fu_23989_p2                                                                   |     |        | icmp_ln400_1         | setgt     | auto                     | 0       |
|     sub_ln400_4_fu_23792_p2                                                                    |     |        | sub_ln400_4          | sub       | fabric                   | 0       |
|     lshr_ln400_2_fu_23998_p2                                                                   |     |        | lshr_ln400_2         | lshr      | auto_pipe                | 0       |
|     and_ln400_fu_24004_p2                                                                      |     |        | and_ln400            | and       | auto                     | 0       |
|     icmp_ln400_2_fu_24009_p2                                                                   |     |        | icmp_ln400_2         | setne     | auto                     | 0       |
|     phi_ln400_fu_24015_p2                                                                      |     |        | phi_ln400            | and       | auto                     | 0       |
|     xor_ln400_fu_24029_p2                                                                      |     |        | xor_ln400            | xor       | auto                     | 0       |
|     bitselect_1ns_48ns_6ns_1_1_1_U7609                                                         |     |        | tmp_59               | bitselect | auto                     | 0       |
|     phi_ln400_1_fu_24042_p2                                                                    |     |        | phi_ln400_1          | and       | auto                     | 0       |
|     or_ln400_fu_24048_p2                                                                       |     |        | or_ln400             | or        | auto                     | 0       |
|     icmp_ln400_3_fu_24054_p2                                                                   |     |        | icmp_ln400_3         | setgt     | auto                     | 0       |
|     add_ln400_1_fu_24060_p2                                                                    |     |        | add_ln400_1          | add       | fabric                   | 0       |
|     lshr_ln400_fu_24073_p2                                                                     |     |        | lshr_ln400           | lshr      | auto_pipe                | 0       |
|     sub_ln400_2_fu_24078_p2                                                                    |     |        | sub_ln400_2          | sub       | fabric                   | 0       |
|     shl_ln400_fu_24091_p2                                                                      |     |        | shl_ln400            | shl       | auto_pipe                | 0       |
|     cond49_i_i160_in_fu_24437_p3                                                               |     |        | cond49_i_i160_in     | select    | auto_sel                 | 0       |
|     add_ln400_2_fu_24449_p2                                                                    |     |        | add_ln400_2          | add       | fabric                   | 0       |
|     select_ln400_1_fu_24477_p3                                                                 |     |        | select_ln400_1       | select    | auto_sel                 | 0       |
|     sub_ln400_3_fu_24485_p2                                                                    |     |        | sub_ln400_3          | sub       | fabric                   | 0       |
|     add_ln400_3_fu_24494_p2                                                                    |     |        | add_ln400_3          | add       | fabric                   | 0       |
|     retval_0_i_i172_fu_24527_p3                                                                |     |        | retval_0_i_i172      | select    | auto_sel                 | 0       |
|     fmul_32ns_32ns_32_7_max_dsp_1_U7601                                                        | 3   |        | result1_write_assign | fmul      | maxdsp                   | 6       |
|     icmp_ln401_fu_22656_p2                                                                     |     |        | icmp_ln401           | seteq     | auto                     | 0       |
|     sub_ln401_fu_22670_p2                                                                      |     |        | sub_ln401            | sub       | fabric                   | 0       |
|     select_ln401_fu_22676_p3                                                                   |     |        | select_ln401         | select    | auto_sel                 | 0       |
|     ctlz_48_48_1_1_U7606                                                                       |     |        | tmp_581              | ctlz      | auto                     | 0       |
|     sub_ln401_1_fu_23813_p2                                                                    |     |        | sub_ln401_1          | sub       | fabric                   | 0       |
|     add_ln401_fu_24096_p2                                                                      |     |        | add_ln401            | add       | fabric                   | 0       |
|     icmp_ln401_1_fu_24111_p2                                                                   |     |        | icmp_ln401_1         | setgt     | auto                     | 0       |
|     sub_ln401_4_fu_23819_p2                                                                    |     |        | sub_ln401_4          | sub       | fabric                   | 0       |
|     lshr_ln401_2_fu_24120_p2                                                                   |     |        | lshr_ln401_2         | lshr      | auto_pipe                | 0       |
|     and_ln401_fu_24126_p2                                                                      |     |        | and_ln401            | and       | auto                     | 0       |
|     icmp_ln401_2_fu_24131_p2                                                                   |     |        | icmp_ln401_2         | setne     | auto                     | 0       |
|     phi_ln401_fu_24137_p2                                                                      |     |        | phi_ln401            | and       | auto                     | 0       |
|     xor_ln401_fu_24151_p2                                                                      |     |        | xor_ln401            | xor       | auto                     | 0       |
|     bitselect_1ns_48ns_6ns_1_1_1_U7610                                                         |     |        | tmp_64               | bitselect | auto                     | 0       |
|     phi_ln401_1_fu_24164_p2                                                                    |     |        | phi_ln401_1          | and       | auto                     | 0       |
|     or_ln401_fu_24170_p2                                                                       |     |        | or_ln401             | or        | auto                     | 0       |
|     icmp_ln401_3_fu_24176_p2                                                                   |     |        | icmp_ln401_3         | setgt     | auto                     | 0       |
|     add_ln401_1_fu_24182_p2                                                                    |     |        | add_ln401_1          | add       | fabric                   | 0       |
|     lshr_ln401_fu_24195_p2                                                                     |     |        | lshr_ln401           | lshr      | auto_pipe                | 0       |
|     sub_ln401_2_fu_24200_p2                                                                    |     |        | sub_ln401_2          | sub       | fabric                   | 0       |
|     shl_ln401_fu_24213_p2                                                                      |     |        | shl_ln401            | shl       | auto_pipe                | 0       |
|     cond49_i_i92_in_fu_24534_p3                                                                |     |        | cond49_i_i92_in      | select    | auto_sel                 | 0       |
|     add_ln401_2_fu_24546_p2                                                                    |     |        | add_ln401_2          | add       | fabric                   | 0       |
|     select_ln401_1_fu_24574_p3                                                                 |     |        | select_ln401_1       | select    | auto_sel                 | 0       |
|     sub_ln401_3_fu_24582_p2                                                                    |     |        | sub_ln401_3          | sub       | fabric                   | 0       |
|     add_ln401_3_fu_24591_p2                                                                    |     |        | add_ln401_3          | add       | fabric                   | 0       |
|     retval_0_i_i104_fu_24624_p3                                                                |     |        | retval_0_i_i104      | select    | auto_sel                 | 0       |
|     fmul_32ns_32ns_32_7_max_dsp_1_U7602                                                        | 3   |        | result2_write_assign | fmul      | maxdsp                   | 6       |
|     icmp_ln402_fu_22684_p2                                                                     |     |        | icmp_ln402           | seteq     | auto                     | 0       |
|     sub_ln402_fu_22698_p2                                                                      |     |        | sub_ln402            | sub       | fabric                   | 0       |
|     select_ln402_fu_22704_p3                                                                   |     |        | select_ln402         | select    | auto_sel                 | 0       |
|     ctlz_48_48_1_1_U7607                                                                       |     |        | tmp_583              | ctlz      | auto                     | 0       |
|     sub_ln402_1_fu_23840_p2                                                                    |     |        | sub_ln402_1          | sub       | fabric                   | 0       |
|     add_ln402_fu_24218_p2                                                                      |     |        | add_ln402            | add       | fabric                   | 0       |
|     icmp_ln402_1_fu_24233_p2                                                                   |     |        | icmp_ln402_1         | setgt     | auto                     | 0       |
|     sub_ln402_4_fu_23846_p2                                                                    |     |        | sub_ln402_4          | sub       | fabric                   | 0       |
|     lshr_ln402_2_fu_24242_p2                                                                   |     |        | lshr_ln402_2         | lshr      | auto_pipe                | 0       |
|     and_ln402_fu_24248_p2                                                                      |     |        | and_ln402            | and       | auto                     | 0       |
|     icmp_ln402_2_fu_24253_p2                                                                   |     |        | icmp_ln402_2         | setne     | auto                     | 0       |
|     phi_ln402_fu_24259_p2                                                                      |     |        | phi_ln402            | and       | auto                     | 0       |
|     xor_ln402_fu_24273_p2                                                                      |     |        | xor_ln402            | xor       | auto                     | 0       |
|     bitselect_1ns_48ns_6ns_1_1_1_U7611                                                         |     |        | tmp_69               | bitselect | auto                     | 0       |
|     phi_ln402_1_fu_24286_p2                                                                    |     |        | phi_ln402_1          | and       | auto                     | 0       |
|     or_ln402_fu_24292_p2                                                                       |     |        | or_ln402             | or        | auto                     | 0       |
|     icmp_ln402_3_fu_24298_p2                                                                   |     |        | icmp_ln402_3         | setgt     | auto                     | 0       |
|     add_ln402_1_fu_24304_p2                                                                    |     |        | add_ln402_1          | add       | fabric                   | 0       |
|     lshr_ln402_fu_24317_p2                                                                     |     |        | lshr_ln402           | lshr      | auto_pipe                | 0       |
|     sub_ln402_2_fu_24322_p2                                                                    |     |        | sub_ln402_2          | sub       | fabric                   | 0       |
|     shl_ln402_fu_24335_p2                                                                      |     |        | shl_ln402            | shl       | auto_pipe                | 0       |
|     cond49_i_i_in_fu_24631_p3                                                                  |     |        | cond49_i_i_in        | select    | auto_sel                 | 0       |
|     add_ln402_2_fu_24643_p2                                                                    |     |        | add_ln402_2          | add       | fabric                   | 0       |
|     select_ln402_1_fu_24671_p3                                                                 |     |        | select_ln402_1       | select    | auto_sel                 | 0       |
|     sub_ln402_3_fu_24679_p2                                                                    |     |        | sub_ln402_3          | sub       | fabric                   | 0       |
|     add_ln402_3_fu_24688_p2                                                                    |     |        | add_ln402_3          | add       | fabric                   | 0       |
|     retval_0_i_i_fu_24721_p3                                                                   |     |        | retval_0_i_i         | select    | auto_sel                 | 0       |
|     fmul_32ns_32ns_32_7_max_dsp_1_U7603                                                        | 3   |        | result3_write_assign | fmul      | maxdsp                   | 6       |
|    + mac_blocks_down_q4k_k4_urm_Pipeline_MAC_GRP                                               | 64  |        |                      |           |                          |         |
|      icmp_ln344_fu_21546_p2                                                                    |     |        | icmp_ln344           | seteq     | auto                     | 0       |
|      add_ln344_fu_21552_p2                                                                     |     |        | add_ln344            | add       | fabric                   | 0       |
|      add_ln365_fu_33381_p2                                                                     |     |        | add_ln365            | add       | fabric                   | 0       |
|      mul_8s_4ns_12_1_1_U4523                                                                   |     |        | mul_ln371            | mul       | auto                     | 0       |
|      sparsemux_17_3_8_1_1_U4203                                                                |     |        | tmp_s                | sparsemux | compactencoding_dontcare | 0       |
|      sparsemux_17_3_8_1_1_U4204                                                                |     |        | tmp_195              | sparsemux | compactencoding_dontcare | 0       |
|      sparsemux_17_3_8_1_1_U4205                                                                |     |        | tmp_196              | sparsemux | compactencoding_dontcare | 0       |
|      sparsemux_17_3_8_1_1_U4206                                                                |     |        | tmp_197              | sparsemux | compactencoding_dontcare | 0       |
|      sparsemux_9_2_8_1_1_U4207                                                                 |     |        | tmp_198              | sparsemux | compactencoding_dontcare | 0       |
|      mac_muladd_12s_8s_32s_32_4_1_U4651                                                        | 1   |        | mul_ln371_1          | mul       | dsp_slice                | 3       |
|      mac_muladd_12s_8s_32s_32_4_1_U4651                                                        | 1   |        | sext_ln371_3         | sext      | dsp_slice                | 3       |
|      sparsemux_9_2_32_1_1_U4587                                                                |     |        | tmp_199              | sparsemux | compactencoding_dontcare | 0       |
|      mac_muladd_12s_8s_32s_32_4_1_U4651                                                        | 1   |        | acc_w0_71            | add       | dsp_slice                | 3       |
|      mul_8s_4ns_12_1_1_U4524                                                                   |     |        | mul_ln373            | mul       | auto                     | 0       |
|      mul_8s_4ns_12_1_1_U4525                                                                   |     |        | mul_ln375            | mul       | auto                     | 0       |
|      mul_8s_4ns_12_1_1_U4526                                                                   |     |        | mul_ln377            | mul       | auto                     | 0       |
|      mul_8s_4ns_12_1_1_U4527                                                                   |     |        | mul_ln371_2          | mul       | auto                     | 0       |
|      mul_8s_4ns_12_1_1_U4528                                                                   |     |        | mul_ln373_1          | mul       | auto                     | 0       |
|      mul_8s_4ns_12_1_1_U4529                                                                   |     |        | mul_ln375_1          | mul       | auto                     | 0       |
|      mul_8s_4ns_12_1_1_U4530                                                                   |     |        | mul_ln377_1          | mul       | auto                     | 0       |
|      mul_8s_4ns_12_1_1_U4531                                                                   |     |        | mul_ln371_3          | mul       | auto                     | 0       |
|      mul_8s_4ns_12_1_1_U4532                                                                   |     |        | mul_ln373_2          | mul       | auto                     | 0       |
|      mul_8s_4ns_12_1_1_U4533                                                                   |     |        | mul_ln375_2          | mul       | auto                     | 0       |
|      mul_8s_4ns_12_1_1_U4534                                                                   |     |        | mul_ln377_2          | mul       | auto                     | 0       |
|      mul_8s_4ns_12_1_1_U4535                                                                   |     |        | mul_ln371_4          | mul       | auto                     | 0       |
|      mul_8s_4ns_12_1_1_U4536                                                                   |     |        | mul_ln373_3          | mul       | auto                     | 0       |
|      mul_8s_4ns_12_1_1_U4537                                                                   |     |        | mul_ln375_3          | mul       | auto                     | 0       |
|      mul_8s_4ns_12_1_1_U4538                                                                   |     |        | mul_ln377_3          | mul       | auto                     | 0       |
|      mul_8s_4ns_12_1_1_U4539                                                                   |     |        | mul_ln371_5          | mul       | auto                     | 0       |
|      mul_8s_4ns_12_1_1_U4540                                                                   |     |        | mul_ln373_4          | mul       | auto                     | 0       |
|      mul_8s_4ns_12_1_1_U4541                                                                   |     |        | mul_ln375_4          | mul       | auto                     | 0       |
|      mul_8s_4ns_12_1_1_U4542                                                                   |     |        | mul_ln377_4          | mul       | auto                     | 0       |
|      mul_8s_4ns_12_1_1_U4543                                                                   |     |        | mul_ln371_6          | mul       | auto                     | 0       |
|      mul_8s_4ns_12_1_1_U4544                                                                   |     |        | mul_ln373_5          | mul       | auto                     | 0       |
|      mul_8s_4ns_12_1_1_U4545                                                                   |     |        | mul_ln375_5          | mul       | auto                     | 0       |
|      mul_8s_4ns_12_1_1_U4546                                                                   |     |        | mul_ln377_5          | mul       | auto                     | 0       |
|      mul_8s_4ns_12_1_1_U4547                                                                   |     |        | mul_ln371_7          | mul       | auto                     | 0       |
|      mul_8s_4ns_12_1_1_U4548                                                                   |     |        | mul_ln373_6          | mul       | auto                     | 0       |
|      mul_8s_4ns_12_1_1_U4549                                                                   |     |        | mul_ln375_6          | mul       | auto                     | 0       |
|      mul_8s_4ns_12_1_1_U4550                                                                   |     |        | mul_ln377_6          | mul       | auto                     | 0       |
|      mul_8s_4ns_12_1_1_U4551                                                                   |     |        | mul_ln371_8          | mul       | auto                     | 0       |
|      sparsemux_17_3_8_1_1_U4208                                                                |     |        | tmp_200              | sparsemux | compactencoding_dontcare | 0       |
|      sparsemux_17_3_8_1_1_U4209                                                                |     |        | tmp_201              | sparsemux | compactencoding_dontcare | 0       |
|      sparsemux_17_3_8_1_1_U4210                                                                |     |        | tmp_202              | sparsemux | compactencoding_dontcare | 0       |
|      sparsemux_17_3_8_1_1_U4211                                                                |     |        | tmp_203              | sparsemux | compactencoding_dontcare | 0       |
|      sparsemux_9_2_8_1_1_U4212                                                                 |     |        | tmp_204              | sparsemux | compactencoding_dontcare | 0       |
|      mac_muladd_12s_8s_32s_32_4_1_U4652                                                        | 1   |        | mul_ln371_9          | mul       | dsp_slice                | 3       |
|      mac_muladd_12s_8s_32s_32_4_1_U4652                                                        | 1   |        | sext_ln371_12        | sext      | dsp_slice                | 3       |
|      sparsemux_17_3_8_1_1_U4213                                                                |     |        | tmp_205              | sparsemux | compactencoding_dontcare | 0       |
|      sparsemux_17_3_8_1_1_U4214                                                                |     |        | tmp_206              | sparsemux | compactencoding_dontcare | 0       |
|      sparsemux_17_3_8_1_1_U4215                                                                |     |        | tmp_207              | sparsemux | compactencoding_dontcare | 0       |
|      sparsemux_17_3_8_1_1_U4216                                                                |     |        | tmp_208              | sparsemux | compactencoding_dontcare | 0       |
|      sparsemux_9_2_8_1_1_U4217                                                                 |     |        | tmp_209              | sparsemux | compactencoding_dontcare | 0       |
|      mac_muladd_12s_8s_32s_32_4_1_U4653                                                        | 1   |        | mul_ln371_10         | mul       | dsp_slice                | 3       |
|      mac_muladd_12s_8s_32s_32_4_1_U4653                                                        | 1   |        | sext_ln371_14        | sext      | dsp_slice                | 3       |
|      sparsemux_17_3_8_1_1_U4218                                                                |     |        | tmp_210              | sparsemux | compactencoding_dontcare | 0       |
|      sparsemux_17_3_8_1_1_U4219                                                                |     |        | tmp_211              | sparsemux | compactencoding_dontcare | 0       |
|      sparsemux_17_3_8_1_1_U4220                                                                |     |        | tmp_212              | sparsemux | compactencoding_dontcare | 0       |
|      sparsemux_17_3_8_1_1_U4221                                                                |     |        | tmp_213              | sparsemux | compactencoding_dontcare | 0       |
|      sparsemux_9_2_8_1_1_U4222                                                                 |     |        | tmp_214              | sparsemux | compactencoding_dontcare | 0       |
|      mac_muladd_12s_8s_32s_32_4_1_U4654                                                        | 1   |        | mul_ln371_11         | mul       | dsp_slice                | 3       |
|      mac_muladd_12s_8s_32s_32_4_1_U4654                                                        | 1   |        | sext_ln371_16        | sext      | dsp_slice                | 3       |
|      sparsemux_17_3_8_1_1_U4223                                                                |     |        | tmp_215              | sparsemux | compactencoding_dontcare | 0       |
|      sparsemux_17_3_8_1_1_U4224                                                                |     |        | tmp_216              | sparsemux | compactencoding_dontcare | 0       |
|      sparsemux_17_3_8_1_1_U4225                                                                |     |        | tmp_217              | sparsemux | compactencoding_dontcare | 0       |
|      sparsemux_17_3_8_1_1_U4226                                                                |     |        | tmp_218              | sparsemux | compactencoding_dontcare | 0       |
|      sparsemux_9_2_8_1_1_U4227                                                                 |     |        | tmp_219              | sparsemux | compactencoding_dontcare | 0       |
|      mac_muladd_12s_8s_32s_32_4_1_U4655                                                        | 1   |        | mul_ln371_12         | mul       | dsp_slice                | 3       |
|      mac_muladd_12s_8s_32s_32_4_1_U4655                                                        | 1   |        | sext_ln371_18        | sext      | dsp_slice                | 3       |
|      sparsemux_17_3_8_1_1_U4228                                                                |     |        | tmp_220              | sparsemux | compactencoding_dontcare | 0       |
|      sparsemux_17_3_8_1_1_U4229                                                                |     |        | tmp_221              | sparsemux | compactencoding_dontcare | 0       |
|      sparsemux_17_3_8_1_1_U4230                                                                |     |        | tmp_222              | sparsemux | compactencoding_dontcare | 0       |
|      sparsemux_17_3_8_1_1_U4231                                                                |     |        | tmp_223              | sparsemux | compactencoding_dontcare | 0       |
|      sparsemux_9_2_8_1_1_U4232                                                                 |     |        | tmp_224              | sparsemux | compactencoding_dontcare | 0       |
|      mac_muladd_12s_8s_32s_32_4_1_U4656                                                        | 1   |        | mul_ln371_13         | mul       | dsp_slice                | 3       |
|      mac_muladd_12s_8s_32s_32_4_1_U4656                                                        | 1   |        | sext_ln371_20        | sext      | dsp_slice                | 3       |
|      sparsemux_17_3_8_1_1_U4233                                                                |     |        | tmp_225              | sparsemux | compactencoding_dontcare | 0       |
|      sparsemux_17_3_8_1_1_U4234                                                                |     |        | tmp_226              | sparsemux | compactencoding_dontcare | 0       |
|      sparsemux_17_3_8_1_1_U4235                                                                |     |        | tmp_227              | sparsemux | compactencoding_dontcare | 0       |
|      sparsemux_17_3_8_1_1_U4236                                                                |     |        | tmp_228              | sparsemux | compactencoding_dontcare | 0       |
|      sparsemux_9_2_8_1_1_U4237                                                                 |     |        | tmp_229              | sparsemux | compactencoding_dontcare | 0       |
|      mac_muladd_12s_8s_32s_32_4_1_U4657                                                        | 1   |        | mul_ln371_14         | mul       | dsp_slice                | 3       |
|      mac_muladd_12s_8s_32s_32_4_1_U4657                                                        | 1   |        | sext_ln371_22        | sext      | dsp_slice                | 3       |
|      sparsemux_17_3_8_1_1_U4238                                                                |     |        | tmp_230              | sparsemux | compactencoding_dontcare | 0       |
|      sparsemux_17_3_8_1_1_U4239                                                                |     |        | tmp_231              | sparsemux | compactencoding_dontcare | 0       |
|      sparsemux_17_3_8_1_1_U4240                                                                |     |        | tmp_232              | sparsemux | compactencoding_dontcare | 0       |
|      sparsemux_17_3_8_1_1_U4241                                                                |     |        | tmp_233              | sparsemux | compactencoding_dontcare | 0       |
|      sparsemux_9_2_8_1_1_U4242                                                                 |     |        | tmp_234              | sparsemux | compactencoding_dontcare | 0       |
|      mac_muladd_12s_8s_32s_32_4_1_U4658                                                        | 1   |        | mul_ln371_15         | mul       | dsp_slice                | 3       |
|      mac_muladd_12s_8s_32s_32_4_1_U4658                                                        | 1   |        | sext_ln371_25        | sext      | dsp_slice                | 3       |
|      sparsemux_17_3_8_1_1_U4243                                                                |     |        | tmp_235              | sparsemux | compactencoding_dontcare | 0       |
|      sparsemux_17_3_8_1_1_U4244                                                                |     |        | tmp_236              | sparsemux | compactencoding_dontcare | 0       |
|      sparsemux_17_3_8_1_1_U4245                                                                |     |        | tmp_237              | sparsemux | compactencoding_dontcare | 0       |
|      sparsemux_17_3_8_1_1_U4246                                                                |     |        | tmp_238              | sparsemux | compactencoding_dontcare | 0       |
|      sparsemux_9_2_8_1_1_U4247                                                                 |     |        | tmp_239              | sparsemux | compactencoding_dontcare | 0       |
|      mac_muladd_8s_8s_32s_32_4_1_U4619                                                         | 1   |        | mul_ln372            | mul       | dsp_slice                | 3       |
|      mac_muladd_8s_8s_32s_32_4_1_U4619                                                         | 1   |        | sext_ln372_8         | sext      | dsp_slice                | 3       |
|      sparsemux_17_3_8_1_1_U4248                                                                |     |        | tmp_240              | sparsemux | compactencoding_dontcare | 0       |
|      sparsemux_17_3_8_1_1_U4249                                                                |     |        | tmp_241              | sparsemux | compactencoding_dontcare | 0       |
|      sparsemux_17_3_8_1_1_U4250                                                                |     |        | tmp_242              | sparsemux | compactencoding_dontcare | 0       |
|      sparsemux_17_3_8_1_1_U4251                                                                |     |        | tmp_243              | sparsemux | compactencoding_dontcare | 0       |
|      sparsemux_9_2_8_1_1_U4252                                                                 |     |        | tmp_244              | sparsemux | compactencoding_dontcare | 0       |
|      mac_muladd_8s_8s_32s_32_4_1_U4620                                                         | 1   |        | mul_ln372_1          | mul       | dsp_slice                | 3       |
|      mac_muladd_8s_8s_32s_32_4_1_U4620                                                         | 1   |        | sext_ln372_10        | sext      | dsp_slice                | 3       |
|      sparsemux_17_3_8_1_1_U4253                                                                |     |        | tmp_245              | sparsemux | compactencoding_dontcare | 0       |
|      sparsemux_17_3_8_1_1_U4254                                                                |     |        | tmp_246              | sparsemux | compactencoding_dontcare | 0       |
|      sparsemux_17_3_8_1_1_U4255                                                                |     |        | tmp_247              | sparsemux | compactencoding_dontcare | 0       |
|      sparsemux_17_3_8_1_1_U4256                                                                |     |        | tmp_248              | sparsemux | compactencoding_dontcare | 0       |
|      sparsemux_9_2_8_1_1_U4257                                                                 |     |        | tmp_249              | sparsemux | compactencoding_dontcare | 0       |
|      mac_muladd_8s_8s_32s_32_4_1_U4621                                                         | 1   |        | mul_ln372_2          | mul       | dsp_slice                | 3       |
|      mac_muladd_8s_8s_32s_32_4_1_U4621                                                         | 1   |        | sext_ln372_12        | sext      | dsp_slice                | 3       |
|      sparsemux_17_3_8_1_1_U4258                                                                |     |        | tmp_250              | sparsemux | compactencoding_dontcare | 0       |
|      sparsemux_17_3_8_1_1_U4259                                                                |     |        | tmp_251              | sparsemux | compactencoding_dontcare | 0       |
|      sparsemux_17_3_8_1_1_U4260                                                                |     |        | tmp_252              | sparsemux | compactencoding_dontcare | 0       |
|      sparsemux_17_3_8_1_1_U4261                                                                |     |        | tmp_253              | sparsemux | compactencoding_dontcare | 0       |
|      sparsemux_9_2_8_1_1_U4262                                                                 |     |        | tmp_254              | sparsemux | compactencoding_dontcare | 0       |
|      mac_muladd_8s_8s_32s_32_4_1_U4622                                                         | 1   |        | mul_ln372_3          | mul       | dsp_slice                | 3       |
|      mac_muladd_8s_8s_32s_32_4_1_U4622                                                         | 1   |        | sext_ln372_14        | sext      | dsp_slice                | 3       |
|      sparsemux_17_3_8_1_1_U4263                                                                |     |        | tmp_255              | sparsemux | compactencoding_dontcare | 0       |
|      sparsemux_17_3_8_1_1_U4264                                                                |     |        | tmp_256              | sparsemux | compactencoding_dontcare | 0       |
|      sparsemux_17_3_8_1_1_U4265                                                                |     |        | tmp_257              | sparsemux | compactencoding_dontcare | 0       |
|      sparsemux_17_3_8_1_1_U4266                                                                |     |        | tmp_258              | sparsemux | compactencoding_dontcare | 0       |
|      sparsemux_9_2_8_1_1_U4267                                                                 |     |        | tmp_259              | sparsemux | compactencoding_dontcare | 0       |
|      mac_muladd_8s_8s_32s_32_4_1_U4623                                                         | 1   |        | mul_ln372_4          | mul       | dsp_slice                | 3       |
|      mac_muladd_8s_8s_32s_32_4_1_U4623                                                         | 1   |        | sext_ln372_16        | sext      | dsp_slice                | 3       |
|      sparsemux_17_3_8_1_1_U4268                                                                |     |        | tmp_260              | sparsemux | compactencoding_dontcare | 0       |
|      sparsemux_17_3_8_1_1_U4269                                                                |     |        | tmp_261              | sparsemux | compactencoding_dontcare | 0       |
|      sparsemux_17_3_8_1_1_U4270                                                                |     |        | tmp_262              | sparsemux | compactencoding_dontcare | 0       |
|      sparsemux_17_3_8_1_1_U4271                                                                |     |        | tmp_263              | sparsemux | compactencoding_dontcare | 0       |
|      sparsemux_9_2_8_1_1_U4272                                                                 |     |        | tmp_264              | sparsemux | compactencoding_dontcare | 0       |
|      mac_muladd_8s_8s_32s_32_4_1_U4624                                                         | 1   |        | mul_ln372_5          | mul       | dsp_slice                | 3       |
|      mac_muladd_8s_8s_32s_32_4_1_U4624                                                         | 1   |        | sext_ln372_18        | sext      | dsp_slice                | 3       |
|      sparsemux_17_3_8_1_1_U4273                                                                |     |        | tmp_265              | sparsemux | compactencoding_dontcare | 0       |
|      sparsemux_17_3_8_1_1_U4274                                                                |     |        | tmp_266              | sparsemux | compactencoding_dontcare | 0       |
|      sparsemux_17_3_8_1_1_U4275                                                                |     |        | tmp_267              | sparsemux | compactencoding_dontcare | 0       |
|      sparsemux_17_3_8_1_1_U4276                                                                |     |        | tmp_268              | sparsemux | compactencoding_dontcare | 0       |
|      sparsemux_9_2_8_1_1_U4277                                                                 |     |        | tmp_269              | sparsemux | compactencoding_dontcare | 0       |
|      mac_muladd_8s_8s_32s_32_4_1_U4625                                                         | 1   |        | mul_ln372_6          | mul       | dsp_slice                | 3       |
|      mac_muladd_8s_8s_32s_32_4_1_U4625                                                         | 1   |        | sext_ln372_20        | sext      | dsp_slice                | 3       |
|      sparsemux_17_3_8_1_1_U4278                                                                |     |        | tmp_270              | sparsemux | compactencoding_dontcare | 0       |
|      sparsemux_17_3_8_1_1_U4279                                                                |     |        | tmp_271              | sparsemux | compactencoding_dontcare | 0       |
|      sparsemux_17_3_8_1_1_U4280                                                                |     |        | tmp_272              | sparsemux | compactencoding_dontcare | 0       |
|      sparsemux_17_3_8_1_1_U4281                                                                |     |        | tmp_273              | sparsemux | compactencoding_dontcare | 0       |
|      sparsemux_9_2_8_1_1_U4282                                                                 |     |        | tmp_274              | sparsemux | compactencoding_dontcare | 0       |
|      mac_muladd_8s_8s_32s_32_4_1_U4626                                                         | 1   |        | mul_ln372_7          | mul       | dsp_slice                | 3       |
|      mac_muladd_8s_8s_32s_32_4_1_U4626                                                         | 1   |        | sext_ln372_23        | sext      | dsp_slice                | 3       |
|      mul_8s_4ns_12_1_1_U4552                                                                   |     |        | mul_ln373_7          | mul       | auto                     | 0       |
|      sparsemux_17_3_8_1_1_U4283                                                                |     |        | tmp_275              | sparsemux | compactencoding_dontcare | 0       |
|      sparsemux_17_3_8_1_1_U4284                                                                |     |        | tmp_276              | sparsemux | compactencoding_dontcare | 0       |
|      sparsemux_17_3_8_1_1_U4285                                                                |     |        | tmp_277              | sparsemux | compactencoding_dontcare | 0       |
|      sparsemux_17_3_8_1_1_U4286                                                                |     |        | tmp_278              | sparsemux | compactencoding_dontcare | 0       |
|      sparsemux_9_2_8_1_1_U4287                                                                 |     |        | tmp_279              | sparsemux | compactencoding_dontcare | 0       |
|      mac_muladd_12s_8s_32s_32_4_1_U4659                                                        | 1   |        | mul_ln373_8          | mul       | dsp_slice                | 3       |
|      mac_muladd_12s_8s_32s_32_4_1_U4659                                                        | 1   |        | sext_ln373_1         | sext      | dsp_slice                | 3       |
|      sparsemux_17_3_8_1_1_U4288                                                                |     |        | tmp_280              | sparsemux | compactencoding_dontcare | 0       |
|      sparsemux_17_3_8_1_1_U4289                                                                |     |        | tmp_281              | sparsemux | compactencoding_dontcare | 0       |
|      sparsemux_17_3_8_1_1_U4290                                                                |     |        | tmp_282              | sparsemux | compactencoding_dontcare | 0       |
|      sparsemux_17_3_8_1_1_U4291                                                                |     |        | tmp_283              | sparsemux | compactencoding_dontcare | 0       |
|      sparsemux_9_2_8_1_1_U4292                                                                 |     |        | tmp_284              | sparsemux | compactencoding_dontcare | 0       |
|      mac_muladd_12s_8s_32s_32_4_1_U4660                                                        | 1   |        | mul_ln373_9          | mul       | dsp_slice                | 3       |
|      mac_muladd_12s_8s_32s_32_4_1_U4660                                                        | 1   |        | sext_ln373_3         | sext      | dsp_slice                | 3       |
|      sparsemux_17_3_8_1_1_U4293                                                                |     |        | tmp_285              | sparsemux | compactencoding_dontcare | 0       |
|      sparsemux_17_3_8_1_1_U4294                                                                |     |        | tmp_286              | sparsemux | compactencoding_dontcare | 0       |
|      sparsemux_17_3_8_1_1_U4295                                                                |     |        | tmp_287              | sparsemux | compactencoding_dontcare | 0       |
|      sparsemux_17_3_8_1_1_U4296                                                                |     |        | tmp_288              | sparsemux | compactencoding_dontcare | 0       |
|      sparsemux_9_2_8_1_1_U4297                                                                 |     |        | tmp_289              | sparsemux | compactencoding_dontcare | 0       |
|      mac_muladd_12s_8s_32s_32_4_1_U4661                                                        | 1   |        | mul_ln373_10         | mul       | dsp_slice                | 3       |
|      mac_muladd_12s_8s_32s_32_4_1_U4661                                                        | 1   |        | sext_ln373_5         | sext      | dsp_slice                | 3       |
|      sparsemux_17_3_8_1_1_U4298                                                                |     |        | tmp_290              | sparsemux | compactencoding_dontcare | 0       |
|      sparsemux_17_3_8_1_1_U4299                                                                |     |        | tmp_291              | sparsemux | compactencoding_dontcare | 0       |
|      sparsemux_17_3_8_1_1_U4300                                                                |     |        | tmp_292              | sparsemux | compactencoding_dontcare | 0       |
|      sparsemux_17_3_8_1_1_U4301                                                                |     |        | tmp_293              | sparsemux | compactencoding_dontcare | 0       |
|      sparsemux_9_2_8_1_1_U4302                                                                 |     |        | tmp_294              | sparsemux | compactencoding_dontcare | 0       |
|      mac_muladd_12s_8s_32s_32_4_1_U4662                                                        | 1   |        | mul_ln373_11         | mul       | dsp_slice                | 3       |
|      mac_muladd_12s_8s_32s_32_4_1_U4662                                                        | 1   |        | sext_ln373_7         | sext      | dsp_slice                | 3       |
|      sparsemux_17_3_8_1_1_U4303                                                                |     |        | tmp_295              | sparsemux | compactencoding_dontcare | 0       |
|      sparsemux_17_3_8_1_1_U4304                                                                |     |        | tmp_296              | sparsemux | compactencoding_dontcare | 0       |
|      sparsemux_17_3_8_1_1_U4305                                                                |     |        | tmp_297              | sparsemux | compactencoding_dontcare | 0       |
|      sparsemux_17_3_8_1_1_U4306                                                                |     |        | tmp_298              | sparsemux | compactencoding_dontcare | 0       |
|      sparsemux_9_2_8_1_1_U4307                                                                 |     |        | tmp_299              | sparsemux | compactencoding_dontcare | 0       |
|      mac_muladd_12s_8s_32s_32_4_1_U4663                                                        | 1   |        | mul_ln373_12         | mul       | dsp_slice                | 3       |
|      mac_muladd_12s_8s_32s_32_4_1_U4663                                                        | 1   |        | sext_ln373_9         | sext      | dsp_slice                | 3       |
|      sparsemux_17_3_8_1_1_U4308                                                                |     |        | tmp_300              | sparsemux | compactencoding_dontcare | 0       |
|      sparsemux_17_3_8_1_1_U4309                                                                |     |        | tmp_301              | sparsemux | compactencoding_dontcare | 0       |
|      sparsemux_17_3_8_1_1_U4310                                                                |     |        | tmp_302              | sparsemux | compactencoding_dontcare | 0       |
|      sparsemux_17_3_8_1_1_U4311                                                                |     |        | tmp_303              | sparsemux | compactencoding_dontcare | 0       |
|      sparsemux_9_2_8_1_1_U4312                                                                 |     |        | tmp_304              | sparsemux | compactencoding_dontcare | 0       |
|      mac_muladd_12s_8s_32s_32_4_1_U4664                                                        | 1   |        | mul_ln373_13         | mul       | dsp_slice                | 3       |
|      mac_muladd_12s_8s_32s_32_4_1_U4664                                                        | 1   |        | sext_ln373_11        | sext      | dsp_slice                | 3       |
|      sparsemux_17_3_8_1_1_U4313                                                                |     |        | tmp_305              | sparsemux | compactencoding_dontcare | 0       |
|      sparsemux_17_3_8_1_1_U4314                                                                |     |        | tmp_306              | sparsemux | compactencoding_dontcare | 0       |
|      sparsemux_17_3_8_1_1_U4315                                                                |     |        | tmp_307              | sparsemux | compactencoding_dontcare | 0       |
|      sparsemux_17_3_8_1_1_U4316                                                                |     |        | tmp_308              | sparsemux | compactencoding_dontcare | 0       |
|      sparsemux_9_2_8_1_1_U4317                                                                 |     |        | tmp_309              | sparsemux | compactencoding_dontcare | 0       |
|      mac_muladd_12s_8s_32s_32_4_1_U4665                                                        | 1   |        | mul_ln373_14         | mul       | dsp_slice                | 3       |
|      mac_muladd_12s_8s_32s_32_4_1_U4665                                                        | 1   |        | sext_ln373_13        | sext      | dsp_slice                | 3       |
|      sparsemux_17_3_8_1_1_U4318                                                                |     |        | tmp_310              | sparsemux | compactencoding_dontcare | 0       |
|      sparsemux_17_3_8_1_1_U4319                                                                |     |        | tmp_311              | sparsemux | compactencoding_dontcare | 0       |
|      sparsemux_17_3_8_1_1_U4320                                                                |     |        | tmp_312              | sparsemux | compactencoding_dontcare | 0       |
|      sparsemux_17_3_8_1_1_U4321                                                                |     |        | tmp_313              | sparsemux | compactencoding_dontcare | 0       |
|      sparsemux_9_2_8_1_1_U4322                                                                 |     |        | tmp_314              | sparsemux | compactencoding_dontcare | 0       |
|      mac_muladd_12s_8s_32s_32_4_1_U4666                                                        | 1   |        | mul_ln373_15         | mul       | dsp_slice                | 3       |
|      mac_muladd_12s_8s_32s_32_4_1_U4666                                                        | 1   |        | sext_ln373_16        | sext      | dsp_slice                | 3       |
|      sparsemux_17_3_8_1_1_U4323                                                                |     |        | tmp_315              | sparsemux | compactencoding_dontcare | 0       |
|      sparsemux_17_3_8_1_1_U4324                                                                |     |        | tmp_316              | sparsemux | compactencoding_dontcare | 0       |
|      sparsemux_17_3_8_1_1_U4325                                                                |     |        | tmp_317              | sparsemux | compactencoding_dontcare | 0       |
|      sparsemux_17_3_8_1_1_U4326                                                                |     |        | tmp_318              | sparsemux | compactencoding_dontcare | 0       |
|      sparsemux_9_2_8_1_1_U4327                                                                 |     |        | tmp_319              | sparsemux | compactencoding_dontcare | 0       |
|      mac_muladd_8s_8s_32s_32_4_1_U4627                                                         | 1   |        | mul_ln374            | mul       | dsp_slice                | 3       |
|      mac_muladd_8s_8s_32s_32_4_1_U4627                                                         | 1   |        | sext_ln374_1         | sext      | dsp_slice                | 3       |
|      sparsemux_17_3_8_1_1_U4328                                                                |     |        | tmp_320              | sparsemux | compactencoding_dontcare | 0       |
|      sparsemux_17_3_8_1_1_U4329                                                                |     |        | tmp_321              | sparsemux | compactencoding_dontcare | 0       |
|      sparsemux_17_3_8_1_1_U4330                                                                |     |        | tmp_322              | sparsemux | compactencoding_dontcare | 0       |
|      sparsemux_17_3_8_1_1_U4331                                                                |     |        | tmp_323              | sparsemux | compactencoding_dontcare | 0       |
|      sparsemux_9_2_8_1_1_U4332                                                                 |     |        | tmp_324              | sparsemux | compactencoding_dontcare | 0       |
|      mac_muladd_8s_8s_32s_32_4_1_U4628                                                         | 1   |        | mul_ln374_1          | mul       | dsp_slice                | 3       |
|      mac_muladd_8s_8s_32s_32_4_1_U4628                                                         | 1   |        | sext_ln374_3         | sext      | dsp_slice                | 3       |
|      sparsemux_17_3_8_1_1_U4333                                                                |     |        | tmp_325              | sparsemux | compactencoding_dontcare | 0       |
|      sparsemux_17_3_8_1_1_U4334                                                                |     |        | tmp_326              | sparsemux | compactencoding_dontcare | 0       |
|      sparsemux_17_3_8_1_1_U4335                                                                |     |        | tmp_327              | sparsemux | compactencoding_dontcare | 0       |
|      sparsemux_17_3_8_1_1_U4336                                                                |     |        | tmp_328              | sparsemux | compactencoding_dontcare | 0       |
|      sparsemux_9_2_8_1_1_U4337                                                                 |     |        | tmp_329              | sparsemux | compactencoding_dontcare | 0       |
|      mac_muladd_8s_8s_32s_32_4_1_U4629                                                         | 1   |        | mul_ln374_2          | mul       | dsp_slice                | 3       |
|      mac_muladd_8s_8s_32s_32_4_1_U4629                                                         | 1   |        | sext_ln374_5         | sext      | dsp_slice                | 3       |
|      sparsemux_17_3_8_1_1_U4338                                                                |     |        | tmp_330              | sparsemux | compactencoding_dontcare | 0       |
|      sparsemux_17_3_8_1_1_U4339                                                                |     |        | tmp_331              | sparsemux | compactencoding_dontcare | 0       |
|      sparsemux_17_3_8_1_1_U4340                                                                |     |        | tmp_332              | sparsemux | compactencoding_dontcare | 0       |
|      sparsemux_17_3_8_1_1_U4341                                                                |     |        | tmp_333              | sparsemux | compactencoding_dontcare | 0       |
|      sparsemux_9_2_8_1_1_U4342                                                                 |     |        | tmp_334              | sparsemux | compactencoding_dontcare | 0       |
|      mac_muladd_8s_8s_32s_32_4_1_U4630                                                         | 1   |        | mul_ln374_3          | mul       | dsp_slice                | 3       |
|      mac_muladd_8s_8s_32s_32_4_1_U4630                                                         | 1   |        | sext_ln374_7         | sext      | dsp_slice                | 3       |
|      sparsemux_17_3_8_1_1_U4343                                                                |     |        | tmp_335              | sparsemux | compactencoding_dontcare | 0       |
|      sparsemux_17_3_8_1_1_U4344                                                                |     |        | tmp_336              | sparsemux | compactencoding_dontcare | 0       |
|      sparsemux_17_3_8_1_1_U4345                                                                |     |        | tmp_337              | sparsemux | compactencoding_dontcare | 0       |
|      sparsemux_17_3_8_1_1_U4346                                                                |     |        | tmp_338              | sparsemux | compactencoding_dontcare | 0       |
|      sparsemux_9_2_8_1_1_U4347                                                                 |     |        | tmp_339              | sparsemux | compactencoding_dontcare | 0       |
|      mac_muladd_8s_8s_32s_32_4_1_U4631                                                         | 1   |        | mul_ln374_4          | mul       | dsp_slice                | 3       |
|      mac_muladd_8s_8s_32s_32_4_1_U4631                                                         | 1   |        | sext_ln374_9         | sext      | dsp_slice                | 3       |
|      sparsemux_17_3_8_1_1_U4348                                                                |     |        | tmp_340              | sparsemux | compactencoding_dontcare | 0       |
|      sparsemux_17_3_8_1_1_U4349                                                                |     |        | tmp_341              | sparsemux | compactencoding_dontcare | 0       |
|      sparsemux_17_3_8_1_1_U4350                                                                |     |        | tmp_342              | sparsemux | compactencoding_dontcare | 0       |
|      sparsemux_17_3_8_1_1_U4351                                                                |     |        | tmp_343              | sparsemux | compactencoding_dontcare | 0       |
|      sparsemux_9_2_8_1_1_U4352                                                                 |     |        | tmp_344              | sparsemux | compactencoding_dontcare | 0       |
|      mac_muladd_8s_8s_32s_32_4_1_U4632                                                         | 1   |        | mul_ln374_5          | mul       | dsp_slice                | 3       |
|      mac_muladd_8s_8s_32s_32_4_1_U4632                                                         | 1   |        | sext_ln374_11        | sext      | dsp_slice                | 3       |
|      sparsemux_17_3_8_1_1_U4353                                                                |     |        | tmp_345              | sparsemux | compactencoding_dontcare | 0       |
|      sparsemux_17_3_8_1_1_U4354                                                                |     |        | tmp_346              | sparsemux | compactencoding_dontcare | 0       |
|      sparsemux_17_3_8_1_1_U4355                                                                |     |        | tmp_347              | sparsemux | compactencoding_dontcare | 0       |
|      sparsemux_17_3_8_1_1_U4356                                                                |     |        | tmp_348              | sparsemux | compactencoding_dontcare | 0       |
|      sparsemux_9_2_8_1_1_U4357                                                                 |     |        | tmp_349              | sparsemux | compactencoding_dontcare | 0       |
|      mac_muladd_8s_8s_32s_32_4_1_U4633                                                         | 1   |        | mul_ln374_6          | mul       | dsp_slice                | 3       |
|      mac_muladd_8s_8s_32s_32_4_1_U4633                                                         | 1   |        | sext_ln374_13        | sext      | dsp_slice                | 3       |
|      sparsemux_17_3_8_1_1_U4358                                                                |     |        | tmp_350              | sparsemux | compactencoding_dontcare | 0       |
|      sparsemux_17_3_8_1_1_U4359                                                                |     |        | tmp_351              | sparsemux | compactencoding_dontcare | 0       |
|      sparsemux_17_3_8_1_1_U4360                                                                |     |        | tmp_352              | sparsemux | compactencoding_dontcare | 0       |
|      sparsemux_17_3_8_1_1_U4361                                                                |     |        | tmp_353              | sparsemux | compactencoding_dontcare | 0       |
|      sparsemux_9_2_8_1_1_U4362                                                                 |     |        | tmp_354              | sparsemux | compactencoding_dontcare | 0       |
|      mac_muladd_8s_8s_32s_32_4_1_U4634                                                         | 1   |        | mul_ln374_7          | mul       | dsp_slice                | 3       |
|      mac_muladd_8s_8s_32s_32_4_1_U4634                                                         | 1   |        | sext_ln374_15        | sext      | dsp_slice                | 3       |
|      mul_8s_4ns_12_1_1_U4553                                                                   |     |        | mul_ln375_7          | mul       | auto                     | 0       |
|      sparsemux_17_3_8_1_1_U4363                                                                |     |        | tmp_355              | sparsemux | compactencoding_dontcare | 0       |
|      sparsemux_17_3_8_1_1_U4364                                                                |     |        | tmp_356              | sparsemux | compactencoding_dontcare | 0       |
|      sparsemux_17_3_8_1_1_U4365                                                                |     |        | tmp_357              | sparsemux | compactencoding_dontcare | 0       |
|      sparsemux_17_3_8_1_1_U4366                                                                |     |        | tmp_358              | sparsemux | compactencoding_dontcare | 0       |
|      sparsemux_9_2_8_1_1_U4367                                                                 |     |        | tmp_359              | sparsemux | compactencoding_dontcare | 0       |
|      mac_muladd_12s_8s_32s_32_4_1_U4667                                                        | 1   |        | mul_ln375_8          | mul       | dsp_slice                | 3       |
|      mac_muladd_12s_8s_32s_32_4_1_U4667                                                        | 1   |        | sext_ln375_8         | sext      | dsp_slice                | 3       |
|      sparsemux_17_3_8_1_1_U4368                                                                |     |        | tmp_360              | sparsemux | compactencoding_dontcare | 0       |
|      sparsemux_17_3_8_1_1_U4369                                                                |     |        | tmp_361              | sparsemux | compactencoding_dontcare | 0       |
|      sparsemux_17_3_8_1_1_U4370                                                                |     |        | tmp_362              | sparsemux | compactencoding_dontcare | 0       |
|      sparsemux_17_3_8_1_1_U4371                                                                |     |        | tmp_363              | sparsemux | compactencoding_dontcare | 0       |
|      sparsemux_9_2_8_1_1_U4372                                                                 |     |        | tmp_364              | sparsemux | compactencoding_dontcare | 0       |
|      mac_muladd_12s_8s_32s_32_4_1_U4668                                                        | 1   |        | mul_ln375_9          | mul       | dsp_slice                | 3       |
|      mac_muladd_12s_8s_32s_32_4_1_U4668                                                        | 1   |        | sext_ln375_10        | sext      | dsp_slice                | 3       |
|      sparsemux_17_3_8_1_1_U4373                                                                |     |        | tmp_365              | sparsemux | compactencoding_dontcare | 0       |
|      sparsemux_17_3_8_1_1_U4374                                                                |     |        | tmp_366              | sparsemux | compactencoding_dontcare | 0       |
|      sparsemux_17_3_8_1_1_U4375                                                                |     |        | tmp_367              | sparsemux | compactencoding_dontcare | 0       |
|      sparsemux_17_3_8_1_1_U4376                                                                |     |        | tmp_368              | sparsemux | compactencoding_dontcare | 0       |
|      sparsemux_9_2_8_1_1_U4377                                                                 |     |        | tmp_369              | sparsemux | compactencoding_dontcare | 0       |
|      mac_muladd_12s_8s_32s_32_4_1_U4669                                                        | 1   |        | mul_ln375_10         | mul       | dsp_slice                | 3       |
|      mac_muladd_12s_8s_32s_32_4_1_U4669                                                        | 1   |        | sext_ln375_12        | sext      | dsp_slice                | 3       |
|      sparsemux_17_3_8_1_1_U4378                                                                |     |        | tmp_370              | sparsemux | compactencoding_dontcare | 0       |
|      sparsemux_17_3_8_1_1_U4379                                                                |     |        | tmp_371              | sparsemux | compactencoding_dontcare | 0       |
|      sparsemux_17_3_8_1_1_U4380                                                                |     |        | tmp_372              | sparsemux | compactencoding_dontcare | 0       |
|      sparsemux_17_3_8_1_1_U4381                                                                |     |        | tmp_373              | sparsemux | compactencoding_dontcare | 0       |
|      sparsemux_9_2_8_1_1_U4382                                                                 |     |        | tmp_374              | sparsemux | compactencoding_dontcare | 0       |
|      mac_muladd_12s_8s_32s_32_4_1_U4670                                                        | 1   |        | mul_ln375_11         | mul       | dsp_slice                | 3       |
|      mac_muladd_12s_8s_32s_32_4_1_U4670                                                        | 1   |        | sext_ln375_14        | sext      | dsp_slice                | 3       |
|      sparsemux_17_3_8_1_1_U4383                                                                |     |        | tmp_375              | sparsemux | compactencoding_dontcare | 0       |
|      sparsemux_17_3_8_1_1_U4384                                                                |     |        | tmp_376              | sparsemux | compactencoding_dontcare | 0       |
|      sparsemux_17_3_8_1_1_U4385                                                                |     |        | tmp_377              | sparsemux | compactencoding_dontcare | 0       |
|      sparsemux_17_3_8_1_1_U4386                                                                |     |        | tmp_378              | sparsemux | compactencoding_dontcare | 0       |
|      sparsemux_9_2_8_1_1_U4387                                                                 |     |        | tmp_379              | sparsemux | compactencoding_dontcare | 0       |
|      mac_muladd_12s_8s_32s_32_4_1_U4671                                                        | 1   |        | mul_ln375_12         | mul       | dsp_slice                | 3       |
|      mac_muladd_12s_8s_32s_32_4_1_U4671                                                        | 1   |        | sext_ln375_16        | sext      | dsp_slice                | 3       |
|      sparsemux_17_3_8_1_1_U4388                                                                |     |        | tmp_380              | sparsemux | compactencoding_dontcare | 0       |
|      sparsemux_17_3_8_1_1_U4389                                                                |     |        | tmp_381              | sparsemux | compactencoding_dontcare | 0       |
|      sparsemux_17_3_8_1_1_U4390                                                                |     |        | tmp_382              | sparsemux | compactencoding_dontcare | 0       |
|      sparsemux_17_3_8_1_1_U4391                                                                |     |        | tmp_383              | sparsemux | compactencoding_dontcare | 0       |
|      sparsemux_9_2_8_1_1_U4392                                                                 |     |        | tmp_384              | sparsemux | compactencoding_dontcare | 0       |
|      mac_muladd_12s_8s_32s_32_4_1_U4672                                                        | 1   |        | mul_ln375_13         | mul       | dsp_slice                | 3       |
|      mac_muladd_12s_8s_32s_32_4_1_U4672                                                        | 1   |        | sext_ln375_18        | sext      | dsp_slice                | 3       |
|      sparsemux_17_3_8_1_1_U4393                                                                |     |        | tmp_385              | sparsemux | compactencoding_dontcare | 0       |
|      sparsemux_17_3_8_1_1_U4394                                                                |     |        | tmp_386              | sparsemux | compactencoding_dontcare | 0       |
|      sparsemux_17_3_8_1_1_U4395                                                                |     |        | tmp_387              | sparsemux | compactencoding_dontcare | 0       |
|      sparsemux_17_3_8_1_1_U4396                                                                |     |        | tmp_388              | sparsemux | compactencoding_dontcare | 0       |
|      sparsemux_9_2_8_1_1_U4397                                                                 |     |        | tmp_389              | sparsemux | compactencoding_dontcare | 0       |
|      mac_muladd_12s_8s_32s_32_4_1_U4673                                                        | 1   |        | mul_ln375_14         | mul       | dsp_slice                | 3       |
|      mac_muladd_12s_8s_32s_32_4_1_U4673                                                        | 1   |        | sext_ln375_20        | sext      | dsp_slice                | 3       |
|      sparsemux_17_3_8_1_1_U4398                                                                |     |        | tmp_390              | sparsemux | compactencoding_dontcare | 0       |
|      sparsemux_17_3_8_1_1_U4399                                                                |     |        | tmp_391              | sparsemux | compactencoding_dontcare | 0       |
|      sparsemux_17_3_8_1_1_U4400                                                                |     |        | tmp_392              | sparsemux | compactencoding_dontcare | 0       |
|      sparsemux_17_3_8_1_1_U4401                                                                |     |        | tmp_393              | sparsemux | compactencoding_dontcare | 0       |
|      sparsemux_9_2_8_1_1_U4402                                                                 |     |        | tmp_394              | sparsemux | compactencoding_dontcare | 0       |
|      mac_muladd_12s_8s_32s_32_4_1_U4674                                                        | 1   |        | mul_ln375_15         | mul       | dsp_slice                | 3       |
|      mac_muladd_12s_8s_32s_32_4_1_U4674                                                        | 1   |        | sext_ln375_23        | sext      | dsp_slice                | 3       |
|      sparsemux_17_3_8_1_1_U4403                                                                |     |        | tmp_395              | sparsemux | compactencoding_dontcare | 0       |
|      sparsemux_17_3_8_1_1_U4404                                                                |     |        | tmp_396              | sparsemux | compactencoding_dontcare | 0       |
|      sparsemux_17_3_8_1_1_U4405                                                                |     |        | tmp_397              | sparsemux | compactencoding_dontcare | 0       |
|      sparsemux_17_3_8_1_1_U4406                                                                |     |        | tmp_398              | sparsemux | compactencoding_dontcare | 0       |
|      sparsemux_9_2_8_1_1_U4407                                                                 |     |        | tmp_399              | sparsemux | compactencoding_dontcare | 0       |
|      mac_muladd_8s_8s_32s_32_4_1_U4635                                                         | 1   |        | mul_ln376            | mul       | dsp_slice                | 3       |
|      mac_muladd_8s_8s_32s_32_4_1_U4635                                                         | 1   |        | sext_ln376_1         | sext      | dsp_slice                | 3       |
|      sparsemux_17_3_8_1_1_U4408                                                                |     |        | tmp_400              | sparsemux | compactencoding_dontcare | 0       |
|      sparsemux_17_3_8_1_1_U4409                                                                |     |        | tmp_401              | sparsemux | compactencoding_dontcare | 0       |
|      sparsemux_17_3_8_1_1_U4410                                                                |     |        | tmp_402              | sparsemux | compactencoding_dontcare | 0       |
|      sparsemux_17_3_8_1_1_U4411                                                                |     |        | tmp_403              | sparsemux | compactencoding_dontcare | 0       |
|      sparsemux_9_2_8_1_1_U4412                                                                 |     |        | tmp_404              | sparsemux | compactencoding_dontcare | 0       |
|      mac_muladd_8s_8s_32s_32_4_1_U4636                                                         | 1   |        | mul_ln376_1          | mul       | dsp_slice                | 3       |
|      mac_muladd_8s_8s_32s_32_4_1_U4636                                                         | 1   |        | sext_ln376_3         | sext      | dsp_slice                | 3       |
|      sparsemux_17_3_8_1_1_U4413                                                                |     |        | tmp_405              | sparsemux | compactencoding_dontcare | 0       |
|      sparsemux_17_3_8_1_1_U4414                                                                |     |        | tmp_406              | sparsemux | compactencoding_dontcare | 0       |
|      sparsemux_17_3_8_1_1_U4415                                                                |     |        | tmp_407              | sparsemux | compactencoding_dontcare | 0       |
|      sparsemux_17_3_8_1_1_U4416                                                                |     |        | tmp_408              | sparsemux | compactencoding_dontcare | 0       |
|      sparsemux_9_2_8_1_1_U4417                                                                 |     |        | tmp_409              | sparsemux | compactencoding_dontcare | 0       |
|      mac_muladd_8s_8s_32s_32_4_1_U4637                                                         | 1   |        | mul_ln376_2          | mul       | dsp_slice                | 3       |
|      mac_muladd_8s_8s_32s_32_4_1_U4637                                                         | 1   |        | sext_ln376_5         | sext      | dsp_slice                | 3       |
|      sparsemux_17_3_8_1_1_U4418                                                                |     |        | tmp_410              | sparsemux | compactencoding_dontcare | 0       |
|      sparsemux_17_3_8_1_1_U4419                                                                |     |        | tmp_411              | sparsemux | compactencoding_dontcare | 0       |
|      sparsemux_17_3_8_1_1_U4420                                                                |     |        | tmp_412              | sparsemux | compactencoding_dontcare | 0       |
|      sparsemux_17_3_8_1_1_U4421                                                                |     |        | tmp_413              | sparsemux | compactencoding_dontcare | 0       |
|      sparsemux_9_2_8_1_1_U4422                                                                 |     |        | tmp_414              | sparsemux | compactencoding_dontcare | 0       |
|      mac_muladd_8s_8s_32s_32_4_1_U4638                                                         | 1   |        | mul_ln376_3          | mul       | dsp_slice                | 3       |
|      mac_muladd_8s_8s_32s_32_4_1_U4638                                                         | 1   |        | sext_ln376_7         | sext      | dsp_slice                | 3       |
|      sparsemux_17_3_8_1_1_U4423                                                                |     |        | tmp_415              | sparsemux | compactencoding_dontcare | 0       |
|      sparsemux_17_3_8_1_1_U4424                                                                |     |        | tmp_416              | sparsemux | compactencoding_dontcare | 0       |
|      sparsemux_17_3_8_1_1_U4425                                                                |     |        | tmp_417              | sparsemux | compactencoding_dontcare | 0       |
|      sparsemux_17_3_8_1_1_U4426                                                                |     |        | tmp_418              | sparsemux | compactencoding_dontcare | 0       |
|      sparsemux_9_2_8_1_1_U4427                                                                 |     |        | tmp_419              | sparsemux | compactencoding_dontcare | 0       |
|      mac_muladd_8s_8s_32s_32_4_1_U4639                                                         | 1   |        | mul_ln376_4          | mul       | dsp_slice                | 3       |
|      mac_muladd_8s_8s_32s_32_4_1_U4639                                                         | 1   |        | sext_ln376_9         | sext      | dsp_slice                | 3       |
|      sparsemux_17_3_8_1_1_U4428                                                                |     |        | tmp_420              | sparsemux | compactencoding_dontcare | 0       |
|      sparsemux_17_3_8_1_1_U4429                                                                |     |        | tmp_421              | sparsemux | compactencoding_dontcare | 0       |
|      sparsemux_17_3_8_1_1_U4430                                                                |     |        | tmp_422              | sparsemux | compactencoding_dontcare | 0       |
|      sparsemux_17_3_8_1_1_U4431                                                                |     |        | tmp_423              | sparsemux | compactencoding_dontcare | 0       |
|      sparsemux_9_2_8_1_1_U4432                                                                 |     |        | tmp_424              | sparsemux | compactencoding_dontcare | 0       |
|      mac_muladd_8s_8s_32s_32_4_1_U4640                                                         | 1   |        | mul_ln376_5          | mul       | dsp_slice                | 3       |
|      mac_muladd_8s_8s_32s_32_4_1_U4640                                                         | 1   |        | sext_ln376_11        | sext      | dsp_slice                | 3       |
|      sparsemux_17_3_8_1_1_U4433                                                                |     |        | tmp_425              | sparsemux | compactencoding_dontcare | 0       |
|      sparsemux_17_3_8_1_1_U4434                                                                |     |        | tmp_426              | sparsemux | compactencoding_dontcare | 0       |
|      sparsemux_17_3_8_1_1_U4435                                                                |     |        | tmp_427              | sparsemux | compactencoding_dontcare | 0       |
|      sparsemux_17_3_8_1_1_U4436                                                                |     |        | tmp_428              | sparsemux | compactencoding_dontcare | 0       |
|      sparsemux_9_2_8_1_1_U4437                                                                 |     |        | tmp_429              | sparsemux | compactencoding_dontcare | 0       |
|      mac_muladd_8s_8s_32s_32_4_1_U4641                                                         | 1   |        | mul_ln376_6          | mul       | dsp_slice                | 3       |
|      mac_muladd_8s_8s_32s_32_4_1_U4641                                                         | 1   |        | sext_ln376_13        | sext      | dsp_slice                | 3       |
|      sparsemux_17_3_8_1_1_U4438                                                                |     |        | tmp_430              | sparsemux | compactencoding_dontcare | 0       |
|      sparsemux_17_3_8_1_1_U4439                                                                |     |        | tmp_431              | sparsemux | compactencoding_dontcare | 0       |
|      sparsemux_17_3_8_1_1_U4440                                                                |     |        | tmp_432              | sparsemux | compactencoding_dontcare | 0       |
|      sparsemux_17_3_8_1_1_U4441                                                                |     |        | tmp_433              | sparsemux | compactencoding_dontcare | 0       |
|      sparsemux_9_2_8_1_1_U4442                                                                 |     |        | tmp_434              | sparsemux | compactencoding_dontcare | 0       |
|      mac_muladd_8s_8s_32s_32_4_1_U4642                                                         | 1   |        | mul_ln376_7          | mul       | dsp_slice                | 3       |
|      mac_muladd_8s_8s_32s_32_4_1_U4642                                                         | 1   |        | sext_ln376_15        | sext      | dsp_slice                | 3       |
|      mul_8s_4ns_12_1_1_U4554                                                                   |     |        | mul_ln377_7          | mul       | auto                     | 0       |
|      sparsemux_17_3_8_1_1_U4443                                                                |     |        | tmp_435              | sparsemux | compactencoding_dontcare | 0       |
|      sparsemux_17_3_8_1_1_U4444                                                                |     |        | tmp_436              | sparsemux | compactencoding_dontcare | 0       |
|      sparsemux_17_3_8_1_1_U4445                                                                |     |        | tmp_437              | sparsemux | compactencoding_dontcare | 0       |
|      sparsemux_17_3_8_1_1_U4446                                                                |     |        | tmp_438              | sparsemux | compactencoding_dontcare | 0       |
|      sparsemux_9_2_8_1_1_U4447                                                                 |     |        | tmp_439              | sparsemux | compactencoding_dontcare | 0       |
|      mac_muladd_12s_8s_32s_32_4_1_U4675                                                        | 1   |        | mul_ln377_8          | mul       | dsp_slice                | 3       |
|      mac_muladd_12s_8s_32s_32_4_1_U4675                                                        | 1   |        | sext_ln377_8         | sext      | dsp_slice                | 3       |
|      sparsemux_17_3_8_1_1_U4448                                                                |     |        | tmp_440              | sparsemux | compactencoding_dontcare | 0       |
|      sparsemux_17_3_8_1_1_U4449                                                                |     |        | tmp_441              | sparsemux | compactencoding_dontcare | 0       |
|      sparsemux_17_3_8_1_1_U4450                                                                |     |        | tmp_442              | sparsemux | compactencoding_dontcare | 0       |
|      sparsemux_17_3_8_1_1_U4451                                                                |     |        | tmp_443              | sparsemux | compactencoding_dontcare | 0       |
|      sparsemux_9_2_8_1_1_U4452                                                                 |     |        | tmp_444              | sparsemux | compactencoding_dontcare | 0       |
|      mac_muladd_12s_8s_32s_32_4_1_U4676                                                        | 1   |        | mul_ln377_9          | mul       | dsp_slice                | 3       |
|      mac_muladd_12s_8s_32s_32_4_1_U4676                                                        | 1   |        | sext_ln377_10        | sext      | dsp_slice                | 3       |
|      sparsemux_17_3_8_1_1_U4453                                                                |     |        | tmp_445              | sparsemux | compactencoding_dontcare | 0       |
|      sparsemux_17_3_8_1_1_U4454                                                                |     |        | tmp_446              | sparsemux | compactencoding_dontcare | 0       |
|      sparsemux_17_3_8_1_1_U4455                                                                |     |        | tmp_447              | sparsemux | compactencoding_dontcare | 0       |
|      sparsemux_17_3_8_1_1_U4456                                                                |     |        | tmp_448              | sparsemux | compactencoding_dontcare | 0       |
|      sparsemux_9_2_8_1_1_U4457                                                                 |     |        | tmp_449              | sparsemux | compactencoding_dontcare | 0       |
|      mac_muladd_12s_8s_32s_32_4_1_U4677                                                        | 1   |        | mul_ln377_10         | mul       | dsp_slice                | 3       |
|      mac_muladd_12s_8s_32s_32_4_1_U4677                                                        | 1   |        | sext_ln377_12        | sext      | dsp_slice                | 3       |
|      sparsemux_17_3_8_1_1_U4458                                                                |     |        | tmp_450              | sparsemux | compactencoding_dontcare | 0       |
|      sparsemux_17_3_8_1_1_U4459                                                                |     |        | tmp_451              | sparsemux | compactencoding_dontcare | 0       |
|      sparsemux_17_3_8_1_1_U4460                                                                |     |        | tmp_452              | sparsemux | compactencoding_dontcare | 0       |
|      sparsemux_17_3_8_1_1_U4461                                                                |     |        | tmp_453              | sparsemux | compactencoding_dontcare | 0       |
|      sparsemux_9_2_8_1_1_U4462                                                                 |     |        | tmp_454              | sparsemux | compactencoding_dontcare | 0       |
|      mac_muladd_12s_8s_32s_32_4_1_U4678                                                        | 1   |        | mul_ln377_11         | mul       | dsp_slice                | 3       |
|      mac_muladd_12s_8s_32s_32_4_1_U4678                                                        | 1   |        | sext_ln377_14        | sext      | dsp_slice                | 3       |
|      sparsemux_17_3_8_1_1_U4463                                                                |     |        | tmp_455              | sparsemux | compactencoding_dontcare | 0       |
|      sparsemux_17_3_8_1_1_U4464                                                                |     |        | tmp_456              | sparsemux | compactencoding_dontcare | 0       |
|      sparsemux_17_3_8_1_1_U4465                                                                |     |        | tmp_457              | sparsemux | compactencoding_dontcare | 0       |
|      sparsemux_17_3_8_1_1_U4466                                                                |     |        | tmp_458              | sparsemux | compactencoding_dontcare | 0       |
|      sparsemux_9_2_8_1_1_U4467                                                                 |     |        | tmp_459              | sparsemux | compactencoding_dontcare | 0       |
|      mac_muladd_12s_8s_32s_32_4_1_U4679                                                        | 1   |        | mul_ln377_12         | mul       | dsp_slice                | 3       |
|      mac_muladd_12s_8s_32s_32_4_1_U4679                                                        | 1   |        | sext_ln377_16        | sext      | dsp_slice                | 3       |
|      sparsemux_17_3_8_1_1_U4468                                                                |     |        | tmp_460              | sparsemux | compactencoding_dontcare | 0       |
|      sparsemux_17_3_8_1_1_U4469                                                                |     |        | tmp_461              | sparsemux | compactencoding_dontcare | 0       |
|      sparsemux_17_3_8_1_1_U4470                                                                |     |        | tmp_462              | sparsemux | compactencoding_dontcare | 0       |
|      sparsemux_17_3_8_1_1_U4471                                                                |     |        | tmp_463              | sparsemux | compactencoding_dontcare | 0       |
|      sparsemux_9_2_8_1_1_U4472                                                                 |     |        | tmp_464              | sparsemux | compactencoding_dontcare | 0       |
|      mac_muladd_12s_8s_32s_32_4_1_U4680                                                        | 1   |        | mul_ln377_13         | mul       | dsp_slice                | 3       |
|      mac_muladd_12s_8s_32s_32_4_1_U4680                                                        | 1   |        | sext_ln377_18        | sext      | dsp_slice                | 3       |
|      sparsemux_17_3_8_1_1_U4473                                                                |     |        | tmp_465              | sparsemux | compactencoding_dontcare | 0       |
|      sparsemux_17_3_8_1_1_U4474                                                                |     |        | tmp_466              | sparsemux | compactencoding_dontcare | 0       |
|      sparsemux_17_3_8_1_1_U4475                                                                |     |        | tmp_467              | sparsemux | compactencoding_dontcare | 0       |
|      sparsemux_17_3_8_1_1_U4476                                                                |     |        | tmp_468              | sparsemux | compactencoding_dontcare | 0       |
|      sparsemux_9_2_8_1_1_U4477                                                                 |     |        | tmp_469              | sparsemux | compactencoding_dontcare | 0       |
|      mac_muladd_12s_8s_32s_32_4_1_U4681                                                        | 1   |        | mul_ln377_14         | mul       | dsp_slice                | 3       |
|      mac_muladd_12s_8s_32s_32_4_1_U4681                                                        | 1   |        | sext_ln377_20        | sext      | dsp_slice                | 3       |
|      sparsemux_17_3_8_1_1_U4478                                                                |     |        | tmp_470              | sparsemux | compactencoding_dontcare | 0       |
|      sparsemux_17_3_8_1_1_U4479                                                                |     |        | tmp_471              | sparsemux | compactencoding_dontcare | 0       |
|      sparsemux_17_3_8_1_1_U4480                                                                |     |        | tmp_472              | sparsemux | compactencoding_dontcare | 0       |
|      sparsemux_17_3_8_1_1_U4481                                                                |     |        | tmp_473              | sparsemux | compactencoding_dontcare | 0       |
|      sparsemux_9_2_8_1_1_U4482                                                                 |     |        | tmp_474              | sparsemux | compactencoding_dontcare | 0       |
|      mac_muladd_12s_8s_32s_32_4_1_U4682                                                        | 1   |        | mul_ln377_15         | mul       | dsp_slice                | 3       |
|      mac_muladd_12s_8s_32s_32_4_1_U4682                                                        | 1   |        | sext_ln377_23        | sext      | dsp_slice                | 3       |
|      sparsemux_17_3_8_1_1_U4483                                                                |     |        | tmp_475              | sparsemux | compactencoding_dontcare | 0       |
|      sparsemux_17_3_8_1_1_U4484                                                                |     |        | tmp_476              | sparsemux | compactencoding_dontcare | 0       |
|      sparsemux_17_3_8_1_1_U4485                                                                |     |        | tmp_477              | sparsemux | compactencoding_dontcare | 0       |
|      sparsemux_17_3_8_1_1_U4486                                                                |     |        | tmp_478              | sparsemux | compactencoding_dontcare | 0       |
|      sparsemux_9_2_8_1_1_U4487                                                                 |     |        | tmp_479              | sparsemux | compactencoding_dontcare | 0       |
|      mac_muladd_8s_8s_32s_32_4_1_U4643                                                         | 1   |        | mul_ln378            | mul       | dsp_slice                | 3       |
|      mac_muladd_8s_8s_32s_32_4_1_U4643                                                         | 1   |        | sext_ln378_1         | sext      | dsp_slice                | 3       |
|      sparsemux_17_3_8_1_1_U4488                                                                |     |        | tmp_480              | sparsemux | compactencoding_dontcare | 0       |
|      sparsemux_17_3_8_1_1_U4489                                                                |     |        | tmp_481              | sparsemux | compactencoding_dontcare | 0       |
|      sparsemux_17_3_8_1_1_U4490                                                                |     |        | tmp_482              | sparsemux | compactencoding_dontcare | 0       |
|      sparsemux_17_3_8_1_1_U4491                                                                |     |        | tmp_483              | sparsemux | compactencoding_dontcare | 0       |
|      sparsemux_9_2_8_1_1_U4492                                                                 |     |        | tmp_484              | sparsemux | compactencoding_dontcare | 0       |
|      mac_muladd_8s_8s_32s_32_4_1_U4644                                                         | 1   |        | mul_ln378_1          | mul       | dsp_slice                | 3       |
|      mac_muladd_8s_8s_32s_32_4_1_U4644                                                         | 1   |        | sext_ln378_3         | sext      | dsp_slice                | 3       |
|      sparsemux_17_3_8_1_1_U4493                                                                |     |        | tmp_485              | sparsemux | compactencoding_dontcare | 0       |
|      sparsemux_17_3_8_1_1_U4494                                                                |     |        | tmp_486              | sparsemux | compactencoding_dontcare | 0       |
|      sparsemux_17_3_8_1_1_U4495                                                                |     |        | tmp_487              | sparsemux | compactencoding_dontcare | 0       |
|      sparsemux_17_3_8_1_1_U4496                                                                |     |        | tmp_488              | sparsemux | compactencoding_dontcare | 0       |
|      sparsemux_9_2_8_1_1_U4497                                                                 |     |        | tmp_489              | sparsemux | compactencoding_dontcare | 0       |
|      mac_muladd_8s_8s_32s_32_4_1_U4645                                                         | 1   |        | mul_ln378_2          | mul       | dsp_slice                | 3       |
|      mac_muladd_8s_8s_32s_32_4_1_U4645                                                         | 1   |        | sext_ln378_5         | sext      | dsp_slice                | 3       |
|      sparsemux_17_3_8_1_1_U4498                                                                |     |        | tmp_490              | sparsemux | compactencoding_dontcare | 0       |
|      sparsemux_17_3_8_1_1_U4499                                                                |     |        | tmp_491              | sparsemux | compactencoding_dontcare | 0       |
|      sparsemux_17_3_8_1_1_U4500                                                                |     |        | tmp_492              | sparsemux | compactencoding_dontcare | 0       |
|      sparsemux_17_3_8_1_1_U4501                                                                |     |        | tmp_493              | sparsemux | compactencoding_dontcare | 0       |
|      sparsemux_9_2_8_1_1_U4502                                                                 |     |        | tmp_494              | sparsemux | compactencoding_dontcare | 0       |
|      mac_muladd_8s_8s_32s_32_4_1_U4646                                                         | 1   |        | mul_ln378_3          | mul       | dsp_slice                | 3       |
|      mac_muladd_8s_8s_32s_32_4_1_U4646                                                         | 1   |        | sext_ln378_7         | sext      | dsp_slice                | 3       |
|      sparsemux_17_3_8_1_1_U4503                                                                |     |        | tmp_495              | sparsemux | compactencoding_dontcare | 0       |
|      sparsemux_17_3_8_1_1_U4504                                                                |     |        | tmp_496              | sparsemux | compactencoding_dontcare | 0       |
|      sparsemux_17_3_8_1_1_U4505                                                                |     |        | tmp_497              | sparsemux | compactencoding_dontcare | 0       |
|      sparsemux_17_3_8_1_1_U4506                                                                |     |        | tmp_498              | sparsemux | compactencoding_dontcare | 0       |
|      sparsemux_9_2_8_1_1_U4507                                                                 |     |        | tmp_499              | sparsemux | compactencoding_dontcare | 0       |
|      mac_muladd_8s_8s_32s_32_4_1_U4647                                                         | 1   |        | mul_ln378_4          | mul       | dsp_slice                | 3       |
|      mac_muladd_8s_8s_32s_32_4_1_U4647                                                         | 1   |        | sext_ln378_9         | sext      | dsp_slice                | 3       |
|      sparsemux_17_3_8_1_1_U4508                                                                |     |        | tmp_500              | sparsemux | compactencoding_dontcare | 0       |
|      sparsemux_17_3_8_1_1_U4509                                                                |     |        | tmp_501              | sparsemux | compactencoding_dontcare | 0       |
|      sparsemux_17_3_8_1_1_U4510                                                                |     |        | tmp_502              | sparsemux | compactencoding_dontcare | 0       |
|      sparsemux_17_3_8_1_1_U4511                                                                |     |        | tmp_503              | sparsemux | compactencoding_dontcare | 0       |
|      sparsemux_9_2_8_1_1_U4512                                                                 |     |        | tmp_504              | sparsemux | compactencoding_dontcare | 0       |
|      mac_muladd_8s_8s_32s_32_4_1_U4648                                                         | 1   |        | mul_ln378_5          | mul       | dsp_slice                | 3       |
|      mac_muladd_8s_8s_32s_32_4_1_U4648                                                         | 1   |        | sext_ln378_11        | sext      | dsp_slice                | 3       |
|      sparsemux_17_3_8_1_1_U4513                                                                |     |        | tmp_505              | sparsemux | compactencoding_dontcare | 0       |
|      sparsemux_17_3_8_1_1_U4514                                                                |     |        | tmp_506              | sparsemux | compactencoding_dontcare | 0       |
|      sparsemux_17_3_8_1_1_U4515                                                                |     |        | tmp_507              | sparsemux | compactencoding_dontcare | 0       |
|      sparsemux_17_3_8_1_1_U4516                                                                |     |        | tmp_508              | sparsemux | compactencoding_dontcare | 0       |
|      sparsemux_9_2_8_1_1_U4517                                                                 |     |        | tmp_509              | sparsemux | compactencoding_dontcare | 0       |
|      mac_muladd_8s_8s_32s_32_4_1_U4649                                                         | 1   |        | mul_ln378_6          | mul       | dsp_slice                | 3       |
|      mac_muladd_8s_8s_32s_32_4_1_U4649                                                         | 1   |        | sext_ln378_13        | sext      | dsp_slice                | 3       |
|      sparsemux_17_3_8_1_1_U4518                                                                |     |        | tmp_510              | sparsemux | compactencoding_dontcare | 0       |
|      sparsemux_17_3_8_1_1_U4519                                                                |     |        | tmp_511              | sparsemux | compactencoding_dontcare | 0       |
|      sparsemux_17_3_8_1_1_U4520                                                                |     |        | tmp_512              | sparsemux | compactencoding_dontcare | 0       |
|      sparsemux_17_3_8_1_1_U4521                                                                |     |        | tmp_513              | sparsemux | compactencoding_dontcare | 0       |
|      sparsemux_9_2_8_1_1_U4522                                                                 |     |        | tmp_514              | sparsemux | compactencoding_dontcare | 0       |
|      mac_muladd_8s_8s_32s_32_4_1_U4650                                                         | 1   |        | mul_ln378_7          | mul       | dsp_slice                | 3       |
|      mac_muladd_8s_8s_32s_32_4_1_U4650                                                         | 1   |        | sext_ln378_15        | sext      | dsp_slice                | 3       |
|      sparsemux_9_2_32_1_1_U4588                                                                |     |        | tmp_515              | sparsemux | compactencoding_dontcare | 0       |
|      mac_muladd_12s_8s_32s_32_4_1_U4652                                                        | 1   |        | acc_w0_72            | add       | dsp_slice                | 3       |
|      sparsemux_9_2_32_1_1_U4589                                                                |     |        | tmp_516              | sparsemux | compactencoding_dontcare | 0       |
|      mac_muladd_12s_8s_32s_32_4_1_U4653                                                        | 1   |        | acc_w0_73            | add       | dsp_slice                | 3       |
|      sparsemux_9_2_32_1_1_U4590                                                                |     |        | tmp_517              | sparsemux | compactencoding_dontcare | 0       |
|      mac_muladd_12s_8s_32s_32_4_1_U4654                                                        | 1   |        | acc_w0_74            | add       | dsp_slice                | 3       |
|      sparsemux_9_2_32_1_1_U4591                                                                |     |        | tmp_518              | sparsemux | compactencoding_dontcare | 0       |
|      mac_muladd_12s_8s_32s_32_4_1_U4655                                                        | 1   |        | acc_w0_75            | add       | dsp_slice                | 3       |
|      sparsemux_9_2_32_1_1_U4592                                                                |     |        | tmp_519              | sparsemux | compactencoding_dontcare | 0       |
|      mac_muladd_12s_8s_32s_32_4_1_U4656                                                        | 1   |        | acc_w0_76            | add       | dsp_slice                | 3       |
|      sparsemux_9_2_32_1_1_U4593                                                                |     |        | tmp_520              | sparsemux | compactencoding_dontcare | 0       |
|      mac_muladd_12s_8s_32s_32_4_1_U4657                                                        | 1   |        | acc_w0_77            | add       | dsp_slice                | 3       |
|      sparsemux_9_2_32_1_1_U4594                                                                |     |        | tmp_521              | sparsemux | compactencoding_dontcare | 0       |
|      mac_muladd_12s_8s_32s_32_4_1_U4658                                                        | 1   |        | acc_w0_78            | add       | dsp_slice                | 3       |
|      sparsemux_9_2_32_1_1_U4555                                                                |     |        | tmp_522              | sparsemux | compactencoding_dontcare | 0       |
|      mac_muladd_8s_8s_32s_32_4_1_U4619                                                         | 1   |        | acc_m0_71            | add       | dsp_slice                | 3       |
|      sparsemux_9_2_32_1_1_U4556                                                                |     |        | tmp_523              | sparsemux | compactencoding_dontcare | 0       |
|      mac_muladd_8s_8s_32s_32_4_1_U4620                                                         | 1   |        | acc_m0_72            | add       | dsp_slice                | 3       |
|      sparsemux_9_2_32_1_1_U4557                                                                |     |        | tmp_524              | sparsemux | compactencoding_dontcare | 0       |
|      mac_muladd_8s_8s_32s_32_4_1_U4621                                                         | 1   |        | acc_m0_73            | add       | dsp_slice                | 3       |
|      sparsemux_9_2_32_1_1_U4558                                                                |     |        | tmp_525              | sparsemux | compactencoding_dontcare | 0       |
|      mac_muladd_8s_8s_32s_32_4_1_U4622                                                         | 1   |        | acc_m0_74            | add       | dsp_slice                | 3       |
|      sparsemux_9_2_32_1_1_U4559                                                                |     |        | tmp_526              | sparsemux | compactencoding_dontcare | 0       |
|      mac_muladd_8s_8s_32s_32_4_1_U4623                                                         | 1   |        | acc_m0_75            | add       | dsp_slice                | 3       |
|      sparsemux_9_2_32_1_1_U4560                                                                |     |        | tmp_527              | sparsemux | compactencoding_dontcare | 0       |
|      mac_muladd_8s_8s_32s_32_4_1_U4624                                                         | 1   |        | acc_m0_76            | add       | dsp_slice                | 3       |
|      sparsemux_9_2_32_1_1_U4561                                                                |     |        | tmp_528              | sparsemux | compactencoding_dontcare | 0       |
|      mac_muladd_8s_8s_32s_32_4_1_U4625                                                         | 1   |        | acc_m0_77            | add       | dsp_slice                | 3       |
|      sparsemux_9_2_32_1_1_U4562                                                                |     |        | tmp_529              | sparsemux | compactencoding_dontcare | 0       |
|      mac_muladd_8s_8s_32s_32_4_1_U4626                                                         | 1   |        | acc_m0_78            | add       | dsp_slice                | 3       |
|      sparsemux_9_2_32_1_1_U4595                                                                |     |        | tmp_530              | sparsemux | compactencoding_dontcare | 0       |
|      mac_muladd_12s_8s_32s_32_4_1_U4659                                                        | 1   |        | acc_w1_71            | add       | dsp_slice                | 3       |
|      sparsemux_9_2_32_1_1_U4596                                                                |     |        | tmp_531              | sparsemux | compactencoding_dontcare | 0       |
|      mac_muladd_12s_8s_32s_32_4_1_U4660                                                        | 1   |        | acc_w1_72            | add       | dsp_slice                | 3       |
|      sparsemux_9_2_32_1_1_U4597                                                                |     |        | tmp_532              | sparsemux | compactencoding_dontcare | 0       |
|      mac_muladd_12s_8s_32s_32_4_1_U4661                                                        | 1   |        | acc_w1_73            | add       | dsp_slice                | 3       |
|      sparsemux_9_2_32_1_1_U4598                                                                |     |        | tmp_533              | sparsemux | compactencoding_dontcare | 0       |
|      mac_muladd_12s_8s_32s_32_4_1_U4662                                                        | 1   |        | acc_w1_74            | add       | dsp_slice                | 3       |
|      sparsemux_9_2_32_1_1_U4599                                                                |     |        | tmp_534              | sparsemux | compactencoding_dontcare | 0       |
|      mac_muladd_12s_8s_32s_32_4_1_U4663                                                        | 1   |        | acc_w1_75            | add       | dsp_slice                | 3       |
|      sparsemux_9_2_32_1_1_U4600                                                                |     |        | tmp_535              | sparsemux | compactencoding_dontcare | 0       |
|      mac_muladd_12s_8s_32s_32_4_1_U4664                                                        | 1   |        | acc_w1_76            | add       | dsp_slice                | 3       |
|      sparsemux_9_2_32_1_1_U4601                                                                |     |        | tmp_536              | sparsemux | compactencoding_dontcare | 0       |
|      mac_muladd_12s_8s_32s_32_4_1_U4665                                                        | 1   |        | acc_w1_77            | add       | dsp_slice                | 3       |
|      sparsemux_9_2_32_1_1_U4602                                                                |     |        | tmp_537              | sparsemux | compactencoding_dontcare | 0       |
|      mac_muladd_12s_8s_32s_32_4_1_U4666                                                        | 1   |        | acc_w1_78            | add       | dsp_slice                | 3       |
|      sparsemux_9_2_32_1_1_U4563                                                                |     |        | tmp_538              | sparsemux | compactencoding_dontcare | 0       |
|      mac_muladd_8s_8s_32s_32_4_1_U4627                                                         | 1   |        | acc_m1_71            | add       | dsp_slice                | 3       |
|      sparsemux_9_2_32_1_1_U4564                                                                |     |        | tmp_539              | sparsemux | compactencoding_dontcare | 0       |
|      mac_muladd_8s_8s_32s_32_4_1_U4628                                                         | 1   |        | acc_m1_72            | add       | dsp_slice                | 3       |
|      sparsemux_9_2_32_1_1_U4565                                                                |     |        | tmp_540              | sparsemux | compactencoding_dontcare | 0       |
|      mac_muladd_8s_8s_32s_32_4_1_U4629                                                         | 1   |        | acc_m1_73            | add       | dsp_slice                | 3       |
|      sparsemux_9_2_32_1_1_U4566                                                                |     |        | tmp_541              | sparsemux | compactencoding_dontcare | 0       |
|      mac_muladd_8s_8s_32s_32_4_1_U4630                                                         | 1   |        | acc_m1_74            | add       | dsp_slice                | 3       |
|      sparsemux_9_2_32_1_1_U4567                                                                |     |        | tmp_542              | sparsemux | compactencoding_dontcare | 0       |
|      mac_muladd_8s_8s_32s_32_4_1_U4631                                                         | 1   |        | acc_m1_75            | add       | dsp_slice                | 3       |
|      sparsemux_9_2_32_1_1_U4568                                                                |     |        | tmp_543              | sparsemux | compactencoding_dontcare | 0       |
|      mac_muladd_8s_8s_32s_32_4_1_U4632                                                         | 1   |        | acc_m1_76            | add       | dsp_slice                | 3       |
|      sparsemux_9_2_32_1_1_U4569                                                                |     |        | tmp_544              | sparsemux | compactencoding_dontcare | 0       |
|      mac_muladd_8s_8s_32s_32_4_1_U4633                                                         | 1   |        | acc_m1_77            | add       | dsp_slice                | 3       |
|      sparsemux_9_2_32_1_1_U4570                                                                |     |        | tmp_545              | sparsemux | compactencoding_dontcare | 0       |
|      mac_muladd_8s_8s_32s_32_4_1_U4634                                                         | 1   |        | acc_m1_78            | add       | dsp_slice                | 3       |
|      sparsemux_9_2_32_1_1_U4603                                                                |     |        | tmp_546              | sparsemux | compactencoding_dontcare | 0       |
|      mac_muladd_12s_8s_32s_32_4_1_U4667                                                        | 1   |        | acc_w2_71            | add       | dsp_slice                | 3       |
|      sparsemux_9_2_32_1_1_U4604                                                                |     |        | tmp_547              | sparsemux | compactencoding_dontcare | 0       |
|      mac_muladd_12s_8s_32s_32_4_1_U4668                                                        | 1   |        | acc_w2_72            | add       | dsp_slice                | 3       |
|      sparsemux_9_2_32_1_1_U4605                                                                |     |        | tmp_548              | sparsemux | compactencoding_dontcare | 0       |
|      mac_muladd_12s_8s_32s_32_4_1_U4669                                                        | 1   |        | acc_w2_73            | add       | dsp_slice                | 3       |
|      sparsemux_9_2_32_1_1_U4606                                                                |     |        | tmp_549              | sparsemux | compactencoding_dontcare | 0       |
|      mac_muladd_12s_8s_32s_32_4_1_U4670                                                        | 1   |        | acc_w2_74            | add       | dsp_slice                | 3       |
|      sparsemux_9_2_32_1_1_U4607                                                                |     |        | tmp_550              | sparsemux | compactencoding_dontcare | 0       |
|      mac_muladd_12s_8s_32s_32_4_1_U4671                                                        | 1   |        | acc_w2_75            | add       | dsp_slice                | 3       |
|      sparsemux_9_2_32_1_1_U4608                                                                |     |        | tmp_551              | sparsemux | compactencoding_dontcare | 0       |
|      mac_muladd_12s_8s_32s_32_4_1_U4672                                                        | 1   |        | acc_w2_76            | add       | dsp_slice                | 3       |
|      sparsemux_9_2_32_1_1_U4609                                                                |     |        | tmp_552              | sparsemux | compactencoding_dontcare | 0       |
|      mac_muladd_12s_8s_32s_32_4_1_U4673                                                        | 1   |        | acc_w2_77            | add       | dsp_slice                | 3       |
|      sparsemux_9_2_32_1_1_U4610                                                                |     |        | tmp_553              | sparsemux | compactencoding_dontcare | 0       |
|      mac_muladd_12s_8s_32s_32_4_1_U4674                                                        | 1   |        | acc_w2_78            | add       | dsp_slice                | 3       |
|      sparsemux_9_2_32_1_1_U4571                                                                |     |        | tmp_554              | sparsemux | compactencoding_dontcare | 0       |
|      mac_muladd_8s_8s_32s_32_4_1_U4635                                                         | 1   |        | acc_m2_71            | add       | dsp_slice                | 3       |
|      sparsemux_9_2_32_1_1_U4572                                                                |     |        | tmp_555              | sparsemux | compactencoding_dontcare | 0       |
|      mac_muladd_8s_8s_32s_32_4_1_U4636                                                         | 1   |        | acc_m2_72            | add       | dsp_slice                | 3       |
|      sparsemux_9_2_32_1_1_U4573                                                                |     |        | tmp_556              | sparsemux | compactencoding_dontcare | 0       |
|      mac_muladd_8s_8s_32s_32_4_1_U4637                                                         | 1   |        | acc_m2_73            | add       | dsp_slice                | 3       |
|      sparsemux_9_2_32_1_1_U4574                                                                |     |        | tmp_557              | sparsemux | compactencoding_dontcare | 0       |
|      mac_muladd_8s_8s_32s_32_4_1_U4638                                                         | 1   |        | acc_m2_74            | add       | dsp_slice                | 3       |
|      sparsemux_9_2_32_1_1_U4575                                                                |     |        | tmp_558              | sparsemux | compactencoding_dontcare | 0       |
|      mac_muladd_8s_8s_32s_32_4_1_U4639                                                         | 1   |        | acc_m2_75            | add       | dsp_slice                | 3       |
|      sparsemux_9_2_32_1_1_U4576                                                                |     |        | tmp_559              | sparsemux | compactencoding_dontcare | 0       |
|      mac_muladd_8s_8s_32s_32_4_1_U4640                                                         | 1   |        | acc_m2_76            | add       | dsp_slice                | 3       |
|      sparsemux_9_2_32_1_1_U4577                                                                |     |        | tmp_560              | sparsemux | compactencoding_dontcare | 0       |
|      mac_muladd_8s_8s_32s_32_4_1_U4641                                                         | 1   |        | acc_m2_77            | add       | dsp_slice                | 3       |
|      sparsemux_9_2_32_1_1_U4578                                                                |     |        | tmp_561              | sparsemux | compactencoding_dontcare | 0       |
|      mac_muladd_8s_8s_32s_32_4_1_U4642                                                         | 1   |        | acc_m2_78            | add       | dsp_slice                | 3       |
|      sparsemux_9_2_32_1_1_U4611                                                                |     |        | tmp_562              | sparsemux | compactencoding_dontcare | 0       |
|      mac_muladd_12s_8s_32s_32_4_1_U4675                                                        | 1   |        | acc_w3_71            | add       | dsp_slice                | 3       |
|      sparsemux_9_2_32_1_1_U4612                                                                |     |        | tmp_563              | sparsemux | compactencoding_dontcare | 0       |
|      mac_muladd_12s_8s_32s_32_4_1_U4676                                                        | 1   |        | acc_w3_72            | add       | dsp_slice                | 3       |
|      sparsemux_9_2_32_1_1_U4613                                                                |     |        | tmp_564              | sparsemux | compactencoding_dontcare | 0       |
|      mac_muladd_12s_8s_32s_32_4_1_U4677                                                        | 1   |        | acc_w3_73            | add       | dsp_slice                | 3       |
|      sparsemux_9_2_32_1_1_U4614                                                                |     |        | tmp_565              | sparsemux | compactencoding_dontcare | 0       |
|      mac_muladd_12s_8s_32s_32_4_1_U4678                                                        | 1   |        | acc_w3_74            | add       | dsp_slice                | 3       |
|      sparsemux_9_2_32_1_1_U4615                                                                |     |        | tmp_566              | sparsemux | compactencoding_dontcare | 0       |
|      mac_muladd_12s_8s_32s_32_4_1_U4679                                                        | 1   |        | acc_w3_75            | add       | dsp_slice                | 3       |
|      sparsemux_9_2_32_1_1_U4616                                                                |     |        | tmp_567              | sparsemux | compactencoding_dontcare | 0       |
|      mac_muladd_12s_8s_32s_32_4_1_U4680                                                        | 1   |        | acc_w3_76            | add       | dsp_slice                | 3       |
|      sparsemux_9_2_32_1_1_U4617                                                                |     |        | tmp_568              | sparsemux | compactencoding_dontcare | 0       |
|      mac_muladd_12s_8s_32s_32_4_1_U4681                                                        | 1   |        | acc_w3_77            | add       | dsp_slice                | 3       |
|      sparsemux_9_2_32_1_1_U4618                                                                |     |        | tmp_569              | sparsemux | compactencoding_dontcare | 0       |
|      mac_muladd_12s_8s_32s_32_4_1_U4682                                                        | 1   |        | acc_w3_78            | add       | dsp_slice                | 3       |
|      sparsemux_9_2_32_1_1_U4579                                                                |     |        | tmp_570              | sparsemux | compactencoding_dontcare | 0       |
|      mac_muladd_8s_8s_32s_32_4_1_U4643                                                         | 1   |        | acc_m3_71            | add       | dsp_slice                | 3       |
|      sparsemux_9_2_32_1_1_U4580                                                                |     |        | tmp_571              | sparsemux | compactencoding_dontcare | 0       |
|      mac_muladd_8s_8s_32s_32_4_1_U4644                                                         | 1   |        | acc_m3_72            | add       | dsp_slice                | 3       |
|      sparsemux_9_2_32_1_1_U4581                                                                |     |        | tmp_572              | sparsemux | compactencoding_dontcare | 0       |
|      mac_muladd_8s_8s_32s_32_4_1_U4645                                                         | 1   |        | acc_m3_73            | add       | dsp_slice                | 3       |
|      sparsemux_9_2_32_1_1_U4582                                                                |     |        | tmp_573              | sparsemux | compactencoding_dontcare | 0       |
|      mac_muladd_8s_8s_32s_32_4_1_U4646                                                         | 1   |        | acc_m3_74            | add       | dsp_slice                | 3       |
|      sparsemux_9_2_32_1_1_U4583                                                                |     |        | tmp_574              | sparsemux | compactencoding_dontcare | 0       |
|      mac_muladd_8s_8s_32s_32_4_1_U4647                                                         | 1   |        | acc_m3_75            | add       | dsp_slice                | 3       |
|      sparsemux_9_2_32_1_1_U4584                                                                |     |        | tmp_575              | sparsemux | compactencoding_dontcare | 0       |
|      mac_muladd_8s_8s_32s_32_4_1_U4648                                                         | 1   |        | acc_m3_76            | add       | dsp_slice                | 3       |
|      sparsemux_9_2_32_1_1_U4585                                                                |     |        | tmp_576              | sparsemux | compactencoding_dontcare | 0       |
|      mac_muladd_8s_8s_32s_32_4_1_U4649                                                         | 1   |        | acc_m3_77            | add       | dsp_slice                | 3       |
|      sparsemux_9_2_32_1_1_U4586                                                                |     |        | tmp_577              | sparsemux | compactencoding_dontcare | 0       |
|      mac_muladd_8s_8s_32s_32_4_1_U4650                                                         | 1   |        | acc_m3_78            | add       | dsp_slice                | 3       |
|    + mac_blocks_down_q4k_k4_urm_Pipeline_REDUCE_GRP                                            | 20  |        |                      |           |                          |         |
|      icmp_ln382_fu_4364_p2                                                                     |     |        | icmp_ln382           | seteq     | auto                     | 0       |
|      add_ln382_fu_4370_p2                                                                      |     |        | add_ln382            | add       | fabric                   | 0       |
|      add_ln383_fu_5076_p2                                                                      |     |        | add_ln383            | add       | fabric                   | 0       |
|      sparsemux_17_3_32_1_1_U7054                                                               |     |        | sw0                  | sparsemux | compactencoding_dontcare | 0       |
|      sparsemux_17_3_32_1_1_U7055                                                               |     |        | sm0                  | sparsemux | compactencoding_dontcare | 0       |
|      sparsemux_17_3_32_1_1_U7056                                                               |     |        | sw1                  | sparsemux | compactencoding_dontcare | 0       |
|      sparsemux_17_3_32_1_1_U7057                                                               |     |        | sm1                  | sparsemux | compactencoding_dontcare | 0       |
|      sparsemux_17_3_32_1_1_U7058                                                               |     |        | sw2                  | sparsemux | compactencoding_dontcare | 0       |
|      sparsemux_17_3_32_1_1_U7059                                                               |     |        | sm2                  | sparsemux | compactencoding_dontcare | 0       |
|      sparsemux_17_3_32_1_1_U7060                                                               |     |        | sw3                  | sparsemux | compactencoding_dontcare | 0       |
|      sparsemux_17_3_32_1_1_U7061                                                               |     |        | sm3                  | sparsemux | compactencoding_dontcare | 0       |
|      sparsemux_17_3_32_1_1_U7062                                                               |     |        | tmp_s                | sparsemux | compactencoding_dontcare | 0       |
|      sparsemux_17_3_32_1_1_U7063                                                               |     |        | tmp_160              | sparsemux | compactencoding_dontcare | 0       |
|      sparsemux_17_3_32_1_1_U7064                                                               |     |        | tmp_161              | sparsemux | compactencoding_dontcare | 0       |
|      sparsemux_17_3_32_1_1_U7065                                                               |     |        | tmp_162              | sparsemux | compactencoding_dontcare | 0       |
|      sparsemux_17_3_32_1_1_U7066                                                               |     |        | tmp_163              | sparsemux | compactencoding_dontcare | 0       |
|      sparsemux_17_3_32_1_1_U7067                                                               |     |        | tmp_164              | sparsemux | compactencoding_dontcare | 0       |
|      sparsemux_17_3_32_1_1_U7068                                                               |     |        | tmp_165              | sparsemux | compactencoding_dontcare | 0       |
|      sparsemux_17_3_32_1_1_U7069                                                               |     |        | tmp_166              | sparsemux | compactencoding_dontcare | 0       |
|      sparsemux_17_3_32_1_1_U7038                                                               |     |        | tmp_167              | sparsemux | compactencoding_dontcare | 0       |
|      sparsemux_17_3_32_1_1_U7039                                                               |     |        | tmp_168              | sparsemux | compactencoding_dontcare | 0       |
|      sparsemux_17_3_32_1_1_U7040                                                               |     |        | tmp_169              | sparsemux | compactencoding_dontcare | 0       |
|      sparsemux_17_3_32_1_1_U7041                                                               |     |        | tmp_170              | sparsemux | compactencoding_dontcare | 0       |
|      sparsemux_17_3_32_1_1_U7042                                                               |     |        | tmp_171              | sparsemux | compactencoding_dontcare | 0       |
|      sparsemux_17_3_32_1_1_U7043                                                               |     |        | tmp_172              | sparsemux | compactencoding_dontcare | 0       |
|      sparsemux_17_3_32_1_1_U7044                                                               |     |        | tmp_173              | sparsemux | compactencoding_dontcare | 0       |
|      sparsemux_17_3_32_1_1_U7045                                                               |     |        | tmp_174              | sparsemux | compactencoding_dontcare | 0       |
|      sparsemux_17_3_32_1_1_U7046                                                               |     |        | tmp_175              | sparsemux | compactencoding_dontcare | 0       |
|      add_ln388_1_fu_4740_p2                                                                    |     |        | add_ln388_1          | add       | fabric                   | 0       |
|      sparsemux_17_3_32_1_1_U7047                                                               |     |        | tmp_176              | sparsemux | compactencoding_dontcare | 0       |
|      add_ln388_4_fu_4786_p2                                                                    |     |        | add_ln388_4          | add       | fabric                   | 0       |
|      sparsemux_17_3_32_1_1_U7048                                                               |     |        | tmp_177              | sparsemux | compactencoding_dontcare | 0       |
|      add_ln389_1_fu_4832_p2                                                                    |     |        | add_ln389_1          | add       | fabric                   | 0       |
|      sparsemux_17_3_32_1_1_U7049                                                               |     |        | tmp_178              | sparsemux | compactencoding_dontcare | 0       |
|      add_ln389_4_fu_4878_p2                                                                    |     |        | add_ln389_4          | add       | fabric                   | 0       |
|      sparsemux_17_3_32_1_1_U7050                                                               |     |        | tmp_179              | sparsemux | compactencoding_dontcare | 0       |
|      add_ln390_1_fu_4924_p2                                                                    |     |        | add_ln390_1          | add       | fabric                   | 0       |
|      sparsemux_17_3_32_1_1_U7051                                                               |     |        | tmp_180              | sparsemux | compactencoding_dontcare | 0       |
|      add_ln390_4_fu_4970_p2                                                                    |     |        | add_ln390_4          | add       | fabric                   | 0       |
|      sparsemux_17_3_32_1_1_U7052                                                               |     |        | tmp_181              | sparsemux | compactencoding_dontcare | 0       |
|      add_ln391_1_fu_5016_p2                                                                    |     |        | add_ln391_1          | add       | fabric                   | 0       |
|      sparsemux_17_3_32_1_1_U7053                                                               |     |        | tmp_182              | sparsemux | compactencoding_dontcare | 0       |
|      add_ln391_4_fu_5062_p2                                                                    |     |        | add_ln391_4          | add       | fabric                   | 0       |
|      sparsemux_65_5_32_1_1_U7070                                                               |     |        | tmp_183              | sparsemux | compactencoding_dontcare | 0       |
|      sitofp_32ns_32_7_no_dsp_1_U7026                                                           |     |        | conv8                | sitofp    | auto                     | 6       |
|      sparsemux_65_5_32_1_1_U7071                                                               |     |        | tmp_184              | sparsemux | compactencoding_dontcare | 0       |
|      sitofp_32ns_32_7_no_dsp_1_U7027                                                           |     |        | conv9                | sitofp    | auto                     | 6       |
|      fsub_32ns_32ns_32_11_full_dsp_1_U7014                                                     | 2   |        | sub                  | fsub      | fulldsp                  | 10      |
|      fpext_32ns_64_2_no_dsp_1_U7034                                                            |     |        | pf                   | fpext     | auto                     | 1       |
|      sub_ln393_fu_6623_p2                                                                      |     |        | sub_ln393            | sub       | fabric                   | 0       |
|      select_ln393_fu_6629_p3                                                                   |     |        | select_ln393         | select    | auto_sel                 | 0       |
|      icmp_ln393_fu_6636_p2                                                                     |     |        | icmp_ln393           | seteq     | auto                     | 0       |
|      sub_ln393_1_fu_6641_p2                                                                    |     |        | sub_ln393_1          | sub       | fabric                   | 0       |
|      icmp_ln393_1_fu_6651_p2                                                                   |     |        | icmp_ln393_1         | setgt     | auto                     | 0       |
|      add_ln393_fu_6657_p2                                                                      |     |        | add_ln393            | add       | fabric                   | 0       |
|      sub_ln393_2_fu_6663_p2                                                                    |     |        | sub_ln393_2          | sub       | fabric                   | 0       |
|      select_ln393_1_fu_6669_p3                                                                 |     |        | select_ln393_1       | select    | auto_sel                 | 0       |
|      icmp_ln393_2_fu_6677_p2                                                                   |     |        | icmp_ln393_2         | seteq     | auto                     | 0       |
|      icmp_ln393_3_fu_6981_p2                                                                   |     |        | icmp_ln393_3         | setlt     | auto                     | 0       |
|      select_ln393_4_fu_6986_p3                                                                 |     |        | select_ln393_4       | select    | auto_sel                 | 0       |
|      ashr_ln393_fu_6996_p2                                                                     |     |        | ashr_ln393           | ashr      | auto_pipe                | 0       |
|      select_ln393_2_fu_7005_p3                                                                 |     |        | select_ln393_2       | select    | auto_sel                 | 0       |
|      icmp_ln393_4_fu_7013_p2                                                                   |     |        | icmp_ln393_4         | setlt     | auto                     | 0       |
|      shl_ln393_fu_7021_p2                                                                      |     |        | shl_ln393            | shl       | auto_pipe                | 0       |
|      select_ln393_3_fu_7026_p3                                                                 |     |        | select_ln393_3       | select    | auto_sel                 | 0       |
|      xor_ln393_fu_6687_p2                                                                      |     |        | xor_ln393            | xor       | auto                     | 0       |
|      and_ln393_fu_6693_p2                                                                      |     |        | and_ln393            | and       | auto                     | 0       |
|      or_ln393_fu_6699_p2                                                                       |     |        | or_ln393             | or        | auto                     | 0       |
|      xor_ln393_1_fu_6705_p2                                                                    |     |        | xor_ln393_1          | xor       | auto                     | 0       |
|      and_ln393_1_fu_6711_p2                                                                    |     |        | and_ln393_1          | and       | auto                     | 0       |
|      sparsemux_9_3_48_1_1_U7078                                                                |     |        | storemerge4_i        | sparsemux | onehotencoding_realdef   | 0       |
|      total0_fu_7237_p2                                                                         |     |        | total0               | add       | fabric                   | 0       |
|      sparsemux_65_5_32_1_1_U7072                                                               |     |        | tmp_186              | sparsemux | compactencoding_dontcare | 0       |
|      sitofp_32ns_32_7_no_dsp_1_U7028                                                           |     |        | conv                 | sitofp    | auto                     | 6       |
|      sparsemux_65_5_32_1_1_U7073                                                               |     |        | tmp_187              | sparsemux | compactencoding_dontcare | 0       |
|      sitofp_32ns_32_7_no_dsp_1_U7029                                                           |     |        | conv1                | sitofp    | auto                     | 6       |
|      fsub_32ns_32ns_32_11_full_dsp_1_U7015                                                     | 2   |        | sub5                 | fsub      | fulldsp                  | 10      |
|      fpext_32ns_64_2_no_dsp_1_U7035                                                            |     |        | pf_4                 | fpext     | auto                     | 1       |
|      sub_ln394_fu_6731_p2                                                                      |     |        | sub_ln394            | sub       | fabric                   | 0       |
|      select_ln394_fu_6737_p3                                                                   |     |        | select_ln394         | select    | auto_sel                 | 0       |
|      icmp_ln394_fu_6744_p2                                                                     |     |        | icmp_ln394           | seteq     | auto                     | 0       |
|      sub_ln394_1_fu_6749_p2                                                                    |     |        | sub_ln394_1          | sub       | fabric                   | 0       |
|      icmp_ln394_1_fu_6759_p2                                                                   |     |        | icmp_ln394_1         | setgt     | auto                     | 0       |
|      add_ln394_fu_6765_p2                                                                      |     |        | add_ln394            | add       | fabric                   | 0       |
|      sub_ln394_2_fu_6771_p2                                                                    |     |        | sub_ln394_2          | sub       | fabric                   | 0       |
|      select_ln394_1_fu_6777_p3                                                                 |     |        | select_ln394_1       | select    | auto_sel                 | 0       |
|      icmp_ln394_2_fu_6785_p2                                                                   |     |        | icmp_ln394_2         | seteq     | auto                     | 0       |
|      icmp_ln394_3_fu_7034_p2                                                                   |     |        | icmp_ln394_3         | setlt     | auto                     | 0       |
|      select_ln394_4_fu_7039_p3                                                                 |     |        | select_ln394_4       | select    | auto_sel                 | 0       |
|      ashr_ln394_fu_7049_p2                                                                     |     |        | ashr_ln394           | ashr      | auto_pipe                | 0       |
|      select_ln394_2_fu_7058_p3                                                                 |     |        | select_ln394_2       | select    | auto_sel                 | 0       |
|      icmp_ln394_4_fu_7066_p2                                                                   |     |        | icmp_ln394_4         | setlt     | auto                     | 0       |
|      shl_ln394_fu_7074_p2                                                                      |     |        | shl_ln394            | shl       | auto_pipe                | 0       |
|      select_ln394_3_fu_7079_p3                                                                 |     |        | select_ln394_3       | select    | auto_sel                 | 0       |
|      xor_ln394_fu_7243_p2                                                                      |     |        | xor_ln394            | xor       | auto                     | 0       |
|      and_ln394_fu_7248_p2                                                                      |     |        | and_ln394            | and       | auto                     | 0       |
|      or_ln394_fu_7253_p2                                                                       |     |        | or_ln394             | or        | auto                     | 0       |
|      xor_ln394_1_fu_7257_p2                                                                    |     |        | xor_ln394_1          | xor       | auto                     | 0       |
|      and_ln394_1_fu_7263_p2                                                                    |     |        | and_ln394_1          | and       | auto                     | 0       |
|      sparsemux_9_3_48_1_1_U7079                                                                |     |        | storemerge4_i4       | sparsemux | onehotencoding_realdef   | 0       |
|      total1_fu_7298_p2                                                                         |     |        | total1               | add       | fabric                   | 0       |
|      sparsemux_65_5_32_1_1_U7074                                                               |     |        | tmp_189              | sparsemux | compactencoding_dontcare | 0       |
|      sitofp_32ns_32_7_no_dsp_1_U7030                                                           |     |        | conv2                | sitofp    | auto                     | 6       |
|      fmul_32ns_32ns_32_7_max_dsp_1_U7022                                                       | 3   |        | mul4                 | fmul      | maxdsp                   | 6       |
|      sparsemux_65_5_32_1_1_U7075                                                               |     |        | tmp_190              | sparsemux | compactencoding_dontcare | 0       |
|      sitofp_32ns_32_7_no_dsp_1_U7031                                                           |     |        | conv3                | sitofp    | auto                     | 6       |
|      fmul_32ns_32ns_32_7_max_dsp_1_U7023                                                       | 3   |        | mul5                 | fmul      | maxdsp                   | 6       |
|      fsub_32ns_32ns_32_11_full_dsp_1_U7016                                                     | 2   |        | sub6                 | fsub      | fulldsp                  | 10      |
|      fpext_32ns_64_2_no_dsp_1_U7036                                                            |     |        | pf_5                 | fpext     | auto                     | 1       |
|      sub_ln395_fu_6809_p2                                                                      |     |        | sub_ln395            | sub       | fabric                   | 0       |
|      select_ln395_fu_6815_p3                                                                   |     |        | select_ln395         | select    | auto_sel                 | 0       |
|      icmp_ln395_fu_6822_p2                                                                     |     |        | icmp_ln395           | seteq     | auto                     | 0       |
|      sub_ln395_1_fu_6827_p2                                                                    |     |        | sub_ln395_1          | sub       | fabric                   | 0       |
|      icmp_ln395_1_fu_6837_p2                                                                   |     |        | icmp_ln395_1         | setgt     | auto                     | 0       |
|      add_ln395_fu_6843_p2                                                                      |     |        | add_ln395            | add       | fabric                   | 0       |
|      sub_ln395_2_fu_6849_p2                                                                    |     |        | sub_ln395_2          | sub       | fabric                   | 0       |
|      select_ln395_1_fu_6855_p3                                                                 |     |        | select_ln395_1       | select    | auto_sel                 | 0       |
|      icmp_ln395_2_fu_6863_p2                                                                   |     |        | icmp_ln395_2         | seteq     | auto                     | 0       |
|      icmp_ln395_3_fu_7087_p2                                                                   |     |        | icmp_ln395_3         | setlt     | auto                     | 0       |
|      select_ln395_4_fu_7092_p3                                                                 |     |        | select_ln395_4       | select    | auto_sel                 | 0       |
|      ashr_ln395_fu_7102_p2                                                                     |     |        | ashr_ln395           | ashr      | auto_pipe                | 0       |
|      select_ln395_2_fu_7111_p3                                                                 |     |        | select_ln395_2       | select    | auto_sel                 | 0       |
|      icmp_ln395_4_fu_7119_p2                                                                   |     |        | icmp_ln395_4         | setlt     | auto                     | 0       |
|      shl_ln395_fu_7127_p2                                                                      |     |        | shl_ln395            | shl       | auto_pipe                | 0       |
|      select_ln395_3_fu_7132_p3                                                                 |     |        | select_ln395_3       | select    | auto_sel                 | 0       |
|      xor_ln395_fu_7304_p2                                                                      |     |        | xor_ln395            | xor       | auto                     | 0       |
|      and_ln395_fu_7309_p2                                                                      |     |        | and_ln395            | and       | auto                     | 0       |
|      or_ln395_fu_7314_p2                                                                       |     |        | or_ln395             | or        | auto                     | 0       |
|      xor_ln395_1_fu_7318_p2                                                                    |     |        | xor_ln395_1          | xor       | auto                     | 0       |
|      and_ln395_1_fu_7324_p2                                                                    |     |        | and_ln395_1          | and       | auto                     | 0       |
|      sparsemux_9_3_48_1_1_U7080                                                                |     |        | storemerge4_i5       | sparsemux | onehotencoding_realdef   | 0       |
|      total2_fu_7359_p2                                                                         |     |        | total2               | add       | fabric                   | 0       |
|      sparsemux_65_5_32_1_1_U7076                                                               |     |        | tmp_192              | sparsemux | compactencoding_dontcare | 0       |
|      sitofp_32ns_32_7_no_dsp_1_U7032                                                           |     |        | conv4                | sitofp    | auto                     | 6       |
|      fmul_32ns_32ns_32_7_max_dsp_1_U7024                                                       | 3   |        | mul6                 | fmul      | maxdsp                   | 6       |
|      sparsemux_65_5_32_1_1_U7077                                                               |     |        | tmp_193              | sparsemux | compactencoding_dontcare | 0       |
|      sitofp_32ns_32_7_no_dsp_1_U7033                                                           |     |        | conv5                | sitofp    | auto                     | 6       |
|      fmul_32ns_32ns_32_7_max_dsp_1_U7025                                                       | 3   |        | mul7                 | fmul      | maxdsp                   | 6       |
|      fsub_32ns_32ns_32_11_full_dsp_1_U7017                                                     | 2   |        | sub7                 | fsub      | fulldsp                  | 10      |
|      fpext_32ns_64_2_no_dsp_1_U7037                                                            |     |        | pf_6                 | fpext     | auto                     | 1       |
|      sub_ln396_fu_6887_p2                                                                      |     |        | sub_ln396            | sub       | fabric                   | 0       |
|      select_ln396_fu_6893_p3                                                                   |     |        | select_ln396         | select    | auto_sel                 | 0       |
|      icmp_ln396_fu_6900_p2                                                                     |     |        | icmp_ln396           | seteq     | auto                     | 0       |
|      sub_ln396_1_fu_6905_p2                                                                    |     |        | sub_ln396_1          | sub       | fabric                   | 0       |
|      icmp_ln396_1_fu_6915_p2                                                                   |     |        | icmp_ln396_1         | setgt     | auto                     | 0       |
|      add_ln396_fu_6921_p2                                                                      |     |        | add_ln396            | add       | fabric                   | 0       |
|      sub_ln396_2_fu_6927_p2                                                                    |     |        | sub_ln396_2          | sub       | fabric                   | 0       |
|      select_ln396_1_fu_6933_p3                                                                 |     |        | select_ln396_1       | select    | auto_sel                 | 0       |
|      icmp_ln396_2_fu_6941_p2                                                                   |     |        | icmp_ln396_2         | seteq     | auto                     | 0       |
|      icmp_ln396_3_fu_7140_p2                                                                   |     |        | icmp_ln396_3         | setlt     | auto                     | 0       |
|      select_ln396_4_fu_7145_p3                                                                 |     |        | select_ln396_4       | select    | auto_sel                 | 0       |
|      ashr_ln396_fu_7155_p2                                                                     |     |        | ashr_ln396           | ashr      | auto_pipe                | 0       |
|      select_ln396_2_fu_7164_p3                                                                 |     |        | select_ln396_2       | select    | auto_sel                 | 0       |
|      icmp_ln396_4_fu_7172_p2                                                                   |     |        | icmp_ln396_4         | setlt     | auto                     | 0       |
|      shl_ln396_fu_7180_p2                                                                      |     |        | shl_ln396            | shl       | auto_pipe                | 0       |
|      select_ln396_3_fu_7185_p3                                                                 |     |        | select_ln396_3       | select    | auto_sel                 | 0       |
|      xor_ln396_fu_6951_p2                                                                      |     |        | xor_ln396            | xor       | auto                     | 0       |
|      and_ln396_fu_6957_p2                                                                      |     |        | and_ln396            | and       | auto                     | 0       |
|      or_ln396_fu_6963_p2                                                                       |     |        | or_ln396             | or        | auto                     | 0       |
|      xor_ln396_1_fu_6969_p2                                                                    |     |        | xor_ln396_1          | xor       | auto                     | 0       |
|      and_ln396_1_fu_6975_p2                                                                    |     |        | and_ln396_1          | and       | auto                     | 0       |
|      sparsemux_9_3_48_1_1_U7081                                                                |     |        | storemerge4_i6       | sparsemux | onehotencoding_realdef   | 0       |
|      total3_fu_7393_p2                                                                         |     |        | total3               | add       | fabric                   | 0       |
|   + compute_output_Pipeline_1                                                                  | 0   |        |                      |           |                          |         |
|     exitcond2_i_fu_101_p2                                                                      |     |        | exitcond2_i          | seteq     | auto                     | 0       |
|     empty_fu_107_p2                                                                            |     |        | empty                | add       | fabric                   | 0       |
+------------------------------------------------------------------------------------------------+-----+--------+----------------------+-----------+--------------------------+---------+


================================================================
== Storage Report
================================================================
+--------------------+----------------+------------+------+------+--------+---------------+--------+---------+------------------+
| Name               | Usage          | Type       | BRAM | URAM | Pragma | Variable      | Impl   | Latency | Bitwidth, Depth, |
|                    |                |            |      |      |        |               |        |         | Banks            |
+--------------------+----------------+------------+------+------+--------+---------------+--------+---------+------------------+
| + swiglu           |                |            | 94   | 24   |        |               |        |         |                  |
|   CTRL_s_axi_U     | interface      | s_axilite  |      |      |        |               |        |         |                  |
|   gmem_V_m_axi_U   | interface      | m_axi      | 8    |      |        |               |        |         |                  |
|   gmem_W_m_axi_U   | interface      | m_axi      | 8    |      |        |               |        |         |                  |
|   gmem_Wd_m_axi_U  | interface      | m_axi      | 8    |      |        |               |        |         |                  |
|   gmem_out_m_axi_U | interface      | m_axi      | 2    |      |        |               |        |         |                  |
|   gmem_x_m_axi_U   | interface      | m_axi      | 8    |      |        |               |        |         |                  |
|   x_local_1_U      | ram_1p channel | pipo       |      |      |        | x_local_1     | lutram | 1       | 8, 16, 2         |
|   x_local_1_1_U    | ram_1p channel | pipo       |      |      |        | x_local_1_1   | lutram | 1       | 8, 16, 2         |
|   x_local_1_2_U    | ram_1p channel | pipo       |      |      |        | x_local_1_2   | lutram | 1       | 8, 16, 2         |
|   x_local_1_3_U    | ram_1p channel | pipo       |      |      |        | x_local_1_3   | lutram | 1       | 8, 16, 2         |
|   x_local_1_4_U    | ram_1p channel | pipo       |      |      |        | x_local_1_4   | lutram | 1       | 8, 16, 2         |
|   x_local_1_5_U    | ram_1p channel | pipo       |      |      |        | x_local_1_5   | lutram | 1       | 8, 16, 2         |
|   x_local_1_6_U    | ram_1p channel | pipo       |      |      |        | x_local_1_6   | lutram | 1       | 8, 16, 2         |
|   x_local_1_7_U    | ram_1p channel | pipo       |      |      |        | x_local_1_7   | lutram | 1       | 8, 16, 2         |
|   x_local_1_8_U    | ram_1p channel | pipo       |      |      |        | x_local_1_8   | lutram | 1       | 8, 16, 2         |
|   x_local_1_9_U    | ram_1p channel | pipo       |      |      |        | x_local_1_9   | lutram | 1       | 8, 16, 2         |
|   x_local_1_10_U   | ram_1p channel | pipo       |      |      |        | x_local_1_10  | lutram | 1       | 8, 16, 2         |
|   x_local_1_11_U   | ram_1p channel | pipo       |      |      |        | x_local_1_11  | lutram | 1       | 8, 16, 2         |
|   x_local_1_12_U   | ram_1p channel | pipo       |      |      |        | x_local_1_12  | lutram | 1       | 8, 16, 2         |
|   x_local_1_13_U   | ram_1p channel | pipo       |      |      |        | x_local_1_13  | lutram | 1       | 8, 16, 2         |
|   x_local_1_14_U   | ram_1p channel | pipo       |      |      |        | x_local_1_14  | lutram | 1       | 8, 16, 2         |
|   x_local_1_15_U   | ram_1p channel | pipo       |      |      |        | x_local_1_15  | lutram | 1       | 8, 16, 2         |
|   x_local_1_16_U   | ram_1p channel | pipo       |      |      |        | x_local_1_16  | lutram | 1       | 8, 16, 2         |
|   x_local_1_17_U   | ram_1p channel | pipo       |      |      |        | x_local_1_17  | lutram | 1       | 8, 16, 2         |
|   x_local_1_18_U   | ram_1p channel | pipo       |      |      |        | x_local_1_18  | lutram | 1       | 8, 16, 2         |
|   x_local_1_19_U   | ram_1p channel | pipo       |      |      |        | x_local_1_19  | lutram | 1       | 8, 16, 2         |
|   x_local_1_20_U   | ram_1p channel | pipo       |      |      |        | x_local_1_20  | lutram | 1       | 8, 16, 2         |
|   x_local_1_21_U   | ram_1p channel | pipo       |      |      |        | x_local_1_21  | lutram | 1       | 8, 16, 2         |
|   x_local_1_22_U   | ram_1p channel | pipo       |      |      |        | x_local_1_22  | lutram | 1       | 8, 16, 2         |
|   x_local_1_23_U   | ram_1p channel | pipo       |      |      |        | x_local_1_23  | lutram | 1       | 8, 16, 2         |
|   x_local_1_24_U   | ram_1p channel | pipo       |      |      |        | x_local_1_24  | lutram | 1       | 8, 16, 2         |
|   x_local_1_25_U   | ram_1p channel | pipo       |      |      |        | x_local_1_25  | lutram | 1       | 8, 16, 2         |
|   x_local_1_26_U   | ram_1p channel | pipo       |      |      |        | x_local_1_26  | lutram | 1       | 8, 16, 2         |
|   x_local_1_27_U   | ram_1p channel | pipo       |      |      |        | x_local_1_27  | lutram | 1       | 8, 16, 2         |
|   x_local_1_28_U   | ram_1p channel | pipo       |      |      |        | x_local_1_28  | lutram | 1       | 8, 16, 2         |
|   x_local_1_29_U   | ram_1p channel | pipo       |      |      |        | x_local_1_29  | lutram | 1       | 8, 16, 2         |
|   x_local_1_30_U   | ram_1p channel | pipo       |      |      |        | x_local_1_30  | lutram | 1       | 8, 16, 2         |
|   x_local_1_31_U   | ram_1p channel | pipo       |      |      |        | x_local_1_31  | lutram | 1       | 8, 16, 2         |
|   x_local_1_32_U   | ram_1p channel | pipo       |      |      |        | x_local_1_32  | lutram | 1       | 8, 16, 2         |
|   x_local_1_33_U   | ram_1p channel | pipo       |      |      |        | x_local_1_33  | lutram | 1       | 8, 16, 2         |
|   x_local_1_34_U   | ram_1p channel | pipo       |      |      |        | x_local_1_34  | lutram | 1       | 8, 16, 2         |
|   x_local_1_35_U   | ram_1p channel | pipo       |      |      |        | x_local_1_35  | lutram | 1       | 8, 16, 2         |
|   x_local_1_36_U   | ram_1p channel | pipo       |      |      |        | x_local_1_36  | lutram | 1       | 8, 16, 2         |
|   x_local_1_37_U   | ram_1p channel | pipo       |      |      |        | x_local_1_37  | lutram | 1       | 8, 16, 2         |
|   x_local_1_38_U   | ram_1p channel | pipo       |      |      |        | x_local_1_38  | lutram | 1       | 8, 16, 2         |
|   x_local_1_39_U   | ram_1p channel | pipo       |      |      |        | x_local_1_39  | lutram | 1       | 8, 16, 2         |
|   x_local_1_40_U   | ram_1p channel | pipo       |      |      |        | x_local_1_40  | lutram | 1       | 8, 16, 2         |
|   x_local_1_41_U   | ram_1p channel | pipo       |      |      |        | x_local_1_41  | lutram | 1       | 8, 16, 2         |
|   x_local_1_42_U   | ram_1p channel | pipo       |      |      |        | x_local_1_42  | lutram | 1       | 8, 16, 2         |
|   x_local_1_43_U   | ram_1p channel | pipo       |      |      |        | x_local_1_43  | lutram | 1       | 8, 16, 2         |
|   x_local_1_44_U   | ram_1p channel | pipo       |      |      |        | x_local_1_44  | lutram | 1       | 8, 16, 2         |
|   x_local_1_45_U   | ram_1p channel | pipo       |      |      |        | x_local_1_45  | lutram | 1       | 8, 16, 2         |
|   x_local_1_46_U   | ram_1p channel | pipo       |      |      |        | x_local_1_46  | lutram | 1       | 8, 16, 2         |
|   x_local_1_47_U   | ram_1p channel | pipo       |      |      |        | x_local_1_47  | lutram | 1       | 8, 16, 2         |
|   x_local_1_48_U   | ram_1p channel | pipo       |      |      |        | x_local_1_48  | lutram | 1       | 8, 16, 2         |
|   x_local_1_49_U   | ram_1p channel | pipo       |      |      |        | x_local_1_49  | lutram | 1       | 8, 16, 2         |
|   x_local_1_50_U   | ram_1p channel | pipo       |      |      |        | x_local_1_50  | lutram | 1       | 8, 16, 2         |
|   x_local_1_51_U   | ram_1p channel | pipo       |      |      |        | x_local_1_51  | lutram | 1       | 8, 16, 2         |
|   x_local_1_52_U   | ram_1p channel | pipo       |      |      |        | x_local_1_52  | lutram | 1       | 8, 16, 2         |
|   x_local_1_53_U   | ram_1p channel | pipo       |      |      |        | x_local_1_53  | lutram | 1       | 8, 16, 2         |
|   x_local_1_54_U   | ram_1p channel | pipo       |      |      |        | x_local_1_54  | lutram | 1       | 8, 16, 2         |
|   x_local_1_55_U   | ram_1p channel | pipo       |      |      |        | x_local_1_55  | lutram | 1       | 8, 16, 2         |
|   x_local_1_56_U   | ram_1p channel | pipo       |      |      |        | x_local_1_56  | lutram | 1       | 8, 16, 2         |
|   x_local_1_57_U   | ram_1p channel | pipo       |      |      |        | x_local_1_57  | lutram | 1       | 8, 16, 2         |
|   x_local_1_58_U   | ram_1p channel | pipo       |      |      |        | x_local_1_58  | lutram | 1       | 8, 16, 2         |
|   x_local_1_59_U   | ram_1p channel | pipo       |      |      |        | x_local_1_59  | lutram | 1       | 8, 16, 2         |
|   x_local_1_60_U   | ram_1p channel | pipo       |      |      |        | x_local_1_60  | lutram | 1       | 8, 16, 2         |
|   x_local_1_61_U   | ram_1p channel | pipo       |      |      |        | x_local_1_61  | lutram | 1       | 8, 16, 2         |
|   x_local_1_62_U   | ram_1p channel | pipo       |      |      |        | x_local_1_62  | lutram | 1       | 8, 16, 2         |
|   x_local_1_63_U   | ram_1p channel | pipo       |      |      |        | x_local_1_63  | lutram | 1       | 8, 16, 2         |
|   x_local_1_64_U   | ram_1p channel | pipo       |      |      |        | x_local_1_64  | lutram | 1       | 8, 16, 2         |
|   x_local_1_65_U   | ram_1p channel | pipo       |      |      |        | x_local_1_65  | lutram | 1       | 8, 16, 2         |
|   x_local_1_66_U   | ram_1p channel | pipo       |      |      |        | x_local_1_66  | lutram | 1       | 8, 16, 2         |
|   x_local_1_67_U   | ram_1p channel | pipo       |      |      |        | x_local_1_67  | lutram | 1       | 8, 16, 2         |
|   x_local_1_68_U   | ram_1p channel | pipo       |      |      |        | x_local_1_68  | lutram | 1       | 8, 16, 2         |
|   x_local_1_69_U   | ram_1p channel | pipo       |      |      |        | x_local_1_69  | lutram | 1       | 8, 16, 2         |
|   x_local_1_70_U   | ram_1p channel | pipo       |      |      |        | x_local_1_70  | lutram | 1       | 8, 16, 2         |
|   x_local_1_71_U   | ram_1p channel | pipo       |      |      |        | x_local_1_71  | lutram | 1       | 8, 16, 2         |
|   x_local_1_72_U   | ram_1p channel | pipo       |      |      |        | x_local_1_72  | lutram | 1       | 8, 16, 2         |
|   x_local_1_73_U   | ram_1p channel | pipo       |      |      |        | x_local_1_73  | lutram | 1       | 8, 16, 2         |
|   x_local_1_74_U   | ram_1p channel | pipo       |      |      |        | x_local_1_74  | lutram | 1       | 8, 16, 2         |
|   x_local_1_75_U   | ram_1p channel | pipo       |      |      |        | x_local_1_75  | lutram | 1       | 8, 16, 2         |
|   x_local_1_76_U   | ram_1p channel | pipo       |      |      |        | x_local_1_76  | lutram | 1       | 8, 16, 2         |
|   x_local_1_77_U   | ram_1p channel | pipo       |      |      |        | x_local_1_77  | lutram | 1       | 8, 16, 2         |
|   x_local_1_78_U   | ram_1p channel | pipo       |      |      |        | x_local_1_78  | lutram | 1       | 8, 16, 2         |
|   x_local_1_79_U   | ram_1p channel | pipo       |      |      |        | x_local_1_79  | lutram | 1       | 8, 16, 2         |
|   x_local_1_80_U   | ram_1p channel | pipo       |      |      |        | x_local_1_80  | lutram | 1       | 8, 16, 2         |
|   x_local_1_81_U   | ram_1p channel | pipo       |      |      |        | x_local_1_81  | lutram | 1       | 8, 16, 2         |
|   x_local_1_82_U   | ram_1p channel | pipo       |      |      |        | x_local_1_82  | lutram | 1       | 8, 16, 2         |
|   x_local_1_83_U   | ram_1p channel | pipo       |      |      |        | x_local_1_83  | lutram | 1       | 8, 16, 2         |
|   x_local_1_84_U   | ram_1p channel | pipo       |      |      |        | x_local_1_84  | lutram | 1       | 8, 16, 2         |
|   x_local_1_85_U   | ram_1p channel | pipo       |      |      |        | x_local_1_85  | lutram | 1       | 8, 16, 2         |
|   x_local_1_86_U   | ram_1p channel | pipo       |      |      |        | x_local_1_86  | lutram | 1       | 8, 16, 2         |
|   x_local_1_87_U   | ram_1p channel | pipo       |      |      |        | x_local_1_87  | lutram | 1       | 8, 16, 2         |
|   x_local_1_88_U   | ram_1p channel | pipo       |      |      |        | x_local_1_88  | lutram | 1       | 8, 16, 2         |
|   x_local_1_89_U   | ram_1p channel | pipo       |      |      |        | x_local_1_89  | lutram | 1       | 8, 16, 2         |
|   x_local_1_90_U   | ram_1p channel | pipo       |      |      |        | x_local_1_90  | lutram | 1       | 8, 16, 2         |
|   x_local_1_91_U   | ram_1p channel | pipo       |      |      |        | x_local_1_91  | lutram | 1       | 8, 16, 2         |
|   x_local_1_92_U   | ram_1p channel | pipo       |      |      |        | x_local_1_92  | lutram | 1       | 8, 16, 2         |
|   x_local_1_93_U   | ram_1p channel | pipo       |      |      |        | x_local_1_93  | lutram | 1       | 8, 16, 2         |
|   x_local_1_94_U   | ram_1p channel | pipo       |      |      |        | x_local_1_94  | lutram | 1       | 8, 16, 2         |
|   x_local_1_95_U   | ram_1p channel | pipo       |      |      |        | x_local_1_95  | lutram | 1       | 8, 16, 2         |
|   x_local_1_96_U   | ram_1p channel | pipo       |      |      |        | x_local_1_96  | lutram | 1       | 8, 16, 2         |
|   x_local_1_97_U   | ram_1p channel | pipo       |      |      |        | x_local_1_97  | lutram | 1       | 8, 16, 2         |
|   x_local_1_98_U   | ram_1p channel | pipo       |      |      |        | x_local_1_98  | lutram | 1       | 8, 16, 2         |
|   x_local_1_99_U   | ram_1p channel | pipo       |      |      |        | x_local_1_99  | lutram | 1       | 8, 16, 2         |
|   x_local_1_100_U  | ram_1p channel | pipo       |      |      |        | x_local_1_100 | lutram | 1       | 8, 16, 2         |
|   x_local_1_101_U  | ram_1p channel | pipo       |      |      |        | x_local_1_101 | lutram | 1       | 8, 16, 2         |
|   x_local_1_102_U  | ram_1p channel | pipo       |      |      |        | x_local_1_102 | lutram | 1       | 8, 16, 2         |
|   x_local_1_103_U  | ram_1p channel | pipo       |      |      |        | x_local_1_103 | lutram | 1       | 8, 16, 2         |
|   x_local_1_104_U  | ram_1p channel | pipo       |      |      |        | x_local_1_104 | lutram | 1       | 8, 16, 2         |
|   x_local_1_105_U  | ram_1p channel | pipo       |      |      |        | x_local_1_105 | lutram | 1       | 8, 16, 2         |
|   x_local_1_106_U  | ram_1p channel | pipo       |      |      |        | x_local_1_106 | lutram | 1       | 8, 16, 2         |
|   x_local_1_107_U  | ram_1p channel | pipo       |      |      |        | x_local_1_107 | lutram | 1       | 8, 16, 2         |
|   x_local_1_108_U  | ram_1p channel | pipo       |      |      |        | x_local_1_108 | lutram | 1       | 8, 16, 2         |
|   x_local_1_109_U  | ram_1p channel | pipo       |      |      |        | x_local_1_109 | lutram | 1       | 8, 16, 2         |
|   x_local_1_110_U  | ram_1p channel | pipo       |      |      |        | x_local_1_110 | lutram | 1       | 8, 16, 2         |
|   x_local_1_111_U  | ram_1p channel | pipo       |      |      |        | x_local_1_111 | lutram | 1       | 8, 16, 2         |
|   x_local_1_112_U  | ram_1p channel | pipo       |      |      |        | x_local_1_112 | lutram | 1       | 8, 16, 2         |
|   x_local_1_113_U  | ram_1p channel | pipo       |      |      |        | x_local_1_113 | lutram | 1       | 8, 16, 2         |
|   x_local_1_114_U  | ram_1p channel | pipo       |      |      |        | x_local_1_114 | lutram | 1       | 8, 16, 2         |
|   x_local_1_115_U  | ram_1p channel | pipo       |      |      |        | x_local_1_115 | lutram | 1       | 8, 16, 2         |
|   x_local_1_116_U  | ram_1p channel | pipo       |      |      |        | x_local_1_116 | lutram | 1       | 8, 16, 2         |
|   x_local_1_117_U  | ram_1p channel | pipo       |      |      |        | x_local_1_117 | lutram | 1       | 8, 16, 2         |
|   x_local_1_118_U  | ram_1p channel | pipo       |      |      |        | x_local_1_118 | lutram | 1       | 8, 16, 2         |
|   x_local_1_119_U  | ram_1p channel | pipo       |      |      |        | x_local_1_119 | lutram | 1       | 8, 16, 2         |
|   x_local_1_120_U  | ram_1p channel | pipo       |      |      |        | x_local_1_120 | lutram | 1       | 8, 16, 2         |
|   x_local_1_121_U  | ram_1p channel | pipo       |      |      |        | x_local_1_121 | lutram | 1       | 8, 16, 2         |
|   x_local_1_122_U  | ram_1p channel | pipo       |      |      |        | x_local_1_122 | lutram | 1       | 8, 16, 2         |
|   x_local_1_123_U  | ram_1p channel | pipo       |      |      |        | x_local_1_123 | lutram | 1       | 8, 16, 2         |
|   x_local_1_124_U  | ram_1p channel | pipo       |      |      |        | x_local_1_124 | lutram | 1       | 8, 16, 2         |
|   x_local_1_125_U  | ram_1p channel | pipo       |      |      |        | x_local_1_125 | lutram | 1       | 8, 16, 2         |
|   x_local_1_126_U  | ram_1p channel | pipo       |      |      |        | x_local_1_126 | lutram | 1       | 8, 16, 2         |
|   x_local_1_127_U  | ram_1p channel | pipo       |      |      |        | x_local_1_127 | lutram | 1       | 8, 16, 2         |
|   x_local_2_U      | ram_1p channel | pipo       |      |      |        | x_local_2     | lutram | 1       | 8, 16, 2         |
|   x_local_2_1_U    | ram_1p channel | pipo       |      |      |        | x_local_2_1   | lutram | 1       | 8, 16, 2         |
|   x_local_2_2_U    | ram_1p channel | pipo       |      |      |        | x_local_2_2   | lutram | 1       | 8, 16, 2         |
|   x_local_2_3_U    | ram_1p channel | pipo       |      |      |        | x_local_2_3   | lutram | 1       | 8, 16, 2         |
|   x_local_2_4_U    | ram_1p channel | pipo       |      |      |        | x_local_2_4   | lutram | 1       | 8, 16, 2         |
|   x_local_2_5_U    | ram_1p channel | pipo       |      |      |        | x_local_2_5   | lutram | 1       | 8, 16, 2         |
|   x_local_2_6_U    | ram_1p channel | pipo       |      |      |        | x_local_2_6   | lutram | 1       | 8, 16, 2         |
|   x_local_2_7_U    | ram_1p channel | pipo       |      |      |        | x_local_2_7   | lutram | 1       | 8, 16, 2         |
|   x_local_2_8_U    | ram_1p channel | pipo       |      |      |        | x_local_2_8   | lutram | 1       | 8, 16, 2         |
|   x_local_2_9_U    | ram_1p channel | pipo       |      |      |        | x_local_2_9   | lutram | 1       | 8, 16, 2         |
|   x_local_2_10_U   | ram_1p channel | pipo       |      |      |        | x_local_2_10  | lutram | 1       | 8, 16, 2         |
|   x_local_2_11_U   | ram_1p channel | pipo       |      |      |        | x_local_2_11  | lutram | 1       | 8, 16, 2         |
|   x_local_2_12_U   | ram_1p channel | pipo       |      |      |        | x_local_2_12  | lutram | 1       | 8, 16, 2         |
|   x_local_2_13_U   | ram_1p channel | pipo       |      |      |        | x_local_2_13  | lutram | 1       | 8, 16, 2         |
|   x_local_2_14_U   | ram_1p channel | pipo       |      |      |        | x_local_2_14  | lutram | 1       | 8, 16, 2         |
|   x_local_2_15_U   | ram_1p channel | pipo       |      |      |        | x_local_2_15  | lutram | 1       | 8, 16, 2         |
|   x_local_2_16_U   | ram_1p channel | pipo       |      |      |        | x_local_2_16  | lutram | 1       | 8, 16, 2         |
|   x_local_2_17_U   | ram_1p channel | pipo       |      |      |        | x_local_2_17  | lutram | 1       | 8, 16, 2         |
|   x_local_2_18_U   | ram_1p channel | pipo       |      |      |        | x_local_2_18  | lutram | 1       | 8, 16, 2         |
|   x_local_2_19_U   | ram_1p channel | pipo       |      |      |        | x_local_2_19  | lutram | 1       | 8, 16, 2         |
|   x_local_2_20_U   | ram_1p channel | pipo       |      |      |        | x_local_2_20  | lutram | 1       | 8, 16, 2         |
|   x_local_2_21_U   | ram_1p channel | pipo       |      |      |        | x_local_2_21  | lutram | 1       | 8, 16, 2         |
|   x_local_2_22_U   | ram_1p channel | pipo       |      |      |        | x_local_2_22  | lutram | 1       | 8, 16, 2         |
|   x_local_2_23_U   | ram_1p channel | pipo       |      |      |        | x_local_2_23  | lutram | 1       | 8, 16, 2         |
|   x_local_2_24_U   | ram_1p channel | pipo       |      |      |        | x_local_2_24  | lutram | 1       | 8, 16, 2         |
|   x_local_2_25_U   | ram_1p channel | pipo       |      |      |        | x_local_2_25  | lutram | 1       | 8, 16, 2         |
|   x_local_2_26_U   | ram_1p channel | pipo       |      |      |        | x_local_2_26  | lutram | 1       | 8, 16, 2         |
|   x_local_2_27_U   | ram_1p channel | pipo       |      |      |        | x_local_2_27  | lutram | 1       | 8, 16, 2         |
|   x_local_2_28_U   | ram_1p channel | pipo       |      |      |        | x_local_2_28  | lutram | 1       | 8, 16, 2         |
|   x_local_2_29_U   | ram_1p channel | pipo       |      |      |        | x_local_2_29  | lutram | 1       | 8, 16, 2         |
|   x_local_2_30_U   | ram_1p channel | pipo       |      |      |        | x_local_2_30  | lutram | 1       | 8, 16, 2         |
|   x_local_2_31_U   | ram_1p channel | pipo       |      |      |        | x_local_2_31  | lutram | 1       | 8, 16, 2         |
|   x_local_2_32_U   | ram_1p channel | pipo       |      |      |        | x_local_2_32  | lutram | 1       | 8, 16, 2         |
|   x_local_2_33_U   | ram_1p channel | pipo       |      |      |        | x_local_2_33  | lutram | 1       | 8, 16, 2         |
|   x_local_2_34_U   | ram_1p channel | pipo       |      |      |        | x_local_2_34  | lutram | 1       | 8, 16, 2         |
|   x_local_2_35_U   | ram_1p channel | pipo       |      |      |        | x_local_2_35  | lutram | 1       | 8, 16, 2         |
|   x_local_2_36_U   | ram_1p channel | pipo       |      |      |        | x_local_2_36  | lutram | 1       | 8, 16, 2         |
|   x_local_2_37_U   | ram_1p channel | pipo       |      |      |        | x_local_2_37  | lutram | 1       | 8, 16, 2         |
|   x_local_2_38_U   | ram_1p channel | pipo       |      |      |        | x_local_2_38  | lutram | 1       | 8, 16, 2         |
|   x_local_2_39_U   | ram_1p channel | pipo       |      |      |        | x_local_2_39  | lutram | 1       | 8, 16, 2         |
|   x_local_2_40_U   | ram_1p channel | pipo       |      |      |        | x_local_2_40  | lutram | 1       | 8, 16, 2         |
|   x_local_2_41_U   | ram_1p channel | pipo       |      |      |        | x_local_2_41  | lutram | 1       | 8, 16, 2         |
|   x_local_2_42_U   | ram_1p channel | pipo       |      |      |        | x_local_2_42  | lutram | 1       | 8, 16, 2         |
|   x_local_2_43_U   | ram_1p channel | pipo       |      |      |        | x_local_2_43  | lutram | 1       | 8, 16, 2         |
|   x_local_2_44_U   | ram_1p channel | pipo       |      |      |        | x_local_2_44  | lutram | 1       | 8, 16, 2         |
|   x_local_2_45_U   | ram_1p channel | pipo       |      |      |        | x_local_2_45  | lutram | 1       | 8, 16, 2         |
|   x_local_2_46_U   | ram_1p channel | pipo       |      |      |        | x_local_2_46  | lutram | 1       | 8, 16, 2         |
|   x_local_2_47_U   | ram_1p channel | pipo       |      |      |        | x_local_2_47  | lutram | 1       | 8, 16, 2         |
|   x_local_2_48_U   | ram_1p channel | pipo       |      |      |        | x_local_2_48  | lutram | 1       | 8, 16, 2         |
|   x_local_2_49_U   | ram_1p channel | pipo       |      |      |        | x_local_2_49  | lutram | 1       | 8, 16, 2         |
|   x_local_2_50_U   | ram_1p channel | pipo       |      |      |        | x_local_2_50  | lutram | 1       | 8, 16, 2         |
|   x_local_2_51_U   | ram_1p channel | pipo       |      |      |        | x_local_2_51  | lutram | 1       | 8, 16, 2         |
|   x_local_2_52_U   | ram_1p channel | pipo       |      |      |        | x_local_2_52  | lutram | 1       | 8, 16, 2         |
|   x_local_2_53_U   | ram_1p channel | pipo       |      |      |        | x_local_2_53  | lutram | 1       | 8, 16, 2         |
|   x_local_2_54_U   | ram_1p channel | pipo       |      |      |        | x_local_2_54  | lutram | 1       | 8, 16, 2         |
|   x_local_2_55_U   | ram_1p channel | pipo       |      |      |        | x_local_2_55  | lutram | 1       | 8, 16, 2         |
|   x_local_2_56_U   | ram_1p channel | pipo       |      |      |        | x_local_2_56  | lutram | 1       | 8, 16, 2         |
|   x_local_2_57_U   | ram_1p channel | pipo       |      |      |        | x_local_2_57  | lutram | 1       | 8, 16, 2         |
|   x_local_2_58_U   | ram_1p channel | pipo       |      |      |        | x_local_2_58  | lutram | 1       | 8, 16, 2         |
|   x_local_2_59_U   | ram_1p channel | pipo       |      |      |        | x_local_2_59  | lutram | 1       | 8, 16, 2         |
|   x_local_2_60_U   | ram_1p channel | pipo       |      |      |        | x_local_2_60  | lutram | 1       | 8, 16, 2         |
|   x_local_2_61_U   | ram_1p channel | pipo       |      |      |        | x_local_2_61  | lutram | 1       | 8, 16, 2         |
|   x_local_2_62_U   | ram_1p channel | pipo       |      |      |        | x_local_2_62  | lutram | 1       | 8, 16, 2         |
|   x_local_2_63_U   | ram_1p channel | pipo       |      |      |        | x_local_2_63  | lutram | 1       | 8, 16, 2         |
|   x_local_2_64_U   | ram_1p channel | pipo       |      |      |        | x_local_2_64  | lutram | 1       | 8, 16, 2         |
|   x_local_2_65_U   | ram_1p channel | pipo       |      |      |        | x_local_2_65  | lutram | 1       | 8, 16, 2         |
|   x_local_2_66_U   | ram_1p channel | pipo       |      |      |        | x_local_2_66  | lutram | 1       | 8, 16, 2         |
|   x_local_2_67_U   | ram_1p channel | pipo       |      |      |        | x_local_2_67  | lutram | 1       | 8, 16, 2         |
|   x_local_2_68_U   | ram_1p channel | pipo       |      |      |        | x_local_2_68  | lutram | 1       | 8, 16, 2         |
|   x_local_2_69_U   | ram_1p channel | pipo       |      |      |        | x_local_2_69  | lutram | 1       | 8, 16, 2         |
|   x_local_2_70_U   | ram_1p channel | pipo       |      |      |        | x_local_2_70  | lutram | 1       | 8, 16, 2         |
|   x_local_2_71_U   | ram_1p channel | pipo       |      |      |        | x_local_2_71  | lutram | 1       | 8, 16, 2         |
|   x_local_2_72_U   | ram_1p channel | pipo       |      |      |        | x_local_2_72  | lutram | 1       | 8, 16, 2         |
|   x_local_2_73_U   | ram_1p channel | pipo       |      |      |        | x_local_2_73  | lutram | 1       | 8, 16, 2         |
|   x_local_2_74_U   | ram_1p channel | pipo       |      |      |        | x_local_2_74  | lutram | 1       | 8, 16, 2         |
|   x_local_2_75_U   | ram_1p channel | pipo       |      |      |        | x_local_2_75  | lutram | 1       | 8, 16, 2         |
|   x_local_2_76_U   | ram_1p channel | pipo       |      |      |        | x_local_2_76  | lutram | 1       | 8, 16, 2         |
|   x_local_2_77_U   | ram_1p channel | pipo       |      |      |        | x_local_2_77  | lutram | 1       | 8, 16, 2         |
|   x_local_2_78_U   | ram_1p channel | pipo       |      |      |        | x_local_2_78  | lutram | 1       | 8, 16, 2         |
|   x_local_2_79_U   | ram_1p channel | pipo       |      |      |        | x_local_2_79  | lutram | 1       | 8, 16, 2         |
|   x_local_2_80_U   | ram_1p channel | pipo       |      |      |        | x_local_2_80  | lutram | 1       | 8, 16, 2         |
|   x_local_2_81_U   | ram_1p channel | pipo       |      |      |        | x_local_2_81  | lutram | 1       | 8, 16, 2         |
|   x_local_2_82_U   | ram_1p channel | pipo       |      |      |        | x_local_2_82  | lutram | 1       | 8, 16, 2         |
|   x_local_2_83_U   | ram_1p channel | pipo       |      |      |        | x_local_2_83  | lutram | 1       | 8, 16, 2         |
|   x_local_2_84_U   | ram_1p channel | pipo       |      |      |        | x_local_2_84  | lutram | 1       | 8, 16, 2         |
|   x_local_2_85_U   | ram_1p channel | pipo       |      |      |        | x_local_2_85  | lutram | 1       | 8, 16, 2         |
|   x_local_2_86_U   | ram_1p channel | pipo       |      |      |        | x_local_2_86  | lutram | 1       | 8, 16, 2         |
|   x_local_2_87_U   | ram_1p channel | pipo       |      |      |        | x_local_2_87  | lutram | 1       | 8, 16, 2         |
|   x_local_2_88_U   | ram_1p channel | pipo       |      |      |        | x_local_2_88  | lutram | 1       | 8, 16, 2         |
|   x_local_2_89_U   | ram_1p channel | pipo       |      |      |        | x_local_2_89  | lutram | 1       | 8, 16, 2         |
|   x_local_2_90_U   | ram_1p channel | pipo       |      |      |        | x_local_2_90  | lutram | 1       | 8, 16, 2         |
|   x_local_2_91_U   | ram_1p channel | pipo       |      |      |        | x_local_2_91  | lutram | 1       | 8, 16, 2         |
|   x_local_2_92_U   | ram_1p channel | pipo       |      |      |        | x_local_2_92  | lutram | 1       | 8, 16, 2         |
|   x_local_2_93_U   | ram_1p channel | pipo       |      |      |        | x_local_2_93  | lutram | 1       | 8, 16, 2         |
|   x_local_2_94_U   | ram_1p channel | pipo       |      |      |        | x_local_2_94  | lutram | 1       | 8, 16, 2         |
|   x_local_2_95_U   | ram_1p channel | pipo       |      |      |        | x_local_2_95  | lutram | 1       | 8, 16, 2         |
|   x_local_2_96_U   | ram_1p channel | pipo       |      |      |        | x_local_2_96  | lutram | 1       | 8, 16, 2         |
|   x_local_2_97_U   | ram_1p channel | pipo       |      |      |        | x_local_2_97  | lutram | 1       | 8, 16, 2         |
|   x_local_2_98_U   | ram_1p channel | pipo       |      |      |        | x_local_2_98  | lutram | 1       | 8, 16, 2         |
|   x_local_2_99_U   | ram_1p channel | pipo       |      |      |        | x_local_2_99  | lutram | 1       | 8, 16, 2         |
|   x_local_2_100_U  | ram_1p channel | pipo       |      |      |        | x_local_2_100 | lutram | 1       | 8, 16, 2         |
|   x_local_2_101_U  | ram_1p channel | pipo       |      |      |        | x_local_2_101 | lutram | 1       | 8, 16, 2         |
|   x_local_2_102_U  | ram_1p channel | pipo       |      |      |        | x_local_2_102 | lutram | 1       | 8, 16, 2         |
|   x_local_2_103_U  | ram_1p channel | pipo       |      |      |        | x_local_2_103 | lutram | 1       | 8, 16, 2         |
|   x_local_2_104_U  | ram_1p channel | pipo       |      |      |        | x_local_2_104 | lutram | 1       | 8, 16, 2         |
|   x_local_2_105_U  | ram_1p channel | pipo       |      |      |        | x_local_2_105 | lutram | 1       | 8, 16, 2         |
|   x_local_2_106_U  | ram_1p channel | pipo       |      |      |        | x_local_2_106 | lutram | 1       | 8, 16, 2         |
|   x_local_2_107_U  | ram_1p channel | pipo       |      |      |        | x_local_2_107 | lutram | 1       | 8, 16, 2         |
|   x_local_2_108_U  | ram_1p channel | pipo       |      |      |        | x_local_2_108 | lutram | 1       | 8, 16, 2         |
|   x_local_2_109_U  | ram_1p channel | pipo       |      |      |        | x_local_2_109 | lutram | 1       | 8, 16, 2         |
|   x_local_2_110_U  | ram_1p channel | pipo       |      |      |        | x_local_2_110 | lutram | 1       | 8, 16, 2         |
|   x_local_2_111_U  | ram_1p channel | pipo       |      |      |        | x_local_2_111 | lutram | 1       | 8, 16, 2         |
|   x_local_2_112_U  | ram_1p channel | pipo       |      |      |        | x_local_2_112 | lutram | 1       | 8, 16, 2         |
|   x_local_2_113_U  | ram_1p channel | pipo       |      |      |        | x_local_2_113 | lutram | 1       | 8, 16, 2         |
|   x_local_2_114_U  | ram_1p channel | pipo       |      |      |        | x_local_2_114 | lutram | 1       | 8, 16, 2         |
|   x_local_2_115_U  | ram_1p channel | pipo       |      |      |        | x_local_2_115 | lutram | 1       | 8, 16, 2         |
|   x_local_2_116_U  | ram_1p channel | pipo       |      |      |        | x_local_2_116 | lutram | 1       | 8, 16, 2         |
|   x_local_2_117_U  | ram_1p channel | pipo       |      |      |        | x_local_2_117 | lutram | 1       | 8, 16, 2         |
|   x_local_2_118_U  | ram_1p channel | pipo       |      |      |        | x_local_2_118 | lutram | 1       | 8, 16, 2         |
|   x_local_2_119_U  | ram_1p channel | pipo       |      |      |        | x_local_2_119 | lutram | 1       | 8, 16, 2         |
|   x_local_2_120_U  | ram_1p channel | pipo       |      |      |        | x_local_2_120 | lutram | 1       | 8, 16, 2         |
|   x_local_2_121_U  | ram_1p channel | pipo       |      |      |        | x_local_2_121 | lutram | 1       | 8, 16, 2         |
|   x_local_2_122_U  | ram_1p channel | pipo       |      |      |        | x_local_2_122 | lutram | 1       | 8, 16, 2         |
|   x_local_2_123_U  | ram_1p channel | pipo       |      |      |        | x_local_2_123 | lutram | 1       | 8, 16, 2         |
|   x_local_2_124_U  | ram_1p channel | pipo       |      |      |        | x_local_2_124 | lutram | 1       | 8, 16, 2         |
|   x_local_2_125_U  | ram_1p channel | pipo       |      |      |        | x_local_2_125 | lutram | 1       | 8, 16, 2         |
|   x_local_2_126_U  | ram_1p channel | pipo       |      |      |        | x_local_2_126 | lutram | 1       | 8, 16, 2         |
|   x_local_2_127_U  | ram_1p channel | pipo       |      |      |        | x_local_2_127 | lutram | 1       | 8, 16, 2         |
|   X1_cache_U       | ram_2p channel | pipo       | 8    |      |        | X1_cache      | bram   | 1       | 8, 8192, 2       |
|   X2_cache_U       | ram_2p channel | pipo       | 8    |      |        | X2_cache      | bram   | 1       | 8, 8192, 2       |
|   gate_cache_U     | ram_1p channel | pipo       |      | 1    |        | gate_cache    | uram   | 1       | 8, 1024, 2       |
|   gate_cache_1_U   | ram_1p channel | pipo       |      | 1    |        | gate_cache_1  | uram   | 1       | 8, 1024, 2       |
|   gate_cache_2_U   | ram_1p channel | pipo       |      | 1    |        | gate_cache_2  | uram   | 1       | 8, 1024, 2       |
|   gate_cache_3_U   | ram_1p channel | pipo       |      | 1    |        | gate_cache_3  | uram   | 1       | 8, 1024, 2       |
|   gate_cache_4_U   | ram_1p channel | pipo       |      | 1    |        | gate_cache_4  | uram   | 1       | 8, 1024, 2       |
|   gate_cache_5_U   | ram_1p channel | pipo       |      | 1    |        | gate_cache_5  | uram   | 1       | 8, 1024, 2       |
|   gate_cache_6_U   | ram_1p channel | pipo       |      | 1    |        | gate_cache_6  | uram   | 1       | 8, 1024, 2       |
|   gate_cache_7_U   | ram_1p channel | pipo       |      | 1    |        | gate_cache_7  | uram   | 1       | 8, 1024, 2       |
|   gate_scale_U     | fifo channel   | task level |      |      |        | gate_scale    | srl    | 0       | 32, 2, 1         |
|  + compute_X1      |                |            | 16   | 0    |        |               |        |         |                  |
|    nib_r0_U        | ram_1p array   |            | 4    |      | yes    | nib_r0        | bram   | 1       | 128, 64, 1       |
|    nib_r1_U        | ram_1p array   |            | 4    |      | yes    | nib_r1        | bram   | 1       | 128, 64, 1       |
|    nib_r2_U        | ram_1p array   |            | 4    |      | yes    | nib_r2        | bram   | 1       | 128, 64, 1       |
|    nib_r3_U        | ram_1p array   |            | 4    |      | yes    | nib_r3        | bram   | 1       | 128, 64, 1       |
|    d0_U            | ram_1p array   |            |      |      |        | d0            | auto   | 1       | 32, 8, 1         |
|    dmin0_U         | ram_1p array   |            |      |      |        | dmin0         | auto   | 1       | 32, 8, 1         |
|    d1_U            | ram_1p array   |            |      |      |        | d1            | auto   | 1       | 32, 8, 1         |
|    dmin1_U         | ram_1p array   |            |      |      |        | dmin1         | auto   | 1       | 32, 8, 1         |
|    d2_U            | ram_1p array   |            |      |      |        | d2            | auto   | 1       | 32, 8, 1         |
|    dmin2_U         | ram_1p array   |            |      |      |        | dmin2         | auto   | 1       | 32, 8, 1         |
|    d3_U            | ram_1p array   |            |      |      |        | d3            | auto   | 1       | 32, 8, 1         |
|    dmin3_U         | ram_1p array   |            |      |      |        | dmin3         | auto   | 1       | 32, 8, 1         |
|  + compute_X2      |                |            | 16   | 0    |        |               |        |         |                  |
|    nib_r0_U        | ram_1p array   |            | 4    |      | yes    | nib_r0        | bram   | 1       | 128, 64, 1       |
|    nib_r1_U        | ram_1p array   |            | 4    |      | yes    | nib_r1        | bram   | 1       | 128, 64, 1       |
|    nib_r2_U        | ram_1p array   |            | 4    |      | yes    | nib_r2        | bram   | 1       | 128, 64, 1       |
|    nib_r3_U        | ram_1p array   |            | 4    |      | yes    | nib_r3        | bram   | 1       | 128, 64, 1       |
|    d0_U            | ram_1p array   |            |      |      |        | d0            | auto   | 1       | 32, 8, 1         |
|    dmin0_U         | ram_1p array   |            |      |      |        | dmin0         | auto   | 1       | 32, 8, 1         |
|    d1_U            | ram_1p array   |            |      |      |        | d1            | auto   | 1       | 32, 8, 1         |
|    dmin1_U         | ram_1p array   |            |      |      |        | dmin1         | auto   | 1       | 32, 8, 1         |
|    d2_U            | ram_1p array   |            |      |      |        | d2            | auto   | 1       | 32, 8, 1         |
|    dmin2_U         | ram_1p array   |            |      |      |        | dmin2         | auto   | 1       | 32, 8, 1         |
|    d3_U            | ram_1p array   |            |      |      |        | d3            | auto   | 1       | 32, 8, 1         |
|    dmin3_U         | ram_1p array   |            |      |      |        | dmin3         | auto   | 1       | 32, 8, 1         |
|  + compute_gate    |                |            | 8    | 0    |        |               |        |         |                  |
|    sigmoid_lut_U   | rom_1p         |            | 8    |      | pragma | sigmoid_lut   | bram   | 1       | 32, 4096, 1      |
|  + compute_output  |                |            | 4    | 16   |        |               |        |         |                  |
|    out_local_U     | ram_1p array   |            | 4    |      | yes    | out_local     | bram   | 1       | 32, 2048, 1      |
|    g0r0_U          | ram_1p array   |            |      | 1    | yes    | g0r0          | uram   | 1       | 32, 256, 1       |
|    g0r1_U          | ram_1p array   |            |      | 1    | yes    | g0r1          | uram   | 1       | 32, 256, 1       |
|    g0r2_U          | ram_1p array   |            |      | 1    | yes    | g0r2          | uram   | 1       | 32, 256, 1       |
|    g0r3_U          | ram_1p array   |            |      | 1    | yes    | g0r3          | uram   | 1       | 32, 256, 1       |
|    g1r0_U          | ram_1p array   |            |      | 1    | yes    | g1r0          | uram   | 1       | 32, 256, 1       |
|    g1r1_U          | ram_1p array   |            |      | 1    | yes    | g1r1          | uram   | 1       | 32, 256, 1       |
|    g1r2_U          | ram_1p array   |            |      | 1    | yes    | g1r2          | uram   | 1       | 32, 256, 1       |
|    g1r3_U          | ram_1p array   |            |      | 1    | yes    | g1r3          | uram   | 1       | 32, 256, 1       |
|    g2r0_U          | ram_1p array   |            |      | 1    | yes    | g2r0          | uram   | 1       | 32, 256, 1       |
|    g2r1_U          | ram_1p array   |            |      | 1    | yes    | g2r1          | uram   | 1       | 32, 256, 1       |
|    g2r2_U          | ram_1p array   |            |      | 1    | yes    | g2r2          | uram   | 1       | 32, 256, 1       |
|    g2r3_U          | ram_1p array   |            |      | 1    | yes    | g2r3          | uram   | 1       | 32, 256, 1       |
|    g3r0_U          | ram_1p array   |            |      | 1    | yes    | g3r0          | uram   | 1       | 32, 256, 1       |
|    g3r1_U          | ram_1p array   |            |      | 1    | yes    | g3r1          | uram   | 1       | 32, 256, 1       |
|    g3r2_U          | ram_1p array   |            |      | 1    | yes    | g3r2          | uram   | 1       | 32, 256, 1       |
|    g3r3_U          | ram_1p array   |            |      | 1    | yes    | g3r3          | uram   | 1       | 32, 256, 1       |
+--------------------+----------------+------------+------+------+--------+---------------+--------+---------+------------------+


================================================================
== Pragma Report
================================================================
* Inferred Pragmas
+-----------------+--------------------------------------------------+-----------------------------------------------+-------------------------+
| Type            | Options                                          | Location                                      | Inferred From           |
+-----------------+--------------------------------------------------+-----------------------------------------------+-------------------------+
| ARRAY_PARTITION | dim=1 type=complete variable=mn60                | variable mn60 in compute_x1 swiglu.cpp:431    | pipeline swiglu.cpp:100 |
| ARRAY_PARTITION | dim=1 type=complete variable=mn61                | variable mn61 in compute_x1 swiglu.cpp:432    | pipeline swiglu.cpp:100 |
| ARRAY_PARTITION | dim=1 type=complete variable=mn62                | variable mn62 in compute_x1 swiglu.cpp:433    | pipeline swiglu.cpp:100 |
| ARRAY_PARTITION | dim=1 type=complete variable=mn63                | variable mn63 in compute_x1 swiglu.cpp:434    | pipeline swiglu.cpp:100 |
| ARRAY_PARTITION | dim=1 type=complete variable=mn60                | variable mn60 in compute_x2 swiglu.cpp:493    | pipeline swiglu.cpp:100 |
| ARRAY_PARTITION | dim=1 type=complete variable=mn61                | variable mn61 in compute_x2 swiglu.cpp:494    | pipeline swiglu.cpp:100 |
| ARRAY_PARTITION | dim=1 type=complete variable=mn62                | variable mn62 in compute_x2 swiglu.cpp:495    | pipeline swiglu.cpp:100 |
| ARRAY_PARTITION | dim=1 type=complete variable=mn63                | variable mn63 in compute_x2 swiglu.cpp:496    | pipeline swiglu.cpp:100 |
| ARRAY_PARTITION | dim=1 type=cyclic factor=16 variable=x_local_1_0 | variable x_local_1_0 in swiglu swiglu.cpp:740 | pipeline swiglu.cpp:698 |
| ARRAY_PARTITION | dim=1 type=cyclic factor=16 variable=x_local_2_0 | variable x_local_2_0 in swiglu swiglu.cpp:744 | pipeline swiglu.cpp:698 |
+-----------------+--------------------------------------------------+-----------------------------------------------+-------------------------+

* Valid Pragma Syntax
+-----------------+------------------------------------------------------------------------------------------------------------------------------------------------------+------------------------------------------------------+
| Type            | Options                                                                                                                                              | Location                                             |
+-----------------+------------------------------------------------------------------------------------------------------------------------------------------------------+------------------------------------------------------+
| INLINE          | off                                                                                                                                                  | swiglu.cpp:54 in fp16_to_fp32                        |
| UNROLL          |                                                                                                                                                      | swiglu.cpp:64 in fp16_to_fp32                        |
| INLINE          |                                                                                                                                                      | swiglu.cpp:78 in get_byte                            |
| INLINE          | off                                                                                                                                                  | swiglu.cpp:97 in load_row_wv_urm                     |
| PIPELINE        | ii=1                                                                                                                                                 | swiglu.cpp:100 in load_row_wv_urm                    |
| PIPELINE        | ii=1                                                                                                                                                 | swiglu.cpp:118 in load_row_wv_urm                    |
| INLINE          | off                                                                                                                                                  | swiglu.cpp:135 in load_row_down_urm                  |
| PIPELINE        | ii=1                                                                                                                                                 | swiglu.cpp:139 in load_row_down_urm                  |
| PIPELINE        | ii=1                                                                                                                                                 | swiglu.cpp:160 in load_row_down_urm                  |
| INLINE          | off                                                                                                                                                  | swiglu.cpp:194 in mac_blocks_wv_k4_urm               |
| ARRAY_PARTITION | variable=x dim=1 complete                                                                                                                            | swiglu.cpp:195 in mac_blocks_wv_k4_urm, x            |
| ARRAY_PARTITION | variable=acc_w0 dim=0 complete                                                                                                                       | swiglu.cpp:201 in mac_blocks_wv_k4_urm, acc_w0       |
| ARRAY_PARTITION | variable=acc_m0 dim=0 complete                                                                                                                       | swiglu.cpp:202 in mac_blocks_wv_k4_urm, acc_m0       |
| ARRAY_PARTITION | variable=acc_w1 dim=0 complete                                                                                                                       | swiglu.cpp:203 in mac_blocks_wv_k4_urm, acc_w1       |
| ARRAY_PARTITION | variable=acc_m1 dim=0 complete                                                                                                                       | swiglu.cpp:204 in mac_blocks_wv_k4_urm, acc_m1       |
| ARRAY_PARTITION | variable=acc_w2 dim=0 complete                                                                                                                       | swiglu.cpp:205 in mac_blocks_wv_k4_urm, acc_w2       |
| ARRAY_PARTITION | variable=acc_m2 dim=0 complete                                                                                                                       | swiglu.cpp:206 in mac_blocks_wv_k4_urm, acc_m2       |
| ARRAY_PARTITION | variable=acc_w3 dim=0 complete                                                                                                                       | swiglu.cpp:207 in mac_blocks_wv_k4_urm, acc_w3       |
| ARRAY_PARTITION | variable=acc_m3 dim=0 complete                                                                                                                       | swiglu.cpp:208 in mac_blocks_wv_k4_urm, acc_m3       |
| UNROLL          |                                                                                                                                                      | swiglu.cpp:211 in mac_blocks_wv_k4_urm               |
| UNROLL          |                                                                                                                                                      | swiglu.cpp:213 in mac_blocks_wv_k4_urm               |
| PIPELINE        | ii=1                                                                                                                                                 | swiglu.cpp:222 in mac_blocks_wv_k4_urm               |
| UNROLL          |                                                                                                                                                      | swiglu.cpp:241 in mac_blocks_wv_k4_urm               |
| UNROLL          |                                                                                                                                                      | swiglu.cpp:264 in mac_blocks_wv_k4_urm               |
| INLINE          | off                                                                                                                                                  | swiglu.cpp:312 in mac_blocks_down_q4k_k4_urm         |
| ARRAY_PARTITION | variable=gate dim=1 complete                                                                                                                         | swiglu.cpp:313 in mac_blocks_down_q4k_k4_urm, gate   |
| ARRAY_PARTITION | variable=acc_w0 dim=0 complete                                                                                                                       | swiglu.cpp:323 in mac_blocks_down_q4k_k4_urm, acc_w0 |
| ARRAY_PARTITION | variable=acc_m0 dim=0 complete                                                                                                                       | swiglu.cpp:324 in mac_blocks_down_q4k_k4_urm, acc_m0 |
| ARRAY_PARTITION | variable=acc_w1 dim=0 complete                                                                                                                       | swiglu.cpp:325 in mac_blocks_down_q4k_k4_urm, acc_w1 |
| ARRAY_PARTITION | variable=acc_m1 dim=0 complete                                                                                                                       | swiglu.cpp:326 in mac_blocks_down_q4k_k4_urm, acc_m1 |
| ARRAY_PARTITION | variable=acc_w2 dim=0 complete                                                                                                                       | swiglu.cpp:327 in mac_blocks_down_q4k_k4_urm, acc_w2 |
| ARRAY_PARTITION | variable=acc_m2 dim=0 complete                                                                                                                       | swiglu.cpp:328 in mac_blocks_down_q4k_k4_urm, acc_m2 |
| ARRAY_PARTITION | variable=acc_w3 dim=0 complete                                                                                                                       | swiglu.cpp:329 in mac_blocks_down_q4k_k4_urm, acc_w3 |
| ARRAY_PARTITION | variable=acc_m3 dim=0 complete                                                                                                                       | swiglu.cpp:330 in mac_blocks_down_q4k_k4_urm, acc_m3 |
| UNROLL          |                                                                                                                                                      | swiglu.cpp:333 in mac_blocks_down_q4k_k4_urm         |
| UNROLL          |                                                                                                                                                      | swiglu.cpp:335 in mac_blocks_down_q4k_k4_urm         |
| PIPELINE        | ii=1                                                                                                                                                 | swiglu.cpp:345 in mac_blocks_down_q4k_k4_urm         |
| ARRAY_PARTITION | variable=sub complete                                                                                                                                | swiglu.cpp:348 in mac_blocks_down_q4k_k4_urm, sub    |
| ARRAY_PARTITION | variable=k complete                                                                                                                                  | swiglu.cpp:349 in mac_blocks_down_q4k_k4_urm, k      |
| UNROLL          |                                                                                                                                                      | swiglu.cpp:351 in mac_blocks_down_q4k_k4_urm         |
| UNROLL          |                                                                                                                                                      | swiglu.cpp:363 in mac_blocks_down_q4k_k4_urm         |
| UNROLL          |                                                                                                                                                      | swiglu.cpp:387 in mac_blocks_down_q4k_k4_urm         |
| INLINE          | off                                                                                                                                                  | swiglu.cpp:416 in compute_x1                         |
| ARRAY_PARTITION | variable=x_local_1 dim=2 complete                                                                                                                    | swiglu.cpp:417 in compute_x1, x_local_1              |
| BIND_STORAGE    | variable=nib_r0 type=ram_1p impl=bram                                                                                                                | swiglu.cpp:422 in compute_x1, nib_r0                 |
| BIND_STORAGE    | variable=nib_r1 type=ram_1p impl=bram                                                                                                                | swiglu.cpp:423 in compute_x1, nib_r1                 |
| BIND_STORAGE    | variable=nib_r2 type=ram_1p impl=bram                                                                                                                | swiglu.cpp:424 in compute_x1, nib_r2                 |
| BIND_STORAGE    | variable=nib_r3 type=ram_1p impl=bram                                                                                                                | swiglu.cpp:425 in compute_x1, nib_r3                 |
| INLINE          | off                                                                                                                                                  | swiglu.cpp:478 in compute_x2                         |
| ARRAY_PARTITION | variable=x_local_2 dim=2 complete                                                                                                                    | swiglu.cpp:479 in compute_x2, x_local_2              |
| BIND_STORAGE    | variable=nib_r0 type=ram_1p impl=bram                                                                                                                | swiglu.cpp:484 in compute_x2, nib_r0                 |
| BIND_STORAGE    | variable=nib_r1 type=ram_1p impl=bram                                                                                                                | swiglu.cpp:485 in compute_x2, nib_r1                 |
| BIND_STORAGE    | variable=nib_r2 type=ram_1p impl=bram                                                                                                                | swiglu.cpp:486 in compute_x2, nib_r2                 |
| BIND_STORAGE    | variable=nib_r3 type=ram_1p impl=bram                                                                                                                | swiglu.cpp:487 in compute_x2, nib_r3                 |
| INLINE          | off                                                                                                                                                  | swiglu.cpp:541 in compute_gate                       |
| UNROLL          |                                                                                                                                                      | swiglu.cpp:543 in compute_gate                       |
| ARRAY_PARTITION | variable=pmax complete                                                                                                                               | swiglu.cpp:545 in compute_gate, pmax                 |
| PIPELINE        | ii=1                                                                                                                                                 | swiglu.cpp:548 in compute_gate                       |
| UNROLL          |                                                                                                                                                      | swiglu.cpp:562 in compute_gate                       |
| PIPELINE        | ii=1                                                                                                                                                 | swiglu.cpp:570 in compute_gate                       |
| INLINE          | off                                                                                                                                                  | swiglu.cpp:601 in compute_output                     |
| ARRAY_PARTITION | variable=gate_cache dim=2 cyclic factor=8                                                                                                            | swiglu.cpp:602 in compute_output, gate_cache         |
| BIND_STORAGE    | variable=gate_scale_buf type=ram_1p impl=lutram                                                                                                      | swiglu.cpp:606 in compute_output, gate_scale_buf     |
| BIND_STORAGE    | variable=out_local type=ram_1p impl=bram                                                                                                             | swiglu.cpp:612 in compute_output, out_local          |
| BIND_STORAGE    | variable=g0r0 type=ram_1p impl=uram                                                                                                                  | swiglu.cpp:619 in compute_output, g0r0               |
| BIND_STORAGE    | variable=g0r1 type=ram_1p impl=uram                                                                                                                  | swiglu.cpp:620 in compute_output, g0r1               |
| BIND_STORAGE    | variable=g0r2 type=ram_1p impl=uram                                                                                                                  | swiglu.cpp:621 in compute_output, g0r2               |
| BIND_STORAGE    | variable=g0r3 type=ram_1p impl=uram                                                                                                                  | swiglu.cpp:622 in compute_output, g0r3               |
| BIND_STORAGE    | variable=g1r0 type=ram_1p impl=uram                                                                                                                  | swiglu.cpp:623 in compute_output, g1r0               |
| BIND_STORAGE    | variable=g1r1 type=ram_1p impl=uram                                                                                                                  | swiglu.cpp:624 in compute_output, g1r1               |
| BIND_STORAGE    | variable=g1r2 type=ram_1p impl=uram                                                                                                                  | swiglu.cpp:625 in compute_output, g1r2               |
| BIND_STORAGE    | variable=g1r3 type=ram_1p impl=uram                                                                                                                  | swiglu.cpp:626 in compute_output, g1r3               |
| BIND_STORAGE    | variable=g2r0 type=ram_1p impl=uram                                                                                                                  | swiglu.cpp:627 in compute_output, g2r0               |
| BIND_STORAGE    | variable=g2r1 type=ram_1p impl=uram                                                                                                                  | swiglu.cpp:628 in compute_output, g2r1               |
| BIND_STORAGE    | variable=g2r2 type=ram_1p impl=uram                                                                                                                  | swiglu.cpp:629 in compute_output, g2r2               |
| BIND_STORAGE    | variable=g2r3 type=ram_1p impl=uram                                                                                                                  | swiglu.cpp:630 in compute_output, g2r3               |
| BIND_STORAGE    | variable=g3r0 type=ram_1p impl=uram                                                                                                                  | swiglu.cpp:631 in compute_output, g3r0               |
| BIND_STORAGE    | variable=g3r1 type=ram_1p impl=uram                                                                                                                  | swiglu.cpp:632 in compute_output, g3r1               |
| BIND_STORAGE    | variable=g3r2 type=ram_1p impl=uram                                                                                                                  | swiglu.cpp:633 in compute_output, g3r2               |
| BIND_STORAGE    | variable=g3r3 type=ram_1p impl=uram                                                                                                                  | swiglu.cpp:634 in compute_output, g3r3               |
| ARRAY_PARTITION | variable=d0 complete                                                                                                                                 | swiglu.cpp:645 in compute_output, d0                 |
| ARRAY_PARTITION | variable=dmin0 complete                                                                                                                              | swiglu.cpp:646 in compute_output, dmin0              |
| ARRAY_PARTITION | variable=d1 complete                                                                                                                                 | swiglu.cpp:647 in compute_output, d1                 |
| ARRAY_PARTITION | variable=dmin1 complete                                                                                                                              | swiglu.cpp:648 in compute_output, dmin1              |
| ARRAY_PARTITION | variable=d2 complete                                                                                                                                 | swiglu.cpp:649 in compute_output, d2                 |
| ARRAY_PARTITION | variable=dmin2 complete                                                                                                                              | swiglu.cpp:650 in compute_output, dmin2              |
| ARRAY_PARTITION | variable=d3 complete                                                                                                                                 | swiglu.cpp:651 in compute_output, d3                 |
| ARRAY_PARTITION | variable=dmin3 complete                                                                                                                              | swiglu.cpp:652 in compute_output, dmin3              |
| ARRAY_PARTITION | variable=sc60 dim=0 complete                                                                                                                         | swiglu.cpp:653 in compute_output, sc60               |
| ARRAY_PARTITION | variable=mn60 dim=0 complete                                                                                                                         | swiglu.cpp:654 in compute_output, mn60               |
| ARRAY_PARTITION | variable=sc61 dim=0 complete                                                                                                                         | swiglu.cpp:655 in compute_output, sc61               |
| ARRAY_PARTITION | variable=mn61 dim=0 complete                                                                                                                         | swiglu.cpp:656 in compute_output, mn61               |
| ARRAY_PARTITION | variable=sc62 dim=0 complete                                                                                                                         | swiglu.cpp:657 in compute_output, sc62               |
| ARRAY_PARTITION | variable=mn62 dim=0 complete                                                                                                                         | swiglu.cpp:658 in compute_output, mn62               |
| ARRAY_PARTITION | variable=sc63 dim=0 complete                                                                                                                         | swiglu.cpp:659 in compute_output, sc63               |
| ARRAY_PARTITION | variable=mn63 dim=0 complete                                                                                                                         | swiglu.cpp:660 in compute_output, mn63               |
| INLINE          | off                                                                                                                                                  | swiglu.cpp:692 in load_x_local                       |
| ARRAY_PARTITION | variable=x_local_1 dim=2 complete                                                                                                                    | swiglu.cpp:693 in load_x_local, x_local_1            |
| ARRAY_PARTITION | variable=x_local_2 dim=2 complete                                                                                                                    | swiglu.cpp:694 in load_x_local, x_local_2            |
| PIPELINE        | ii=1                                                                                                                                                 | swiglu.cpp:698 in load_x_local                       |
| UNROLL          |                                                                                                                                                      | swiglu.cpp:701 in load_x_local                       |
| INTERFACE       | mode=m_axi port=W bundle=gmem_W offset=slave depth=10485760 max_read_burst_length=128 latency=64 num_read_outstanding=1 max_widen_bitwidth=128       | swiglu.cpp:725 in swiglu, W                          |
| INTERFACE       | mode=m_axi port=V bundle=gmem_V offset=slave depth=10485760 max_read_burst_length=128 latency=64 num_read_outstanding=1 max_widen_bitwidth=128       | swiglu.cpp:726 in swiglu, V                          |
| INTERFACE       | mode=m_axi port=W_down bundle=gmem_Wd offset=slave depth=10485760 max_read_burst_length=256 latency=64 num_read_outstanding=1 max_widen_bitwidth=128 | swiglu.cpp:727 in swiglu, W_down                     |
| INTERFACE       | mode=m_axi port=x_batch bundle=gmem_x offset=slave depth=8192 max_read_burst_length=128 latency=64 num_read_outstanding=1 max_widen_bitwidth=128     | swiglu.cpp:728 in swiglu, x_batch                    |
| INTERFACE       | mode=m_axi port=out_batch bundle=gmem_out offset=slave depth=8192 max_write_burst_length=256 latency=64 num_write_outstanding=1                      | swiglu.cpp:729 in swiglu, out_batch                  |
| INTERFACE       | mode=s_axilite port=W bundle=CTRL                                                                                                                    | swiglu.cpp:731 in swiglu, W                          |
| INTERFACE       | mode=s_axilite port=V bundle=CTRL                                                                                                                    | swiglu.cpp:732 in swiglu, V                          |
| INTERFACE       | mode=s_axilite port=W_down bundle=CTRL                                                                                                               | swiglu.cpp:733 in swiglu, W_down                     |
| INTERFACE       | mode=s_axilite port=x_batch bundle=CTRL                                                                                                              | swiglu.cpp:734 in swiglu, x_batch                    |
| INTERFACE       | mode=s_axilite port=out_batch bundle=CTRL                                                                                                            | swiglu.cpp:735 in swiglu, out_batch                  |
| INTERFACE       | mode=s_axilite port=down_quant_mode bundle=CTRL                                                                                                      | swiglu.cpp:736 in swiglu, down_quant_mode            |
| INTERFACE       | mode=s_axilite port=x_scale bundle=CTRL                                                                                                              | swiglu.cpp:737 in swiglu, x_scale                    |
| INTERFACE       | mode=s_axilite port=return bundle=CTRL                                                                                                               | swiglu.cpp:738 in swiglu, return                     |
| BIND_STORAGE    | variable=x_local_1 type=ram_1p impl=lutram                                                                                                           | swiglu.cpp:741 in swiglu, x_local_1                  |
| ARRAY_PARTITION | variable=x_local_1 dim=2 complete                                                                                                                    | swiglu.cpp:742 in swiglu, x_local_1                  |
| BIND_STORAGE    | variable=x_local_2 type=ram_1p impl=lutram                                                                                                           | swiglu.cpp:745 in swiglu, x_local_2                  |
| ARRAY_PARTITION | variable=x_local_2 dim=2 complete                                                                                                                    | swiglu.cpp:746 in swiglu, x_local_2                  |
| BIND_STORAGE    | variable=X1_cache type=ram_2p impl=bram                                                                                                              | swiglu.cpp:750 in swiglu, X1_cache                   |
| BIND_STORAGE    | variable=X2_cache type=ram_2p impl=bram                                                                                                              | swiglu.cpp:751 in swiglu, X2_cache                   |
| BIND_STORAGE    | variable=gate_cache type=ram_1p impl=uram                                                                                                            | swiglu.cpp:754 in swiglu, gate_cache                 |
| ARRAY_PARTITION | variable=gate_cache dim=2 cyclic factor=8                                                                                                            | swiglu.cpp:755 in swiglu, gate_cache                 |
| BIND_STORAGE    | variable=sigmoid_lut type=rom_1p impl=bram                                                                                                           | swiglu.cpp:759 in swiglu, sigmoid_lut                |
| DATAFLOW        |                                                                                                                                                      | swiglu.cpp:765 in swiglu                             |
+-----------------+------------------------------------------------------------------------------------------------------------------------------------------------------+------------------------------------------------------+


